scene,method,rule,FDP_mean,FDP_sd,FDP_se,FDP_ci_low,FDP_ci_high,FDP_n,size_mean,size_sd,size_se,size_ci_low,size_ci_high,size_n,rmse_mean,rmse_sd,rmse_se,rmse_ci_low,rmse_ci_high,rmse_n,power_mean,power_sd,power_se,power_ci_low,power_ci_high,power_n
global_null,deep_lasso,top12,1.0,0.0,0.0,1.0,1.0,100,12.0,0.0,0.0,12.0,12.0,100,1.0185455913828099,0.030957731887572205,0.0030957731887572204,1.0124029057436517,1.024688277021968,100.0,,,,,,
global_null,deep_lasso,top8,1.0,0.0,0.0,1.0,1.0,100,8.0,0.0,0.0,8.0,8.0,100,,,,,,,,,,,,
global_null,lasso_pair_q20,native,0.03,0.1714466079977653,0.01714466079977653,-0.0040187265867829974,0.064018726586783,100,0.18,1.0577276959538684,0.10577276959538684,-0.029876122439188774,0.3898761224391888,100,0.9991969386012893,0.030155044201802147,0.003015504420180215,0.9932135236134184,1.0051803535891604,100.0,,,,,,
global_null,lasso_pair_q20,native10,0.0,0.0,0.0,0.0,0.0,100,0.0,0.0,0.0,0.0,0.0,100,,,,,,,,,,,,
global_null,lasso_pair_q20,top12,1.0,0.0,0.0,1.0,1.0,100,12.0,0.0,0.0,12.0,12.0,100,1.0159066137229538,0.031593315074892284,0.003159331507489228,1.0096378145903582,1.0221754128555494,100.0,,,,,,
global_null,lasso_pair_q20,top8,1.0,0.0,0.0,1.0,1.0,100,8.0,0.0,0.0,8.0,8.0,100,,,,,,,,,,,,
global_null,linear_orbit_student,native,0.01,0.09999999999999999,0.009999999999999998,-0.009842169515086823,0.029842169515086822,100,0.05,0.5000000000000001,0.05000000000000001,-0.04921084757543415,0.14921084757543415,100,0.9989197319147464,0.030067429074362287,0.0030067429074362288,0.9929537016689829,1.0048857621605098,100.0,,,,,,
global_null,linear_orbit_student,native10,0.0,0.0,0.0,0.0,0.0,100,0.0,0.0,0.0,0.0,0.0,100,,,,,,,,,,,,
global_null,linear_orbit_student,top12,1.0,0.0,0.0,1.0,1.0,100,12.0,0.0,0.0,12.0,12.0,100,1.0152582615554682,0.030253059577991584,0.0030253059577991584,1.0092553981905028,1.0212611249204335,100.0,,,,,,
global_null,linear_orbit_student,top8,1.0,0.0,0.0,1.0,1.0,100,8.0,0.0,0.0,8.0,8.0,100,,,,,,,,,,,,
global_null,tabm_midpoint,native,0.05,0.2190429135575903,0.021904291355759033,0.006537133781117824,0.09346286621888218,100,0.32,1.4966629547095764,0.14966629547095764,0.023029599457018657,0.6169704005429814,100,0.9996946927278079,0.03056501375566339,0.003056501375566339,0.9936299308860995,1.005759454569516,100.0,,,,,,
global_null,tabm_midpoint,native10,0.0,0.0,0.0,0.0,0.0,100,0.0,0.0,0.0,0.0,0.0,100,,,,,,,,,,,,
global_null,tabm_midpoint,top12,1.0,0.0,0.0,1.0,1.0,100,12.0,0.0,0.0,12.0,12.0,100,1.0162339972117815,0.031154671944644424,0.003115467194464442,1.010052234392656,1.0224157600309072,100.0,,,,,,
global_null,tabm_midpoint,top8,1.0,0.0,0.0,1.0,1.0,100,8.0,0.0,0.0,8.0,8.0,100,,,,,,,,,,,,
global_null,tabm_naive,native,0.06,0.238683256575942,0.0238683256575942,0.012640063626071958,0.10735993637392804,100,0.36,1.4461373141279261,0.1446137314127926,0.0730549827098132,0.6469450172901867,100,0.9997459534560356,0.03053654159508629,0.003053654159508629,0.9936868411086935,1.0058050658033775,100.0,,,,,,
global_null,tabm_naive,native10,0.0,0.0,0.0,0.0,0.0,100,0.0,0.0,0.0,0.0,0.0,100,,,,,,,,,,,,
global_null,tabm_naive,top12,1.0,0.0,0.0,1.0,1.0,100,12.0,0.0,0.0,12.0,12.0,100,1.0156282971532202,0.032094074493436674,0.0032094074493436674,1.0092601364879343,1.0219964578185061,100.0,,,,,,
global_null,tabm_naive,top8,1.0,0.0,0.0,1.0,1.0,100,8.0,0.0,0.0,8.0,8.0,100,,,,,,,,,,,,
global_null,tabm_orbit,native,0.03,0.1714466079977653,0.01714466079977653,-0.0040187265867829974,0.064018726586783,100,0.24,1.4221906562153552,0.14221906562153552,-0.042193480833976504,0.5221934808339765,100,0.9990117413324906,0.030171585672838307,0.003017158567283831,0.9930250441578964,1.004998438507085,100.0,,,,,,
global_null,tabm_orbit,native10,0.01,0.09999999999999999,0.009999999999999998,-0.009842169515086823,0.029842169515086822,100,0.1,1.0000000000000002,0.10000000000000002,-0.0984216951508683,0.2984216951508683,100,,,,,,,,,,,,
global_null,tabm_orbit,top12,1.0,0.0,0.0,1.0,1.0,100,12.0,0.0,0.0,12.0,12.0,100,1.0166227273502662,0.03187454385922819,0.0031874543859228186,1.0102981263255575,1.0229473283749748,100.0,,,,,,
global_null,tabm_orbit,top8,1.0,0.0,0.0,1.0,1.0,100,8.0,0.0,0.0,8.0,8.0,100,,,,,,,,,,,,
global_null,tabm_orbit_student,native,0.05,0.2190429135575903,0.021904291355759033,0.006537133781117824,0.09346286621888218,100,0.35,1.6353111093129724,0.16353111093129724,0.025518797591073172,0.6744812024089268,100,0.9998365197878459,0.03045409608338894,0.0030454096083388942,0.9937937664186924,1.0058792731569994,100.0,,,,,,
global_null,tabm_orbit_student,native10,0.01,0.09999999999999999,0.009999999999999998,-0.009842169515086823,0.029842169515086822,100,0.11,1.1,0.11000000000000001,-0.10826386466595513,0.32826386466595514,100,,,,,,,,,,,,
global_null,tabm_orbit_student,top12,1.0,0.0,0.0,1.0,1.0,100,12.0,0.0,0.0,12.0,12.0,100,1.0159834701302521,0.03157710867799013,0.003157710867799013,1.0097178866984022,1.022249053562102,100.0,,,,,,
global_null,tabm_orbit_student,top8,1.0,0.0,0.0,1.0,1.0,100,8.0,0.0,0.0,8.0,8.0,100,,,,,,,,,,,,
global_null,tabm_pfi,top12,1.0,0.0,0.0,1.0,1.0,100,12.0,0.0,0.0,12.0,12.0,100,1.0169238747183962,0.03249100238440621,0.0032491002384406214,1.0104769549481314,1.023370794488661,100.0,,,,,,
global_null,tabm_pfi,top8,1.0,0.0,0.0,1.0,1.0,100,8.0,0.0,0.0,8.0,8.0,100,,,,,,,,,,,,
global_null,tabm_sko_quad,native,0.02,0.14070529413628968,0.014070529413628968,-0.007918982979224123,0.047918982979224124,100,0.1,0.7035264706814486,0.07035264706814486,-0.03959491489612063,0.23959491489612064,100,0.9989990722421436,0.029764208586387172,0.002976420858638717,0.9930932075196086,1.0049049369646785,100.0,,,,,,
global_null,tabm_sko_quad,native10,0.0,0.0,0.0,0.0,0.0,100,0.0,0.0,0.0,0.0,0.0,100,,,,,,,,,,,,
global_null,tabm_sko_quad,top12,1.0,0.0,0.0,1.0,1.0,100,12.0,0.0,0.0,12.0,12.0,100,1.0166198655830434,0.030491190881166575,0.0030491190881166575,1.0105697518012335,1.0226699793648533,100.0,,,,,,
global_null,tabm_sko_quad,top8,1.0,0.0,0.0,1.0,1.0,100,8.0,0.0,0.0,8.0,8.0,100,,,,,,,,,,,,
global_null,tabm_sko_quad_scale,native,0.03,0.1714466079977653,0.01714466079977653,-0.0040187265867829974,0.064018726586783,100,0.2,1.2143918126978108,0.12143918126978108,-0.04096168205283532,0.44096168205283537,100,0.9990324873681647,0.029785769919907328,0.0029785769919907328,0.993122344409283,1.0049426303270466,100.0,,,,,,
global_null,tabm_sko_quad_scale,native10,0.0,0.0,0.0,0.0,0.0,100,0.0,0.0,0.0,0.0,0.0,100,,,,,,,,,,,,
global_null,tabm_sko_quad_scale,top12,1.0,0.0,0.0,1.0,1.0,100,12.0,0.0,0.0,12.0,12.0,100,1.0164334157744872,0.02989187827402383,0.002989187827402383,1.010502218616112,1.0223646129328625,100.0,,,,,,
global_null,tabm_sko_quad_scale,top8,1.0,0.0,0.0,1.0,1.0,100,8.0,0.0,0.0,8.0,8.0,100,,,,,,,,,,,,
global_null,tabm_sko_ridge,native,0.04,0.19694638556693236,0.019694638556693237,0.0009215643219727815,0.07907843567802722,100,0.28,1.4980121508320292,0.14980121508320293,-0.017238110324689415,0.5772381103246895,100,0.9995870953264898,0.02976189340910339,0.002976189340910339,0.9936816899853561,1.0054925006676236,100.0,,,,,,
global_null,tabm_sko_ridge,native10,0.0,0.0,0.0,0.0,0.0,100,0.0,0.0,0.0,0.0,0.0,100,,,,,,,,,,,,
global_null,tabm_sko_ridge,top12,1.0,0.0,0.0,1.0,1.0,100,12.0,0.0,0.0,12.0,12.0,100,1.0162419951587283,0.03122869350950122,0.003122869350950122,1.0100455448552261,1.0224384454622304,100.0,,,,,,
global_null,tabm_sko_ridge,top8,1.0,0.0,0.0,1.0,1.0,100,8.0,0.0,0.0,8.0,8.0,100,,,,,,,,,,,,
global_null,tabm_sko_scale,native,0.03,0.1714466079977653,0.01714466079977653,-0.0040187265867829974,0.064018726586783,100,0.22,1.2994171187439574,0.12994171187439574,-0.037832547409233114,0.4778325474092331,100,0.9991479329330754,0.029813359309542962,0.002981335930954296,0.9932323156407339,1.0050635502254168,100.0,,,,,,
global_null,tabm_sko_scale,native10,0.0,0.0,0.0,0.0,0.0,100,0.0,0.0,0.0,0.0,0.0,100,,,,,,,,,,,,
global_null,tabm_sko_scale,top12,1.0,0.0,0.0,1.0,1.0,100,12.0,0.0,0.0,12.0,12.0,100,1.016397853675056,0.03099506718342329,0.0030995067183423293,1.010247759903206,1.022547947446906,100.0,,,,,,
global_null,tabm_sko_scale,top8,1.0,0.0,0.0,1.0,1.0,100,8.0,0.0,0.0,8.0,8.0,100,,,,,,,,,,,,
global_null,xgb_midpoint,native,0.06,0.238683256575942,0.0238683256575942,0.012640063626071958,0.10735993637392804,100,0.34,1.3796500800689804,0.13796500800689804,0.0662474923976818,0.6137525076023183,100,0.9997871557885203,0.030132445656182213,0.0030132445656182215,0.9938082248423792,1.0057660867346614,100.0,,,,,,
global_null,xgb_midpoint,native10,0.0,0.0,0.0,0.0,0.0,100,0.0,0.0,0.0,0.0,0.0,100,,,,,,,,,,,,
global_null,xgb_midpoint,top12,1.0,0.0,0.0,1.0,1.0,100,12.0,0.0,0.0,12.0,12.0,100,1.018383364831479,0.031480247832719875,0.0031480247832719873,1.0121370006927413,1.0246297289702169,100.0,,,,,,
global_null,xgb_midpoint,top8,1.0,0.0,0.0,1.0,1.0,100,8.0,0.0,0.0,8.0,8.0,100,,,,,,,,,,,,
global_null,xgb_naive,native,0.06,0.23868325657594203,0.023868325657594204,0.012640063626071951,0.10735993637392804,100,0.54,2.4429655765239113,0.24429655765239114,0.055262629110907346,1.0247373708890928,100,0.9996005231343084,0.029932198373367122,0.002993219837336712,0.9936613255934728,1.005539720675144,100.0,,,,,,
global_null,xgb_naive,native10,0.0,0.0,0.0,0.0,0.0,100,0.0,0.0,0.0,0.0,0.0,100,,,,,,,,,,,,
global_null,xgb_naive,top12,1.0,0.0,0.0,1.0,1.0,100,12.0,0.0,0.0,12.0,12.0,100,1.0175330150474775,0.03259103255253205,0.0032591032552532046,1.011066247121687,1.023999782973268,100.0,,,,,,
global_null,xgb_naive,top8,1.0,0.0,0.0,1.0,1.0,100,8.0,0.0,0.0,8.0,8.0,100,,,,,,,,,,,,
global_null,xgb_orbit,native,0.04,0.19694638556693236,0.019694638556693237,0.0009215643219727815,0.07907843567802722,100,0.24,1.1901956379375858,0.11901956379375858,0.00383936395925516,0.4761606360407448,100,0.99916063450369,0.02991204348189228,0.002991204348189228,0.9932254361305864,1.0050958328767936,100.0,,,,,,
global_null,xgb_orbit,native10,0.0,0.0,0.0,0.0,0.0,100,0.0,0.0,0.0,0.0,0.0,100,,,,,,,,,,,,
global_null,xgb_orbit,top12,1.0,0.0,0.0,1.0,1.0,100,12.0,0.0,0.0,12.0,12.0,100,1.0177690689330736,0.03094680413550729,0.003094680413550729,1.0116285515970043,1.023909586269143,100.0,,,,,,
global_null,xgb_orbit,top8,1.0,0.0,0.0,1.0,1.0,100,8.0,0.0,0.0,8.0,8.0,100,,,,,,,,,,,,
global_null,xgb_orbit_student,native,0.06,0.238683256575942,0.0238683256575942,0.012640063626071958,0.10735993637392804,100,0.43,1.7823772571677097,0.17823772571677096,0.07633768323442797,0.7836623167655721,100,0.9995567074910593,0.0300488071693544,0.00300488071693544,0.9935943722352544,1.005519042746864,100.0,,,,,,
global_null,xgb_orbit_student,native10,0.0,0.0,0.0,0.0,0.0,100,0.0,0.0,0.0,0.0,0.0,100,,,,,,,,,,,,
global_null,xgb_orbit_student,top12,1.0,0.0,0.0,1.0,1.0,100,12.0,0.0,0.0,12.0,12.0,100,1.0174929998510618,0.030495671621517575,0.0030495671621517577,1.011441996993156,1.0235440027089675,100.0,,,,,,
global_null,xgb_orbit_student,top8,1.0,0.0,0.0,1.0,1.0,100,8.0,0.0,0.0,8.0,8.0,100,,,,,,,,,,,,
global_null,xgb_pfi,top12,1.0,0.0,0.0,1.0,1.0,100,12.0,0.0,0.0,12.0,12.0,100,1.0169133382149456,0.03166515530355985,0.003166515530355985,1.0106302844223978,1.0231963920074933,100.0,,,,,,
global_null,xgb_pfi,top8,1.0,0.0,0.0,1.0,1.0,100,8.0,0.0,0.0,8.0,8.0,100,,,,,,,,,,,,
global_null,xgb_shap,top12,1.0,0.0,0.0,1.0,1.0,100,12.0,0.0,0.0,12.0,12.0,100,1.0179362242297605,0.03187396904397194,0.0031873969043971937,1.0116117372608693,1.0242607111986517,100.0,,,,,,
global_null,xgb_shap,top8,1.0,0.0,0.0,1.0,1.0,100,8.0,0.0,0.0,8.0,8.0,100,,,,,,,,,,,,
global_null,xgb_sko_quad,native,0.04,0.19694638556693236,0.019694638556693237,0.0009215643219727815,0.07907843567802722,100,0.32,1.687027150362615,0.1687027150362615,-0.014742786940488806,0.6547427869404888,100,0.9996654641883163,0.030883618521111066,0.0030883618521111065,0.9935374842489646,1.005793444127668,100.0,,,,,,
global_null,xgb_sko_quad,native10,0.0,0.0,0.0,0.0,0.0,100,0.0,0.0,0.0,0.0,0.0,100,,,,,,,,,,,,
global_null,xgb_sko_quad,top12,1.0,0.0,0.0,1.0,1.0,100,12.0,0.0,0.0,12.0,12.0,100,1.0160775216753626,0.03104766743481508,0.0031047667434815083,1.0099169908724661,1.022238052478259,100.0,,,,,,
global_null,xgb_sko_quad,top8,1.0,0.0,0.0,1.0,1.0,100,8.0,0.0,0.0,8.0,8.0,100,,,,,,,,,,,,
global_null,xgb_sko_quad_scale,native,0.05,0.2190429135575903,0.021904291355759033,0.006537133781117824,0.09346286621888218,100,0.36,1.8063859784194254,0.18063859784194253,0.001573832065257852,0.7184261679347421,100,0.9997405170565556,0.030533808694256117,0.003053380869425612,0.9936819469760291,1.0057990871370823,100.0,,,,,,
global_null,xgb_sko_quad_scale,native10,0.0,0.0,0.0,0.0,0.0,100,0.0,0.0,0.0,0.0,0.0,100,,,,,,,,,,,,
global_null,xgb_sko_quad_scale,top12,1.0,0.0,0.0,1.0,1.0,100,12.0,0.0,0.0,12.0,12.0,100,1.0163628941255654,0.030227972938161846,0.0030227972938161847,1.0103650084942006,1.02236077975693,100.0,,,,,,
global_null,xgb_sko_quad_scale,top8,1.0,0.0,0.0,1.0,1.0,100,8.0,0.0,0.0,8.0,8.0,100,,,,,,,,,,,,
global_null,xgb_sko_ridge,native,0.03,0.1714466079977653,0.01714466079977653,-0.0040187265867829974,0.064018726586783,100,0.3,1.8340219092574555,0.18340219092574556,-0.06390973617869627,0.6639097361786963,100,0.9993292874405418,0.03051970236007127,0.0030519702360071272,0.9932735163627565,1.005385058518327,100.0,,,,,,
global_null,xgb_sko_ridge,native10,0.01,0.09999999999999999,0.009999999999999998,-0.009842169515086823,0.029842169515086822,100,0.14,1.3999999999999997,0.13999999999999996,-0.13779037321121546,0.4177903732112155,100,,,,,,,,,,,,
global_null,xgb_sko_ridge,top12,1.0,0.0,0.0,1.0,1.0,100,12.0,0.0,0.0,12.0,12.0,100,1.0169251562170118,0.030774798734910843,0.0030774798734910843,1.0108187684841041,1.0230315439499196,100.0,,,,,,
global_null,xgb_sko_ridge,top8,1.0,0.0,0.0,1.0,1.0,100,8.0,0.0,0.0,8.0,8.0,100,,,,,,,,,,,,
global_null,xgb_sko_scale,native,0.02,0.14070529413628965,0.014070529413628966,-0.00791898297922412,0.04791898297922412,100,0.11,0.7771353768420233,0.07771353768420233,-0.04420051883470309,0.2642005188347031,100,0.9990158010590154,0.03011417731328662,0.0030114177313286623,0.9930404949484393,1.0049911071695916,100.0,,,,,,
global_null,xgb_sko_scale,native10,0.0,0.0,0.0,0.0,0.0,100,0.0,0.0,0.0,0.0,0.0,100,,,,,,,,,,,,
global_null,xgb_sko_scale,top12,1.0,0.0,0.0,1.0,1.0,100,12.0,0.0,0.0,12.0,12.0,100,1.0159778308677871,0.030939714713408725,0.0030939714713408726,1.0098387202268684,1.022116941508706,100.0,,,,,,
global_null,xgb_sko_scale,top8,1.0,0.0,0.0,1.0,1.0,100,8.0,0.0,0.0,8.0,8.0,100,,,,,,,,,,,,
high_correlation,deep_lasso,top12,0.26416666666666666,0.0803812115451895,0.00803812115451895,0.24821729041358961,0.2801160429197437,100,12.0,0.0,0.0,12.0,12.0,100,0.7785612937220125,0.046324805610819746,0.004632480561081975,0.7693694472651792,0.7877531401788459,100.0,0.883,0.09645745385422737,0.009645745385422736,0.8638607484963076,0.9021392515036925,100.0
high_correlation,deep_lasso,top8,0.08875,0.10850074477238217,0.010850074477238217,0.06722109829713221,0.11027890170286778,100,8.0,0.0,0.0,8.0,8.0,100,,,,,,,0.7289999999999999,0.08680059581790578,0.008680059581790578,0.7117768786377057,0.7462231213622941,100.0
high_correlation,lasso_pair_q20,native,0.15492052198747244,0.15601403780982567,0.015601403780982567,0.12396395213791518,0.18587709183702972,100,9.85,4.7362240426122355,0.47362240426122354,8.910230396850581,10.789769603149418,100,0.8351748611820251,0.13881403876776374,0.013881403876776374,0.8076311442989871,0.8627185780650631,100.0,0.7730000000000001,0.30841890704401087,0.030841890704401086,0.7118029976477495,0.8341970023522508,100.0
high_correlation,lasso_pair_q20,native10,0.07463949938949938,0.11764776857966479,0.011764776857966478,0.051295629717205235,0.09798336906179352,100,5.31,5.778215795362594,0.5778215795362593,4.163476626936632,6.4565233730633675,100,,,,,,,0.43999999999999995,0.4743948830357522,0.04743948830357522,0.3458697631371481,0.5341302368628518,100.0
high_correlation,lasso_pair_q20,top12,0.2483333333333333,0.0901893506321689,0.00901893506321689,0.2304378094963423,0.2662288571703243,100,12.0,0.0,0.0,12.0,12.0,100,0.7807274915266608,0.04553852614367459,0.0045538526143674585,0.7716916599745607,0.7897633230787608,100.0,0.9020000000000001,0.10822722075860264,0.010822722075860264,0.8805253713956109,0.9234746286043893,100.0
high_correlation,lasso_pair_q20,top8,0.07125,0.10697723490480948,0.010697723490480949,0.05002339570763506,0.09247660429236493,100,8.0,0.0,0.0,8.0,8.0,100,,,,,,,0.7430000000000001,0.08558178792384762,0.008558178792384762,0.7260187165661082,0.759981283433892,100.0
high_correlation,linear_orbit_student,native,0.174640568581745,0.11536090814077979,0.01153609081407798,0.1517504616343079,0.19753067552918213,100,10.75,3.4681086744474685,0.3468108674447469,10.061851997848702,11.438148002151298,100,0.8088309595810149,0.10241756833092815,0.010241756833092815,0.7885090920595623,0.8291528271024675,100.0,0.8590000000000001,0.24250169217362316,0.024250169217362318,0.8108824031619557,0.9071175968380445,100.0
high_correlation,linear_orbit_student,native10,0.0809170143581908,0.11083585903142419,0.011083585903142418,0.058924775325672946,0.10290925339070867,100,5.86,5.911843958520809,0.5911843958520808,4.686961900282882,7.0330380997171185,100,,,,,,,0.48499999999999993,0.48039861394765526,0.04803986139476553,0.38967849267237864,0.5803215073276212,100.0
high_correlation,linear_orbit_student,top12,0.21166666666666661,0.06424472710439587,0.006424472710439587,0.19891911901010745,0.22441421432322578,100,12.0,0.0,0.0,12.0,12.0,100,0.7809049333308549,0.0474441673781477,0.004744416737814771,0.7714909812146613,0.7903188854470484,100.0,0.9460000000000001,0.077093672525275,0.007709367252527501,0.9307029428121291,0.9612970571878711,100.0
high_correlation,linear_orbit_student,top8,0.07625,0.10033875702646591,0.010033875702646591,0.05634061374147754,0.09615938625852247,100,8.0,0.0,0.0,8.0,8.0,100,,,,,,,0.7390000000000001,0.08027100562117274,0.008027100562117275,0.7230724909931822,0.754927509006818,100.0
high_correlation,tabm_midpoint,native,0.16172708280138617,0.1630917552651359,0.01630917552651359,0.12936614025654736,0.194088025346225,100,10.87,4.7877263113427055,0.47877263113427054,9.920011229384967,11.819988770615032,100,0.8058688086328526,0.09587975372576298,0.009587975372576298,0.7868441853679389,0.8248934318977663,100.0,0.8440000000000001,0.24384131286266045,0.024384131286266045,0.7956165933539778,0.8923834066460223,100.0
high_correlation,tabm_midpoint,native10,0.08484114578232224,0.12598957898962931,0.012598957898962931,0.05984207994785577,0.10984021161678871,100,6.49,6.148819382448942,0.6148819382448942,5.269940834957966,7.7100591650420345,100,,,,,,,0.534,0.48787728213582815,0.048787728213582814,0.4371945626530106,0.6308054373469895,100.0
high_correlation,tabm_midpoint,top12,0.22499999999999992,0.08333333333333337,0.008333333333333337,0.20846485873742757,0.24153514126257228,100,12.0,0.0,0.0,12.0,12.0,100,0.7804632086872769,0.04628993589523962,0.004628993589523962,0.7712782811385185,0.7896481362360354,100.0,0.9300000000000002,0.09999999999999999,0.009999999999999998,0.9101578304849134,0.9498421695150869,100.0
high_correlation,tabm_midpoint,top8,0.04125,0.08893129512452436,0.008893129512452436,0.023604101669429733,0.05889589833057027,100,8.0,0.0,0.0,8.0,8.0,100,,,,,,,0.767,0.07114503609961952,0.007114503609961952,0.7528832813355438,0.7811167186644562,100.0
high_correlation,tabm_naive,native,0.1662071898403167,0.16546584391727232,0.01654658439172723,0.13337517660068254,0.19903920307995088,100,11.01,4.891747327815687,0.4891747327815687,10.03937120296508,11.98062879703492,100,0.8085704868204614,0.10162028030819874,0.010162028030819874,0.7884068185400022,0.8287341551009206,100.0,0.848,0.25125141338363194,0.025125141338363195,0.7981462686473682,0.8978537313526318,100.0
high_correlation,tabm_naive,native10,0.06574711562946857,0.10869107249369271,0.010869107249369271,0.044180448777504155,0.08731378248143298,100,6.22,5.92133618554311,0.592133618554311,5.04507843650636,7.394921563493639,100,,,,,,,0.535,0.49693505052918585,0.049693505052918585,0.4363973048941166,0.6336026951058835,100.0
high_correlation,tabm_naive,top12,0.22166666666666665,0.07876359377087683,0.007876359377087683,0.2060382608744749,0.2372950724588584,100,12.0,0.0,0.0,12.0,12.0,100,0.780555042869414,0.04675214246948808,0.004675214246948807,0.7712784035086833,0.7898316822301448,100.0,0.9339999999999999,0.09451631252505216,0.009451631252505217,0.9152459130493699,0.95275408695063,100.0
high_correlation,tabm_naive,top8,0.0425,0.08922364364818658,0.008922364364818658,0.02479609337978982,0.06020390662021019,100,8.0,0.0,0.0,8.0,8.0,100,,,,,,,0.7659999999999999,0.07137891491854928,0.007137891491854928,0.7518368747038318,0.780163125296168,100.0
high_correlation,tabm_orbit,native,0.16856520546303827,0.16264870344478524,0.016264870344478523,0.13629217401143312,0.20083823691464342,100,11.04,4.758660366620893,0.47586603666208926,10.09577854340783,11.984221456592168,100,0.7999658526466955,0.08357705466554727,0.008357705466554727,0.7833823517842409,0.8165493535091501,100.0,0.8510000000000001,0.2320288209196731,0.02320288209196731,0.8049604480292614,0.8970395519707388,100.0
high_correlation,tabm_orbit,native10,0.08325498194615841,0.1231363138218284,0.01231363138218284,0.05882206582300192,0.10768789806931489,100,6.48,6.1175026263859005,0.61175026263859,5.266154758782621,7.69384524121738,100,,,,,,,0.536,0.48938634012300536,0.04893863401230054,0.4388951328091139,0.6331048671908861,100.0
high_correlation,tabm_orbit,top12,0.2241666666666666,0.08265294634701703,0.008265294634701704,0.2077665289432777,0.24056680439005548,100,12.0,0.0,0.0,12.0,12.0,100,0.780477558042138,0.046181622509202415,0.0046181622509202415,0.7713141222190446,0.7896409938652315,100.0,0.931,0.09918353561642042,0.009918353561642041,0.9113198347319333,0.9506801652680668,100.0
high_correlation,tabm_orbit,top8,0.03875,0.08829008375173787,0.008829008375173787,0.02123133191696804,0.056268668083031964,100,8.0,0.0,0.0,8.0,8.0,100,,,,,,,0.769,0.07063206700139033,0.0070632067001390325,0.7549850655335745,0.7830149344664256,100.0
high_correlation,tabm_orbit_student,native,0.17723726899462192,0.1969525438755654,0.01969525438755654,0.13815761137455645,0.21631692661468738,100,8.46,6.668817834753872,0.6668817834753872,7.1367618605757945,9.783238139424206,100,0.92389202770647,0.18494068626833163,0.018494068626833164,0.8871957832347428,0.9605882721781973,100.0,0.584,0.3886573625374225,0.03886573625374225,0.5068819472924591,0.6611180527075409,100.0
high_correlation,tabm_orbit_student,native10,0.04766233766233765,0.11770673423150738,0.011770673423150737,0.02430676792544922,0.07101790739922607,100,2.54,5.190161633107179,0.5190161633107179,1.5101593306518748,3.5698406693481255,100,,,,,,,0.188,0.37044335981129806,0.03704433598112981,0.11449600058885921,0.2615039994111408,100.0
high_correlation,tabm_orbit_student,top12,0.30749999999999994,0.10440293071383874,0.010440293071383874,0.2867841935090414,0.3282158064909585,100,12.0,0.0,0.0,12.0,12.0,100,0.7923846101119572,0.04898415377038258,0.004898415377038258,0.782665091285307,0.8021041289386073,100.0,0.831,0.1252835168566065,0.01252835168566065,0.8061410322108498,0.8558589677891502,100.0
high_correlation,tabm_orbit_student,top8,0.165,0.12547888067300209,0.012547888067300209,0.14010226779122942,0.1898977322087706,100,8.0,0.0,0.0,8.0,8.0,100,,,,,,,0.6679999999999999,0.10038310453840167,0.010038310453840167,0.6480818142329835,0.6879181857670164,100.0
high_correlation,tabm_pfi,top12,0.20749999999999996,0.06854979266251705,0.006854979266251705,0.19389823393766278,0.22110176606233714,100,12.0,0.0,0.0,12.0,12.0,100,0.7771385540085376,0.046932155423025965,0.004693215542302597,0.7678261961724168,0.7864509118446584,100.0,0.9510000000000002,0.08225975119502042,0.008225975119502042,0.9346778807251955,0.9673221192748048,100.0
high_correlation,tabm_pfi,top8,0.03875,0.08082396071872885,0.008082396071872885,0.022712772705382633,0.054787227294617366,100,8.0,0.0,0.0,8.0,8.0,100,,,,,,,0.7689999999999998,0.0646591685749831,0.006465916857498311,0.7561702181643059,0.7818297818356937,100.0
high_correlation,tabm_sko_quad,native,0.14233800105123634,0.15772309810636279,0.01577230981063628,0.11104231656052513,0.17363368554194755,100,9.56,5.0618797163332765,0.5061879716333276,8.555613246035355,10.564386753964646,100,0.8535295890199902,0.15649490968402846,0.015649490968402846,0.8224776037580033,0.8845815742819771,100.0,0.7560000000000001,0.33494157488412596,0.0334941574884126,0.6895403249349904,0.8224596750650098,100.0
high_correlation,tabm_sko_quad,native10,0.05931285381285382,0.09938916397504616,0.009938916397504615,0.03959188741729755,0.07903382020841009,100,5.02,5.515780849874149,0.5515780849874149,3.925549413687274,6.114450586312725,100,,,,,,,0.43400000000000005,0.47698971888206554,0.04769897188820656,0.3393548914098845,0.5286451085901156,100.0
high_correlation,tabm_sko_quad,top12,0.245,0.08928258772784574,0.008928258772784574,0.22728439759558475,0.26271560240441527,100,12.0,0.0,0.0,12.0,12.0,100,0.7822960207164675,0.046331373685426405,0.004633137368542641,0.773102871011137,0.7914891704217981,100.0,0.9060000000000001,0.1071391052734149,0.01071391052734149,0.8847412771147019,0.9272587228852984,100.0
high_correlation,tabm_sko_quad,top8,0.055,0.09114867419815173,0.009114867419815173,0.03691412555484853,0.07308587444515147,100,8.0,0.0,0.0,8.0,8.0,100,,,,,,,0.7559999999999999,0.07291893935852141,0.007291893935852141,0.7415313004438787,0.7704686995561211,100.0
high_correlation,tabm_sko_quad_scale,native,0.13425156814862696,0.1619855761223443,0.01619855761223443,0.1021101155444414,0.16639302075281254,100,9.55,4.955101442254266,0.4955101442254266,8.566800372183398,10.533199627816604,100,0.8482435510571356,0.1523660933507605,0.015236609335076052,0.8180108125309622,0.8784762895833089,100.0,0.764,0.3217753780813472,0.03217753780813472,0.7001527840232875,0.8278472159767125,100.0
high_correlation,tabm_sko_quad_scale,native10,0.05415551115551116,0.10297414182494499,0.0102974141824945,0.03372320737789965,0.07458781493312268,100,4.64,5.549629162239928,0.5549629162239927,3.5388331741696604,5.741166825830339,100,,,,,,,0.39899999999999997,0.47471309783123244,0.04747130978312324,0.3048066224180069,0.49319337758199305,100.0
high_correlation,tabm_sko_quad_scale,top12,0.25666666666666665,0.08995571924766517,0.008995571924766518,0.23881750036502936,0.27451583296830395,100,12.0,0.0,0.0,12.0,12.0,100,0.7833519314288967,0.046448776761793445,0.004644877676179345,0.7741354864061374,0.792568376451656,100.0,0.8920000000000001,0.10794686309719821,0.01079468630971982,0.8705810004380353,0.9134189995619649,100.0
high_correlation,tabm_sko_quad_scale,top8,0.06,0.09968384366018743,0.009968384366018743,0.04022056276179148,0.07977943723820852,100,8.0,0.0,0.0,8.0,8.0,100,,,,,,,0.7519999999999999,0.07974707492814996,0.007974707492814996,0.7361764502094331,0.7678235497905667,100.0
high_correlation,tabm_sko_ridge,native,0.15411732793350438,0.17092798084817507,0.017092798084817507,0.12020150822489434,0.18803314764211443,100,10.28,5.124865112785157,0.5124865112785157,9.263115576901622,11.296884423098376,100,0.8335624466772721,0.13462301662341242,0.013462301662341242,0.8068503195125311,0.8602745738420131,100.0,0.797,0.29998484810221515,0.029998484810221514,0.7374764979199828,0.8565235020800173,100.0
high_correlation,tabm_sko_ridge,native10,0.06187913995189537,0.1121916456733929,0.01121916456733929,0.039617883435615175,0.08414039646817556,100,5.46,5.859327365126237,0.5859327365126237,4.297382331767782,6.622617668232218,100,,,,,,,0.465,0.48832324945633704,0.04883232494563371,0.3681060730612933,0.5618939269387068,100.0
high_correlation,tabm_sko_ridge,top12,0.24166666666666667,0.08981524870595323,0.008981524870595323,0.2238453727680346,0.2594879605652987,100,12.0,0.0,0.0,12.0,12.0,100,0.7826194844019628,0.04478276527329221,0.004478276527329221,0.7737336122028927,0.7915053566010329,100.0,0.91,0.10777829844714387,0.010777829844714388,0.8886144473216415,0.9313855526783585,100.0
high_correlation,tabm_sko_ridge,top8,0.06,0.09481507786158799,0.0094815077861588,0.04118663152484214,0.07881336847515785,100,8.0,0.0,0.0,8.0,8.0,100,,,,,,,0.7519999999999999,0.07585206228927041,0.007585206228927041,0.7369493052198736,0.7670506947801262,100.0
high_correlation,tabm_sko_scale,native,0.16082470171440758,0.1695650827358313,0.01695650827358313,0.12717931055956672,0.19447009286924843,100,10.42,5.125062207062723,0.5125062207062723,9.403076469120965,11.436923530879035,100,0.8286871682118185,0.1261294766504554,0.01261294766504554,0.8036603436463433,0.8537139927772938,100.0,0.8029999999999999,0.29351750416717104,0.029351750416717105,0.7447597592666978,0.8612402407333021,100.0
high_correlation,tabm_sko_scale,native10,0.05980852480852481,0.10135569059926212,0.010135569059926212,0.0396973568666323,0.07991969275041733,100,4.77,5.590133805160299,0.5590133805160299,3.6607961742599198,5.879203825740079,100,,,,,,,0.406,0.4730771820771112,0.04730771820771112,0.3121312235950637,0.4998687764049364,100.0
high_correlation,tabm_sko_scale,top12,0.24249999999999997,0.08711535626638182,0.008711535626638182,0.22521442333595268,0.2597855766640473,100,12.0,0.0,0.0,12.0,12.0,100,0.782604203087152,0.04632748275676044,0.004632748275676044,0.7734118254264829,0.791796580747821,100.0,0.909,0.10453842751965818,0.010453842751965817,0.8882573080031433,0.9297426919968568,100.0
high_correlation,tabm_sko_scale,top8,0.0575,0.09636709065659377,0.009636709065659377,0.03837867851516127,0.07662132148483874,100,8.0,0.0,0.0,8.0,8.0,100,,,,,,,0.7539999999999999,0.07709367252527505,0.007709367252527505,0.7387029428121289,0.7692970571878709,100.0
high_correlation,xgb_midpoint,native,0.171171838481436,0.1626454843314305,0.01626454843314305,0.13889944577175956,0.20344423119111243,100,9.34,5.462858984344029,0.5462858984344029,8.256050259956307,10.423949740043692,100,0.8612643788058368,0.162467984126553,0.0162467984126553,0.8290272059877019,0.8935015516239718,100.0,0.7020000000000001,0.3378422320216549,0.033784223202165495,0.6349647716287103,0.7690352283712898,100.0
high_correlation,xgb_midpoint,native10,0.07398914973914975,0.12804916791925205,0.012804916791925205,0.04858141677795357,0.09939688270034591,100,4.45,5.970254550179531,0.5970254550179531,3.2653719716711933,5.634628028328807,100,,,,,,,0.347,0.44979344305374364,0.04497934430537436,0.2577512225615306,0.43624877743846935,100.0
high_correlation,xgb_midpoint,top12,0.2783333333333333,0.09925366836859999,0.00992536683686,0.2586392522056936,0.29802741446097303,100,12.0,0.0,0.0,12.0,12.0,100,0.7859246582107925,0.0456548437388543,0.004565484373885429,0.776865746724281,0.794983569697304,100.0,0.8660000000000001,0.11910440204231994,0.011910440204231994,0.8423671026468325,0.8896328973531678,100.0
high_correlation,xgb_midpoint,top8,0.1175,0.11489454980875975,0.011489454980875976,0.09470242866335002,0.14029757133664997,100,8.0,0.0,0.0,8.0,8.0,100,,,,,,,0.706,0.09191563984700782,0.009191563984700783,0.6877619429306799,0.72423805706932,100.0
high_correlation,xgb_naive,native,0.18513279041220215,0.17019412796351044,0.017019412796351045,0.15136258303695863,0.21890299778744568,100,9.82,5.383063601460951,0.5383063601460951,8.75188339509318,10.88811660490682,100,0.8412355902163381,0.13800555726109523,0.013800555726109522,0.8138522936043514,0.8686188868283248,100.0,0.728,0.3081649827051357,0.03081649827051357,0.6668533817455089,0.7891466182544911,100.0
high_correlation,xgb_naive,native10,0.06757421744921745,0.12740439224490174,0.012740439224490174,0.04229442197031791,0.09285401292811699,100,4.15,5.915866356458261,0.5915866356458261,2.976163769265561,5.32383623073444,100,,,,,,,0.32300000000000006,0.4453701218700525,0.044537012187005245,0.23462890544899545,0.4113710945510047,100.0
high_correlation,xgb_naive,top12,0.28,0.1056219886639985,0.01056219886639985,0.2590423059640837,0.3009576940359164,100,12.0,0.0,0.0,12.0,12.0,100,0.7869784830176879,0.046361059861035274,0.004636105986103528,0.7777794429310704,0.7961775231043055,100.0,0.8640000000000001,0.12674638639679817,0.012674638639679816,0.8388507671569004,0.8891492328430998,100.0
high_correlation,xgb_naive,top8,0.10625,0.12357138165302015,0.012357138165302015,0.08173075698027284,0.13076924301972714,100,8.0,0.0,0.0,8.0,8.0,100,,,,,,,0.715,0.09885710532241615,0.009885710532241614,0.6953846055842182,0.7346153944157817,100.0
high_correlation,xgb_orbit,native,0.17788952052419543,0.17137105045830434,0.017137105045830433,0.14388578619247372,0.21189325485591715,100,9.77,5.425072731440026,0.5425072731440026,8.69354787231092,10.84645212768908,100,0.8417837640859189,0.139108022606475,0.0139108022606475,0.8141817144312569,0.869385813740581,100.0,0.7289999999999999,0.3144001824863891,0.031440018248638915,0.6666161828353082,0.7913838171646915,100.0
high_correlation,xgb_orbit,native10,0.07130865917708022,0.12141497521154421,0.012141497521154421,0.047217293978904964,0.09540002437525548,100,4.46,5.934695111006635,0.5934695111006635,3.282427735870493,5.637572264129506,100,,,,,,,0.35300000000000004,0.4573650929868044,0.045736509298680436,0.2622488429467238,0.4437511570532763,100.0
high_correlation,xgb_orbit,top12,0.2733333333333333,0.10055960145887007,0.010055960145887007,0.25338012674816857,0.29328653991849807,100,12.0,0.0,0.0,12.0,12.0,100,0.7850858577833233,0.04601863315354797,0.004601863315354797,0.7759547625844704,0.7942169529821762,100.0,0.872,0.12067152175064405,0.012067152175064405,0.8480561520978024,0.8959438479021976,100.0
high_correlation,xgb_orbit,top8,0.11,0.13089628865570782,0.013089628865570782,0.08402733651597709,0.13597266348402293,100,8.0,0.0,0.0,8.0,8.0,100,,,,,,,0.7120000000000001,0.10471703092456629,0.010471703092456628,0.6912218692127817,0.7327781307872184,100.0
high_correlation,xgb_orbit_student,native,0.15142488965283085,0.20369806461778023,0.020369806461778023,0.11100677437241979,0.1918430049332419,100,5.65,6.501553815835259,0.6501553815835259,4.359950670747372,6.940049329252629,100,1.0222909970328111,0.19934108132650752,0.01993410813265075,0.9827374017627984,1.061844592302824,100.0,0.37,0.3820465887291705,0.038204658872917054,0.2941936682377514,0.4458063317622486,100.0
high_correlation,xgb_orbit_student,native10,0.022807692307692307,0.08602467604161844,0.008602467604161845,0.005738530262710088,0.039876854352674525,100,0.95,3.2917865340660515,0.3291786534066051,0.29683813583581264,1.6031618641641874,100,,,,,,,0.067,0.23227248018330768,0.023227248018330766,0.02091210074513164,0.11308789925486837,100.0
high_correlation,xgb_orbit_student,top12,0.36250000000000004,0.11866671868496571,0.011866671868496572,0.33895394852053795,0.38604605147946214,100,12.0,0.0,0.0,12.0,12.0,100,0.7980346299152065,0.048324635050312835,0.004832463505031284,0.7884459739109764,0.8076232859194366,100.0,0.765,0.14240006242195885,0.014240006242195884,0.7367447382246455,0.7932552617753545,100.0
high_correlation,xgb_orbit_student,top8,0.2825,0.1728219437525925,0.017282194375259248,0.24820837696134257,0.3167916230386574,100,8.0,0.0,0.0,8.0,8.0,100,,,,,,,0.574,0.13825755500207398,0.013825755500207398,0.546566701569074,0.6014332984309259,100.0
high_correlation,xgb_pfi,top12,0.2416666666666666,0.06097321448307899,0.006097321448307899,0.22956825809013662,0.25376507524319664,100,12.0,0.0,0.0,12.0,12.0,100,0.7789096615197398,0.04841637069142996,0.004841637069142996,0.7693028031740935,0.7885165198653862,100.0,0.91,0.07316785737969475,0.007316785737969475,0.895481909708164,0.9245180902918361,100.0
high_correlation,xgb_pfi,top8,0.0675,0.08412502720368177,0.008412502720368177,0.05080776949763256,0.08419223050236745,100,8.0,0.0,0.0,8.0,8.0,100,,,,,,,0.746,0.06730002176294547,0.006730002176294547,0.732646215598106,0.7593537844018939,100.0
high_correlation,xgb_shap,top12,0.24916666666666665,0.06322669562203696,0.006322669562203696,0.2366211185425541,0.2617122147907792,100,12.0,0.0,0.0,12.0,12.0,100,0.7788269317716149,0.047253668002923806,0.004725366800292381,0.7694507788643784,0.7882030846788514,100.0,0.9010000000000001,0.07587203474644433,0.007587203474644433,0.885945342251065,0.9160546577489352,100.0
high_correlation,xgb_shap,top8,0.09625,0.0970769116096962,0.00970769116096962,0.07698783463839308,0.11551216536160692,100,8.0,0.0,0.0,8.0,8.0,100,,,,,,,0.7229999999999999,0.07766152928775698,0.007766152928775698,0.7075902677107143,0.7384097322892854,100.0
high_correlation,xgb_sko_quad,native,0.1514124772286537,0.1555754546588261,0.015557545465882611,0.12054293179138237,0.18228202266592503,100,8.48,4.730045806684468,0.4730045806684468,7.541456292896412,9.41854370710359,100,0.8621264640648103,0.14964138112282002,0.014964138112282001,0.8324343675577032,0.8918185605719174,100.0,0.6620000000000001,0.314876919998076,0.031487691999807596,0.5995215877700976,0.7244784122299027,100.0
high_correlation,xgb_sko_quad,native10,0.0385932400932401,0.09492733849968397,0.009492733849968397,0.01975759667197252,0.05742888351450767,100,2.35,4.60429092798174,0.460429092798174,1.436408789102099,3.2635912108979013,100,,,,,,,0.19,0.37349022677300336,0.037349022677300336,0.11589143608141847,0.2641085639185815,100.0
high_correlation,xgb_sko_quad,top12,0.3183333333333333,0.11506841765115544,0.011506841765115544,0.29550126284466294,0.34116540382200367,100,12.0,0.0,0.0,12.0,12.0,100,0.7879189427671972,0.04628246701562028,0.004628246701562028,0.7787354972061937,0.7971023883282007,100.0,0.8180000000000003,0.13808210118138653,0.013808210118138653,0.7906015154135959,0.8453984845864047,100.0
high_correlation,xgb_sko_quad,top8,0.13375,0.1379126040782218,0.013791260407822182,0.10638514731612869,0.16111485268387132,100,8.0,0.0,0.0,8.0,8.0,100,,,,,,,0.693,0.11033008326257747,0.011033008326257747,0.6711081178529029,0.714891882147097,100.0
high_correlation,xgb_sko_quad_scale,native,0.14806432456432456,0.1537825552821886,0.01537825552821886,0.11755052926060058,0.17857811986804853,100,8.29,5.027791450397169,0.5027791450397169,7.29237709754715,9.287622902452847,100,0.8826440911668191,0.17413105964228917,0.017413105964228917,0.8480927111341792,0.917195471199459,100.0,0.647,0.3474161478658984,0.03474161478658984,0.5780650990176638,0.7159349009823363,100.0
high_correlation,xgb_sko_quad_scale,native10,0.032322843822843825,0.07263644338915581,0.007263644338915581,0.01791019759583745,0.0467354900498502,100,2.49,4.600164687434043,0.46001646874340435,1.5772275247461733,3.402772475253827,100,,,,,,,0.21299999999999997,0.3935477073745926,0.03935477073745926,0.13491159677999545,0.2910884032200045,100.0
high_correlation,xgb_sko_quad_scale,top12,0.31166666666666665,0.115214629168395,0.0115214629168395,0.28880558464089506,0.33452774869243823,100,12.0,0.0,0.0,12.0,12.0,100,0.7868834975124224,0.045646630372758915,0.004564663037275892,0.7778262157359345,0.7959407792889103,100.0,0.8260000000000004,0.138257555002074,0.013825755500207402,0.7985667015690745,0.8534332984309263,100.0
high_correlation,xgb_sko_quad_scale,top8,0.13375,0.13905230285505138,0.013905230285505138,0.10615900635286879,0.16134099364713123,100,8.0,0.0,0.0,8.0,8.0,100,,,,,,,0.693,0.11124184228404112,0.011124184228404112,0.670927205082295,0.7150727949177049,100.0
high_correlation,xgb_sko_ridge,native,0.14133265509000803,0.16705493363043672,0.016705493363043673,0.10818533197574098,0.17447997820427508,100,8.24,5.358124200641018,0.5358124200641018,7.176831913279918,9.303168086720081,100,0.8862897642992026,0.16607885622729004,0.016607885622729003,0.8533361161178663,0.9192434124805389,100.0,0.637,0.3543823763773654,0.03543823763773654,0.5666828481476102,0.7073171518523899,100.0
high_correlation,xgb_sko_ridge,native10,0.0427965367965368,0.1048367388383561,0.010483673883835611,0.02199465336214131,0.06359842023093229,100,2.5,4.64388378037786,0.464388378037786,1.5785527082138024,3.4214472917861976,100,,,,,,,0.20099999999999998,0.37456911271756005,0.037456911271756,0.12667736170342508,0.2753226382965749,100.0
high_correlation,xgb_sko_ridge,top12,0.3025,0.10833333333333335,0.010833333333333335,0.2810043163586559,0.32399568364134407,100,12.0,0.0,0.0,12.0,12.0,100,0.7869987953887301,0.04687867579338428,0.004687867579338428,0.7776970490713788,0.7963005417060813,100.0,0.8370000000000002,0.13,0.013000000000000001,0.8112051796303873,0.8627948203696131,100.0
high_correlation,xgb_sko_ridge,top8,0.12625,0.14045268623528376,0.014045268623528376,0.09838113990870198,0.15411886009129802,100,8.0,0.0,0.0,8.0,8.0,100,,,,,,,0.699,0.11236214898822704,0.011236214898822703,0.6767049119269615,0.7212950880730384,100.0
high_correlation,xgb_sko_scale,native,0.14322554569613394,0.15413144259489542,0.015413144259489541,0.11264252358040605,0.17380856781186182,100,8.58,4.662725608590977,0.4662725608590977,7.654814080720015,9.505185919279986,100,0.8595484237165243,0.15054514931623575,0.015054514931623575,0.8296769999924563,0.8894198474405923,100.0,0.68,0.31494748640355774,0.03149474864035577,0.6175075858643011,0.742492414135699,100.0
high_correlation,xgb_sko_scale,native10,0.05159648684648684,0.11113287902715036,0.011113287902715036,0.029545312602923292,0.07364766109005039,100,2.96,5.075032965012108,0.5075032965012107,1.9530033561357605,3.9669966438642392,100,,,,,,,0.23399999999999999,0.40106424080504266,0.040106424080504265,0.15442015347506738,0.3135798465249326,100.0
high_correlation,xgb_sko_scale,top12,0.30499999999999994,0.11061759083851931,0.011061759083851931,0.2830510701123158,0.3269489298876841,100,12.0,0.0,0.0,12.0,12.0,100,0.788229048361536,0.047440468965051295,0.00474404689650513,0.7788158300907383,0.7976422666323336,100.0,0.8340000000000001,0.13274110900622316,0.013274110900622315,0.8076612841347791,0.860338715865221,100.0
high_correlation,xgb_sko_scale,top8,0.115,0.1301708279317776,0.013017082793177759,0.0891712836625847,0.1408287163374153,100,8.0,0.0,0.0,8.0,8.0,100,,,,,,,0.708,0.10413666234542208,0.010413666234542209,0.6873370269300677,0.7286629730699322,100.0
linear_sparse,deep_lasso,top12,0.5833333333333334,0.0,0.0,0.5833333333333334,0.5833333333333334,100,12.0,0.0,0.0,12.0,12.0,100,0.7492734460126662,0.03231413550453255,0.003231413550453255,0.742861620468522,0.7556852715568104,100.0,1.0,0.0,0.0,1.0,1.0,100.0
linear_sparse,deep_lasso,top8,0.375,0.0,0.0,0.375,0.375,100,8.0,0.0,0.0,8.0,8.0,100,,,,,,,1.0,0.0,0.0,1.0,1.0,100.0
linear_sparse,lasso_pair_q20,native,0.1639094239094239,0.21283360385988478,0.02128336038598848,0.12167861944647718,0.20614022837237062,100,6.65,2.8652392499747656,0.2865239249974766,6.081474371007205,7.218525628992796,100,0.7437769796619296,0.03189841634666439,0.003189841634666439,0.7374476418177962,0.7501063175060629,100.0,1.0,0.0,0.0,1.0,1.0,100.0
linear_sparse,lasso_pair_q20,native10,0.031363636363636364,0.12489163848066122,0.012489163848066122,0.006582425746134154,0.05614484698113857,100,0.63,2.509195210831673,0.2509195210831673,0.13212123280233917,1.127878767197661,100,,,,,,,0.06,0.23868325657594203,0.023868325657594204,0.012640063626071951,0.10735993637392804,100.0
linear_sparse,lasso_pair_q20,top12,0.5833333333333334,0.0,0.0,0.5833333333333334,0.5833333333333334,100,12.0,0.0,0.0,12.0,12.0,100,0.7467093173529067,0.03205946757011633,0.003205946757011633,0.7403480234520099,0.7530706112538035,100.0,1.0,0.0,0.0,1.0,1.0,100.0
linear_sparse,lasso_pair_q20,top8,0.375,0.0,0.0,0.375,0.375,100,8.0,0.0,0.0,8.0,8.0,100,,,,,,,1.0,0.0,0.0,1.0,1.0,100.0
linear_sparse,linear_orbit_student,native,0.17979978354978354,0.18192542182893662,0.01819254218289366,0.14370183295944916,0.21589773414011793,100,6.5,1.9306145983268455,0.19306145983268455,6.116924178716975,6.883075821283025,100,0.7438183299463452,0.031234592948621968,0.0031234592948621966,0.7376207090661323,0.7500159508265581,100.0,1.0,0.0,0.0,1.0,1.0,100.0
linear_sparse,linear_orbit_student,native10,0.01628787878787879,0.09327210867405346,0.009327210867405346,-0.0022193311255229026,0.03479508870128048,100,0.33,1.891261136614584,0.1891261136614584,-0.04526724070002358,0.7052672407000236,100,,,,,,,0.03,0.1714466079977653,0.01714466079977653,-0.0040187265867829974,0.064018726586783,100.0
linear_sparse,linear_orbit_student,top12,0.5833333333333334,0.0,0.0,0.5833333333333334,0.5833333333333334,100,12.0,0.0,0.0,12.0,12.0,100,0.748388336914776,0.03267233029252815,0.0032672330292528146,0.7419054377536035,0.7548712360759485,100.0,1.0,0.0,0.0,1.0,1.0,100.0
linear_sparse,linear_orbit_student,top8,0.375,0.0,0.0,0.375,0.375,100,8.0,0.0,0.0,8.0,8.0,100,,,,,,,1.0,0.0,0.0,1.0,1.0,100.0
linear_sparse,tabm_midpoint,native,0.2012622589828472,0.2129929815903073,0.02129929815903073,0.15899983052046074,0.24352468744523365,100,6.94,2.7554170704855614,0.27554170704855613,6.393265474026616,7.486734525973385,100,0.7441608215399822,0.03246611995455014,0.0032466119954550144,0.7377188389836289,0.7506028040963355,100.0,1.0,0.0,0.0,1.0,1.0,100.0
linear_sparse,tabm_midpoint,native10,0.03590909090909091,0.13165976358284273,0.013165976358284273,0.009784937435820703,0.062033244382361116,100,0.72,2.6403244367526377,0.2640324436752638,0.19610234951128003,1.2438976504887198,100,,,,,,,0.07,0.2564323999762428,0.02564323999762428,0.01911824850510844,0.12088175149489158,100.0
linear_sparse,tabm_midpoint,top12,0.5833333333333334,0.0,0.0,0.5833333333333334,0.5833333333333334,100,12.0,0.0,0.0,12.0,12.0,100,0.7485503308201674,0.03264437375100867,0.003264437375100867,0.7420729788433538,0.7550276827969811,100.0,1.0,0.0,0.0,1.0,1.0,100.0
linear_sparse,tabm_midpoint,top8,0.375,0.0,0.0,0.375,0.375,100,8.0,0.0,0.0,8.0,8.0,100,,,,,,,1.0,0.0,0.0,1.0,1.0,100.0
linear_sparse,tabm_naive,native,0.2333634421134421,0.22911273507431285,0.022911273507431284,0.18790250483934515,0.278824379387539,100,7.4,3.2411495653626514,0.32411495653626515,6.756885609003243,8.043114390996758,100,0.745006508684861,0.03213373673071974,0.003213373673071974,0.7386304781712199,0.7513825391985021,100.0,1.0,0.0,0.0,1.0,1.0,100.0
linear_sparse,tabm_naive,native10,0.046818181818181814,0.1497772227748334,0.01497772227748334,0.017099131380210134,0.0765372322561535,100,0.94,3.007801304419673,0.30078013044196733,0.34318696650005565,1.5368130334999441,100,,,,,,,0.09,0.2876234912646614,0.028762349126466143,0.03292925929805492,0.14707074070194506,100.0
linear_sparse,tabm_naive,top12,0.5833333333333334,0.0,0.0,0.5833333333333334,0.5833333333333334,100,12.0,0.0,0.0,12.0,12.0,100,0.7484027777966379,0.03221100788835913,0.003221100788835913,0.7420114150089117,0.7547941405843641,100.0,1.0,0.0,0.0,1.0,1.0,100.0
linear_sparse,tabm_naive,top8,0.375,0.0,0.0,0.375,0.375,100,8.0,0.0,0.0,8.0,8.0,100,,,,,,,1.0,0.0,0.0,1.0,1.0,100.0
linear_sparse,tabm_orbit,native,0.18498286435786432,0.21949616678581438,0.02194961667858144,0.14143006286510532,0.22853566585062332,100,6.86,2.9371187695880923,0.29371187695880924,6.277211914878898,7.442788085121102,100,0.7446553586699534,0.032213947335698205,0.0032213947335698206,0.7382634126321034,0.7510473047078033,100.0,1.0,0.0,0.0,1.0,1.0,100.0
linear_sparse,tabm_orbit,native10,0.02590909090909091,0.11361432293138274,0.011361432293138274,0.0033655443596277805,0.048452637458554035,100,0.52,2.2807051895447077,0.22807051895447078,0.06745861015115678,0.9725413898488433,100,,,,,,,0.05,0.2190429135575903,0.021904291355759033,0.006537133781117824,0.09346286621888218,100.0
linear_sparse,tabm_orbit,top12,0.5833333333333334,0.0,0.0,0.5833333333333334,0.5833333333333334,100,12.0,0.0,0.0,12.0,12.0,100,0.7485129522256555,0.0322858993781446,0.00322858993781446,0.7421067293415737,0.7549191751097373,100.0,1.0,0.0,0.0,1.0,1.0,100.0
linear_sparse,tabm_orbit,top8,0.375,0.0,0.0,0.375,0.375,100,8.0,0.0,0.0,8.0,8.0,100,,,,,,,1.0,0.0,0.0,1.0,1.0,100.0
linear_sparse,tabm_orbit_student,native,0.19552873296294349,0.20473074122265267,0.020473074122265268,0.154905712240051,0.23615175368583596,100,6.73,3.0939987528808546,0.30939987528808544,6.116083522658709,7.343916477341292,100,0.7583874629017593,0.08662322554524862,0.008662322554524862,0.741199535649635,0.7755753901538835,100.0,0.97,0.1714466079977653,0.01714466079977653,0.935981273413217,1.004018726586783,100.0
linear_sparse,tabm_orbit_student,native10,0.01666666666666667,0.09549328485449009,0.009549328485449008,-0.0022812727896859876,0.035614606123019324,100,0.34,1.9499805748838221,0.19499805748838223,-0.046918451179712606,0.7269184511797127,100,,,,,,,0.03,0.1714466079977653,0.01714466079977653,-0.0040187265867829974,0.064018726586783,100.0
linear_sparse,tabm_orbit_student,top12,0.5833333333333334,0.0,0.0,0.5833333333333334,0.5833333333333334,100,12.0,0.0,0.0,12.0,12.0,100,0.7485180669258719,0.0320429068636271,0.0032042906863627104,0.7421600590284296,0.7548760748233141,100.0,1.0,0.0,0.0,1.0,1.0,100.0
linear_sparse,tabm_orbit_student,top8,0.375,0.0,0.0,0.375,0.375,100,8.0,0.0,0.0,8.0,8.0,100,,,,,,,1.0,0.0,0.0,1.0,1.0,100.0
linear_sparse,tabm_pfi,top12,0.5833333333333334,0.0,0.0,0.5833333333333334,0.5833333333333334,100,12.0,0.0,0.0,12.0,12.0,100,0.7483358447011479,0.0326510558592034,0.00326510558592034,0.7418571668490991,0.7548145225531967,100.0,1.0,0.0,0.0,1.0,1.0,100.0
linear_sparse,tabm_pfi,top8,0.375,0.0,0.0,0.375,0.375,100,8.0,0.0,0.0,8.0,8.0,100,,,,,,,1.0,0.0,0.0,1.0,1.0,100.0
linear_sparse,tabm_sko_quad,native,0.18301541294962348,0.2051179294089957,0.02051179294089957,0.14231556569045442,0.22371526020879254,100,6.77,2.845712706525521,0.2845712706525521,6.20534886085884,7.334651139141159,100,0.7448952447377567,0.031986257014558706,0.0031986257014558705,0.7385484773993967,0.7512420120761167,100.0,1.0,0.0,0.0,1.0,1.0,100.0
linear_sparse,tabm_sko_quad,native10,0.04029745989304812,0.1491084481710423,0.01491084481710423,0.010711108845634528,0.06988381094046171,100,0.86,3.2318490813849103,0.32318490813849104,0.2187310267998296,1.5012689732001703,100,,,,,,,0.07,0.2564323999762428,0.02564323999762428,0.01911824850510844,0.12088175149489158,100.0
linear_sparse,tabm_sko_quad,top12,0.5833333333333334,0.0,0.0,0.5833333333333334,0.5833333333333334,100,12.0,0.0,0.0,12.0,12.0,100,0.7483055732305143,0.032804252442902956,0.0032804252442902955,0.7417964978526365,0.7548146486083921,100.0,1.0,0.0,0.0,1.0,1.0,100.0
linear_sparse,tabm_sko_quad,top8,0.375,0.0,0.0,0.375,0.375,100,8.0,0.0,0.0,8.0,8.0,100,,,,,,,1.0,0.0,0.0,1.0,1.0,100.0
linear_sparse,tabm_sko_quad_scale,native,0.1989954665964896,0.2183215582465406,0.02183215582465406,0.155675732921232,0.2423152002717472,100,7.08,3.466083867095165,0.3466083867095165,6.3922537635559005,7.7677462364441,100,0.7451205351518884,0.03182182872673163,0.003182182872673163,0.7388063939531296,0.7514346763506471,100.0,1.0,0.0,0.0,1.0,1.0,100.0
linear_sparse,tabm_sko_quad_scale,native10,0.03867132867132867,0.14214842389099208,0.014214842389099208,0.010465997439853842,0.0668766599028035,100,0.79,2.9104305627528824,0.29104305627528826,0.21250743411967754,1.3674925658803225,100,,,,,,,0.07,0.2564323999762428,0.02564323999762428,0.01911824850510844,0.12088175149489158,100.0
linear_sparse,tabm_sko_quad_scale,top12,0.5833333333333334,0.0,0.0,0.5833333333333334,0.5833333333333334,100,12.0,0.0,0.0,12.0,12.0,100,0.7483719304495119,0.032447206881538966,0.0032447206881538967,0.741933700657166,0.7548101602418578,100.0,1.0,0.0,0.0,1.0,1.0,100.0
linear_sparse,tabm_sko_quad_scale,top8,0.375,0.0,0.0,0.375,0.375,100,8.0,0.0,0.0,8.0,8.0,100,,,,,,,1.0,0.0,0.0,1.0,1.0,100.0
linear_sparse,tabm_sko_ridge,native,0.1798862044817927,0.2118682918175629,0.021186829181756288,0.13784693887063304,0.22192547009295238,100,6.83,3.1335751035028547,0.3133575103502855,6.208230716080406,7.451769283919594,100,0.7447764636491638,0.03210727024510943,0.003210727024510943,0.7384056846604622,0.7511472426378655,100.0,1.0,0.0,0.0,1.0,1.0,100.0
linear_sparse,tabm_sko_ridge,native10,0.005,0.05,0.005,-0.0049210847575434135,0.014921084757543415,100,0.1,1.0,0.1,-0.09842169515086827,0.29842169515086825,100,,,,,,,0.01,0.1,0.01,-0.009842169515086827,0.02984216951508683,100.0
linear_sparse,tabm_sko_ridge,top12,0.5833333333333334,0.0,0.0,0.5833333333333334,0.5833333333333334,100,12.0,0.0,0.0,12.0,12.0,100,0.748353607806945,0.03248216007439156,0.003248216007439156,0.7419084425428224,0.7547987730710677,100.0,1.0,0.0,0.0,1.0,1.0,100.0
linear_sparse,tabm_sko_ridge,top8,0.375,0.0,0.0,0.375,0.375,100,8.0,0.0,0.0,8.0,8.0,100,,,,,,,1.0,0.0,0.0,1.0,1.0,100.0
linear_sparse,tabm_sko_scale,native,0.1786167100872983,0.20121064594044968,0.020121064594044967,0.1386921526373931,0.2185412675372035,100,6.68,2.5971235059293014,0.25971235059293013,6.164674351437341,7.195325648562658,100,0.7449416720465818,0.03154747822797899,0.0031547478227978987,0.7386819679388511,0.7512013761543125,100.0,1.0,0.0,0.0,1.0,1.0,100.0
linear_sparse,tabm_sko_scale,native10,0.04166666666666666,0.14287217333147106,0.014287217333147107,0.013317727844347493,0.07001560548898582,100,0.85,2.934899719519623,0.2934899719519623,0.26765222255510857,1.4323477774448914,100,,,,,,,0.08,0.2726599243442907,0.027265992434429072,0.025898355611898342,0.13410164438810165,100.0
linear_sparse,tabm_sko_scale,top12,0.5833333333333334,0.0,0.0,0.5833333333333334,0.5833333333333334,100,12.0,0.0,0.0,12.0,12.0,100,0.7484199677857793,0.032079017834023345,0.0032079017834023343,0.7420547946883775,0.7547851408831812,100.0,1.0,0.0,0.0,1.0,1.0,100.0
linear_sparse,tabm_sko_scale,top8,0.375,0.0,0.0,0.375,0.375,100,8.0,0.0,0.0,8.0,8.0,100,,,,,,,1.0,0.0,0.0,1.0,1.0,100.0
linear_sparse,xgb_midpoint,native,0.16318961675579322,0.19574384528541866,0.019574384528541867,0.12434979115891115,0.20202944235267528,100,6.51,2.467956255853835,0.2467956255853835,6.020303936155292,6.999696063844707,100,0.7441805448234925,0.031978132895744624,0.0031978132895744624,0.7378353894865591,0.7505257001604259,100.0,1.0,0.0,0.0,1.0,1.0,100.0
linear_sparse,xgb_midpoint,native10,0.015833333333333335,0.09074374694394986,0.009074374694394986,-0.0021721947596266174,0.03383886142629329,100,0.32,1.8361135943380873,0.18361135943380874,-0.04432477187811701,0.684324771878117,100,,,,,,,0.03,0.1714466079977653,0.01714466079977653,-0.0040187265867829974,0.064018726586783,100.0
linear_sparse,xgb_midpoint,top12,0.5833333333333334,0.0,0.0,0.5833333333333334,0.5833333333333334,100,12.0,0.0,0.0,12.0,12.0,100,0.7485746483613132,0.0324000090499774,0.0032400009049977398,0.7421457836427132,0.7550035130799131,100.0,1.0,0.0,0.0,1.0,1.0,100.0
linear_sparse,xgb_midpoint,top8,0.375,0.0,0.0,0.375,0.375,100,8.0,0.0,0.0,8.0,8.0,100,,,,,,,1.0,0.0,0.0,1.0,1.0,100.0
linear_sparse,xgb_naive,native,0.18447510822510818,0.20290122273443345,0.020290122273443345,0.144215103661958,0.22473511278825836,100,6.72,2.586210518980396,0.2586210518980396,6.206839724806903,7.233160275193097,100,0.7446310764828187,0.03216099928159811,0.0032160999281598108,0.7382496364876181,0.7510125164780193,100.0,1.0,0.0,0.0,1.0,1.0,100.0
linear_sparse,xgb_naive,native10,0.03303696303696304,0.1322050786575091,0.013220507865750911,0.006804607222186204,0.059269318851739874,100,0.68,2.7335550538306768,0.2733555053830677,0.1376033724306942,1.222396627569306,100,,,,,,,0.06,0.23868325657594203,0.023868325657594204,0.012640063626071951,0.10735993637392804,100.0
linear_sparse,xgb_naive,top12,0.5833333333333334,0.0,0.0,0.5833333333333334,0.5833333333333334,100,12.0,0.0,0.0,12.0,12.0,100,0.7483868304011849,0.03218479672867507,0.003218479672867507,0.7420006684761951,0.7547729923261748,100.0,1.0,0.0,0.0,1.0,1.0,100.0
linear_sparse,xgb_naive,top8,0.375,0.0,0.0,0.375,0.375,100,8.0,0.0,0.0,8.0,8.0,100,,,,,,,1.0,0.0,0.0,1.0,1.0,100.0
linear_sparse,xgb_orbit,native,0.18651910589410584,0.2148283639263189,0.02148283639263189,0.143892497757358,0.22914571403085368,100,6.8,2.70801280154532,0.270801280154532,6.2626715094271255,7.337328490572874,100,0.7451594837639124,0.03206252811952414,0.003206252811952414,0.738797582583614,0.7515213849442107,100.0,1.0,0.0,0.0,1.0,1.0,100.0
linear_sparse,xgb_orbit,native10,0.015454545454545453,0.08839970997463527,0.008839970997463528,-0.002085874849466797,0.032994965758557704,100,0.31,1.773514458738224,0.1773514458738224,-0.04190374527741303,0.661903745277413,100,,,,,,,0.03,0.17144660799776532,0.017144660799776532,-0.004018726586783004,0.06401872658678301,100.0
linear_sparse,xgb_orbit,top12,0.5833333333333334,0.0,0.0,0.5833333333333334,0.5833333333333334,100,12.0,0.0,0.0,12.0,12.0,100,0.7486213211563475,0.032579390182866,0.0032579390182866,0.7421568633292817,0.7550857789834133,100.0,1.0,0.0,0.0,1.0,1.0,100.0
linear_sparse,xgb_orbit,top8,0.375,0.0,0.0,0.375,0.375,100,8.0,0.0,0.0,8.0,8.0,100,,,,,,,1.0,0.0,0.0,1.0,1.0,100.0
linear_sparse,xgb_orbit_student,native,0.19026208513708512,0.20163697048262538,0.020163697048262538,0.15025293564883702,0.23027123462533322,100,6.78,2.7471932416687963,0.2747193241668796,6.234897260081069,7.325102739918932,100,0.7448890185368151,0.03280594658303872,0.003280594658303872,0.7383796070047798,0.7513984300688504,100.0,0.998,0.01999999999999999,0.001999999999999999,0.9940315660969826,1.0019684339030173,100.0
linear_sparse,xgb_orbit_student,native10,0.031153846153846153,0.12438300298943536,0.012438300298943536,0.006473559852726872,0.055834132454965435,100,0.63,2.5212430796467564,0.25212430796467566,0.129730674249095,1.130269325750905,100,,,,,,,0.06,0.23868325657594203,0.023868325657594204,0.012640063626071951,0.10735993637392804,100.0
linear_sparse,xgb_orbit_student,top12,0.5833333333333334,0.0,0.0,0.5833333333333334,0.5833333333333334,100,12.0,0.0,0.0,12.0,12.0,100,0.7476145505786543,0.03260743860114287,0.0032607438601142866,0.7411445273368877,0.7540845738204209,100.0,1.0,0.0,0.0,1.0,1.0,100.0
linear_sparse,xgb_orbit_student,top8,0.375,0.0,0.0,0.375,0.375,100,8.0,0.0,0.0,8.0,8.0,100,,,,,,,1.0,0.0,0.0,1.0,1.0,100.0
linear_sparse,xgb_pfi,top12,0.5833333333333334,0.0,0.0,0.5833333333333334,0.5833333333333334,100,12.0,0.0,0.0,12.0,12.0,100,0.7490193791943426,0.032993554694615186,0.0032993554694615186,0.7424727421427841,0.755566016245901,100.0,1.0,0.0,0.0,1.0,1.0,100.0
linear_sparse,xgb_pfi,top8,0.375,0.0,0.0,0.375,0.375,100,8.0,0.0,0.0,8.0,8.0,100,,,,,,,1.0,0.0,0.0,1.0,1.0,100.0
linear_sparse,xgb_shap,top12,0.5833333333333334,0.0,0.0,0.5833333333333334,0.5833333333333334,100,12.0,0.0,0.0,12.0,12.0,100,0.7494955763648989,0.03233555972138301,0.003233555972138301,0.74307949979133,0.7559116529384678,100.0,1.0,0.0,0.0,1.0,1.0,100.0
linear_sparse,xgb_shap,top8,0.375,0.0,0.0,0.375,0.375,100,8.0,0.0,0.0,8.0,8.0,100,,,,,,,1.0,0.0,0.0,1.0,1.0,100.0
linear_sparse,xgb_sko_quad,native,0.13271950271950272,0.16937143693889878,0.016937143693889878,0.09911253509194803,0.16632647034705741,100,6.08,1.6858292327576367,0.16858292327576369,5.745494905901342,6.414505094098658,100,0.7440036871954436,0.031334603339214645,0.0031334603339214645,0.7377862220839966,0.7502211523068907,100.0,1.0,0.0,0.0,1.0,1.0,100.0
linear_sparse,xgb_sko_quad,native10,0.015,0.08572330399888264,0.008572330399888264,-0.0020093632933914987,0.0320093632933915,100,0.3,1.7144660799776523,0.17144660799776523,-0.04018726586782989,0.6401872658678298,100,,,,,,,0.03,0.1714466079977653,0.01714466079977653,-0.0040187265867829974,0.064018726586783,100.0
linear_sparse,xgb_sko_quad,top12,0.5833333333333334,0.0,0.0,0.5833333333333334,0.5833333333333334,100,12.0,0.0,0.0,12.0,12.0,100,0.7478191507956459,0.03267205681274553,0.003267205681274553,0.7413363058987954,0.7543019956924963,100.0,1.0,0.0,0.0,1.0,1.0,100.0
linear_sparse,xgb_sko_quad,top8,0.375,0.0,0.0,0.375,0.375,100,8.0,0.0,0.0,8.0,8.0,100,,,,,,,1.0,0.0,0.0,1.0,1.0,100.0
linear_sparse,xgb_sko_quad_scale,native,0.14461254023754022,0.16647442160397263,0.016647442160397263,0.11158040330361965,0.1776446771714608,100,6.18,1.8498157156371502,0.18498157156371503,5.81295642998656,6.5470435700134395,100,0.7444669365167351,0.03186254633283468,0.003186254633283468,0.738144716061551,0.7507891569719193,100.0,1.0,0.0,0.0,1.0,1.0,100.0
linear_sparse,xgb_sko_quad_scale,native10,0.015833333333333335,0.09074374694394986,0.009074374694394986,-0.0021721947596266174,0.03383886142629329,100,0.32,1.8361135943380873,0.18361135943380874,-0.04432477187811701,0.684324771878117,100,,,,,,,0.03,0.1714466079977653,0.01714466079977653,-0.0040187265867829974,0.064018726586783,100.0
linear_sparse,xgb_sko_quad_scale,top12,0.5833333333333334,0.0,0.0,0.5833333333333334,0.5833333333333334,100,12.0,0.0,0.0,12.0,12.0,100,0.7485585404534467,0.031692048579318025,0.0031692048579318025,0.7422701504515348,0.7548469304553587,100.0,1.0,0.0,0.0,1.0,1.0,100.0
linear_sparse,xgb_sko_quad_scale,top8,0.375,0.0,0.0,0.375,0.375,100,8.0,0.0,0.0,8.0,8.0,100,,,,,,,1.0,0.0,0.0,1.0,1.0,100.0
linear_sparse,xgb_sko_ridge,native,0.15507520257520258,0.1839000271392642,0.01839000271392642,0.1185854474519391,0.19156495769846604,100,6.32,1.9273680174651324,0.19273680174651325,5.937568370795001,6.702431629205,100,0.7442330516938148,0.031439106285123315,0.0031439106285123313,0.7379948509306923,0.7504712524569374,100.0,1.0,0.0,0.0,1.0,1.0,100.0
linear_sparse,xgb_sko_ridge,native10,0.021363636363636362,0.10526165031147863,0.010526165031147863,0.00047744127445485326,0.04224983145281787,100,0.43,2.1189620100417095,0.21189620100417095,0.009551966007232848,0.8504480339927671,100,,,,,,,0.04,0.1969463855669324,0.01969463855669324,0.0009215643219727745,0.07907843567802722,100.0
linear_sparse,xgb_sko_ridge,top12,0.5833333333333334,0.0,0.0,0.5833333333333334,0.5833333333333334,100,12.0,0.0,0.0,12.0,12.0,100,0.748656518733266,0.0327797371677712,0.0032779737167771203,0.7421523077178369,0.7551607297486951,100.0,1.0,0.0,0.0,1.0,1.0,100.0
linear_sparse,xgb_sko_ridge,top8,0.375,0.0,0.0,0.375,0.375,100,8.0,0.0,0.0,8.0,8.0,100,,,,,,,1.0,0.0,0.0,1.0,1.0,100.0
linear_sparse,xgb_sko_scale,native,0.17688436563436563,0.18389889049738614,0.018389889049738616,0.14039483604551037,0.2133738952232209,100,6.54,2.3112373702885174,0.23112373702885175,6.081400363091317,6.998599636908683,100,0.7450473544906822,0.03127084987659728,0.003127084987659728,0.7388425394493594,0.7512521695320049,100.0,1.0,0.0,0.0,1.0,1.0,100.0
linear_sparse,xgb_sko_scale,native10,0.01698717948717949,0.09744822898696413,0.009744822898696413,-0.0023486632978639115,0.036323022272222893,100,0.35,2.0119591939151746,0.20119591939151746,-0.04921635383102346,0.7492163538310235,100,,,,,,,0.03,0.1714466079977653,0.01714466079977653,-0.0040187265867829974,0.064018726586783,100.0
linear_sparse,xgb_sko_scale,top12,0.5833333333333334,0.0,0.0,0.5833333333333334,0.5833333333333334,100,12.0,0.0,0.0,12.0,12.0,100,0.7479416641014315,0.032538241921968115,0.0032538241921968116,0.7414853709820455,0.7543979572208175,100.0,1.0,0.0,0.0,1.0,1.0,100.0
linear_sparse,xgb_sko_scale,top8,0.375,0.0,0.0,0.375,0.375,100,8.0,0.0,0.0,8.0,8.0,100,,,,,,,1.0,0.0,0.0,1.0,1.0,100.0
misspecified_t,deep_lasso,top12,0.4425,0.102367458309578,0.0102367458309578,0.4221880753939277,0.4628119246060723,100,12.0,0.0,0.0,12.0,12.0,100,1.0059558115343112,0.19495365351188482,0.01949536535118848,0.967272777128628,1.0446388459399945,100.0,0.669,0.12284094997149358,0.012284094997149358,0.6446256904727132,0.6933743095272868,100.0
misspecified_t,deep_lasso,top8,0.30125,0.1580090379079819,0.01580090379079819,0.26989757884914045,0.3326024211508596,100,8.0,0.0,0.0,8.0,8.0,100,,,,,,,0.5589999999999999,0.1264072303263855,0.012640723032638551,0.5339180630793123,0.5840819369206875,100.0
misspecified_t,lasso_pair_q20,native,0.1545580808080808,0.286466034310139,0.0286466034310139,0.09771700467711623,0.21139915693904537,100,2.12,4.34213558219241,0.43421355821924096,1.2584260972064798,2.9815739027935204,100,1.2047056502413567,0.24975515777784246,0.024975515777784247,1.1551488084624046,1.2542624920203087,100.0,0.079,0.18218372345220385,0.018218372345220384,0.04285079676371672,0.11514920323628328,100.0
misspecified_t,lasso_pair_q20,native10,0.005454545454545454,0.05454545454545456,0.005454545454545456,-0.005368456099138272,0.01627754700822918,100,0.11,1.1000000000000003,0.11000000000000003,-0.10826386466595515,0.32826386466595514,100,,,,,,,0.005,0.049999999999999996,0.004999999999999999,-0.004921084757543412,0.014921084757543411,100.0
misspecified_t,lasso_pair_q20,top12,0.6566666666666667,0.10276753975761943,0.010276753975761943,0.6362753572214757,0.6770579761118578,100,12.0,0.0,0.0,12.0,12.0,100,1.1060125407806607,0.20927973006653322,0.020927973006653323,1.064486901980143,1.1475381795811783,100.0,0.41200000000000003,0.12332104770914334,0.012332104770914334,0.3875304286657707,0.43646957133422937,100.0
misspecified_t,lasso_pair_q20,top8,0.635,0.1406604192207372,0.014066041922073719,0.6070899211775895,0.6629100788224105,100,8.0,0.0,0.0,8.0,8.0,100,,,,,,,0.29200000000000004,0.11252833537658977,0.011252833537658977,0.2696719369420717,0.3143280630579284,100.0
misspecified_t,linear_orbit_student,native,0.07548809523809523,0.2076031038680681,0.02076031038680681,0.03429513545001138,0.11668105502617908,100,1.0,2.8709622502610936,0.2870962250261094,0.43033880358904253,1.5696611964109575,100,1.216803064294497,0.24982504454502827,0.024982504454502827,1.1672323554647313,1.2663737731242626,100.0,0.037000000000000005,0.10215357818184118,0.010215357818184117,0.016730513851432326,0.05726948614856768,100.0
misspecified_t,linear_orbit_student,native10,0.006,0.059999999999999984,0.005999999999999998,-0.005905301709052093,0.017905301709052093,100,0.1,1.0000000000000002,0.10000000000000002,-0.0984216951508683,0.2984216951508683,100,,,,,,,0.004,0.03999999999999999,0.003999999999999998,-0.003936867806034727,0.011936867806034727,100.0
misspecified_t,linear_orbit_student,top12,0.6366666666666667,0.117565083343435,0.0117565083343435,0.6133392035391092,0.6599941297942242,100,12.0,0.0,0.0,12.0,12.0,100,1.1060438273078355,0.20625569213027536,0.020625569213027536,1.0651182232408307,1.1469694313748402,100.0,0.43599999999999994,0.14107810001212204,0.014107810001212204,0.40800704424693096,0.4639929557530689,100.0
misspecified_t,linear_orbit_student,top8,0.6125,0.15539539012701528,0.015539539012701529,0.5816661832723672,0.6433338167276329,100,8.0,0.0,0.0,8.0,8.0,100,,,,,,,0.30999999999999994,0.1243163121016122,0.01243163121016122,0.28533294661789366,0.3346670533821062,100.0
misspecified_t,tabm_midpoint,native,0.13904875679875678,0.19176001687650782,0.01917600168765078,0.10099940918796099,0.17709810440955256,100,5.02,4.26870216597717,0.426870216597717,4.172996880132627,5.867003119867372,100,1.065507381895416,0.22129014085329238,0.02212901408532924,1.0215986170271312,1.1094161467637007,100.0,0.371,0.28223315814332584,0.028223315814332583,0.3149988183334182,0.4270011816665818,100.0
misspecified_t,tabm_midpoint,native10,0.020712121212121213,0.08699380631005153,0.008699380631005154,0.0034506626964544845,0.03797357972778794,100,0.66,2.6293602555631956,0.26293602555631956,0.13827788092883053,1.1817221190711695,100,,,,,,,0.043,0.17306214216432503,0.017306214216432504,0.008660716385314064,0.07733928361468592,100.0
misspecified_t,tabm_midpoint,top12,0.4475,0.11523593618161967,0.011523593618161968,0.4246346902005458,0.47036530979945423,100,12.0,0.0,0.0,12.0,12.0,100,1.0080664621729247,0.19454669314779063,0.019454669314779065,0.9694641775325443,1.0466687468133051,100.0,0.6629999999999998,0.1382831234179436,0.01382831234179436,0.6355616282406548,0.6904383717593449,100.0
misspecified_t,tabm_midpoint,top8,0.2975,0.1729680007773961,0.01729680007773961,0.26317939607889235,0.3318206039211076,100,8.0,0.0,0.0,8.0,8.0,100,,,,,,,0.562,0.13837440062191686,0.013837440062191685,0.534543516863114,0.5894564831368861,100.0
misspecified_t,tabm_naive,native,0.15737421238891827,0.19819582202697691,0.01981958220269769,0.11804786141050572,0.19670056336733083,100,5.63,4.600516000922883,0.4600516000922883,4.7171578165281876,6.542842183471812,100,1.0560100035008193,0.21089716492658978,0.021089716492658978,1.0141634305335732,1.0978565764680654,100.0,0.406,0.2974028998656281,0.029740289986562814,0.34698881246587815,0.4650111875341219,100.0
misspecified_t,tabm_naive,native10,0.022,0.09301670739933574,0.009301670739933574,0.003543467240471488,0.04045653275952851,100,0.63,2.509195210831673,0.2509195210831673,0.13212123280233917,1.127878767197661,100,,,,,,,0.039999999999999994,0.1632993161855452,0.01632993161855452,0.0075978728654865005,0.0724021271345135,100.0
misspecified_t,tabm_naive,top12,0.4408333333333332,0.11501658983446375,0.011501658983446374,0.4180115466079068,0.4636551200587596,100,12.0,0.0,0.0,12.0,12.0,100,1.0069572407860208,0.1939187234536033,0.01939187234536033,0.9684795589568643,1.0454349226151771,100.0,0.671,0.13801990780135653,0.013801990780135654,0.6436138559294883,0.6983861440705118,100.0
misspecified_t,tabm_naive,top8,0.31375,0.18420505564520354,0.018420505564520354,0.27719972060351866,0.3503002793964813,100,8.0,0.0,0.0,8.0,8.0,100,,,,,,,0.549,0.14736404451616278,0.014736404451616277,0.519759776482815,0.5782402235171851,100.0
misspecified_t,tabm_orbit,native,0.15509245819539938,0.20225470016073963,0.020225470016073964,0.11496073773727483,0.19522417865352393,100,5.52,4.527090175216907,0.4527090175216907,4.62172709333262,6.418272906667379,100,1.0579607425040378,0.21789141440433255,0.021789141440433254,1.0147263586991098,1.1011951263089659,100.0,0.397,0.28935839857913725,0.028935839857913724,0.339585016047787,0.454414983952213,100.0
misspecified_t,tabm_orbit,native10,0.031757575757575755,0.11048469384403305,0.011048469384403304,0.009835015516818018,0.05368013599833349,100,0.86,2.9405558465821877,0.2940555846582188,0.2765299242353657,1.4434700757646342,100,,,,,,,0.05199999999999999,0.18005610797804672,0.01800561079780467,0.016272961832728187,0.08772703816727179,100.0
misspecified_t,tabm_orbit,top12,0.44749999999999995,0.11401200539301716,0.011401200539301716,0.42487754462236754,0.47012245537763236,100,12.0,0.0,0.0,12.0,12.0,100,1.0075316429085044,0.19215349527823963,0.019215349527823965,0.9694042206462317,1.0456590651707771,100.0,0.6629999999999999,0.1368144064716206,0.01368144064716206,0.6358530535468411,0.6901469464531588,100.0
misspecified_t,tabm_orbit,top8,0.2975,0.18784059973576242,0.018784059973576243,0.26022834978227427,0.3347716502177257,100,8.0,0.0,0.0,8.0,8.0,100,,,,,,,0.562,0.15027247978860991,0.015027247978860991,0.5321826798258195,0.5918173201741806,100.0
misspecified_t,tabm_orbit_student,native,0.17833665749455221,0.22778598795686372,0.02277859879568637,0.13313897563253604,0.22353433935656838,100,4.49,5.020151311655774,0.5020151311655774,3.4938930668274066,5.486106933172594,100,1.1149295001407342,0.24916671731796475,0.024916671731796475,1.0654894177153265,1.164369582566142,100.0,0.27399999999999997,0.2816330444340147,0.028163304443401472,0.21811789391290295,0.32988210608709695,100.0
misspecified_t,tabm_orbit_student,native10,0.03252231102231102,0.12002462512978289,0.012002462512978289,0.008706821444211997,0.05633780060041004,100,0.82,3.0230762310914194,0.30230762310914194,0.22015608965654254,1.4198439103434572,100,,,,,,,0.044000000000000004,0.16349713493304135,0.016349713493304135,0.011558621334275695,0.07644137866572431,100.0
misspecified_t,tabm_orbit_student,top12,0.4608333333333334,0.11812163925824512,0.011812163925824511,0.43739543743771303,0.4842712292289537,100,12.0,0.0,0.0,12.0,12.0,100,1.0152518806201727,0.19477261093634218,0.019477261093634218,0.9766047689892231,1.0538989922511222,100.0,0.647,0.14174596710989418,0.014174596710989418,0.6188745249252556,0.6751254750747444,100.0
misspecified_t,tabm_orbit_student,top8,0.3575,0.175,0.017499999999999998,0.322776203348598,0.39222379665140195,100,8.0,0.0,0.0,8.0,8.0,100,,,,,,,0.514,0.13999999999999999,0.013999999999999999,0.48622096267887843,0.5417790373211215,100.0
misspecified_t,tabm_pfi,top12,0.45583333333333337,0.10755352594295059,0.010755352594295059,0.43449238039628024,0.4771742862703865,100,12.0,0.0,0.0,12.0,12.0,100,1.0075981977199993,0.19893275886057443,0.019893275886057445,0.9681256224858452,1.0470707729541533,100.0,0.653,0.12906423113154072,0.012906423113154073,0.6273908564755363,0.6786091435244638,100.0
misspecified_t,tabm_pfi,top8,0.3175,0.16800598233696945,0.016800598233696944,0.2841639681892117,0.3508360318107883,100,8.0,0.0,0.0,8.0,8.0,100,,,,,,,0.546,0.13440478586957555,0.013440478586957554,0.5193311745513693,0.5726688254486307,100.0
misspecified_t,tabm_sko_quad,native,0.1147368464868465,0.19210390831115545,0.019210390831115545,0.07661926335464006,0.15285442961905293,100,3.44,5.037876737297372,0.5037876737297372,2.44037595782433,4.43962404217567,100,1.1470614662941303,0.2542011138435127,0.02542011138435127,1.0966224503760618,1.1975004822121988,100.0,0.22,0.3018461712712473,0.03018461712712473,0.1601071710215598,0.2798928289784402,100.0
misspecified_t,tabm_sko_quad,native10,0.025171453546453545,0.11223762033910357,0.011223762033910357,0.002901074659069046,0.047441832433838045,100,0.74,2.9936633414631313,0.29936633414631314,0.14599224507587283,1.3340077549241272,100,,,,,,,0.04100000000000001,0.16883139638124303,0.016883139638124302,0.007500188135345601,0.07449981186465442,100.0
misspecified_t,tabm_sko_quad,top12,0.5125,0.13472287305892985,0.013472287305892986,0.48576805915205185,0.539231940847948,100,12.0,0.0,0.0,12.0,12.0,100,1.027425692620583,0.19087198938054217,0.019087198938054217,0.9895525489308772,1.0652988363102887,100.0,0.585,0.1616674476707158,0.01616674476707158,0.5529216709824623,0.6170783290175377,100.0
misspecified_t,tabm_sko_quad,top8,0.395,0.17652653104169969,0.01765265310416997,0.3599733064716036,0.43002669352839645,100,8.0,0.0,0.0,8.0,8.0,100,,,,,,,0.484,0.14122122483335975,0.014122122483335975,0.45597864517728287,0.5120213548227172,100.0
misspecified_t,tabm_sko_quad_scale,native,0.09990922476216595,0.1860436897583254,0.01860436897583254,0.0629941204681968,0.1368243290561351,100,3.13,4.914737680145956,0.49147376801459564,2.1548094182835933,4.105190581716406,100,1.1433217145114556,0.24775573297225348,0.024775573297225347,1.0941616019917553,1.192481827031156,100.0,0.2,0.29473494341303824,0.029473494341303825,0.14151819290778972,0.2584818070922103,100.0
misspecified_t,tabm_sko_quad_scale,native10,0.010923076923076924,0.0646935923639521,0.00646935923639521,-0.001913535339177718,0.023759689185331567,100,0.36,2.0720360357226744,0.20720360357226744,-0.05113690262177811,0.771136902621778,100,,,,,,,0.023,0.13473130761825647,0.013473130761825648,-0.003733614447507541,0.04973361444750754,100.0
misspecified_t,tabm_sko_quad_scale,top12,0.5141666666666667,0.12538101303120724,0.012538101303120724,0.4892883535212814,0.5390449798120519,100,12.0,0.0,0.0,12.0,12.0,100,1.0268234242561944,0.1946966238043949,0.01946966238043949,0.9881913901207755,1.0654554583916134,100.0,0.583,0.1504572156374487,0.015045721563744872,0.5531460242255377,0.6128539757744622,100.0
misspecified_t,tabm_sko_quad_scale,top8,0.3925,0.17768502946779083,0.017768502946779084,0.35724343525006896,0.42775656474993107,100,8.0,0.0,0.0,8.0,8.0,100,,,,,,,0.486,0.14214802357423267,0.014214802357423267,0.45779474820005517,0.5142052517999448,100.0
misspecified_t,tabm_sko_ridge,native,0.021515151515151515,0.12320785859613763,0.012320785859613763,-0.002931960643402589,0.04596226367370562,100,0.37,1.8676133962840913,0.18676133962840913,-0.0005750159771596985,0.7405750159771597,100,1.2213080414437045,0.2506915499273907,0.025069154992739068,1.171565399147113,1.271050683740296,100.0,0.019,0.11432277537611203,0.011432277537611203,-0.0036841188844800934,0.04168411888448009,100.0
misspecified_t,tabm_sko_ridge,native10,0.0,0.0,0.0,0.0,0.0,100,0.0,0.0,0.0,0.0,0.0,100,,,,,,,0.0,0.0,0.0,0.0,0.0,100.0
misspecified_t,tabm_sko_ridge,top12,0.6225,0.11752629430938644,0.011752629430938643,0.5991802334583317,0.6458197665416684,100,12.0,0.0,0.0,12.0,12.0,100,1.0931947783878742,0.20869747533365796,0.020869747533365797,1.0517846715584631,1.1346048852172852,100.0,0.45299999999999996,0.14103155317126373,0.014103155317126373,0.425016280149998,0.48098371985000193,100.0
misspecified_t,tabm_sko_ridge,top8,0.56375,0.17810644728829042,0.017810644728829043,0.5284098168117586,0.5990901831882414,100,8.0,0.0,0.0,8.0,8.0,100,,,,,,,0.349,0.14248515783063231,0.014248515783063232,0.3207278534494069,0.37727214655059305,100.0
misspecified_t,tabm_sko_scale,native,0.020499999999999997,0.10543201169905224,0.010543201169905224,-0.0004199984844921248,0.04141999848449212,100,0.48,2.226924318245216,0.2226924318245216,0.0381299018010926,0.9218700981989074,100,1.2168866270913434,0.24508995455578372,0.024508995455578372,1.1682554628439354,1.2655177913387514,100.0,0.025,0.11135075167680683,0.011135075167680683,0.0029055950959646012,0.0470944049040354,100.0
misspecified_t,tabm_sko_scale,native10,0.006,0.059999999999999984,0.005999999999999998,-0.005905301709052093,0.017905301709052093,100,0.1,1.0000000000000002,0.10000000000000002,-0.0984216951508683,0.2984216951508683,100,,,,,,,0.004,0.03999999999999999,0.003999999999999998,-0.003936867806034727,0.011936867806034727,100.0
misspecified_t,tabm_sko_scale,top12,0.6241666666666666,0.10560538430479698,0.010560538430479698,0.60321226729585,0.6451210660374833,100,12.0,0.0,0.0,12.0,12.0,100,1.086181202428684,0.2054013421728869,0.020540134217288692,1.0454251199284763,1.126937284928892,100.0,0.45099999999999996,0.12672646116575637,0.012672646116575637,0.4258547207550199,0.47614527924498,100.0
misspecified_t,tabm_sko_scale,top8,0.5625,0.16234938630103668,0.016234938630103668,0.5302863595634452,0.5947136404365548,100,8.0,0.0,0.0,8.0,8.0,100,,,,,,,0.35,0.12987950904082932,0.012987950904082932,0.3242290876507561,0.37577091234924387,100.0
misspecified_t,xgb_midpoint,native,0.13824401986901985,0.16715228556391115,0.016715228556391116,0.10507738001908659,0.1714106597189531,100,6.8,5.55232229146353,0.555232229146353,5.698298798903853,7.901701201096147,100,1.0508808462833619,0.1986173751862838,0.01986173751862838,1.0114708500124834,1.0902908425542404,100.0,0.509,0.3673808471718237,0.036738084717182366,0.4361036695382047,0.5818963304617953,100.0
misspecified_t,xgb_midpoint,native10,0.04293939393939394,0.10391846518803283,0.010391846518803283,0.02231971591930797,0.06355907195947991,100,2.07,4.323426904900811,0.43234269049008106,1.2121383046687093,2.9278616953312904,100,,,,,,,0.159,0.3339675784179408,0.03339675784179408,0.09273358696488167,0.22526641303511835,100.0
misspecified_t,xgb_midpoint,top12,0.33666666666666667,0.10785637038671679,0.01078563703867168,0.31526562282171444,0.3580677105116189,100,12.0,0.0,0.0,12.0,12.0,100,1.0016669052899498,0.19213790069089595,0.019213790069089597,0.9635425773321331,1.0397912332477666,100.0,0.7959999999999999,0.12942764446406013,0.012942764446406014,0.7703187473860572,0.8216812526139426,100.0
misspecified_t,xgb_midpoint,top8,0.1775,0.14122033075369078,0.014122033075369078,0.14947882258208636,0.20552117741791362,100,8.0,0.0,0.0,8.0,8.0,100,,,,,,,0.6579999999999999,0.11297626460295264,0.011297626460295264,0.6355830580656691,0.6804169419343308,100.0
misspecified_t,xgb_naive,native,0.09679936893172186,0.15215052769276613,0.015215052769276613,0.06660940330882409,0.12698933455461964,100,6.36,5.5332238032240895,0.553322380322409,5.262088353315142,7.457911646684859,100,1.0529659176777493,0.21305650058389608,0.021305650058389608,1.0106908856689807,1.0952409496865179,100.0,0.5059999999999999,0.374656745258479,0.0374656745258479,0.43165997350610547,0.5803400264938943,100.0
misspecified_t,xgb_naive,native10,0.022636363636363635,0.07471080305601284,0.007471080305601284,0.007812119447906898,0.03746060782482037,100,1.8,4.304097178881133,0.4304097178881133,0.9459737416723358,2.654026258327664,100,,,,,,,0.149,0.3442148143003703,0.03442148143003703,0.08070031305047919,0.2172996869495208,100.0
misspecified_t,xgb_naive,top12,0.3391666666666666,0.11560058854447676,0.011560058854447676,0.31622900192723347,0.36210433140609977,100,12.0,0.0,0.0,12.0,12.0,100,0.9995703363438583,0.19281194657229805,0.019281194657229807,0.9613122630596442,1.0378284096280723,100.0,0.7930000000000001,0.1387207062533721,0.01387207062533721,0.7654748023126804,0.8205251976873199,100.0
misspecified_t,xgb_naive,top8,0.1775,0.1456221414511134,0.01456221414511134,0.14860540784177056,0.20639459215822942,100,8.0,0.0,0.0,8.0,8.0,100,,,,,,,0.6579999999999999,0.11649771316089073,0.011649771316089073,0.6348843262734164,0.6811156737265834,100.0
misspecified_t,xgb_orbit,native,0.11625242894360541,0.1536803159104511,0.01536803159104511,0.08575892014933276,0.14674593773787806,100,6.42,5.378933843516696,0.5378933843516696,5.352702828665042,7.487297171334958,100,1.0497424835832176,0.2036390249775567,0.02036390249775567,1.009336083048301,1.0901488841181344,100.0,0.499,0.3710468401371417,0.03710468401371417,0.4253762569996151,0.5726237430003849,100.0
misspecified_t,xgb_orbit,native10,0.026944555444555443,0.08240463452339766,0.008240463452339766,0.010593688174135116,0.04329542271497577,100,1.67,4.0328324256950445,0.40328324256950443,0.8697985538342012,2.470201446165799,100,,,,,,,0.135,0.32547556503421793,0.032547556503421796,0.07041858665572381,0.1995814133442762,100.0
misspecified_t,xgb_orbit,top12,0.34333333333333343,0.11316287438541614,0.011316287438541614,0.3208793639696344,0.36578730269703247,100,12.0,0.0,0.0,12.0,12.0,100,1.0005883858482398,0.19290169981587307,0.019290169981587307,0.9623125035732903,1.0388642681231892,100.0,0.7879999999999998,0.1357954492624994,0.01357954492624994,0.7610552367635609,0.8149447632364387,100.0
misspecified_t,xgb_orbit,top8,0.175,0.14101901870444156,0.014101901870444156,0.1470187672601527,0.20298123273984728,100,8.0,0.0,0.0,8.0,8.0,100,,,,,,,0.66,0.11281521496355328,0.011281521496355328,0.6376150138081222,0.6823849861918778,100.0
misspecified_t,xgb_orbit_student,native,0.14186720142602494,0.18909004670841864,0.018909004670841865,0.10434763382198364,0.17938676903006623,100,5.35,5.646801186190606,0.5646801186190606,4.2295521364561255,6.470447863543874,100,1.091114741369246,0.22133345426085127,0.022133345426085128,1.0471973821812106,1.1350321005572812,100.0,0.366,0.34177788285979127,0.03417778828597913,0.2981838531178853,0.4338161468821147,100.0
misspecified_t,xgb_orbit_student,native10,0.023437229437229437,0.0836606939416595,0.00836606939416595,0.006837132727827384,0.04003732614663149,100,0.87,2.9904055331217623,0.2990405533121762,0.276638664929444,1.463361335070556,100,,,,,,,0.061000000000000006,0.2093255161636338,0.020932551616363378,0.019465276244481314,0.1025347237555187,100.0
misspecified_t,xgb_orbit_student,top12,0.4175,0.11513850050500468,0.011513850050500467,0.3946540235526679,0.4403459764473321,100,12.0,0.0,0.0,12.0,12.0,100,1.0210493478465,0.1959386318447072,0.01959386318447072,0.9821708723703312,1.0599278233226685,100.0,0.699,0.13816620060600562,0.013816620060600563,0.6715848282632014,0.7264151717367985,100.0
misspecified_t,xgb_orbit_student,top8,0.285,0.15898986690282427,0.015898986690282425,0.2534529610973307,0.3165470389026693,100,8.0,0.0,0.0,8.0,8.0,100,,,,,,,0.572,0.12719189352225943,0.012719189352225943,0.5467623688778644,0.5972376311221355,100.0
misspecified_t,xgb_pfi,top12,0.31499999999999995,0.10228862577512206,0.010228862577512206,0.29470371747904744,0.33529628252095245,100,12.0,0.0,0.0,12.0,12.0,100,0.9965112724867896,0.19594415675085186,0.019594415675085186,0.9576317007493781,1.035390844224201,100.0,0.8220000000000001,0.12274635093014646,0.012274635093014647,0.7976444609748571,0.846355539025143,100.0
misspecified_t,xgb_pfi,top8,0.15875,0.12669930799520826,0.012669930799520826,0.1336101085331488,0.1838898914668512,100,8.0,0.0,0.0,8.0,8.0,100,,,,,,,0.6729999999999997,0.10135944639616662,0.010135944639616663,0.6528880868265188,0.6931119131734806,100.0
misspecified_t,xgb_shap,top12,0.2183333333333333,0.08014086924010076,0.008014086924010077,0.20243164620784843,0.23423502045881817,100,12.0,0.0,0.0,12.0,12.0,100,0.9900290901695545,0.19624978267400517,0.019624978267400516,0.951088875618389,1.0289693047207202,100.0,0.938,0.09616904308812085,0.009616904308812086,0.9189179754494181,0.9570820245505818,100.0
misspecified_t,xgb_shap,top8,0.045,0.0914943283554348,0.00914943283554348,0.02684554027102447,0.06315445972897553,100,8.0,0.0,0.0,8.0,8.0,100,,,,,,,0.7639999999999999,0.07319546268434787,0.007319546268434787,0.7494764322168195,0.7785235677831803,100.0
misspecified_t,xgb_sko_quad,native,0.08093833943833945,0.12945193113822373,0.012945193113822372,0.05525226782133963,0.10662441105533926,100,3.07,4.008211268852675,0.40082112688526755,2.2746839255114395,3.86531607448856,100,1.133049526234932,0.25160533525708617,0.025160533525708618,1.0831255691042185,1.1829734833656456,100.0,0.23799999999999996,0.2990827729082788,0.02990827729082788,0.1786554892091171,0.2973445107908828,100.0
misspecified_t,xgb_sko_quad,native10,0.011012820512820513,0.06351742651431916,0.006351742651431916,-0.0015904149277713997,0.023616055953412426,100,0.35,2.0119591939151746,0.20119591939151746,-0.04921635383102346,0.7492163538310235,100,,,,,,,0.022000000000000002,0.12599502956365966,0.012599502956365966,-0.003000147346605111,0.04700014734660511,100.0
misspecified_t,xgb_sko_quad,top12,0.4566666666666667,0.1120415587478335,0.01120415587478335,0.434435190652576,0.4788981426807574,100,12.0,0.0,0.0,12.0,12.0,100,1.02735897475295,0.1977535873318589,0.01977535873318589,0.9881203727323972,1.0665975767735025,100.0,0.6519999999999999,0.13444987049740018,0.013444987049740018,0.6253222287830911,0.6786777712169088,100.0
misspecified_t,xgb_sko_quad,top8,0.3025,0.17150183319101517,0.017150183319101515,0.2684703155367573,0.33652968446324266,100,8.0,0.0,0.0,8.0,8.0,100,,,,,,,0.5579999999999999,0.13720146655281212,0.013720146655281212,0.5307762524294058,0.585223747570594,100.0
misspecified_t,xgb_sko_quad_scale,native,0.11428582202111613,0.16148831847658435,0.016148831847658435,0.08224303612192899,0.14632860792030328,100,4.16,4.879807911437218,0.4879807911437218,3.1917402422020094,5.128259757797991,100,1.115373144707077,0.2568686467477333,0.02568686467477333,1.0644048323882822,1.1663414570258717,100.0,0.301,0.3248915903105918,0.03248915903105918,0.23653445991031097,0.365465540089689,100.0
misspecified_t,xgb_sko_quad_scale,native10,0.025989441930618397,0.0933336642723243,0.00933336642723243,0.007470018051061782,0.04450886581017501,100,0.98,3.3992869127438348,0.33992869127438347,0.3055077284692067,1.6544922715307933,100,,,,,,,0.065,0.22400171355765938,0.022400171355765938,0.020553200279189998,0.10944679972081,100.0
misspecified_t,xgb_sko_quad_scale,top12,0.43,0.11527549590050186,0.011527549590050186,0.40712684069406546,0.4528731593059345,100,12.0,0.0,0.0,12.0,12.0,100,1.0208393007601386,0.1959002885435782,0.01959002885435782,0.9819684334267776,1.0597101680934997,100.0,0.6839999999999999,0.13833059508060225,0.013833059508060224,0.6565522088328785,0.7114477911671214,100.0
misspecified_t,xgb_sko_quad_scale,top8,0.27375,0.15860721925561902,0.015860721925561903,0.24227888669213463,0.30522111330786533,100,8.0,0.0,0.0,8.0,8.0,100,,,,,,,0.581,0.1268857754044952,0.01268857754044952,0.5558231093537077,0.6061768906462922,100.0
misspecified_t,xgb_sko_ridge,native,0.007625,0.059509118858144125,0.005950911885814413,-0.004182900240767461,0.01943290024076746,100,0.38,1.9163306688364703,0.19163306688364704,-0.00024157978012961934,0.7602415797801296,100,1.2217185007239975,0.24901063875203144,0.024901063875203144,1.1723093876722188,1.271127613775776,100.0,0.027999999999999997,0.12478668667657286,0.012478668667657285,0.0032396140973741418,0.052760385902625856,100.0
misspecified_t,xgb_sko_ridge,native10,0.0,0.0,0.0,0.0,0.0,100,0.0,0.0,0.0,0.0,0.0,100,,,,,,,0.0,0.0,0.0,0.0,0.0,100.0
misspecified_t,xgb_sko_ridge,top12,0.595,0.1117531952806868,0.01117531952806868,0.5728257415538801,0.6171742584461198,100,12.0,0.0,0.0,12.0,12.0,100,1.083102008152772,0.1998150280345142,0.01998150280345142,1.0434543715735454,1.1227496447319987,100.0,0.4859999999999999,0.13410383433682418,0.013410383433682418,0.45939088986465604,0.5126091101353437,100.0
misspecified_t,xgb_sko_ridge,top8,0.48125,0.15218837178000988,0.015218837178000988,0.4510525252891599,0.5114474747108402,100,8.0,0.0,0.0,8.0,8.0,100,,,,,,,0.415,0.12175069742400789,0.012175069742400789,0.39084202023132786,0.4391579797686721,100.0
misspecified_t,xgb_sko_scale,native,0.015166666666666667,0.060804787823182334,0.006080478782318233,0.0031016775935019548,0.027231655739831377,100,0.47,1.7891649200426187,0.17891649200426188,0.11499086366067585,0.8250091363393242,100,1.2125096888478688,0.24477547354133222,0.02447754735413322,1.1639409244564412,1.2610784532392965,100.0,0.037000000000000005,0.1418884182458992,0.014188841824589921,0.008846259529373297,0.06515374047062672,100.0
misspecified_t,xgb_sko_scale,native10,0.0,0.0,0.0,0.0,0.0,100,0.0,0.0,0.0,0.0,0.0,100,,,,,,,0.0,0.0,0.0,0.0,0.0,100.0
misspecified_t,xgb_sko_scale,top12,0.5716666666666668,0.1281286355592714,0.01281286355592714,0.5462431656016283,0.5970901677317052,100,12.0,0.0,0.0,12.0,12.0,100,1.0820431471602567,0.20383350441756015,0.020383350441756015,1.0415981576851825,1.122488136635331,100.0,0.514,0.15375436267112566,0.015375436267112566,0.48349179872195386,0.5445082012780461,100.0
misspecified_t,xgb_sko_scale,top8,0.4525,0.1720531101935467,0.017205311019354668,0.41836093021941734,0.4866390697805827,100,8.0,0.0,0.0,8.0,8.0,100,,,,,,,0.43800000000000006,0.13764248815483734,0.013764248815483734,0.4106887441755339,0.4653112558244662,100.0
mixed_copula,deep_lasso,top12,0.17166666666666663,0.01989027138132852,0.001989027138132852,0.16772000530217263,0.17561332803116064,100,12.0,0.0,0.0,12.0,12.0,100,0.8511769168291905,0.03537401189687625,0.003537401189687625,0.8441579454243253,0.8581958882340557,100.0,0.9940000000000001,0.0238683256575942,0.00238683256575942,0.9892640063626073,0.998735993637393,100.0
mixed_copula,deep_lasso,top8,0.0025,0.01758816176703621,0.001758816176703621,-0.0009898728724030154,0.0059898728724030155,100,8.0,0.0,0.0,8.0,8.0,100,,,,,,,0.7979999999999998,0.014070529413628982,0.0014070529413628982,0.7952081017020775,0.8007918982979222,100.0
mixed_copula,lasso_pair_q20,native,0.11768442668442666,0.21116135615642947,0.021116135615642947,0.0757854324455117,0.15958342092334163,100,2.78,4.617883550377649,0.46178835503776494,1.8637117179247567,3.696288282075243,100,1.164195000139675,0.09564745248592224,0.009564745248592224,1.1452164704805563,1.1831735297987938,100.0,0.16399999999999998,0.2603494155588182,0.02603494155588182,0.11234102763328144,0.21565897236671852,100.0
mixed_copula,lasso_pair_q20,native10,0.00856060606060606,0.06414389957802859,0.006414389957802859,-0.004166935227253437,0.021288147348465555,100,0.23,1.6196707484341788,0.16196707484341788,-0.0913778154905853,0.5513778154905853,100,,,,,,,0.013000000000000001,0.0939105527573548,0.00939105527573548,-0.0056338910706693855,0.031633891070669384,100.0
mixed_copula,lasso_pair_q20,top12,0.4675000000000001,0.10043047078093113,0.010043047078093113,0.447572415742848,0.48742758425715216,100,12.0,0.0,0.0,12.0,12.0,100,0.9835572118730702,0.06475667784001816,0.006475667784001817,0.9707080820837152,0.9964063416624253,100.0,0.639,0.12051656493711736,0.012051656493711736,0.6150868988914175,0.6629131011085825,100.0
mixed_copula,lasso_pair_q20,top8,0.38375,0.15816877413418587,0.015816877413418588,0.35236588371636,0.41513411628363994,100,8.0,0.0,0.0,8.0,8.0,100,,,,,,,0.493,0.12653501930734867,0.012653501930734867,0.46789270697308805,0.5181072930269119,100.0
mixed_copula,linear_orbit_student,native,0.09031955544455544,0.17154025219049565,0.017154025219049567,0.05628224781830985,0.12435686307080104,100,2.56,4.0659214419018435,0.40659214419018436,1.7532329751475737,3.366767024852426,100,1.1589852070205506,0.11386813344423727,0.011386813344423726,1.1363912989588798,1.1815791150822215,100.0,0.175,0.2675647755047534,0.02675647755047534,0.1219093436816853,0.22809065631831468,100.0
mixed_copula,linear_orbit_student,native10,0.01876923076923077,0.09015437122451454,0.009015437122451455,0.000880647605601935,0.036657813932859606,100,0.56,2.4754144638174767,0.24754144638174766,0.06882406588835865,1.0511759341116416,100,,,,,,,0.034,0.15123732103130916,0.015123732103130916,0.003991234390891576,0.06400876560910843,100.0
mixed_copula,linear_orbit_student,top12,0.42,0.08857266985429448,0.008857266985429447,0.4024252607034727,0.4375747392965273,100,12.0,0.0,0.0,12.0,12.0,100,0.9658175253451874,0.07204625138281119,0.007204625138281119,0.9515219860165444,0.9801130646738304,100.0,0.696,0.10628720382515339,0.010628720382515338,0.6749103128441671,0.7170896871558328,100.0
mixed_copula,linear_orbit_student,top8,0.30125,0.14552998753771426,0.014552998753771427,0.272373693177482,0.33012630682251803,100,8.0,0.0,0.0,8.0,8.0,100,,,,,,,0.5589999999999999,0.11642399003017141,0.011642399003017142,0.5358989545419856,0.5821010454580143,100.0
mixed_copula,tabm_midpoint,native,0.16115760840180343,0.1632455470643082,0.016324554706430818,0.12876615022747256,0.1935490665761343,100,12.1,3.3619979629723606,0.33619979629723606,11.432906665093258,12.767093334906741,100,0.8571592750093009,0.03594839797494779,0.003594839797494779,0.8500263329451537,0.864292217073448,100.0,0.9640000000000001,0.06279677016721753,0.006279677016721753,0.9515397584134213,0.9764602415865788,100.0
mixed_copula,tabm_midpoint,native10,0.060290293040293035,0.09342770029135083,0.009342770029135083,0.04175221037443593,0.07882837570615014,100,7.92,4.965903947943619,0.49659039479436184,6.934656920692638,8.905343079307361,100,,,,,,,0.718,0.44024327526282714,0.044024327526282714,0.6306461830435794,0.8053538169564205,100.0
mixed_copula,tabm_midpoint,top12,0.1941666666666666,0.048914995325327074,0.004891499532532708,0.1844608703759184,0.2038724629574148,100,12.0,0.0,0.0,12.0,12.0,100,0.8574222770587246,0.03533500351852096,0.003533500351852096,0.8504110457624178,0.8644335083550315,100.0,0.9670000000000002,0.05869799439039246,0.005869799439039246,0.9553530444511024,0.978646955548898,100.0
mixed_copula,tabm_midpoint,top8,0.0025,0.01758816176703621,0.001758816176703621,-0.0009898728724030154,0.0059898728724030155,100,8.0,0.0,0.0,8.0,8.0,100,,,,,,,0.7979999999999998,0.014070529413628982,0.0014070529413628982,0.7952081017020775,0.8007918982979222,100.0
mixed_copula,tabm_naive,native,0.18883009557858124,0.1620056089191138,0.01620056089191138,0.15668466803290204,0.22097552312426044,100,12.69,3.1452866773679444,0.31452866773679444,12.06590688574121,13.314093114258789,100,0.8546404818870702,0.03613644469192131,0.003613644469192131,0.8474702272745736,0.8618107364995669,100.0,0.9810000000000001,0.04425591326123389,0.004425591326123389,0.9722186666702562,0.9897813333297439,100.0
mixed_copula,tabm_naive,native10,0.08021521615639263,0.12041057082711784,0.012041057082711784,0.05632314657879221,0.10410728573399304,100,9.12,4.660775502298764,0.46607755022987635,8.195201024116239,10.04479897588376,100,,,,,,,0.8040000000000002,0.38109888957639804,0.0381098889576398,0.7283817123101377,0.8796182876898626,100.0
mixed_copula,tabm_naive,top12,0.18166666666666662,0.0362758480158698,0.0036275848015869796,0.17446875141032248,0.18886458192301075,100,12.0,0.0,0.0,12.0,12.0,100,0.8540900103766265,0.03570506481991485,0.003570506481991485,0.8470053508895873,0.8611746698636656,100.0,0.9820000000000002,0.04353101761904371,0.004353101761904371,0.9733625016923872,0.9906374983076132,100.0
mixed_copula,tabm_naive,top8,0.0,0.0,0.0,0.0,0.0,100,8.0,0.0,0.0,8.0,8.0,100,,,,,,,0.7999999999999998,2.2316322462394835e-16,2.2316322462394835e-17,0.7999999999999998,0.7999999999999998,100.0
mixed_copula,tabm_orbit,native,0.15183468655527474,0.14418555254253604,0.014418555254253604,0.12322514480352015,0.18044422830702933,100,11.78,2.713899873844377,0.2713899873844377,11.241503386562071,12.318496613437928,100,0.8572788555199125,0.035657816387348724,0.0035657816387348724,0.8502035711469563,0.8643541398928686,100.0,0.963,0.0645966506308746,0.00645966506308746,0.9501826230807534,0.9758173769192465,100.0
mixed_copula,tabm_orbit,native10,0.06415810659928307,0.09182592123641921,0.009182592123641921,0.045937851648762656,0.08237836154980349,100,8.08,4.81093031596286,0.481093031596286,7.125407051453947,9.034592948546052,100,,,,,,,0.7310000000000002,0.4260921795275589,0.04260921795275589,0.6464540674476139,0.8155459325523865,100.0
mixed_copula,tabm_orbit,top12,0.19249999999999992,0.045404714548764345,0.004540471454876434,0.18349071957139282,0.20150928042860702,100,12.0,0.0,0.0,12.0,12.0,100,0.8573361633383141,0.03542620056419311,0.003542620056419311,0.8503068365696123,0.8643654901070159,100.0,0.9690000000000001,0.054485657458517175,0.005448565745851718,0.9581888634856716,0.9798111365143286,100.0
mixed_copula,tabm_orbit,top8,0.00125,0.012499999999999999,0.0012499999999999998,-0.001230271189385853,0.0037302711893858528,100,8.0,0.0,0.0,8.0,8.0,100,,,,,,,0.7989999999999998,0.010000000000000009,0.0010000000000000009,0.7970157830484912,0.8009842169515085,100.0
mixed_copula,tabm_orbit_student,native,0.15055314190453506,0.1457336165757151,0.01457336165757151,0.121636430663115,0.17946985314595512,100,10.0,3.752440283443306,0.3752440283443306,9.255434438006775,10.744565561993225,100,0.8999457475086909,0.07034403148824679,0.007034403148824679,0.885987965537047,0.9139035294803349,100.0,0.8029999999999999,0.20570401409340902,0.020570401409340903,0.7621838608242476,0.8438161391757523,100.0
mixed_copula,tabm_orbit_student,native10,0.06018040293040292,0.09801594923237368,0.009801594923237369,0.040731912131893894,0.07962889372891195,100,3.96,5.367165420076471,0.5367165420076472,2.8950379391933043,5.024962060806695,100,,,,,,,0.327,0.4410398639762189,0.04410398639762189,0.2394881225607303,0.41451187743926976,100.0
mixed_copula,tabm_orbit_student,top12,0.2341666666666666,0.06344819462107179,0.006344819462107179,0.22157716833569135,0.24675616499764186,100,12.0,0.0,0.0,12.0,12.0,100,0.8663357615332633,0.039025545935320795,0.0039025545935320793,0.8585922465545889,0.8740792765119377,100.0,0.9189999999999999,0.07613783354528611,0.007613783354528611,0.9038926020028296,0.9341073979971702,100.0
mixed_copula,tabm_orbit_student,top8,0.05875,0.07632458266634623,0.007632458266634623,0.043605546925661,0.07389445307433899,100,8.0,0.0,0.0,8.0,8.0,100,,,,,,,0.753,0.06105966613307702,0.006105966613307702,0.7408844375405288,0.7651155624594712,100.0
mixed_copula,tabm_pfi,top12,0.17249999999999996,0.024432389130175255,0.0024432389130175257,0.16765208393220493,0.177347916067795,100,12.0,0.0,0.0,12.0,12.0,100,0.8517663640147908,0.03613072603981957,0.0036130726039819575,0.8445972441069381,0.8589354839226434,100.0,0.993,0.02931886695621028,0.002931886695621028,0.987182500718646,0.998817499281354,100.0
mixed_copula,tabm_pfi,top8,0.0,0.0,0.0,0.0,0.0,100,8.0,0.0,0.0,8.0,8.0,100,,,,,,,0.7999999999999998,2.2316322462394835e-16,2.2316322462394835e-17,0.7999999999999998,0.7999999999999998,100.0
mixed_copula,tabm_sko_quad,native,0.12970104895104895,0.13709161277631138,0.013709161277631138,0.1024990987530068,0.1569029991490911,100,10.21,3.4002228090987145,0.34002228090987147,9.535322026327986,10.884677973672016,100,0.8905732018038307,0.07186128157669674,0.007186128157669674,0.8763143644976686,0.9048320391099928,100.0,0.8500000000000001,0.18062741382819672,0.018062741382819672,0.814159602357492,0.8858403976425082,100.0
mixed_copula,tabm_sko_quad,native10,0.05443356643356643,0.09862469490700417,0.009862469490700417,0.034864287286381454,0.0740028455807514,100,4.5,5.48367641921978,0.548367641921978,3.411919629239568,5.588080370760432,100,,,,,,,0.38599999999999995,0.4681836814712358,0.046818368147123576,0.2931022002805032,0.4788977997194967,100.0
mixed_copula,tabm_sko_quad,top12,0.24916666666666668,0.0798910242616513,0.00798910242616513,0.23331455420533068,0.26501877912800265,100,12.0,0.0,0.0,12.0,12.0,100,0.8760827173958776,0.04890617446943127,0.0048906174469431265,0.8663786713543089,0.8857867634374463,100.0,0.9010000000000001,0.09586922911398156,0.009586922911398156,0.881977465046397,0.9200225349536033,100.0
mixed_copula,tabm_sko_quad,top8,0.03125,0.07189489733372086,0.007189489733372086,0.016984492598345467,0.04551550740165453,100,8.0,0.0,0.0,8.0,8.0,100,,,,,,,0.775,0.057515917866976705,0.005751591786697671,0.7635875940786764,0.7864124059213237,100.0
mixed_copula,tabm_sko_quad_scale,native,0.1643140633875928,0.13764538678713306,0.013764538678713306,0.13700223241159293,0.19162589436359267,100,11.06,3.3267207137165427,0.3326720713716543,10.399906436690857,11.720093563309144,100,0.881029994797222,0.07453363363853242,0.007453363363853242,0.8662409048649106,0.8958190847295334,100.0,0.8860000000000001,0.17923518774295552,0.01792351877429555,0.8504358502173588,0.9215641497826415,100.0
mixed_copula,tabm_sko_quad_scale,native10,0.06671794871794873,0.09444641419540341,0.00944464141954034,0.04797773111237576,0.0854581663235217,100,5.55,5.652165045092871,0.5652165045092871,4.428487830480188,6.671512169519811,100,,,,,,,0.47600000000000003,0.4801346612454604,0.04801346612454604,0.3807308666149879,0.5712691333850122,100.0
mixed_copula,tabm_sko_quad_scale,top12,0.2316666666666667,0.0676070045979488,0.00676070045979488,0.21825197021026915,0.24508136312306422,100,12.0,0.0,0.0,12.0,12.0,100,0.8689199757799402,0.045985866369528935,0.004598586636952893,0.859795382221917,0.8780445693379634,100.0,0.9220000000000002,0.08112840551753857,0.008112840551753858,0.9059023642523231,0.9380976357476772,100.0
mixed_copula,tabm_sko_quad_scale,top8,0.01875,0.054399267486155575,0.005439926748615558,0.007956005130431498,0.0295439948695685,100,8.0,0.0,0.0,8.0,8.0,100,,,,,,,0.785,0.04351941398892449,0.004351941398892449,0.7763648041043453,0.7936351958956548,100.0
mixed_copula,tabm_sko_ridge,native,0.01253968253968254,0.060052963026507956,0.006005296302650795,0.0006238718171304152,0.024455493262234666,100,0.89,2.6319520734944466,0.2631952073494447,0.3677636080213892,1.412236391978611,100,1.19484087559937,0.09777539236814546,0.009777539236814545,1.1754401165016413,1.2142416346970988,100.0,0.075,0.20907443940405823,0.020907443940405824,0.03351509532072927,0.11648490467927072,100.0
mixed_copula,tabm_sko_ridge,native10,0.0,0.0,0.0,0.0,0.0,100,0.0,0.0,0.0,0.0,0.0,100,,,,,,,0.0,0.0,0.0,0.0,0.0,100.0
mixed_copula,tabm_sko_ridge,top12,0.4775,0.11101953296756702,0.011101953296756702,0.4554713160737176,0.49952868392628236,100,12.0,0.0,0.0,12.0,12.0,100,0.9946833363358348,0.06784684520813386,0.006784684520813386,0.9812210502989983,1.0081456223726712,100.0,0.627,0.13322343956108043,0.013322343956108044,0.6005655792884612,0.6534344207115388,100.0
mixed_copula,tabm_sko_ridge,top8,0.27125,0.1410805611963418,0.01410805611963418,0.24325655589458606,0.2992434441054139,100,8.0,0.0,0.0,8.0,8.0,100,,,,,,,0.5830000000000001,0.11286444895707344,0.011286444895707345,0.5606052447156689,0.6053947552843313,100.0
mixed_copula,tabm_sko_scale,native,0.042393939393939394,0.10604764667863129,0.010604764667863129,0.02135178557320503,0.06343609321467375,100,3.89,4.301503143428969,0.43015031434289686,3.0364884545840356,4.743511545415965,100,1.0919436479610447,0.15024862616641996,0.015024862616641996,1.0621310608630146,1.1217562350590748,100.0,0.34299999999999997,0.3643882378436327,0.03643882378436327,0.2706974681540286,0.4153025318459713,100.0
mixed_copula,tabm_sko_scale,native10,0.005454545454545454,0.03374402644139407,0.003374402644139407,-0.0012410014731716783,0.012150092382262587,100,0.33,1.8859126879754184,0.18859126879754184,-0.04420599245461304,0.7042059924546131,100,,,,,,,0.027000000000000003,0.1549551906555928,0.01549551906555928,-0.0037464716023087007,0.05774647160230871,100.0
mixed_copula,tabm_sko_scale,top12,0.395,0.10023821234621995,0.010023821234621994,0.37511056398737036,0.4148894360126297,100,12.0,0.0,0.0,12.0,12.0,100,0.9510076438067254,0.07230958727837677,0.007230958727837677,0.9366598529232902,0.9653554346901606,100.0,0.7260000000000001,0.12028585481546394,0.012028585481546394,0.7021326767848445,0.7498673232151557,100.0
mixed_copula,tabm_sko_scale,top8,0.17,0.13238297672001684,0.013238297672001683,0.14373234535009635,0.19626765464990367,100,8.0,0.0,0.0,8.0,8.0,100,,,,,,,0.664,0.10590638137601349,0.01059063813760135,0.6429858762800771,0.685014123719923,100.0
mixed_copula,xgb_midpoint,native,0.1750148495295554,0.15380582079555247,0.015380582079555246,0.1444964378432312,0.2055332612158796,100,12.56,2.8402589154988505,0.28402589154988506,11.996431011319352,13.123568988680649,100,0.8523085517559627,0.0364420031305298,0.0036442003130529805,0.8450776677201097,0.8595394357918156,100.0,0.9940000000000001,0.023868325657594208,0.002386832565759421,0.9892640063626073,0.998735993637393,100.0
mixed_copula,xgb_midpoint,native10,0.08418496862614507,0.10874877091024218,0.010874877091024217,0.06260685315656138,0.10576308409572875,100,10.4,3.299831645537221,0.3299831645537221,9.745241811180026,11.054758188819974,100,,,,,,,0.929,0.25635163665590593,0.025635163665590592,0.8781342737000357,0.9798657262999644,100.0
mixed_copula,xgb_midpoint,top12,0.16999999999999996,0.016412198797244378,0.0016412198797244378,0.16674346369349768,0.17325653630650223,100,12.0,0.0,0.0,12.0,12.0,100,0.8521699363111247,0.03527926339624326,0.003527926339624326,0.8451697650643681,0.8591701075578813,100.0,0.996,0.019694638556693237,0.001969463855669324,0.9920921564321973,0.9999078435678027,100.0
mixed_copula,xgb_midpoint,top8,0.0,0.0,0.0,0.0,0.0,100,8.0,0.0,0.0,8.0,8.0,100,,,,,,,0.7999999999999998,2.2316322462394835e-16,2.2316322462394835e-17,0.7999999999999998,0.7999999999999998,100.0
mixed_copula,xgb_naive,native,0.1679522936419557,0.1465934045577935,0.014659340455779348,0.13886498181166132,0.1970396054722501,100,12.48,2.893671255228094,0.2893671255228094,11.905832844328302,13.0541671556717,100,0.8516595289404494,0.036900238886723065,0.0036900238886723065,0.8443377209890738,0.858981336891825,100.0,0.998,0.01407052941362897,0.001407052941362897,0.9952081017020776,1.0007918982979225,100.0
mixed_copula,xgb_naive,native10,0.08425241425241423,0.0983978461927895,0.00983978461927895,0.06472814681164653,0.10377668169318192,100,10.66,2.547409062026146,0.2547409062026146,10.154538775670089,11.165461224329912,100,,,,,,,0.96,0.19694638556693236,0.019694638556693237,0.9209215643219727,0.9990784356780272,100.0
mixed_copula,xgb_naive,top12,0.16833333333333328,0.01172544117802415,0.0011725441178024151,0.16600675141839794,0.17065991524826862,100,12.0,0.0,0.0,12.0,12.0,100,0.8515328753729366,0.03691142295094344,0.003691142295094344,0.8442088482605797,0.8588569024852936,100.0,0.998,0.01407052941362897,0.001407052941362897,0.9952081017020776,1.0007918982979225,100.0
mixed_copula,xgb_naive,top8,0.0,0.0,0.0,0.0,0.0,100,8.0,0.0,0.0,8.0,8.0,100,,,,,,,0.7999999999999998,2.2316322462394835e-16,2.2316322462394835e-17,0.7999999999999998,0.7999999999999998,100.0
mixed_copula,xgb_orbit,native,0.18485291342644283,0.16051744225088477,0.016051744225088475,0.15300277043374066,0.216703056419145,100,12.8,3.2442645584558187,0.3244264558455819,12.156267526793314,13.443732473206687,100,0.8526498133028688,0.037104857927736455,0.0037104857927736457,0.8452874044945152,0.8600122221112224,100.0,0.9940000000000001,0.023868325657594197,0.0023868325657594195,0.9892640063626073,0.998735993637393,100.0
mixed_copula,xgb_orbit,native10,0.08021230240347886,0.1154142604140209,0.01154142604140209,0.05731160920754508,0.10311299559941264,100,10.4,3.498917581542075,0.3498917581542075,9.705738842277245,11.094261157722755,100,,,,,,,0.929,0.256351636655906,0.0256351636655906,0.8781342737000357,0.9798657262999644,100.0
mixed_copula,xgb_orbit,top12,0.17083333333333328,0.018253576129799207,0.0018253576129799206,0.1672114278150931,0.17445523885157346,100,12.0,0.0,0.0,12.0,12.0,100,0.852538445073674,0.03569483531306362,0.003569483531306362,0.8454558153427248,0.8596210748046232,100.0,0.995,0.02190429135575903,0.0021904291355759027,0.9906537133781118,0.9993462866218882,100.0
mixed_copula,xgb_orbit,top8,0.0,0.0,0.0,0.0,0.0,100,8.0,0.0,0.0,8.0,8.0,100,,,,,,,0.7999999999999998,2.2316322462394835e-16,2.2316322462394835e-17,0.7999999999999998,0.7999999999999998,100.0
mixed_copula,xgb_orbit_student,native,0.1684104201611941,0.1692430163977321,0.01692430163977321,0.1348289339551099,0.2019919063672783,100,11.55,4.4001262608146945,0.44001262608146946,10.676919488451297,12.423080511548704,100,0.8799393295370066,0.08029820528621724,0.008029820528621725,0.864006423526543,0.8958722355474702,100.0,0.894,0.18900056116639474,0.018900056116639474,0.8564981882688986,0.9315018117311015,100.0
mixed_copula,xgb_orbit_student,native10,0.062390942390942394,0.11066451349010596,0.011066451349010596,0.04043270203118944,0.08434918275069535,100,5.11,6.031725886652771,0.6031725886652771,3.9131747248849837,6.306825275115017,100,,,,,,,0.426,0.48401101915831074,0.04840110191583107,0.3299617131069086,0.5220382868930914,100.0
mixed_copula,xgb_orbit_student,top12,0.18999999999999997,0.042837096482101086,0.004283709648210109,0.1815001907006802,0.19849980929931976,100,12.0,0.0,0.0,12.0,12.0,100,0.857107429166113,0.038571227933616226,0.0038571227933616226,0.8494540607354744,0.8647607975967517,100.0,0.972,0.05140451577852126,0.005140451577852126,0.9618002288408163,0.9821997711591837,100.0
mixed_copula,xgb_orbit_student,top8,0.02,0.04936465017468154,0.004936465017468155,0.010204982431810082,0.02979501756818992,100,8.0,0.0,0.0,8.0,8.0,100,,,,,,,0.7839999999999999,0.039491720139745265,0.003949172013974526,0.776163985945448,0.7918360140545518,100.0
mixed_copula,xgb_pfi,top12,0.1666666666666666,0.0,0.0,0.1666666666666666,0.1666666666666666,100,12.0,0.0,0.0,12.0,12.0,100,0.8508459785550458,0.03679702217210395,0.0036797022172103946,0.8435446510391529,0.8581473060709388,100.0,1.0,0.0,0.0,1.0,1.0,100.0
mixed_copula,xgb_pfi,top8,0.0,0.0,0.0,0.0,0.0,100,8.0,0.0,0.0,8.0,8.0,100,,,,,,,0.7999999999999998,2.2316322462394835e-16,2.2316322462394835e-17,0.7999999999999998,0.7999999999999998,100.0
mixed_copula,xgb_shap,top12,0.1666666666666666,0.0,0.0,0.1666666666666666,0.1666666666666666,100,12.0,0.0,0.0,12.0,12.0,100,0.8517822485720455,0.03658340625665932,0.0036583406256659318,0.8445233070882063,0.8590411900558848,100.0,1.0,0.0,0.0,1.0,1.0,100.0
mixed_copula,xgb_shap,top8,0.0,0.0,0.0,0.0,0.0,100,8.0,0.0,0.0,8.0,8.0,100,,,,,,,0.7999999999999998,2.2316322462394835e-16,2.2316322462394835e-17,0.7999999999999998,0.7999999999999998,100.0
mixed_copula,xgb_sko_quad,native,0.08826398683016329,0.12780727746181955,0.012780727746181955,0.0629042501835717,0.11362372347675488,100,8.26,4.006610698948588,0.40066106989485883,7.465001513305015,9.054998486694984,100,0.9382607681623594,0.11971935395376072,0.011971935395376072,0.9145058510084874,0.9620156853162314,100.0,0.7159999999999997,0.2936086861897321,0.02936086861897321,0.6577416667752137,0.7742583332247858,100.0
mixed_copula,xgb_sko_quad,native10,0.031271228771228766,0.07306633875768777,0.007306633875768777,0.016773281976460774,0.04576917556599676,100,2.85,4.8790937227681495,0.48790937227681497,1.8818819527283832,3.818118047271617,100,,,,,,,0.248,0.42175199759425847,0.042175199759425845,0.16431525370408231,0.3316847462959177,100.0
mixed_copula,xgb_sko_quad,top12,0.2875,0.08893228107545624,0.008893228107545625,0.26985390603537446,0.3051460939646255,100,12.0,0.0,0.0,12.0,12.0,100,0.8930690569957224,0.05676881591575124,0.005676881591575124,0.8818048923100115,0.9043332216814333,100.0,0.8550000000000003,0.10671873729054748,0.010671873729054749,0.8338246872424497,0.8761753127575509,100.0
mixed_copula,xgb_sko_quad,top8,0.03875,0.08275366573100669,0.008275366573100669,0.022329877365705336,0.05517012263429466,100,8.0,0.0,0.0,8.0,8.0,100,,,,,,,0.7689999999999999,0.06620293258480538,0.0066202932584805375,0.7558639018925641,0.7821360981074357,100.0
mixed_copula,xgb_sko_quad_scale,native,0.12484282465900114,0.13964536840673555,0.013964536840673555,0.09713415393976917,0.1525514953782331,100,10.35,3.2485427968598937,0.32485427968598934,9.705418631476917,10.994581368523082,100,0.8861695139392747,0.07892514874235768,0.007892514874235767,0.8705090521357817,0.9018299757427677,100.0,0.867,0.16820802416632624,0.016820802416632624,0.8336238787069393,0.9003761212930607,100.0
mixed_copula,xgb_sko_quad_scale,native10,0.05250499500499501,0.08376095774269918,0.008376095774269917,0.03588500378222839,0.06912498622776163,100,4.92,5.511567266882781,0.5511567266882781,3.8263854799670804,6.013614520032919,100,,,,,,,0.431,0.48004524197562287,0.048004524197562286,0.33574860933808814,0.5262513906619118,100.0
mixed_copula,xgb_sko_quad_scale,top12,0.24666666666666667,0.07293740686277049,0.007293740686277049,0.23219430275704717,0.2611390305762862,100,12.0,0.0,0.0,12.0,12.0,100,0.8747885347643094,0.048287079748922934,0.004828707974892293,0.8652073305466429,0.8843697389819759,100.0,0.9040000000000004,0.08752488823532459,0.008752488823532458,0.886633163308457,0.9213668366915437,100.0
mixed_copula,xgb_sko_quad_scale,top8,0.01125,0.04386258961434868,0.004386258961434868,0.0025467106150140646,0.019953289384985935,100,8.0,0.0,0.0,8.0,8.0,100,,,,,,,0.7909999999999999,0.03509007169147895,0.003509007169147895,0.7840373684920112,0.7979626315079886,100.0
mixed_copula,xgb_sko_ridge,native,0.005,0.035887028128263665,0.0035887028128263666,-0.0021207649551369676,0.012120764955136969,100,0.47,1.8116067983751858,0.18116067983751857,0.11053790811955838,0.8294620918804416,100,1.2078285764099153,0.07874709804648551,0.007874709804648551,1.19220344372732,1.2234537090925106,100.0,0.041999999999999996,0.1564634400772528,0.01564634400772528,0.0109542589907352,0.0730457410092648,100.0
mixed_copula,xgb_sko_ridge,native10,0.0,0.0,0.0,0.0,0.0,100,0.0,0.0,0.0,0.0,0.0,100,,,,,,,0.0,0.0,0.0,0.0,0.0,100.0
mixed_copula,xgb_sko_ridge,top12,0.5233333333333333,0.1237054174360618,0.012370541743606179,0.49878749470632416,0.5478791719603425,100,12.0,0.0,0.0,12.0,12.0,100,1.0110683575235937,0.07634623347187684,0.007634623347187684,0.9959196084597199,1.0262171065874675,100.0,0.5720000000000001,0.14844650092327413,0.014844650092327414,0.5425449936475891,0.601455006352411,100.0
mixed_copula,xgb_sko_ridge,top8,0.3025,0.17782709227638727,0.017782709227638728,0.26721524690676934,0.33778475309323064,100,8.0,0.0,0.0,8.0,8.0,100,,,,,,,0.558,0.1422616738211098,0.01422616738211098,0.5297721975254155,0.5862278024745846,100.0
mixed_copula,xgb_sko_scale,native,0.031174783549783553,0.0904058456738811,0.00904058456738811,0.013236302399624277,0.04911326469994283,100,2.83,4.308917227885409,0.43089172278854093,1.975017339378197,3.6849826606218032,100,1.129546053521654,0.1430942484394023,0.01430942484394023,1.1011530501799682,1.1579390568633396,100.0,0.244,0.346503458084687,0.0346503458084687,0.17524619647119857,0.31275380352880144,100.0
mixed_copula,xgb_sko_scale,native10,0.00806060606060606,0.04333753920781135,0.0043337539207811355,-0.0005385019326750867,0.016659714053887206,100,0.47,2.3460906662235828,0.23460906662235828,0.004484713030286802,0.9355152869697132,100,,,,,,,0.037000000000000005,0.18293620900646362,0.018293620900646363,0.0007014873044639547,0.07329851269553606,100.0
mixed_copula,xgb_sko_scale,top12,0.4016666666666666,0.11384268587319869,0.01138426858731987,0.3790778079551787,0.42425552537815453,100,12.0,0.0,0.0,12.0,12.0,100,0.953800106701407,0.07205972778656909,0.0072059727786569095,0.9395018933618858,0.9680983200409282,100.0,0.718,0.13661122304783843,0.013661122304783843,0.6908933695462145,0.7451066304537854,100.0
mixed_copula,xgb_sko_scale,top8,0.15,0.14864709750264077,0.014864709750264077,0.12050519093426962,0.17949480906573037,100,8.0,0.0,0.0,8.0,8.0,100,,,,,,,0.68,0.11891767800211264,0.011891767800211265,0.6564041527474157,0.7035958472525844,100.0
nonlinear_strong,deep_lasso,top12,0.17499999999999996,0.032437456006730134,0.003243745600673013,0.16856370499276285,0.18143629500723707,100,12.0,0.0,0.0,12.0,12.0,100,0.8540720525503237,0.03856780568763265,0.003856780568763265,0.8464193631675343,0.8617247419331131,100.0,0.99,0.03892494720807614,0.003892494720807614,0.9822764459913155,0.9977235540086845,100.0
nonlinear_strong,deep_lasso,top8,0.00125,0.012499999999999999,0.0012499999999999998,-0.001230271189385853,0.0037302711893858528,100,8.0,0.0,0.0,8.0,8.0,100,,,,,,,0.7989999999999998,0.01000000000000001,0.001000000000000001,0.7970157830484912,0.8009842169515085,100.0
nonlinear_strong,lasso_pair_q20,native,0.09814858670741022,0.1815745822411309,0.01815745822411309,0.06212025030281429,0.13417692311200616,100,2.03,3.838810316551815,0.3838810316551815,1.2682967496271473,2.7917032503728523,100,1.1743278819983025,0.08492624611372807,0.008492624611372807,1.1574766722816168,1.1911790917149883,100.0,0.11800000000000001,0.20955942239649242,0.020955942239649243,0.07641886417325115,0.15958113582674888,100.0
nonlinear_strong,lasso_pair_q20,native10,0.0143006993006993,0.08257220012965714,0.008257220012965714,-0.002083416621364015,0.030684815222762618,100,0.34,1.9551537695604053,0.19551537695604054,-0.047944925236785674,0.7279449252367858,100,,,,,,,0.018000000000000002,0.10577276959538683,0.010577276959538683,-0.002987612243918872,0.038987612243918876,100.0
nonlinear_strong,lasso_pair_q20,top12,0.5474999999999999,0.10068159966838287,0.010068159966838287,0.5275225863232983,0.5674774136767015,100,12.0,0.0,0.0,12.0,12.0,100,1.0271630160550154,0.0648216848848857,0.00648216848848857,1.014300987457621,1.0400250446524097,100.0,0.5429999999999999,0.12081791960205941,0.01208179196020594,0.519027103587958,0.5669728964120418,100.0
nonlinear_strong,lasso_pair_q20,top8,0.46625,0.14526947269460883,0.014526947269460883,0.4374253849742629,0.4950746150257371,100,8.0,0.0,0.0,8.0,8.0,100,,,,,,,0.42700000000000005,0.11621557815568705,0.011621557815568704,0.4039403079794104,0.4500596920205897,100.0
nonlinear_strong,linear_orbit_student,native,0.07596170496170497,0.16931458826268428,0.01693145882626843,0.04236601734485185,0.1095573925785581,100,1.44,3.1279773695221045,0.31279773695221047,0.8193414279458701,2.06065857205413,100,1.1842162770501383,0.08214703288921417,0.008214703288921417,1.1679165235326463,1.2005160305676303,100.0,0.08700000000000001,0.18997873352541123,0.018997873352541123,0.049304097651272825,0.12469590234872718,100.0
nonlinear_strong,linear_orbit_student,native10,0.007166666666666667,0.05109656138977049,0.005109656138977049,-0.0029719996606719992,0.017305332994005333,100,0.22,1.5542707536840468,0.15542707536840467,-0.08840103766940619,0.5284010376694062,100,,,,,,,0.013999999999999999,0.09849370589540275,0.009849370589540276,-0.005543288085456885,0.03354328808545688,100.0
nonlinear_strong,linear_orbit_student,top12,0.5041666666666668,0.09936315169469304,0.009936315169469304,0.4844508616718729,0.5238824716614606,100,12.0,0.0,0.0,12.0,12.0,100,1.0182500261958227,0.06457290626599035,0.006457290626599036,1.0054373606737068,1.0310626917179386,100.0,0.5950000000000001,0.11923578203363165,0.011923578203363165,0.5713410340062475,0.6186589659937527,100.0
nonlinear_strong,linear_orbit_student,top8,0.39625,0.12187378593023891,0.01218737859302389,0.37206759680126794,0.42043240319873204,100,8.0,0.0,0.0,8.0,8.0,100,,,,,,,0.48300000000000004,0.09749902874419111,0.009749902874419111,0.4636540774410144,0.5023459225589857,100.0
nonlinear_strong,tabm_midpoint,native,0.18076159553717097,0.15075153043256698,0.015075153043256698,0.15084922132215334,0.2106739697521886,100,12.2,3.0351476425573125,0.30351476425573126,11.597760859730617,12.802239140269382,100,0.8599236302396934,0.04051245038725117,0.004051245038725117,0.8518850811591396,0.8679621793202472,100.0,0.9570000000000002,0.06854181058288288,0.006854181058288287,0.9433998177554348,0.9706001822445656,100.0
nonlinear_strong,tabm_midpoint,native10,0.08333526277643925,0.11309484118177927,0.011309484118177927,0.06089479267633238,0.10577573287654612,100,7.73,5.5429543958383265,0.5542954395838326,6.630157592633803,8.829842407366199,100,,,,,,,0.665,0.4602096579744164,0.04602096579744164,0.573684419539915,0.7563155804600851,100.0
nonlinear_strong,tabm_midpoint,top12,0.19749999999999995,0.04833797725281211,0.004833797725281211,0.18790869661333287,0.20709130338666704,100,12.0,0.0,0.0,12.0,12.0,100,0.8582829297762516,0.04058592452137726,0.004058592452137726,0.8502298018334548,0.8663360577190485,100.0,0.9630000000000001,0.05800557270337449,0.005800557270337449,0.9514904359359996,0.9745095640640006,100.0
nonlinear_strong,tabm_midpoint,top8,0.0025,0.024999999999999998,0.0024999999999999996,-0.002460542378771706,0.0074605423787717055,100,8.0,0.0,0.0,8.0,8.0,100,,,,,,,0.7979999999999998,0.020000000000000018,0.0020000000000000018,0.7940315660969824,0.8019684339030172,100.0
nonlinear_strong,tabm_naive,native,0.17652733540968832,0.15938890157852825,0.015938890157852825,0.14490111937024183,0.2081535514491348,100,12.33,3.2005523513192773,0.32005523513192774,11.694940977032132,12.965059022967868,100,0.8585275908361548,0.03993599375416072,0.003993599375416072,0.8506034232579197,0.8664517584143899,100.0,0.9670000000000002,0.05869799439039246,0.005869799439039246,0.9553530444511024,0.978646955548898,100.0
nonlinear_strong,tabm_naive,native10,0.08277314352314351,0.11104085778782166,0.011104085778782167,0.060740228289877435,0.10480605875640958,100,8.73,4.949961738450229,0.4949961738450229,7.747820200924767,9.712179799075233,100,,,,,,,0.7650000000000001,0.410068976705829,0.041006897670582895,0.6836334185132477,0.8463665814867526,100.0
nonlinear_strong,tabm_naive,top12,0.1908333333333333,0.044782489663610515,0.004478248966361052,0.18194751582120347,0.19971915084546313,100,12.0,0.0,0.0,12.0,12.0,100,0.8580562445768548,0.042076585524680146,0.0042076585524680144,0.8497073371508873,0.8664051520028223,100.0,0.9710000000000002,0.053738987596332576,0.0053738987596332576,0.9603370189854444,0.981662981014556,100.0
nonlinear_strong,tabm_naive,top8,0.00375,0.027837687919201708,0.0027837687919201708,-0.0017736012260088502,0.00927360122600885,100,8.0,0.0,0.0,8.0,8.0,100,,,,,,,0.7969999999999999,0.022270150335361377,0.0022270150335361376,0.7925811190191928,0.801418880980807,100.0
nonlinear_strong,tabm_orbit,native,0.1731825467274384,0.15475963019380112,0.015475963019380113,0.1424748785634629,0.20389021489141393,100,12.19,2.9565711781239314,0.2956571178123931,11.60335213500245,12.77664786499755,100,0.8589137833374739,0.04151409476266323,0.004151409476266323,0.8506764862820125,0.8671510803929353,100.0,0.9650000000000003,0.05751591786697667,0.005751591786697667,0.9535875940786767,0.976412405921324,100.0
nonlinear_strong,tabm_orbit,native10,0.08241050616050614,0.10371665273522589,0.010371665273522589,0.061830872109408685,0.1029901402116036,100,8.03,5.1726846672367985,0.5172684667236799,7.003627139845969,9.05637286015403,100,,,,,,,0.7020000000000002,0.44266867469424076,0.04426686746942408,0.6141649311769807,0.7898350688230197,100.0
nonlinear_strong,tabm_orbit,top12,0.19333333333333327,0.04866339179978145,0.004866339179978145,0.18367746064062979,0.20298920602603676,100,12.0,0.0,0.0,12.0,12.0,100,0.8587362202998123,0.0422250687079106,0.00422250687079106,0.8503578505889269,0.8671145900106978,100.0,0.9680000000000001,0.05839607015973771,0.005839607015973771,0.9564129527687559,0.9795870472312442,100.0
nonlinear_strong,tabm_orbit,top8,0.0025,0.024999999999999998,0.0024999999999999996,-0.002460542378771706,0.0074605423787717055,100,8.0,0.0,0.0,8.0,8.0,100,,,,,,,0.7979999999999998,0.020000000000000018,0.0020000000000000018,0.7940315660969824,0.8019684339030172,100.0
nonlinear_strong,tabm_orbit_student,native,0.16682748950396012,0.16578690528128198,0.016578690528128198,0.1339317707242317,0.19972320828368853,100,10.26,4.267850214633295,0.42678502146332953,9.413165925762465,11.106834074237534,100,0.9020951719313953,0.09045416507739847,0.009045416507739847,0.8841471031632815,0.9200432406995092,100.0,0.7940000000000002,0.22688937365770986,0.022688937365770986,0.7489802258671187,0.8390197741328816,100.0
nonlinear_strong,tabm_orbit_student,native10,0.06073476523476523,0.11443950553147267,0.011443950553147267,0.038027484554983254,0.08344204591454721,100,3.45,5.217249943188171,0.5217249943188171,2.414784422246832,4.485215577753168,100,,,,,,,0.27399999999999997,0.4142950688101465,0.04142950688101465,0.1917948701540451,0.35620512984595487,100.0
nonlinear_strong,tabm_orbit_student,top12,0.255,0.07379788578359105,0.0073797885783591045,0.24035689840426971,0.2696431015957303,100,12.0,0.0,0.0,12.0,12.0,100,0.872436324060564,0.043702219585460306,0.00437022195854603,0.8637648555685615,0.8811077925525665,100.0,0.8940000000000003,0.08855746294030922,0.008855746294030922,0.876428278085124,0.9115717219148767,100.0
nonlinear_strong,tabm_orbit_student,top8,0.075,0.08520622635759084,0.008520622635759085,0.05809323612871823,0.09190676387128177,100,8.0,0.0,0.0,8.0,8.0,100,,,,,,,0.74,0.06816498108607272,0.0068164981086072714,0.7264745889029746,0.7535254110970254,100.0
nonlinear_strong,tabm_pfi,top12,0.17333333333333328,0.028228663863600255,0.0028228663863600254,0.16773215399767366,0.1789345126689929,100,12.0,0.0,0.0,12.0,12.0,100,0.854592826386591,0.039590766901980684,0.003959076690198069,0.846737159305577,0.8624484934676049,100.0,0.992,0.03387439663632028,0.003387439663632028,0.9852785847972084,0.9987214152027916,100.0
nonlinear_strong,tabm_pfi,top8,0.0025,0.024999999999999998,0.0024999999999999996,-0.002460542378771706,0.0074605423787717055,100,8.0,0.0,0.0,8.0,8.0,100,,,,,,,0.7979999999999998,0.020000000000000018,0.0020000000000000018,0.7940315660969824,0.8019684339030172,100.0
nonlinear_strong,tabm_sko_quad,native,0.11253185866421161,0.13410520919958002,0.013410520919958003,0.08592247572626913,0.1391412416021541,100,10.01,3.1542659905901944,0.31542659905901943,9.38412519519036,10.635874804809639,100,0.8906286174819152,0.08101835975287648,0.008101835975287647,0.8745528172014067,0.9067044177624238,100.0,0.8560000000000002,0.18980053325594856,0.018980053325594857,0.8183394564508162,0.8936605435491842,100.0
nonlinear_strong,tabm_sko_quad,native10,0.03968914418914419,0.08021895923248996,0.008021895923248996,0.023771962314995138,0.05560632606329324,100,4.08,5.283249688660122,0.5283249688660122,3.0316886408707617,5.128311359129238,100,,,,,,,0.36200000000000004,0.4664025226468153,0.046640252264681534,0.2694556208337777,0.45454437916622237,100.0
nonlinear_strong,tabm_sko_quad,top12,0.24666666666666667,0.07849596270902193,0.007849596270902193,0.2310913646834432,0.26224196864989013,100,12.0,0.0,0.0,12.0,12.0,100,0.8773313159502301,0.04884604563596564,0.004884604563596564,0.8676392007737251,0.887023431126735,100.0,0.904,0.09419515525082632,0.009419515525082632,0.8853096376201318,0.9226903623798682,100.0
nonlinear_strong,tabm_sko_quad,top8,0.02625,0.07171906118580847,0.007171906118580847,0.012019382304883041,0.04048061769511696,100,8.0,0.0,0.0,8.0,8.0,100,,,,,,,0.7789999999999999,0.05737524894864678,0.005737524894864678,0.7676155058439064,0.7903844941560935,100.0
nonlinear_strong,tabm_sko_quad_scale,native,0.13128472997590646,0.1507442011193272,0.015074420111932722,0.10137381005564614,0.16119564989616678,100,10.5,3.815174380753199,0.3815174380753199,9.742986632074786,11.257013367925214,100,0.8890406038830214,0.09653046887182065,0.009653046887182066,0.8698868646157667,0.9081943431502761,100.0,0.8660000000000002,0.2230278326608904,0.02230278326608904,0.8217464393776022,0.9102535606223983,100.0
nonlinear_strong,tabm_sko_quad_scale,native10,0.0478964923964924,0.09526273624068456,0.009526273624068455,0.02899429878690572,0.06679868600607908,100,5.14,5.599458848311986,0.5599458848311987,4.028945883390406,6.251054116609593,100,,,,,,,0.45400000000000007,0.48625968869369063,0.04862596886936906,0.35751552828586447,0.5504844717141356,100.0
nonlinear_strong,tabm_sko_quad_scale,top12,0.23166666666666663,0.07545224666220919,0.007545224666220919,0.21669530398100964,0.24663802935232362,100,12.0,0.0,0.0,12.0,12.0,100,0.8718334489282803,0.048966742814608145,0.004896674281460815,0.8621173848129892,0.8815495130435714,100.0,0.922,0.09054269599465103,0.009054269599465103,0.9040343647772117,0.9399656352227884,100.0
nonlinear_strong,tabm_sko_quad_scale,top8,0.02875,0.08305825812298404,0.008305825812298403,0.012269439626959134,0.045230560373040865,100,8.0,0.0,0.0,8.0,8.0,100,,,,,,,0.777,0.06644660649838724,0.006644660649838724,0.7638155517015673,0.7901844482984327,100.0
nonlinear_strong,tabm_sko_ridge,native,0.01826190476190476,0.07939181007277095,0.007939181007277096,0.0025088472261697685,0.034014962297639756,100,1.52,3.364941051909868,0.33649410519098677,0.8523226923972982,2.187677307602702,100,1.1663894405897546,0.10376467750232395,0.010376467750232394,1.1458002773829603,1.1869786037965488,100.0,0.129,0.26639948736566077,0.026639948736566076,0.07614056212958328,0.18185943787041672,100.0
nonlinear_strong,tabm_sko_ridge,native10,0.0018181818181818182,0.01818181818181818,0.0018181818181818182,-0.0017894853663794233,0.005425849002743059,100,0.11,1.1000000000000003,0.11000000000000003,-0.10826386466595515,0.32826386466595514,100,,,,,,,0.009000000000000001,0.09,0.009,-0.008857952563578141,0.026857952563578143,100.0
nonlinear_strong,tabm_sko_ridge,top12,0.4583333333333334,0.12049980091353686,0.012049980091353687,0.4344235585707273,0.48224310809593957,100,12.0,0.0,0.0,12.0,12.0,100,0.982066820286866,0.07056335211925867,0.007056335211925867,0.9680655203438351,0.9960681202298969,100.0,0.65,0.14459976109624423,0.014459976109624424,0.6213082702848727,0.6786917297151274,100.0
nonlinear_strong,tabm_sko_ridge,top8,0.2425,0.1702456632592615,0.01702456632592615,0.20871956690401344,0.27628043309598654,100,8.0,0.0,0.0,8.0,8.0,100,,,,,,,0.606,0.1361965306074092,0.013619653060740918,0.5789756535232108,0.6330243464767892,100.0
nonlinear_strong,tabm_sko_scale,native,0.03505506993006993,0.09831984847607914,0.009831984847607913,0.015546278928469798,0.054563860931670066,100,3.66,4.592967835218698,0.45929678352186976,2.7486555363624925,4.571344463637508,100,1.090724472392183,0.1359997664237464,0.01359997664237464,1.063739168198261,1.1177097765861048,100.0,0.31999999999999995,0.3698211415910085,0.03698211415910085,0.24661946218288278,0.3933805378171171,100.0
nonlinear_strong,tabm_sko_scale,native10,0.006666666666666667,0.033834614594836825,0.0033834614594836824,-4.685491601716385e-05,0.013380188249350498,100,0.42,2.0752509888364505,0.20752509888364506,0.008225180931555831,0.8317748190684442,100,,,,,,,0.035,0.17313216764872863,0.017313216764872862,0.0006468218099949519,0.06935317819000505,100.0
nonlinear_strong,tabm_sko_scale,top12,0.39166666666666666,0.11755314961926651,0.01175531496192665,0.3683415714488882,0.41499176188444514,100,12.0,0.0,0.0,12.0,12.0,100,0.9462487484224037,0.06475332670667633,0.006475332670667633,0.933400283570607,0.9590972132742004,100.0,0.73,0.1410637795431198,0.01410637795431198,0.7020098857386657,0.7579901142613342,100.0
nonlinear_strong,tabm_sko_scale,top8,0.15125,0.14789665891145654,0.014789665891145654,0.12190409423163902,0.18059590576836096,100,8.0,0.0,0.0,8.0,8.0,100,,,,,,,0.6789999999999999,0.11831732712916523,0.011831732712916524,0.6555232753853112,0.7024767246146887,100.0
nonlinear_strong,xgb_midpoint,native,0.1618580411676386,0.13532344485158387,0.013532344485158387,0.13500693384653228,0.18870914848874493,100,12.31,2.5532510470165106,0.25532510470165104,11.803379599105256,12.816620400894745,100,0.8533195116528208,0.038816893571481874,0.0038816893571481876,0.8456173978298765,0.8610216254757651,100.0,0.9990000000000001,0.009999999999999995,0.0009999999999999996,0.9970157830484915,1.0009842169515089,100.0
nonlinear_strong,xgb_midpoint,native10,0.07961856280973927,0.10669274450575092,0.010669274450575092,0.05844840758460968,0.10078871803486886,100,10.94,1.9940314982872303,0.19940314982872304,10.544340889925621,11.335659110074378,100,,,,,,,0.9890000000000001,0.10039819709436014,0.010039819709436014,0.9690788195424462,1.008921180457554,100.0
nonlinear_strong,xgb_midpoint,top12,0.16749999999999995,0.008333333333333342,0.0008333333333333341,0.1658464858737427,0.1691535141262572,100,12.0,0.0,0.0,12.0,12.0,100,0.8534248980699626,0.038796326780347216,0.0038796326780347217,0.8457268651445791,0.8611229309953461,100.0,0.9990000000000001,0.009999999999999995,0.0009999999999999996,0.9970157830484915,1.0009842169515089,100.0
nonlinear_strong,xgb_midpoint,top8,0.0,0.0,0.0,0.0,0.0,100,8.0,0.0,0.0,8.0,8.0,100,,,,,,,0.7999999999999998,2.2316322462394835e-16,2.2316322462394835e-17,0.7999999999999998,0.7999999999999998,100.0
nonlinear_strong,xgb_naive,native,0.1945579327506572,0.15692304898767773,0.015692304898767773,0.16342099536227944,0.22569487013903494,100,12.97,3.1154713313015123,0.31154713313015125,12.351822897249223,13.588177102750779,100,0.8528063538670054,0.03942716313771921,0.003942716313771921,0.8449831493222294,0.8606295584117815,100.0,0.998,0.014070529413628966,0.0014070529413628967,0.9952081017020776,1.0007918982979225,100.0
nonlinear_strong,xgb_naive,native10,0.0827485014985015,0.09996763111447304,0.009996763111447305,0.06291275467255109,0.10258424832445193,100,10.84,2.087577495083667,0.2087577495083667,10.425779334666695,11.254220665333305,100,,,,,,,0.9790000000000001,0.14091691082895536,0.014091691082895536,0.951039027677895,1.0069609723221051,100.0
nonlinear_strong,xgb_naive,top12,0.16916666666666663,0.014287217333147117,0.0014287217333147117,0.1663317727844347,0.17200156054889856,100,12.0,0.0,0.0,12.0,12.0,100,0.8534535587049887,0.039961803334080406,0.003996180333408041,0.8455242699461549,0.8613828474638225,100.0,0.9969999999999999,0.017144660799776522,0.001714466079977652,0.9935981273413216,1.000401872658678,100.0
nonlinear_strong,xgb_naive,top8,0.0,0.0,0.0,0.0,0.0,100,8.0,0.0,0.0,8.0,8.0,100,,,,,,,0.7999999999999998,2.2316322462394835e-16,2.2316322462394835e-17,0.7999999999999998,0.7999999999999998,100.0
nonlinear_strong,xgb_orbit,native,0.18794770915359144,0.14922329367293166,0.014922329367293166,0.1583385702670125,0.21755684804017036,100,12.78,2.6801929675742273,0.26801929675742275,12.248191568042484,13.311808431957514,100,0.853936460077817,0.039048975127286514,0.0039048975127286513,0.8461882962391567,0.8616846239164773,100.0,0.9990000000000001,0.009999999999999997,0.0009999999999999996,0.9970157830484915,1.0009842169515089,100.0
nonlinear_strong,xgb_orbit,native10,0.08770937395937395,0.10392598401810149,0.010392598401810149,0.06708820404028021,0.10833054387846769,100,11.04,1.9741767239469057,0.19741767239469057,10.648280507907067,11.431719492092931,100,,,,,,,0.99,0.09999999999999999,0.009999999999999998,0.9701578304849132,1.0098421695150868,100.0
nonlinear_strong,xgb_orbit,top12,0.16749999999999995,0.00833333333333334,0.000833333333333334,0.1658464858737427,0.1691535141262572,100,12.0,0.0,0.0,12.0,12.0,100,0.8529079183626849,0.03916319213732989,0.003916319213732989,0.8451370913912767,0.860678745334093,100.0,0.9990000000000001,0.009999999999999997,0.0009999999999999996,0.9970157830484915,1.0009842169515089,100.0
nonlinear_strong,xgb_orbit,top8,0.0,0.0,0.0,0.0,0.0,100,8.0,0.0,0.0,8.0,8.0,100,,,,,,,0.7999999999999998,2.2316322462394835e-16,2.2316322462394835e-17,0.7999999999999998,0.7999999999999998,100.0
nonlinear_strong,xgb_orbit_student,native,0.17010199655865285,0.15095684916649216,0.015095684916649216,0.14014888265240355,0.20005511046490215,100,11.72,3.4203195550395376,0.34203195550395377,11.041334395931392,12.39866560406861,100,0.8693031026858749,0.05050971262201488,0.005050971262201488,0.8592808798858315,0.8793253254859182,100.0,0.924,0.12070499977091657,0.012070499977091658,0.9000495093322696,0.9479504906677305,100.0
nonlinear_strong,xgb_orbit_student,native10,0.07398226773226772,0.1013716911150975,0.01013716911150975,0.05386792494089986,0.09409661052363558,100,5.46,5.926178866655643,0.5926178866655644,4.284117543510936,6.635882456489064,100,,,,,,,0.45399999999999996,0.48584405362672134,0.04858440536267213,0.3575979993004166,0.5504020006995833,100.0
nonlinear_strong,xgb_orbit_student,top12,0.1925,0.03873526655931102,0.003873526655931102,0.18481408274718078,0.20018591725281923,100,12.0,0.0,0.0,12.0,12.0,100,0.8588765912654229,0.038766289817872245,0.0038766289817872245,0.8511845183250508,0.866568664205795,100.0,0.9690000000000001,0.04648231987117316,0.004648231987117316,0.959776899296617,0.9782231007033831,100.0
nonlinear_strong,xgb_orbit_student,top8,0.03,0.056519416526043906,0.00565194165260439,0.01878532156396437,0.04121467843603563,100,8.0,0.0,0.0,8.0,8.0,100,,,,,,,0.7759999999999999,0.04521553322083516,0.0045215533220835154,0.7670282572511714,0.7849717427488284,100.0
nonlinear_strong,xgb_pfi,top12,0.1666666666666666,0.0,0.0,0.1666666666666666,0.1666666666666666,100,12.0,0.0,0.0,12.0,12.0,100,0.8534928041222828,0.03862962139055608,0.0038629621390556083,0.8458278491629324,0.8611577590816332,100.0,1.0,0.0,0.0,1.0,1.0,100.0
nonlinear_strong,xgb_pfi,top8,0.0,0.0,0.0,0.0,0.0,100,8.0,0.0,0.0,8.0,8.0,100,,,,,,,0.7999999999999998,2.2316322462394835e-16,2.2316322462394835e-17,0.7999999999999998,0.7999999999999998,100.0
nonlinear_strong,xgb_shap,top12,0.1666666666666666,0.0,0.0,0.1666666666666666,0.1666666666666666,100,12.0,0.0,0.0,12.0,12.0,100,0.8527768488578196,0.038190812739578216,0.0038190812739578215,0.8451989630548431,0.860354734660796,100.0,1.0,0.0,0.0,1.0,1.0,100.0
nonlinear_strong,xgb_shap,top8,0.0,0.0,0.0,0.0,0.0,100,8.0,0.0,0.0,8.0,8.0,100,,,,,,,0.7999999999999998,2.2316322462394835e-16,2.2316322462394835e-17,0.7999999999999998,0.7999999999999998,100.0
nonlinear_strong,xgb_sko_quad,native,0.11021054027671674,0.14217025473069334,0.014217025473069333,0.08200087733302182,0.13842020322041165,100,9.67,3.562019061989955,0.3562019061989955,8.963218139560247,10.376781860439753,100,0.9012134218768815,0.08554065954264292,0.008554065954264292,0.8842402992061069,0.918186544547656,100.0,0.8190000000000001,0.21210584359910709,0.02121058435991071,0.7769135989616602,0.8610864010383399,100.0
nonlinear_strong,xgb_sko_quad,native10,0.04029413723531371,0.08995761359899566,0.008995761359899566,0.02244459505327419,0.058143679417353225,100,3.53,5.428050973760046,0.5428050973760046,2.45295692442121,4.6070430755787894,100,,,,,,,0.3,0.45081295814597344,0.04508129581459734,0.2105489286486985,0.38945107135130147,100.0
nonlinear_strong,xgb_sko_quad,top12,0.25916666666666666,0.07847361892026009,0.00784736189202601,0.2435957981758854,0.2747375351574479,100,12.0,0.0,0.0,12.0,12.0,100,0.8805128868172788,0.047733849646332656,0.004773384964633266,0.8710414554543768,0.8899843181801808,100.0,0.8890000000000002,0.0941683427043121,0.00941683427043121,0.8703149578110627,0.9076850421889378,100.0
nonlinear_strong,xgb_sko_quad,top8,0.02125,0.059072695328157614,0.005907269532815762,0.00952869565585619,0.03297130434414381,100,8.0,0.0,0.0,8.0,8.0,100,,,,,,,0.7829999999999998,0.047258156262526115,0.004725815626252612,0.7736229565246847,0.7923770434753149,100.0
nonlinear_strong,xgb_sko_quad_scale,native,0.1355695562607327,0.14870568728087014,0.014870568728087013,0.10606312171188753,0.16507599080957785,100,11.04,3.1427967985811165,0.31427967985811167,10.416400931710813,11.663599068289185,100,0.871670552346032,0.061218014224308184,0.006121801422430818,0.8595235701898748,0.8838175345021891,100.0,0.9130000000000001,0.14045740574381554,0.014045740574381554,0.8851302034558189,0.9408697965441813,100.0
nonlinear_strong,xgb_sko_quad_scale,native10,0.07032456432456431,0.10773653623253146,0.010773653623253146,0.048947298175622475,0.09170183047350615,100,6.59,5.6730712470175595,0.5673071247017559,5.464339586455125,7.7156604135448745,100,,,,,,,0.57,0.47937248544110217,0.04793724854411022,0.4748820988300915,0.6651179011699083,100.0
nonlinear_strong,xgb_sko_quad_scale,top12,0.21833333333333335,0.062428410177629845,0.0062428410177629845,0.2059461823603143,0.2307204843063524,100,12.0,0.0,0.0,12.0,12.0,100,0.8664015474203574,0.046077463123015014,0.004607746312301502,0.8572587790792371,0.8755443157614776,100.0,0.9380000000000002,0.0749140922131558,0.00749140922131558,0.9231354188323774,0.952864581167623,100.0
nonlinear_strong,xgb_sko_quad_scale,top8,0.0075,0.03472474738292678,0.003472474738292678,0.0006098567605939912,0.014390143239406008,100,8.0,0.0,0.0,8.0,8.0,100,,,,,,,0.7939999999999999,0.02777979790634145,0.0027779797906341453,0.7884878854084751,0.7995121145915247,100.0
nonlinear_strong,xgb_sko_ridge,native,0.01,0.050251890762960605,0.005025189076296061,2.893465027709735e-05,0.019971065349722903,100,1.45,2.9383393922143135,0.29383393922143136,0.8669697168682639,2.033030283131736,100,1.162918543780504,0.10215120547293298,0.010215120547293299,1.14264952842886,1.1831875591321481,100.0,0.135,0.2675647755047534,0.02675647755047534,0.08190934368168531,0.1880906563183147,100.0
nonlinear_strong,xgb_sko_ridge,native10,0.0,0.0,0.0,0.0,0.0,100,0.0,0.0,0.0,0.0,0.0,100,,,,,,,0.0,0.0,0.0,0.0,0.0,100.0
nonlinear_strong,xgb_sko_ridge,top12,0.4841666666666667,0.12405365679539546,0.012405365679539546,0.4595517297956603,0.5087816035376731,100,12.0,0.0,0.0,12.0,12.0,100,0.9916008087536048,0.07216468884468086,0.007216468884468086,0.9772817688630082,1.0059198486442014,100.0,0.619,0.14886438815447456,0.014886438815447456,0.5894620757547924,0.6485379242452076,100.0
nonlinear_strong,xgb_sko_ridge,top8,0.25875,0.17430869951689942,0.017430869951689944,0.22416337236231346,0.2933366276376865,100,8.0,0.0,0.0,8.0,8.0,100,,,,,,,0.5930000000000001,0.13944695961351952,0.013944695961351953,0.5653306978898509,0.6206693021101493,100.0
nonlinear_strong,xgb_sko_scale,native,0.05575943500943501,0.11113528991894198,0.011113528991894198,0.033707782392635346,0.07781108762623468,100,4.7,5.020161372109487,0.5020161372109487,3.7038910706151267,5.696108929384874,100,1.0655304403375947,0.151024983599948,0.0151024983599948,1.035563807081561,1.0954970735936285,100.0,0.4,0.3961940143032161,0.03961940143032161,0.3213865120733285,0.4786134879266715,100.0
nonlinear_strong,xgb_sko_scale,native10,0.011272727272727273,0.03800518855092093,0.0038005188550920927,0.003731673335925172,0.018813781209529375,100,1.15,3.2917865340660515,0.3291786534066051,0.4968381358358126,1.8031618641641871,100,,,,,,,0.103,0.2948908375324776,0.02948908375324776,0.0444872601323465,0.1615127398676535,100.0
nonlinear_strong,xgb_sko_scale,top12,0.375,0.11453071182271281,0.01145307118227128,0.35227462201330173,0.39772537798669827,100,12.0,0.0,0.0,12.0,12.0,100,0.9397132159874956,0.06477976739958274,0.006477976739958274,0.9268595047285915,0.9525669272463997,100.0,0.75,0.13743685418725538,0.013743685418725537,0.7227295464159621,0.7772704535840379,100.0
nonlinear_strong,xgb_sko_scale,top8,0.12,0.140929454377398,0.014092945437739802,0.09203653876574973,0.14796346123425025,100,8.0,0.0,0.0,8.0,8.0,100,,,,,,,0.7039999999999997,0.11274356350191844,0.011274356350191844,0.6816292310125995,0.7263707689873999,100.0
nonlinear_weak,deep_lasso,top12,0.2458333333333333,0.06842688840827896,0.006842688840827896,0.23225595414146327,0.2594107125252033,100,12.0,0.0,0.0,12.0,12.0,100,1.5180236570570786,0.054718339954064776,0.0054718339954064775,1.5071663512875517,1.5288809628266056,100.0,0.9050000000000002,0.08211226608993472,0.008211226608993472,0.8887071449697562,0.9212928550302443,100.0
nonlinear_weak,deep_lasso,top8,0.08125,0.08771618315840464,0.008771618315840463,0.06384520624554532,0.09865479375445468,100,8.0,0.0,0.0,8.0,8.0,100,,,,,,,0.735,0.07017294652672373,0.007017294652672373,0.7210761649964362,0.7489238350035637,100.0
nonlinear_weak,lasso_pair_q20,native,0.05116017316017316,0.17086838133407445,0.017086838133407445,0.017256179288181135,0.08506416703216518,100,0.83,2.678213636517498,0.2678213636517498,0.2985843102660266,1.3614156897339733,100,1.725209102297643,0.06852103203325365,0.006852103203325364,1.7116130429681178,1.7388051616271682,100.0,0.039,0.1324935675968666,0.01324935675968666,0.012710401720843579,0.06528959827915642,100.0
nonlinear_weak,lasso_pair_q20,native10,0.0,0.0,0.0,0.0,0.0,100,0.0,0.0,0.0,0.0,0.0,100,,,,,,,0.0,0.0,0.0,0.0,0.0,100.0
nonlinear_weak,lasso_pair_q20,top12,0.6033333333333334,0.11118684287801635,0.011118684287801635,0.5812714514910041,0.6253952151756627,100,12.0,0.0,0.0,12.0,12.0,100,1.6313555401826452,0.06700550950377326,0.006700550950377327,1.6180601934024588,1.6446508869628316,100.0,0.4759999999999999,0.1334242114536196,0.01334242114536196,0.44952574178920485,0.502474258210795,100.0
nonlinear_weak,lasso_pair_q20,top8,0.55625,0.1592824424242875,0.01592824424242875,0.5246449077664024,0.5878550922335977,100,8.0,0.0,0.0,8.0,8.0,100,,,,,,,0.355,0.12742595393943001,0.012742595393943002,0.32971592621312185,0.3802840737868781,100.0
nonlinear_weak,linear_orbit_student,native,0.07416100076394193,0.17656268555446805,0.017656268555446806,0.03912713339583465,0.1091948681320492,100,1.39,3.5072651868527256,0.35072651868527255,0.6940824962810553,2.0859175037189446,100,1.7211584889246083,0.07372244311645652,0.007372244311645652,1.7065303567907775,1.7357866210584392,100.0,0.075,0.18552410064245542,0.01855241006424554,0.03818799345918371,0.11181200654081629,100.0
nonlinear_weak,linear_orbit_student,native10,0.0,0.0,0.0,0.0,0.0,100,0.0,0.0,0.0,0.0,0.0,100,,,,,,,0.0,0.0,0.0,0.0,0.0,100.0
nonlinear_weak,linear_orbit_student,top12,0.5258333333333333,0.10167991303008041,0.01016799130300804,0.5056578326271118,0.5460088340395547,100,12.0,0.0,0.0,12.0,12.0,100,1.6176445721432693,0.06641488532905862,0.006641488532905862,1.604466418013027,1.6308227262735115,100.0,0.569,0.12201589563609647,0.012201589563609647,0.5447893991525342,0.5932106008474657,100.0
nonlinear_weak,linear_orbit_student,top8,0.45625,0.14031777607569287,0.014031777607569287,0.4284079090112611,0.4840920909887389,100,8.0,0.0,0.0,8.0,8.0,100,,,,,,,0.435,0.1122542208605543,0.011225422086055429,0.41272632720900887,0.4572736727909911,100.0
nonlinear_weak,tabm_midpoint,native,0.18232131037451402,0.1865310073687167,0.01865310073687167,0.14530951169421413,0.2193331090548139,100,10.34,5.290013461631493,0.5290013461631493,9.290346561572166,11.389653438427834,100,1.5397081806827664,0.07397561702296157,0.007397561702296157,1.525029813353239,1.5543865480122938,100.0,0.7580000000000001,0.23535058740079445,0.023535058740079447,0.7113013374931819,0.8046986625068183,100.0
nonlinear_weak,tabm_midpoint,native10,0.07410681475387357,0.1333696571845466,0.01333696571845466,0.04764338129362565,0.10057024821412149,100,3.67,5.5414963519054865,0.5541496351905486,2.570446900182561,4.769553099817439,100,,,,,,,0.274,0.4046747041286571,0.040467470412865705,0.1937037592221158,0.35429624077788424,100.0
nonlinear_weak,tabm_midpoint,top12,0.295,0.08326596603587669,0.008326596603587668,0.2784782258707867,0.3115217741292133,100,12.0,0.0,0.0,12.0,12.0,100,1.5242703767073391,0.05648774911034359,0.00564877491103436,1.5130619817736077,1.5354787716410705,100.0,0.8460000000000001,0.099919159243052,0.0099919159243052,0.8261738710449441,0.8658261289550561,100.0
nonlinear_weak,tabm_midpoint,top8,0.09625,0.11630761850030341,0.011630761850030341,0.07317204517820931,0.11932795482179069,100,8.0,0.0,0.0,8.0,8.0,100,,,,,,,0.723,0.09304609480024276,0.009304609480024276,0.7045376361425674,0.7414623638574326,100.0
nonlinear_weak,tabm_naive,native,0.19437570609981095,0.18501711207237667,0.01850171120723767,0.1576642970904918,0.2310871151091301,100,10.3,4.983812179284432,0.4983812179284432,9.31110353907284,11.28889646092716,100,1.5427858011161404,0.0722652262512058,0.007226522625120579,1.5284468124229151,1.5571247898093656,100.0,0.7490000000000001,0.2328978620370186,0.02328978620370186,0.7027880114176018,0.7952119885823984,100.0
nonlinear_weak,tabm_naive,native10,0.06258249849042688,0.12740794199062408,0.012740794199062409,0.037301998664963754,0.08786299831589,100,3.09,5.577905548055677,0.5577905548055677,1.9832225257633596,4.19677747423664,100,,,,,,,0.223,0.3892118428129578,0.038921184281295776,0.14577192637625963,0.3002280736237404,100.0
nonlinear_weak,tabm_naive,top12,0.2925,0.08416670833749011,0.008416670833749012,0.2757994990564065,0.30920050094359347,100,12.0,0.0,0.0,12.0,12.0,100,1.5238631870410249,0.05478764592371939,0.0054787645923719385,1.512992129463515,1.5347342446185348,100.0,0.8489999999999999,0.10100005000498813,0.010100005000498813,0.8289593988676877,0.8690406011323121,100.0
nonlinear_weak,tabm_naive,top8,0.085,0.11634153830577253,0.011634153830577252,0.06191531475290894,0.10808468524709107,100,8.0,0.0,0.0,8.0,8.0,100,,,,,,,0.7320000000000002,0.09307323064461805,0.009307323064461805,0.7135322518023274,0.750467748197673,100.0
nonlinear_weak,tabm_orbit,native,0.18261341463547343,0.1739537198085199,0.01739537198085199,0.14809722267326775,0.2171296065976791,100,10.23,5.068928920791887,0.5068928920791886,9.224214530937212,11.235785469062789,100,1.5411486498345446,0.0727897217539996,0.00727897217539996,1.5267055898545558,1.5555917098145333,100.0,0.7610000000000002,0.24899596361987453,0.024899596361987453,0.7115937988128208,0.8104062011871797,100.0
nonlinear_weak,tabm_orbit,native10,0.0679504662004662,0.12050906591606125,0.012050906591606125,0.0440388530603536,0.0918620793405788,100,3.63,5.413516566536175,0.5413516566536175,2.555840866140584,4.704159133859416,100,,,,,,,0.281,0.41504411351278814,0.04150441135127882,0.1986462434344032,0.3633537565655969,100.0
nonlinear_weak,tabm_orbit,top12,0.2825,0.08282250842153098,0.008282250842153099,0.2660662174823527,0.29893378251764724,100,12.0,0.0,0.0,12.0,12.0,100,1.5233485046507096,0.057490484161613446,0.005749048416161345,1.511941145328318,1.5347558639731012,100.0,0.8610000000000001,0.09938701010583717,0.009938701010583717,0.8412794609788234,0.8807205390211768,100.0
nonlinear_weak,tabm_orbit,top8,0.085,0.10934839142424871,0.01093483914242487,0.0633029068115799,0.1066970931884201,100,8.0,0.0,0.0,8.0,8.0,100,,,,,,,0.7319999999999999,0.08747871313939899,0.0087478713139399,0.7146423254492638,0.749357674550736,100.0
nonlinear_weak,tabm_orbit_student,native,0.16361909849409847,0.18907750968698456,0.018907750968698456,0.1261020185071023,0.20113617848109466,100,6.44,6.379132647416365,0.6379132647416366,5.174241686507399,7.705758313492602,100,1.6157125322012087,0.10426593250592023,0.010426593250592022,1.595023909126898,1.6364011552755193,100.0,0.431,0.35638334824889184,0.035638334824889185,0.36028581191691267,0.5017141880830873,100.0
nonlinear_weak,tabm_orbit_student,native10,0.039867132867132865,0.11591174781833659,0.01159117478183366,0.01686772737711856,0.06286653835714717,100,1.37,3.7649499976558096,0.376494999765581,0.6229522393068768,2.1170477606931235,100,,,,,,,0.09,0.24679767200905867,0.024679767200905867,0.04102998756067458,0.1389700124393254,100.0
nonlinear_weak,tabm_orbit_student,top12,0.3675,0.0925803864008352,0.00925803864008352,0.3491300427926239,0.3858699572073761,100,12.0,0.0,0.0,12.0,12.0,100,1.538250018809267,0.055015332885850664,0.005501533288585067,1.5273337831987672,1.5491662544197666,100.0,0.759,0.11109646368100225,0.011109646368100225,0.7369560513511487,0.7810439486488513,100.0
nonlinear_weak,tabm_orbit_student,top8,0.23125,0.13457635548098876,0.013457635548098876,0.20454713141823638,0.25795286858176364,100,8.0,0.0,0.0,8.0,8.0,100,,,,,,,0.6150000000000001,0.10766108438479101,0.0107661084384791,0.5936377051345892,0.636362294865411,100.0
nonlinear_weak,tabm_pfi,top12,0.2533333333333333,0.08026331525381389,0.008026331525381389,0.237407350262243,0.2692593164044236,100,12.0,0.0,0.0,12.0,12.0,100,1.5191710642242513,0.05572187648466712,0.005572187648466712,1.5081146350351764,1.5302274934133262,100.0,0.8960000000000002,0.09631597830457664,0.009631597830457663,0.8768888203146918,0.9151111796853086,100.0
nonlinear_weak,tabm_pfi,top8,0.0675,0.09799118698777318,0.009799118698777318,0.048056422568040345,0.08694357743195966,100,8.0,0.0,0.0,8.0,8.0,100,,,,,,,0.746,0.07839294959021857,0.007839294959021857,0.7304451380544322,0.7615548619455678,100.0
nonlinear_weak,tabm_sko_quad,native,0.1023008658008658,0.15039641197435616,0.015039641197435616,0.0724589547923057,0.13214277680942588,100,5.9,4.866915726296141,0.4866915726296141,4.934298331431901,6.8657016685681,100,1.6109931234877197,0.10546501721108491,0.01054650172110849,1.5900665759935808,1.6319196709818586,100.0,0.47100000000000003,0.3346323174452639,0.03346323174452639,0.4046016883202473,0.5373983116797527,100.0
nonlinear_weak,tabm_sko_quad,native10,0.018997668997669,0.07494151347154168,0.007494151347154168,0.004127646857474066,0.033867691137863934,100,0.86,2.9474179763434853,0.29474179763434855,0.2751683288157838,1.4448316711842162,100,,,,,,,0.065,0.22400171355765938,0.022400171355765938,0.020553200279189998,0.10944679972081,100.0
nonlinear_weak,tabm_sko_quad,top12,0.3658333333333333,0.10318646562952603,0.010318646562952604,0.34535889990649593,0.38630776676017065,100,12.0,0.0,0.0,12.0,12.0,100,1.5471418531310777,0.06444912569959105,0.006444912569959105,1.5343537483587735,1.5599299579033818,100.0,0.7609999999999999,0.12382375875543125,0.012382375875543125,0.7364306798877951,0.7855693201122047,100.0
nonlinear_weak,tabm_sko_quad,top8,0.185,0.1448614803350031,0.01448614803350031,0.1562563395098645,0.2137436604901355,100,8.0,0.0,0.0,8.0,8.0,100,,,,,,,0.6519999999999999,0.11588918426800249,0.011588918426800248,0.6290050716078915,0.6749949283921083,100.0
nonlinear_weak,tabm_sko_quad_scale,native,0.12233173332515439,0.1506390070064226,0.015063900700642261,0.09244168619909648,0.1522217804512123,100,6.49,4.75351013313936,0.47535101331393603,5.546800461465659,7.433199538534342,100,1.598226909365095,0.09875325825930646,0.009875325825930646,1.5786321204596119,1.617821698270578,100.0,0.515,0.33435449644490994,0.033435449644490994,0.448656814034086,0.5813431859659139,100.0
nonlinear_weak,tabm_sko_quad_scale,native10,0.022287878787878787,0.07199254385802402,0.007199254385802402,0.008002996197346431,0.036572761378411145,100,1.07,3.2357067203005254,0.3235706720300525,0.4279655875469135,1.7120344124530866,100,,,,,,,0.083,0.2518838115986308,0.025188381159863084,0.03302078712153774,0.13297921287846226,100.0
nonlinear_weak,tabm_sko_quad_scale,top12,0.36,0.09613752775282004,0.009613752775282005,0.3409242287756718,0.3790757712243282,100,12.0,0.0,0.0,12.0,12.0,100,1.5447536798773138,0.05973795551973091,0.005973795551973091,1.5329003734782416,1.556606986276386,100.0,0.768,0.11536503330338406,0.011536503330338406,0.7451090745308062,0.7908909254691938,100.0
nonlinear_weak,tabm_sko_quad_scale,top8,0.18125,0.1414380954640045,0.01414380954640045,0.1531856133391219,0.2093143866608781,100,8.0,0.0,0.0,8.0,8.0,100,,,,,,,0.6549999999999998,0.11315047637120361,0.011315047637120362,0.6325484906712974,0.6774515093287022,100.0
nonlinear_weak,tabm_sko_ridge,native,0.02783333333333333,0.09472788720877967,0.009472788720877968,0.009037265375307017,0.046629401291359646,100,0.92,2.33411242404491,0.23341124240449102,0.4568614561483067,1.3831385438516934,100,1.7183319580848562,0.07792652028774533,0.007792652028774533,1.7028696458321533,1.733794270337559,100.0,0.07400000000000001,0.18942763336648716,0.018942763336648717,0.03641344787900445,0.11158655212099558,100.0
nonlinear_weak,tabm_sko_ridge,native10,0.0036363636363636364,0.03636363636363637,0.003636363636363637,-0.0035789707327588474,0.01085169800548612,100,0.11,1.1000000000000003,0.11000000000000003,-0.10826386466595515,0.32826386466595514,100,,,,,,,0.006999999999999999,0.07000000000000002,0.007000000000000002,-0.006889518660560784,0.020889518660560782,100.0
nonlinear_weak,tabm_sko_ridge,top12,0.5308333333333334,0.1164470034031416,0.01164470034031416,0.5077277215228431,0.5539389451438237,100,12.0,0.0,0.0,12.0,12.0,100,1.6102927222531946,0.06909508453749397,0.0069095084537493965,1.5965827584526726,1.6240026860537167,100.0,0.563,0.13973640408376992,0.013973640408376991,0.5352732658274116,0.5907267341725883,100.0
nonlinear_weak,tabm_sko_ridge,top8,0.39,0.15819371834953666,0.015819371834953667,0.35861093424286594,0.4213890657571341,100,8.0,0.0,0.0,8.0,8.0,100,,,,,,,0.488,0.12655497467962928,0.012655497467962929,0.46288874739429275,0.5131112526057072,100.0
nonlinear_weak,tabm_sko_scale,native,0.03596428571428571,0.10071981124051818,0.010071981124051818,0.01597929003266662,0.055949281395904805,100,1.4,3.312053286059415,0.3312053286059415,0.7428167725500872,2.0571832274499124,100,1.7069803951428844,0.08725743611196997,0.008725743611196997,1.6896666267550287,1.72429416353074,100.0,0.10600000000000001,0.2436341022056965,0.02436341022056965,0.057657708443785816,0.1543422915562142,100.0
nonlinear_weak,tabm_sko_scale,native10,0.007727272727272727,0.04907313557788377,0.004907313557788377,-0.002009902020459354,0.017464447475004807,100,0.31,1.7735144587382239,0.1773514458738224,-0.04190374527741303,0.661903745277413,100,,,,,,,0.023,0.13322343956108043,0.013322343956108044,-0.0034344207115388284,0.04943442071153883,100.0
nonlinear_weak,tabm_sko_scale,top12,0.4966666666666666,0.12304589309261188,0.012304589309261187,0.47225169197787803,0.5210816413554551,100,12.0,0.0,0.0,12.0,12.0,100,1.593765308163589,0.07075675343353786,0.007075675343353786,1.5797256332039344,1.6078049831232435,100.0,0.6040000000000001,0.14765507171113426,0.014765507171113426,0.5747020303734538,0.6332979696265464,100.0
nonlinear_weak,tabm_sko_scale,top8,0.34,0.1638781883169954,0.01638781883169954,0.3074830120758886,0.3725169879241115,100,8.0,0.0,0.0,8.0,8.0,100,,,,,,,0.528,0.1311025506535963,0.01311025506535963,0.5019864096607108,0.5540135903392892,100.0
nonlinear_weak,xgb_midpoint,native,0.1816709243628748,0.15577703039374854,0.015577703039374854,0.1507613819265789,0.2125804667991707,100,11.61,3.3239109251578687,0.33239109251578686,10.950463959699684,12.269536040300315,100,1.5203693225305221,0.05191340163412911,0.005191340163412911,1.5100685773772304,1.5306700676838139,100.0,0.9030000000000001,0.10584436831041272,0.010584436831041271,0.8819981810176752,0.924001818982325,100.0
nonlinear_weak,xgb_midpoint,native10,0.08492761405261405,0.12221247227008969,0.012221247227008968,0.06067800813620437,0.10917721996902373,100,5.96,5.887703330251152,0.5887703330251152,4.791751924666154,7.128248075333846,100,,,,,,,0.489,0.475010898333242,0.0475010898333242,0.39474753233758136,0.5832524676624187,100.0
nonlinear_weak,xgb_midpoint,top12,0.23083333333333336,0.06471794107313081,0.006471794107313081,0.21799188975892875,0.24367477690773798,100,12.0,0.0,0.0,12.0,12.0,100,1.5173549586492308,0.05253515768684645,0.005253515768684645,1.5069308436059885,1.527779073692473,100.0,0.9230000000000002,0.07766152928775695,0.007766152928775695,0.9075902677107146,0.9384097322892857,100.0
nonlinear_weak,xgb_midpoint,top8,0.01625,0.04583333333333333,0.004583333333333333,0.007155672305585205,0.025344327694414796,100,8.0,0.0,0.0,8.0,8.0,100,,,,,,,0.7869999999999999,0.03666666666666669,0.0036666666666666688,0.779724537844468,0.7942754621555318,100.0
nonlinear_weak,xgb_naive,native,0.1784208884253002,0.16441623962233523,0.016441623962233524,0.1457971394491051,0.21104463740149532,100,11.81,3.620075896296857,0.3620075896296857,11.09169840408198,12.528301595918022,100,1.5171611974682235,0.052898614094088414,0.005289861409408842,1.5066649647885428,1.5276574301479042,100.0,0.916,0.09180567971690438,0.009180567971690439,0.8977837614060942,0.9342162385939059,100.0
nonlinear_weak,xgb_naive,native10,0.07712770562770563,0.10699157291645764,0.010699157291645764,0.05589825636276438,0.09835715489264688,100,6.21,5.610767066160123,0.5610767066160123,5.096702087635844,7.323297912364156,100,,,,,,,0.529,0.47360534224396184,0.047360534224396185,0.435026425159446,0.622973574840554,100.0
nonlinear_weak,xgb_naive,top12,0.225,0.05981171354710615,0.005981171354710615,0.21313205840810506,0.23686794159189495,100,12.0,0.0,0.0,12.0,12.0,100,1.5154128463736192,0.05272748802002197,0.005272748802002197,1.5049505688196394,1.525875123927599,100.0,0.9300000000000002,0.07177405625652733,0.007177405625652733,0.9157584700897262,0.9442415299102741,100.0
nonlinear_weak,xgb_naive,top8,0.01625,0.042249708623703884,0.004224970862370388,0.007866741195254419,0.02463325880474558,100,8.0,0.0,0.0,8.0,8.0,100,,,,,,,0.7869999999999999,0.03379976689896314,0.0033799766898963144,0.7802933929562035,0.7937066070437964,100.0
nonlinear_weak,xgb_orbit,native,0.1733283707320085,0.16379880931373567,0.016379880931373568,0.14082713332428323,0.20582960813973375,100,11.63,4.086575707129504,0.4086575707129504,10.819134720829007,12.440865279170994,100,1.5216781302553155,0.05766505220467484,0.0057665052204674844,1.5102361328459006,1.5331201276647304,100.0,0.902,0.1414070705302942,0.01414070705302942,0.8739417693590606,0.9300582306409394,100.0
nonlinear_weak,xgb_orbit,native10,0.0755626187537952,0.11140833856311716,0.011140833856311715,0.053456787362159655,0.09766845014543075,100,5.95,5.751372256104002,0.5751372256104001,4.808802967500171,7.09119703249983,100,,,,,,,0.502,0.47778529474941756,0.04777852947494175,0.4071970318976633,0.5968029681023367,100.0
nonlinear_weak,xgb_orbit,top12,0.225,0.06647700293478884,0.006647700293478884,0.21180952038912995,0.23819047961087006,100,12.0,0.0,0.0,12.0,12.0,100,1.515443560668299,0.05059476214905822,0.005059476214905822,1.5054044621969278,1.5254826591396702,100.0,0.9300000000000002,0.07977240352174655,0.007977240352174656,0.9141714244669561,0.9458285755330442,100.0
nonlinear_weak,xgb_orbit,top8,0.02375,0.05531989157654238,0.005531989157654238,0.012773333337820223,0.03472666666217978,100,8.0,0.0,0.0,8.0,8.0,100,,,,,,,0.7809999999999999,0.04425591326123393,0.0044255913261233935,0.7722186666702561,0.7897813333297438,100.0
nonlinear_weak,xgb_orbit_student,native,0.19261223036223032,0.18453383803018758,0.01845338380301876,0.15599671340758475,0.2292277473168759,100,8.04,6.028417552046157,0.6028417552046157,6.843831170245753,9.236168829754245,100,1.592997467433386,0.09746745165964969,0.009746745165964969,1.573657810453043,1.612337124413729,100.0,0.5539999999999999,0.3355742853826869,0.033557428538268694,0.48741478144532596,0.6205852185546739,100.0
nonlinear_weak,xgb_orbit_student,native10,0.04736047286047287,0.12317073004270818,0.012317073004270818,0.022920727812428734,0.071800217908517,100,1.79,4.159193297851025,0.4159193297851025,0.9647258153802695,2.6152741846197305,100,,,,,,,0.12399999999999999,0.2895904457378148,0.028959044573781477,0.06653897285720725,0.18146102714279272,100.0
nonlinear_weak,xgb_orbit_student,top12,0.3108333333333333,0.08611111111111111,0.008611111111111111,0.29374702069534186,0.3279196459713247,100,12.0,0.0,0.0,12.0,12.0,100,1.5304571444254864,0.056092990474397364,0.005609299047439736,1.519327078169475,1.5415872106814978,100.0,0.8270000000000002,0.10333333333333335,0.010333333333333335,0.8064964248344104,0.8475035751655899,100.0
nonlinear_weak,xgb_orbit_student,top8,0.1675,0.1126752282922341,0.01126752282922341,0.14514279020074383,0.1898572097992562,100,8.0,0.0,0.0,8.0,8.0,100,,,,,,,0.6659999999999999,0.0901401826337873,0.00901401826337873,0.6481142321605949,0.6838857678394049,100.0
nonlinear_weak,xgb_pfi,top12,0.1833333333333333,0.0355334527259351,0.0035533452725935097,0.17628272540889,0.19038394125777658,100,12.0,0.0,0.0,12.0,12.0,100,1.5076043249571804,0.05117052885086487,0.005117052885086487,1.4974509818808255,1.5177576680335354,100.0,0.98,0.04264014327112208,0.004264014327112208,0.971539270490668,0.988460729509332,100.0
nonlinear_weak,xgb_pfi,top8,0.00125,0.012499999999999999,0.0012499999999999998,-0.001230271189385853,0.0037302711893858528,100,8.0,0.0,0.0,8.0,8.0,100,,,,,,,0.7989999999999998,0.010000000000000012,0.0010000000000000013,0.7970157830484912,0.8009842169515085,100.0
nonlinear_weak,xgb_shap,top12,0.1666666666666666,0.0,0.0,0.1666666666666666,0.1666666666666666,100,12.0,0.0,0.0,12.0,12.0,100,1.5056212130074047,0.051647086123772654,0.005164708612377266,1.495373310629123,1.5158691153856865,100.0,1.0,0.0,0.0,1.0,1.0,100.0
nonlinear_weak,xgb_shap,top8,0.0,0.0,0.0,0.0,0.0,100,8.0,0.0,0.0,8.0,8.0,100,,,,,,,0.7999999999999998,2.2316322462394835e-16,2.2316322462394835e-17,0.7999999999999998,0.7999999999999998,100.0
nonlinear_weak,xgb_sko_quad,native,0.08846805074010955,0.13736568739222935,0.013736568739222934,0.061211718192179146,0.11572438328803995,100,5.57,4.880915214724932,0.4880915214724932,4.601520529206615,6.538479470793385,100,1.6212632182018545,0.11040483902731231,0.01104048390273123,1.5993565028891965,1.6431699335145125,100.0,0.4539999999999999,0.3571548627130757,0.03571548627130757,0.3831327267090958,0.524867273290904,100.0
nonlinear_weak,xgb_sko_quad,native10,0.014207792207792209,0.05847217994681356,0.0058472179946813556,0.0026056431435788566,0.02580994127200556,100,0.8,2.9507745944193537,0.29507745944193536,0.21450230296719608,1.385497697032804,100,,,,,,,0.063,0.23122641839905872,0.023122641839905873,0.01711966209759485,0.10888033790240514,100.0
nonlinear_weak,xgb_sko_quad,top12,0.3791666666666667,0.12158638557934501,0.0121586385579345,0.355041289932746,0.40329204340058744,100,12.0,0.0,0.0,12.0,12.0,100,1.5545026453950326,0.06777335184744644,0.006777335184744644,1.541054942035406,1.567950348754659,100.0,0.745,0.14590366269521404,0.014590366269521404,0.7160495479192951,0.7739504520807049,100.0
nonlinear_weak,xgb_sko_quad,top8,0.17375,0.1363473264656973,0.01363473264656973,0.14669573235338748,0.2008042676466125,100,8.0,0.0,0.0,8.0,8.0,100,,,,,,,0.6609999999999999,0.10907786117255783,0.010907786117255782,0.6393565858827099,0.6826434141172899,100.0
nonlinear_weak,xgb_sko_quad_scale,native,0.09670600260306142,0.1420845253777378,0.01420845253777378,0.06851335022290413,0.12489865498321871,100,6.95,5.041995356177669,0.5041995356177669,5.949558734484421,7.950441265515579,100,1.5904109613229387,0.10039347185918197,0.010039347185918198,1.570490718454559,1.6103312041913185,100.0,0.5700000000000001,0.3365001088147272,0.03365001088147272,0.5032310779905302,0.6367689220094699,100.0
nonlinear_weak,xgb_sko_quad_scale,native10,0.027000000000000003,0.06787328757941716,0.006787328757941716,0.013532467223029677,0.04046753277697033,100,1.83,4.094971047368697,0.4094971047368697,1.017468903187377,2.642531096812623,100,,,,,,,0.153,0.34125585058069774,0.03412558505806977,0.08528743564762654,0.22071256435237346,100.0
nonlinear_weak,xgb_sko_quad_scale,top12,0.34666666666666673,0.10306743240663184,0.010306743240663184,0.3262158520136953,0.3671174813196382,100,12.0,0.0,0.0,12.0,12.0,100,1.5423857329662463,0.060036850404713044,0.006003685040471304,1.530473119337424,1.5542983465950686,100.0,0.784,0.12368091888795822,0.012368091888795823,0.7594590224164344,0.8085409775835657,100.0
nonlinear_weak,xgb_sko_quad_scale,top8,0.125,0.12049980091353686,0.012049980091353687,0.10109022523739387,0.14890977476260614,100,8.0,0.0,0.0,8.0,8.0,100,,,,,,,0.6999999999999998,0.09639984073082952,0.009639984073082952,0.6808721801899149,0.7191278198100848,100.0
nonlinear_weak,xgb_sko_ridge,native,0.01614393939393939,0.06945339244464001,0.006945339244464001,0.0023628795310954125,0.02992499925678337,100,0.73,2.3521105931533586,0.23521105931533587,0.2632902289241963,1.1967097710758037,100,1.7192474634551724,0.07654618038140672,0.007654618038140671,1.7040590405865697,1.7344358863237752,100.0,0.05799999999999999,0.17932533495737785,0.017932533495737785,0.022417963054259818,0.09358203694574016,100.0
nonlinear_weak,xgb_sko_ridge,native10,0.0,0.0,0.0,0.0,0.0,100,0.0,0.0,0.0,0.0,0.0,100,,,,,,,0.0,0.0,0.0,0.0,0.0,100.0
nonlinear_weak,xgb_sko_ridge,top12,0.5225,0.12357776760592759,0.01235777676059276,0.49797948986867174,0.5470205101313281,100,12.0,0.0,0.0,12.0,12.0,100,1.6006666618434389,0.07128774032042882,0.007128774032042882,1.5865216275655845,1.6148116961212933,100.0,0.5730000000000001,0.1482933211271131,0.01482933211271131,0.5435753878424062,0.6024246121575939,100.0
nonlinear_weak,xgb_sko_ridge,top8,0.35125,0.18091989270325576,0.018091989270325577,0.3153515682033068,0.3871484317966932,100,8.0,0.0,0.0,8.0,8.0,100,,,,,,,0.519,0.1447359141626046,0.01447359141626046,0.49028125456264543,0.5477187454373545,100.0
nonlinear_weak,xgb_sko_scale,native,0.02208333333333333,0.07053009407406191,0.007053009407406191,0.008088632508007756,0.0360780341586589,100,1.99,3.286012597035925,0.3286012597035925,1.3379838102090247,2.6420161897909753,100,1.6883612654374605,0.09470868741040098,0.009470868741040098,1.669569007135975,1.707153523738946,100.0,0.18,0.29059326290271154,0.029059326290271154,0.12233999217542205,0.23766000782457794,100.0
nonlinear_weak,xgb_sko_scale,native10,0.0,0.0,0.0,0.0,0.0,100,0.0,0.0,0.0,0.0,0.0,100,,,,,,,0.0,0.0,0.0,0.0,0.0,100.0
nonlinear_weak,xgb_sko_scale,top12,0.4783333333333332,0.12115002618239713,0.012115002618239713,0.45429453977064993,0.5023721268960165,100,12.0,0.0,0.0,12.0,12.0,100,1.583940571111175,0.07201935519966253,0.007201935519966253,1.5696503685687855,1.5982307736535644,100.0,0.6259999999999999,0.14538003141887657,0.014538003141887657,0.59715344772478,0.6548465522752198,100.0
nonlinear_weak,xgb_sko_scale,top8,0.3,0.16380112356393675,0.016380112356393674,0.26749830339482683,0.33250169660517315,100,8.0,0.0,0.0,8.0,8.0,100,,,,,,,0.56,0.13104089885114942,0.013104089885114942,0.5339986427158615,0.5860013572841386,100.0
pure_interactions,deep_lasso,top12,0.1666666666666666,0.0,0.0,0.1666666666666666,0.1666666666666666,100,12.0,0.0,0.0,12.0,12.0,100,1.0171291331887395,0.049710430020250614,0.004971043002025061,1.0072655053974429,1.0269927609800362,100.0,1.0,0.0,0.0,1.0,1.0,100.0
pure_interactions,deep_lasso,top8,0.0,0.0,0.0,0.0,0.0,100,8.0,0.0,0.0,8.0,8.0,100,,,,,,,0.7999999999999998,2.2316322462394835e-16,2.2316322462394835e-17,0.7999999999999998,0.7999999999999998,100.0
pure_interactions,lasso_pair_q20,native,0.06390476190476191,0.22145526276053626,0.022145526276053627,0.01996323326773535,0.10784629054178846,100,0.45,1.5464197817585434,0.15464197817585434,0.14315676548863404,0.756843234511366,100,1.2238737382449483,0.06140046069316481,0.006140046069316481,1.2116905547511663,1.2360569217387303,100.0,0.009000000000000001,0.03785938897200181,0.0037859388972001813,0.0014878758627993134,0.016512124137200688,100.0
pure_interactions,lasso_pair_q20,native10,0.0,0.0,0.0,0.0,0.0,100,0.0,0.0,0.0,0.0,0.0,100,,,,,,,0.0,0.0,0.0,0.0,0.0,100.0
pure_interactions,lasso_pair_q20,top12,0.6716666666666665,0.10313546821337201,0.010313546821337201,0.6512023522335908,0.6921309810997422,100,12.0,0.0,0.0,12.0,12.0,100,1.162519598441428,0.0650817297613365,0.00650817297613365,1.149605971298833,1.1754332255840232,100.0,0.3940000000000001,0.12376256185604641,0.012376256185604641,0.36944282268030915,0.418557177319691,100.0
pure_interactions,lasso_pair_q20,top8,0.66625,0.1559580606017742,0.015595806060177419,0.6353045372429541,0.6971954627570459,100,8.0,0.0,0.0,8.0,8.0,100,,,,,,,0.267,0.12476644848141934,0.012476644848141934,0.2422436297943633,0.2917563702056367,100.0
pure_interactions,linear_orbit_student,native,0.0155,0.10910448147893785,0.010910448147893785,-0.006148696163607359,0.03714869616360736,100,0.13,0.9391055275735481,0.09391055275735481,-0.05633891070669389,0.3163389107066939,100,1.2233275135378805,0.06146663329120134,0.006146663329120134,1.2111311999650236,1.2355238271107374,100.0,0.0030000000000000005,0.022270150335361373,0.002227015033536137,-0.00141888098080708,0.007418880980807081,100.0
pure_interactions,linear_orbit_student,native10,0.0,0.0,0.0,0.0,0.0,100,0.0,0.0,0.0,0.0,0.0,100,,,,,,,0.0,0.0,0.0,0.0,0.0,100.0
pure_interactions,linear_orbit_student,top12,0.6708333333333334,0.10879853497231115,0.010879853497231116,0.6492453435941964,0.6924213230724704,100,12.0,0.0,0.0,12.0,12.0,100,1.165580813138322,0.06881327952026606,0.006881327952026606,1.1519267655670204,1.1792348607096237,100.0,0.395,0.13055824196677338,0.013055824196677338,0.36909441231303564,0.4209055876869644,100.0
pure_interactions,linear_orbit_student,top8,0.68625,0.15334547876799584,0.015334547876799585,0.6558229301591328,0.7166770698408672,100,8.0,0.0,0.0,8.0,8.0,100,,,,,,,0.25100000000000006,0.12267638301439668,0.012267638301439667,0.2266583441273063,0.2753416558726938,100.0
pure_interactions,tabm_midpoint,native,0.15653726991962286,0.15124200692627543,0.015124200692627543,0.12652757452729194,0.18654696531195378,100,12.31,2.754958798203338,0.2754958798203338,11.763356405189695,12.856643594810306,100,1.0136593962206515,0.05095253799560609,0.005095253799560609,1.0035493072593242,1.0237694851819787,100.0,0.998,0.01407052941362897,0.001407052941362897,0.9952081017020776,1.0007918982979225,100.0
pure_interactions,tabm_midpoint,native10,0.0703533966033966,0.10195569294402604,0.010195569294402605,0.050123175179161525,0.09058361802763167,100,10.72,2.1746008573733455,0.21746008573733455,10.28851201160345,11.151487988396552,100,,,,,,,0.98,0.14070529413628965,0.014070529413628966,0.9520810170207759,1.007918982979224,100.0
pure_interactions,tabm_midpoint,top12,0.1666666666666666,0.0,0.0,0.1666666666666666,0.1666666666666666,100,12.0,0.0,0.0,12.0,12.0,100,1.0174533708055984,0.04973094235761981,0.004973094235761981,1.0075856729215493,1.0273210686896475,100.0,1.0,0.0,0.0,1.0,1.0,100.0
pure_interactions,tabm_midpoint,top8,0.0,0.0,0.0,0.0,0.0,100,8.0,0.0,0.0,8.0,8.0,100,,,,,,,0.7999999999999998,2.2316322462394835e-16,2.2316322462394835e-17,0.7999999999999998,0.7999999999999998,100.0
pure_interactions,tabm_naive,native,0.15169671270758225,0.14478183928737898,0.014478183928737898,0.12296885472911995,0.18042457068604456,100,12.25,2.844008410392599,0.2844008410392599,11.685687030186575,12.814312969813425,100,1.012522476753859,0.05132232077014373,0.005132232077014373,1.0023390148675704,1.0227059386401476,100.0,1.0,0.0,0.0,1.0,1.0,100.0
pure_interactions,tabm_naive,native10,0.0725124875124875,0.10120786268369897,0.010120786268369897,0.05243065183619164,0.09259432318878336,100,10.96,1.7110455188792515,0.17110455188792514,10.620491447663683,11.299508552336318,100,,,,,,,1.0,0.0,0.0,1.0,1.0,100.0
pure_interactions,tabm_naive,top12,0.1666666666666666,0.0,0.0,0.1666666666666666,0.1666666666666666,100,12.0,0.0,0.0,12.0,12.0,100,1.016508676133921,0.049944798033970915,0.0049944798033970915,1.0065985446440529,1.0264188076237892,100.0,1.0,0.0,0.0,1.0,1.0,100.0
pure_interactions,tabm_naive,top8,0.0,0.0,0.0,0.0,0.0,100,8.0,0.0,0.0,8.0,8.0,100,,,,,,,0.7999999999999998,2.2316322462394835e-16,2.2316322462394835e-17,0.7999999999999998,0.7999999999999998,100.0
pure_interactions,tabm_orbit,native,0.1544510636422401,0.14369432427423098,0.014369432427423098,0.12593899223618862,0.18296313504829156,100,12.22,2.623052428070022,0.2623052428070022,11.699529490752745,12.740470509247256,100,1.0156653267742393,0.05162484198163295,0.005162484198163295,1.005421838116348,1.0259088154321305,100.0,0.9969999999999999,0.017144660799776522,0.001714466079977652,0.9935981273413216,1.000401872658678,100.0
pure_interactions,tabm_orbit,native10,0.07046953046953046,0.10322887744740625,0.010322887744740624,0.04998668161789488,0.09095237932116604,100,10.53,2.687250105835542,0.2687250105835542,9.99679127870576,11.063208721294238,100,,,,,,,0.96,0.19694638556693236,0.019694638556693237,0.9209215643219727,0.9990784356780272,100.0
pure_interactions,tabm_orbit,top12,0.16749999999999995,0.008333333333333342,0.0008333333333333341,0.1658464858737427,0.1691535141262572,100,12.0,0.0,0.0,12.0,12.0,100,1.0173701602547844,0.051166028620755734,0.005116602862075574,1.0072177101217163,1.0275226103878525,100.0,0.9990000000000001,0.009999999999999995,0.0009999999999999996,0.9970157830484915,1.0009842169515089,100.0
pure_interactions,tabm_orbit,top8,0.0,0.0,0.0,0.0,0.0,100,8.0,0.0,0.0,8.0,8.0,100,,,,,,,0.7999999999999998,2.2316322462394835e-16,2.2316322462394835e-17,0.7999999999999998,0.7999999999999998,100.0
pure_interactions,tabm_orbit_student,native,0.15283713671948962,0.14861540693020014,0.014861540693020014,0.12334861575086321,0.18232565768811604,100,11.58,3.559536912338883,0.3559536912338883,10.873710651901632,12.286289348098368,100,1.0279395526786184,0.06262829129777614,0.006262829129777614,1.0155127409549112,1.0403663644023255,100.0,0.934,0.16157057437866126,0.016157057437866128,0.9019408927452867,0.9660591072547134,100.0
pure_interactions,tabm_orbit_student,native10,0.058765068265068256,0.08577885981217248,0.008577885981217248,0.041744681493028304,0.07578545503710821,100,5.96,5.602885259607164,0.5602885259607164,4.848266009052933,7.071733990947067,100,,,,,,,0.526,0.4892005434555155,0.04892005434555155,0.42893199889883066,0.6230680011011694,100.0
pure_interactions,tabm_orbit_student,top12,0.1808333333333333,0.03146043067238643,0.003146043067238643,0.174590901349142,0.18707576531752457,100,12.0,0.0,0.0,12.0,12.0,100,1.0213457023636747,0.052152459674248565,0.005215245967424857,1.010997522908823,1.0316938818185264,100.0,0.9830000000000001,0.03775251680686368,0.003775251680686368,0.9755090816189705,0.9904909183810297,100.0
pure_interactions,tabm_orbit_student,top8,0.01625,0.04224970862370389,0.004224970862370389,0.007866741195254417,0.024633258804745584,100,8.0,0.0,0.0,8.0,8.0,100,,,,,,,0.7869999999999999,0.03379976689896314,0.0033799766898963144,0.7802933929562035,0.7937066070437964,100.0
pure_interactions,tabm_pfi,top12,0.1666666666666666,0.0,0.0,0.1666666666666666,0.1666666666666666,100,12.0,0.0,0.0,12.0,12.0,100,1.0138380249723895,0.04861383473700231,0.0048613834737002305,1.0041919854760895,1.0234840644686896,100.0,1.0,0.0,0.0,1.0,1.0,100.0
pure_interactions,tabm_pfi,top8,0.0,0.0,0.0,0.0,0.0,100,8.0,0.0,0.0,8.0,8.0,100,,,,,,,0.7999999999999998,2.2316322462394835e-16,2.2316322462394835e-17,0.7999999999999998,0.7999999999999998,100.0
pure_interactions,tabm_sko_quad,native,0.14997049529754133,0.14565958701725937,0.014565958701725936,0.12106847312660132,0.17887251746848135,100,11.72,2.7490310506015967,0.2749031050601597,11.17453259891726,12.265467401082741,100,1.0230922455112963,0.05435623547928471,0.005435623547928471,1.012306789125477,1.0338777018971157,100.0,0.9590000000000001,0.06371495868001452,0.0063714958680014516,0.9463575698922441,0.9716424301077561,100.0
pure_interactions,tabm_sko_quad,native10,0.05339676265763223,0.09411597674757721,0.009411597674757721,0.03472211101059826,0.0720714143046662,100,7.53,5.288552531533357,0.5288552531533357,6.480636441798736,8.579363558201266,100,,,,,,,0.6830000000000002,0.46079750806004083,0.046079750806004086,0.591567777329431,0.7744322226705693,100.0
pure_interactions,tabm_sko_quad,top12,0.1941666666666667,0.04279613931002274,0.004279613931002274,0.18567498415885927,0.20265834917447414,100,12.0,0.0,0.0,12.0,12.0,100,1.0237342503959195,0.05223761939045877,0.005223761939045877,1.0133691734058188,1.0340993273860202,100.0,0.9670000000000001,0.05135536717202727,0.005135536717202727,0.9568099809906312,0.977190019009369,100.0
pure_interactions,tabm_sko_quad,top8,0.00125,0.012499999999999999,0.0012499999999999998,-0.001230271189385853,0.0037302711893858528,100,8.0,0.0,0.0,8.0,8.0,100,,,,,,,0.7989999999999998,0.010000000000000012,0.0010000000000000013,0.7970157830484912,0.8009842169515085,100.0
pure_interactions,tabm_sko_quad_scale,native,0.14928895186677185,0.1448893363461099,0.01448893363461099,0.12053976413969242,0.17803813959385129,100,11.79,2.7091129414059005,0.27091129414059006,11.252453217811086,12.327546782188913,100,1.0220532221530383,0.05611005787968866,0.005611005787968866,1.0109197693535372,1.0331866749525394,100.0,0.9660000000000001,0.06066966359563962,0.006066966359563962,0.9539618225051203,0.9780381774948799,100.0
pure_interactions,tabm_sko_quad_scale,native10,0.056874458874458876,0.09514357225588091,0.009514357225588091,0.03799590998473787,0.07575300776417988,100,8.08,5.030573194643596,0.5030573194643596,7.081825139138299,9.0781748608617,100,,,,,,,0.7340000000000001,0.437905944423704,0.0437905944423704,0.6471099601908068,0.8208900398091934,100.0
pure_interactions,tabm_sko_quad_scale,top12,0.19083333333333335,0.0415317681607036,0.00415317681607036,0.1825925294922737,0.199074137174393,100,12.0,0.0,0.0,12.0,12.0,100,1.0224976888859263,0.05351021677908016,0.005351021677908016,1.0118801009647307,1.033115276807122,100.0,0.9710000000000001,0.04983812179284432,0.004983812179284432,0.9611110353907285,0.9808889646092717,100.0
pure_interactions,tabm_sko_quad_scale,top8,0.00125,0.012499999999999999,0.0012499999999999998,-0.001230271189385853,0.0037302711893858528,100,8.0,0.0,0.0,8.0,8.0,100,,,,,,,0.7989999999999998,0.010000000000000012,0.0010000000000000013,0.7970157830484912,0.8009842169515085,100.0
pure_interactions,tabm_sko_ridge,native,0.0,0.0,0.0,0.0,0.0,100,0.12,0.8561128973034413,0.08561128973034413,-0.049871372323470026,0.28987137232347004,100,1.2217880307505349,0.06384350509567806,0.006384350509567806,1.2091200942450773,1.2344559672559925,100.0,0.012,0.08561128973034414,0.008561128973034415,-0.004987137232347005,0.028987137232347006,100.0
pure_interactions,tabm_sko_ridge,native10,0.0,0.0,0.0,0.0,0.0,100,0.0,0.0,0.0,0.0,0.0,100,,,,,,,0.0,0.0,0.0,0.0,0.0,100.0
pure_interactions,tabm_sko_ridge,top12,0.6058333333333333,0.1165674181019849,0.01165674181019849,0.5827038286341775,0.6289628380324892,100,12.0,0.0,0.0,12.0,12.0,100,1.1418096244253249,0.0709677670400491,0.007096776704004911,1.1277280797881664,1.1558911690624833,100.0,0.47300000000000003,0.1398809017223819,0.01398809017223819,0.445244594361013,0.500755405638987,100.0
pure_interactions,tabm_sko_ridge,top8,0.44625,0.16404664124891588,0.01640466412489159,0.41369958735958373,0.47880041264041623,100,8.0,0.0,0.0,8.0,8.0,100,,,,,,,0.44300000000000006,0.13123731299913266,0.013123731299913266,0.4169596698876671,0.46904033011233304,100.0
pure_interactions,tabm_sko_scale,native,0.0,0.0,0.0,0.0,0.0,100,0.16,0.9180567971690436,0.09180567971690437,-0.022162385939058504,0.3421623859390585,100,1.2201794497726686,0.06557482139560514,0.006557482139560514,1.207167982552137,1.2331909169932,100.0,0.016,0.09180567971690438,0.009180567971690439,-0.002216238593905854,0.03421623859390585,100.0
pure_interactions,tabm_sko_scale,native10,0.0,0.0,0.0,0.0,0.0,100,0.0,0.0,0.0,0.0,0.0,100,,,,,,,0.0,0.0,0.0,0.0,0.0,100.0
pure_interactions,tabm_sko_scale,top12,0.6083333333333333,0.12674151607403641,0.012674151607403641,0.5831850668679319,0.6334815997987346,100,12.0,0.0,0.0,12.0,12.0,100,1.1448619990029452,0.06710581759377722,0.006710581759377722,1.131546748921503,1.1581772490843874,100.0,0.4699999999999999,0.15208981928884371,0.015208981928884372,0.4398220802415183,0.5001779197584815,100.0
pure_interactions,tabm_sko_scale,top8,0.4525,0.1729680007773961,0.01729680007773961,0.4181793960788924,0.48682060392110765,100,8.0,0.0,0.0,8.0,8.0,100,,,,,,,0.43799999999999994,0.13837440062191686,0.013837440062191685,0.41054351686311386,0.46545648313688603,100.0
pure_interactions,xgb_midpoint,native,0.1470966738575434,0.12839153893477492,0.012839153893477492,0.12162100705907666,0.17257234065601015,100,11.25,2.567768358601364,0.25677683586013644,10.740499049531554,11.759500950468446,100,1.0306128164039567,0.05307299898586653,0.005307299898586653,1.0200819819784408,1.0411436508294727,100.0,0.931,0.10415121097459572,0.010415121097459571,0.910334140166405,0.9516658598335951,100.0
pure_interactions,xgb_midpoint,native10,0.05784373959373958,0.09212335346488625,0.009212335346488625,0.039564467636254236,0.07612301155122493,100,5.88,5.73537666195913,0.573537666195913,4.741976840405341,7.018023159594659,100,,,,,,,0.515,0.488943408346668,0.0488943408346668,0.41798302008301097,0.6120169799169891,100.0
pure_interactions,xgb_midpoint,top12,0.2016666666666666,0.053207975571543775,0.005320797557154378,0.1911090499582149,0.2122242833751183,100,12.0,0.0,0.0,12.0,12.0,100,1.0294456143927482,0.050354403339451834,0.0050354403339451835,1.0194542083238236,1.0394370204616727,100.0,0.9580000000000001,0.0638495706858525,0.00638495706858525,0.945330859949858,0.9706691400501422,100.0
pure_interactions,xgb_midpoint,top8,0.01375,0.04313693840023251,0.004313693840023251,0.005190695559007282,0.022309304440992717,100,8.0,0.0,0.0,8.0,8.0,100,,,,,,,0.7889999999999999,0.034509550720186036,0.0034509550720186037,0.7821525564472057,0.7958474435527941,100.0
pure_interactions,xgb_naive,native,0.17926779247061247,0.156656193934636,0.0156656193934636,0.14818380491421884,0.2103517800270061,100,12.57,3.318923398521352,0.33189233985213523,11.911453593189513,13.228546406810487,100,1.0245212495959792,0.053549122598075115,0.005354912259807511,1.0138959419162275,1.035146557275731,100.0,0.9830000000000001,0.05135536717202727,0.005135536717202727,0.9728099809906312,0.993190019009369,100.0
pure_interactions,xgb_naive,native10,0.07414739508857156,0.10105979020589578,0.010105979020589578,0.054094940204326605,0.09419984997281651,100,8.82,4.68692572239765,0.46869257223976496,7.890012253115651,9.749987746884349,100,,,,,,,0.787,0.3968703322321544,0.03968703322321544,0.7082523159234076,0.8657476840765924,100.0
pure_interactions,xgb_naive,top12,0.17583333333333329,0.026205503144601697,0.00262055031446017,0.1706335929771,0.18103307368956656,100,12.0,0.0,0.0,12.0,12.0,100,1.0253364288686664,0.05122630285486814,0.005122630285486814,1.0151720190198916,1.0355008387174411,100.0,0.9890000000000001,0.03144660377352201,0.0031446603773522008,0.9827603115725202,0.99523968842748,100.0
pure_interactions,xgb_naive,top8,0.00125,0.012499999999999999,0.0012499999999999998,-0.001230271189385853,0.0037302711893858528,100,8.0,0.0,0.0,8.0,8.0,100,,,,,,,0.7989999999999998,0.010000000000000009,0.0010000000000000009,0.7970157830484912,0.8009842169515085,100.0
pure_interactions,xgb_orbit,native,0.16898134463575637,0.14755644314565713,0.014755644314565714,0.13970294505636235,0.19825974421515039,100,11.75,2.9759134070165087,0.2975913407016509,11.15951421715759,12.34048578284241,100,1.0292125481043746,0.05343017623358681,0.005343017623358681,1.0186108419638966,1.0398142542448525,100.0,0.9370000000000002,0.09811866655877835,0.009811866655877835,0.9175311278554645,0.9564688721445358,100.0
pure_interactions,xgb_orbit,native10,0.06956876456876455,0.10399090257950258,0.010399090257950258,0.04893471339867085,0.09020281573885826,100,6.28,5.773642653901391,0.5773642653901392,5.1343840374175285,7.425615962582472,100,,,,,,,0.54,0.48304589153964794,0.048304589153964794,0.4441532153650406,0.6358467846349595,100.0
pure_interactions,xgb_orbit,top12,0.19833333333333328,0.049943851750957925,0.0049943851750957925,0.18842338960654453,0.20824327706012202,100,12.0,0.0,0.0,12.0,12.0,100,1.0294907800901776,0.05087657300753794,0.005087657300753794,1.019395764230555,1.0395857959498003,100.0,0.9620000000000001,0.059932622101149476,0.005993262210114947,0.9501080675278536,0.9738919324721466,100.0
pure_interactions,xgb_orbit,top8,0.01,0.03408249054303634,0.003408249054303634,0.003237294451487293,0.016762705548512707,100,8.0,0.0,0.0,8.0,8.0,100,,,,,,,0.7919999999999999,0.0272659924344291,0.00272659924344291,0.7865898355611898,0.7974101644388101,100.0
pure_interactions,xgb_orbit_student,native,0.16201634558252206,0.16482135797308076,0.016482135797308076,0.1293122123364353,0.19472047882860882,100,9.34,5.115277177833143,0.5115277177833143,8.325018031207797,10.354981968792202,100,1.0792073102737383,0.07816489865188886,0.007816489865188885,1.0636976985819346,1.094716921965542,100.0,0.7090000000000001,0.30053655721429673,0.03005365572142967,0.6493670268627334,0.7686329731372668,100.0
pure_interactions,xgb_orbit_student,native10,0.04978205128205127,0.09775204538350389,0.00977520453835039,0.030385924732591822,0.06917817783151073,100,2.58,4.784613385899142,0.47846133858991424,1.6306289013283568,3.5293710986716436,100,,,,,,,0.201,0.3718626334842184,0.03718626334842184,0.12721438590079537,0.27478561409920466,100.0
pure_interactions,xgb_orbit_student,top12,0.26333333333333336,0.07370277311900891,0.007370277311900891,0.24870910415373976,0.27795756251292697,100,12.0,0.0,0.0,12.0,12.0,100,1.046901883666262,0.056271051441935435,0.005627105144193544,1.0357364862512315,1.0580672810812926,100.0,0.8840000000000002,0.08844332774281065,0.008844332774281064,0.866450924984488,0.9015490750155125,100.0
pure_interactions,xgb_orbit_student,top8,0.10875,0.09675120389196949,0.00967512038919695,0.08955246211586812,0.12794753788413188,100,8.0,0.0,0.0,8.0,8.0,100,,,,,,,0.713,0.07740096311357564,0.007740096311357564,0.6976419696926944,0.7283580303073055,100.0
pure_interactions,xgb_pfi,top12,0.1666666666666666,0.0,0.0,0.1666666666666666,0.1666666666666666,100,12.0,0.0,0.0,12.0,12.0,100,1.017188927897137,0.04708594269566853,0.004708594269566853,1.007846055329686,1.0265318004645883,100.0,1.0,0.0,0.0,1.0,1.0,100.0
pure_interactions,xgb_pfi,top8,0.0025,0.01758816176703621,0.001758816176703621,-0.0009898728724030154,0.0059898728724030155,100,8.0,0.0,0.0,8.0,8.0,100,,,,,,,0.7979999999999998,0.014070529413628982,0.0014070529413628982,0.7952081017020775,0.8007918982979222,100.0
pure_interactions,xgb_shap,top12,0.24499999999999997,0.09006482264646364,0.009006482264646364,0.22712918521702635,0.2628708147829736,100,12.0,0.0,0.0,12.0,12.0,100,1.0403565283023242,0.0573386114958197,0.00573386114958197,1.0289793038117265,1.0517337527929218,100.0,0.9059999999999999,0.10807778717575632,0.010807778717575631,0.8845550222604316,0.9274449777395682,100.0
pure_interactions,xgb_shap,top8,0.16375,0.12897101506645872,0.012897101506645872,0.1381593525651851,0.1893406474348149,100,8.0,0.0,0.0,8.0,8.0,100,,,,,,,0.6689999999999999,0.103176812053167,0.0103176812053167,0.648527482052148,0.6894725179478518,100.0
pure_interactions,xgb_sko_quad,native,0.16028120817091407,0.1651093482551071,0.01651093482551071,0.12751993140488066,0.19304248493694748,100,10.17,4.187656223529415,0.4187656223529415,9.33907815341821,11.00092184658179,100,1.0621668900121581,0.06986580151342578,0.006986580151342578,1.04830399924279,1.0760297807815262,100.0,0.7950000000000002,0.21337830965283944,0.021337830965283945,0.7526611140902568,0.8373388859097435,100.0
pure_interactions,xgb_sko_quad,native10,0.05118598068598068,0.10103694748927682,0.010103694748927682,0.03113805829228911,0.07123390307967226,100,3.01,5.02618396524891,0.5026183965248909,2.0126960574751984,4.007303942524802,100,,,,,,,0.241,0.40027641964174226,0.04002764196417423,0.1615764742857652,0.3204235257142348,100.0
pure_interactions,xgb_sko_quad,top12,0.24416666666666667,0.06621797661124276,0.006621797661124276,0.23102758349800334,0.25730574983533,100,12.0,0.0,0.0,12.0,12.0,100,1.0450899227224433,0.05635204214384267,0.005635204214384267,1.0339084549950488,1.0562713904498378,100.0,0.9070000000000001,0.0794615719334913,0.00794615719334913,0.8912331001976042,0.9227668998023961,100.0
pure_interactions,xgb_sko_quad,top8,0.04375,0.07405763180309527,0.007405763180309527,0.02905535915877098,0.058444640841229016,100,8.0,0.0,0.0,8.0,8.0,100,,,,,,,0.765,0.05924610544247626,0.0059246105442476256,0.7532442873270168,0.7767557126729833,100.0
pure_interactions,xgb_sko_quad_scale,native,0.15590648006440844,0.15694212549807443,0.01569421254980744,0.12476575748250021,0.18704720264631666,100,10.26,4.138071575460768,0.4138071575460768,9.43891682334145,11.081083176658549,100,1.0567724560697367,0.06930962335415103,0.0069309623354151025,1.0430199231135378,1.0705249890259356,100.0,0.811,0.21737413634449512,0.02173741363444951,0.7678682553845694,0.8541317446154307,100.0
pure_interactions,xgb_sko_quad_scale,native10,0.07375334469452116,0.1103532136975962,0.01103532136975962,0.05185687296729811,0.09564981642174422,100,4.84,5.690182933630677,0.5690182933630676,3.7109442565904605,5.969055743409539,100,,,,,,,0.39599999999999996,0.4614251091056178,0.046142510910561776,0.30444324766608893,0.487556752333911,100.0
pure_interactions,xgb_sko_quad_scale,top12,0.24166666666666667,0.0685549088914052,0.0068554908891405196,0.2280638854335207,0.2552694478998126,100,12.0,0.0,0.0,12.0,12.0,100,1.0411715993237851,0.05932616485853957,0.005932616485853958,1.0294000011257538,1.0529431975218164,100.0,0.9100000000000003,0.08226589066968622,0.008226589066968621,0.8936766625202252,0.9263233374797754,100.0
pure_interactions,xgb_sko_quad_scale,top8,0.04625,0.07029653999560387,0.007029653999560387,0.03230164137083147,0.06019835862916853,100,8.0,0.0,0.0,8.0,8.0,100,,,,,,,0.7630000000000001,0.05623723199648314,0.005623723199648314,0.7518413130966652,0.774158686903335,100.0
pure_interactions,xgb_sko_ridge,native,0.021,0.10839146329566722,0.010839146329566722,-0.0005072178870094077,0.04250721788700941,100,0.41,2.1371887510408984,0.21371887510408985,-0.01406461483890209,0.834064614838902,100,1.2205608620210493,0.0648908009943567,0.006489080099435671,1.2076851192880513,1.2334366047540473,100.0,0.019,0.09918353561642038,0.009918353561642038,-0.0006801652680666521,0.038680165268066655,100.0
pure_interactions,xgb_sko_ridge,native10,0.0,0.0,0.0,0.0,0.0,100,0.0,0.0,0.0,0.0,0.0,100,,,,,,,0.0,0.0,0.0,0.0,0.0,100.0
pure_interactions,xgb_sko_ridge,top12,0.6225,0.11752629430938645,0.011752629430938645,0.5991802334583317,0.6458197665416684,100,12.0,0.0,0.0,12.0,12.0,100,1.1489782156610333,0.06982864113024896,0.006982864113024896,1.1351226983178877,1.162833733004179,100.0,0.4529999999999999,0.14103155317126373,0.014103155317126373,0.4250162801499979,0.4809837198500019,100.0
pure_interactions,xgb_sko_ridge,top8,0.5275,0.1449703905679161,0.014497039056791611,0.4987347293568306,0.5562652706431693,100,8.0,0.0,0.0,8.0,8.0,100,,,,,,,0.37800000000000006,0.11597631245433289,0.011597631245433289,0.35498778348546456,0.40101221651453556,100.0
pure_interactions,xgb_sko_scale,native,0.004857142857142857,0.03470997722655885,0.003470997722655885,-0.002030069662798984,0.011744355377084698,100,0.12,0.8561128973034413,0.08561128973034413,-0.049871372323470026,0.28987137232347004,100,1.2214105122206875,0.06392923488108036,0.006392923488108037,1.2087255650658855,1.2340954593754896,100.0,0.009000000000000001,0.06371495868001453,0.006371495868001453,-0.003642430107756011,0.021642430107756013,100.0
pure_interactions,xgb_sko_scale,native10,0.0,0.0,0.0,0.0,0.0,100,0.0,0.0,0.0,0.0,0.0,100,,,,,,,0.0,0.0,0.0,0.0,0.0,100.0
pure_interactions,xgb_sko_scale,top12,0.6341666666666668,0.10112651120372902,0.010112651120372903,0.6141009728889296,0.6542323604444039,100,12.0,0.0,0.0,12.0,12.0,100,1.151164077560521,0.0653051866401751,0.006530518664017509,1.1382061117252336,1.1641220433958084,100.0,0.439,0.12135181344447485,0.012135181344447485,0.41492116746671537,0.46307883253328463,100.0
pure_interactions,xgb_sko_scale,top8,0.545,0.14159980596916455,0.014159980596916455,0.5169035264665643,0.5730964735334357,100,8.0,0.0,0.0,8.0,8.0,100,,,,,,,0.36399999999999993,0.11327984477533164,0.011327984477533163,0.3415228211732514,0.3864771788267485,100.0
