method,fraction,group,run,half,J,set,native_size
xgb_sko_ridge,0.5,0,half_00_A,A,0.4117647058823529,"[0, 22, 18, 26, 16, 20, 7, 25, 27, 3, 24, 12]",0.0
xgb_sko_quad,0.5,0,half_00_A,A,0.5,"[0, 16, 17, 18, 26, 2, 22, 24, 1, 20, 3, 23]",0.0
xgb_sko_scale,0.5,0,half_00_A,A,0.2631578947368421,"[0, 18, 20, 26, 22, 17, 16, 7, 25, 3, 1, 23]",0.0
xgb_sko_quad_scale,0.5,0,half_00_A,A,0.6,"[0, 17, 16, 18, 2, 26, 1, 25, 22, 23, 3, 24]",0.0
tabm_sko_ridge,0.5,0,half_00_A,A,0.5,"[0, 18, 26, 22, 27, 20, 28, 17, 2, 25, 6, 1]",0.0
tabm_sko_quad,0.5,0,half_00_A,A,0.6,"[0, 16, 18, 2, 27, 26, 22, 20, 1, 3, 6, 28]",5.0
tabm_sko_scale,0.5,0,half_00_A,A,0.4117647058823529,"[0, 19, 18, 17, 16, 26, 22, 20, 25, 6, 1, 28]",0.0
tabm_sko_quad_scale,0.5,0,half_00_A,A,0.4117647058823529,"[0, 16, 18, 2, 19, 26, 27, 1, 6, 3, 17, 22]",11.0
xgb_sko_ridge,0.5,0,half_00_B,B,0.3333333333333333,"[0, 21, 25, 28, 18, 23, 27, 6, 8, 20, 5, 26]",0.0
xgb_sko_quad,0.5,0,half_00_B,B,0.3333333333333333,"[0, 15, 23, 17, 21, 25, 9, 18, 8, 6, 5, 3]",5.0
xgb_sko_scale,0.5,0,half_00_B,B,0.4117647058823529,"[0, 25, 17, 15, 21, 23, 8, 28, 7, 27, 6, 16]",0.0
xgb_sko_quad_scale,0.5,0,half_00_B,B,0.5,"[0, 17, 23, 25, 7, 21, 15, 24, 2, 9, 8, 26]",0.0
tabm_sko_ridge,0.5,0,half_00_B,B,0.3333333333333333,"[0, 16, 19, 25, 7, 22, 10, 6, 5, 3, 8, 20]",0.0
tabm_sko_quad,0.5,0,half_00_B,B,0.3333333333333333,"[0, 16, 19, 15, 7, 25, 18, 22, 10, 3, 5, 24]",0.0
tabm_sko_scale,0.5,0,half_00_B,B,0.3333333333333333,"[0, 16, 19, 25, 15, 7, 27, 22, 10, 20, 8, 24]",7.0
tabm_sko_quad_scale,0.5,0,half_00_B,B,0.4117647058823529,"[0, 16, 19, 15, 7, 25, 18, 24, 28, 22, 3, 8]",6.0
xgb_sko_ridge,0.5,1,half_01_A,A,0.3333333333333333,"[0, 16, 22, 27, 18, 25, 8, 4, 20, 24, 3, 17]",0.0
xgb_sko_quad,0.5,1,half_01_A,A,0.3333333333333333,"[0, 27, 19, 22, 21, 17, 24, 3, 20, 4, 2, 9]",0.0
xgb_sko_scale,0.5,1,half_01_A,A,0.4117647058823529,"[0, 18, 25, 4, 27, 8, 16, 15, 22, 3, 2, 20]",0.0
xgb_sko_quad_scale,0.5,1,half_01_A,A,0.4117647058823529,"[0, 27, 21, 22, 15, 25, 24, 2, 4, 8, 19, 18]",0.0
tabm_sko_ridge,0.5,1,half_01_A,A,0.4117647058823529,"[0, 16, 19, 22, 27, 4, 20, 2, 18, 25, 26, 5]",0.0
tabm_sko_quad,0.5,1,half_01_A,A,0.5,"[0, 16, 19, 15, 27, 22, 20, 4, 2, 3, 26, 18]",5.0
tabm_sko_scale,0.5,1,half_01_A,A,0.6,"[0, 16, 19, 15, 4, 18, 2, 27, 25, 20, 22, 1]",0.0
tabm_sko_quad_scale,0.5,1,half_01_A,A,0.6,"[0, 16, 15, 19, 27, 20, 4, 18, 2, 22, 3, 17]",0.0
xgb_sko_ridge,0.5,1,half_01_B,B,0.4117647058823529,"[0, 16, 21, 25, 19, 23, 8, 22, 3, 5, 27, 20]",0.0
xgb_sko_quad,0.5,1,half_01_B,B,0.2631578947368421,"[0, 16, 17, 15, 27, 19, 8, 3, 24, 25, 4, 5]",20.0
xgb_sko_scale,0.5,1,half_01_B,B,0.4117647058823529,"[0, 16, 21, 22, 15, 25, 8, 27, 4, 20, 5, 3]",0.0
xgb_sko_quad_scale,0.5,1,half_01_B,B,0.3333333333333333,"[0, 16, 19, 15, 17, 25, 3, 8, 4, 23, 7, 6]",0.0
tabm_sko_ridge,0.5,1,half_01_B,B,0.4117647058823529,"[0, 16, 19, 3, 8, 20, 18, 27, 26, 24, 5, 25]",0.0
tabm_sko_quad,0.5,1,half_01_B,B,0.3333333333333333,"[0, 16, 19, 3, 18, 8, 27, 24, 6, 20, 2, 5]",0.0
tabm_sko_scale,0.5,1,half_01_B,B,0.6,"[0, 16, 19, 15, 27, 3, 20, 8, 9, 18, 22, 10]",0.0
tabm_sko_quad_scale,0.5,1,half_01_B,B,0.4117647058823529,"[0, 16, 15, 19, 3, 18, 6, 27, 20, 2, 24, 8]",0.0
xgb_sko_ridge,0.5,2,half_02_A,A,0.6,"[0, 16, 17, 23, 7, 25, 21, 15, 2, 18, 9, 20]",8.0
xgb_sko_quad,0.5,2,half_02_A,A,0.5,"[0, 15, 23, 21, 22, 7, 2, 18, 16, 25, 20, 6]",11.0
xgb_sko_scale,0.5,2,half_02_A,A,0.4117647058823529,"[0, 16, 17, 15, 25, 23, 19, 2, 7, 22, 9, 3]",9.0
xgb_sko_quad_scale,0.5,2,half_02_A,A,0.5,"[0, 15, 18, 16, 22, 2, 7, 19, 21, 3, 23, 25]",10.0
tabm_sko_ridge,0.5,2,half_02_A,A,0.5,"[0, 16, 28, 20, 25, 2, 19, 4, 10, 22, 23, 1]",0.0
tabm_sko_quad,0.5,2,half_02_A,A,0.5,"[0, 15, 16, 19, 2, 28, 18, 20, 4, 8, 23, 10]",6.0
tabm_sko_scale,0.5,2,half_02_A,A,0.5,"[0, 16, 15, 28, 20, 19, 2, 25, 22, 4, 18, 27]",0.0
tabm_sko_quad_scale,0.5,2,half_02_A,A,0.6,"[0, 15, 16, 19, 18, 28, 2, 20, 4, 22, 10, 21]",7.0
xgb_sko_ridge,0.5,2,half_02_B,B,0.4117647058823529,"[0, 25, 16, 22, 7, 23, 27, 8, 5, 1, 26, 20]",5.0
xgb_sko_quad,0.5,2,half_02_B,B,0.2631578947368421,"[0, 22, 23, 21, 7, 16, 5, 20, 17, 27, 19, 3]",5.0
xgb_sko_scale,0.5,2,half_02_B,B,0.4117647058823529,"[0, 25, 22, 16, 20, 1, 27, 7, 8, 15, 5, 26]",0.0
xgb_sko_quad_scale,0.5,2,half_02_B,B,0.4117647058823529,"[0, 22, 23, 16, 19, 7, 21, 2, 20, 5, 24, 27]",6.0
tabm_sko_ridge,0.5,2,half_02_B,B,0.3333333333333333,"[0, 16, 20, 22, 25, 15, 26, 18, 2, 5, 7, 23]",0.0
tabm_sko_quad,0.5,2,half_02_B,B,0.5,"[0, 16, 18, 22, 15, 20, 25, 26, 2, 5, 23, 10]",0.0
tabm_sko_scale,0.5,2,half_02_B,B,0.5,"[0, 16, 15, 25, 20, 7, 22, 2, 5, 26, 18, 23]",6.0
tabm_sko_quad_scale,0.5,2,half_02_B,B,0.3333333333333333,"[0, 16, 15, 18, 25, 5, 2, 22, 7, 27, 19, 26]",0.0
xgb_sko_ridge,0.5,3,half_03_A,A,0.5,"[0, 17, 25, 16, 23, 22, 20, 27, 9, 24, 28, 26]",0.0
xgb_sko_quad,0.5,3,half_03_A,A,0.7142857142857143,"[0, 17, 24, 23, 16, 9, 26, 1, 25, 20, 15, 27]",0.0
xgb_sko_scale,0.5,3,half_03_A,A,0.5,"[0, 16, 17, 22, 25, 20, 28, 27, 9, 26, 24, 1]",0.0
xgb_sko_quad_scale,0.5,3,half_03_A,A,0.6,"[0, 16, 15, 24, 9, 23, 2, 1, 26, 20, 25, 27]",0.0
tabm_sko_ridge,0.5,3,half_03_A,A,0.4117647058823529,"[0, 16, 20, 27, 26, 25, 7, 15, 14, 1, 6, 13]",0.0
tabm_sko_quad,0.5,3,half_03_A,A,0.3333333333333333,"[0, 16, 15, 20, 27, 26, 7, 1, 14, 25, 24, 13]",0.0
tabm_sko_scale,0.5,3,half_03_A,A,0.4117647058823529,"[16, 0, 15, 20, 27, 26, 1, 7, 28, 25, 14, 8]",0.0
tabm_sko_quad_scale,0.5,3,half_03_A,A,0.2631578947368421,"[0, 16, 15, 20, 27, 26, 1, 7, 25, 17, 10, 24]",5.0
xgb_sko_ridge,0.5,3,half_03_B,B,0.4117647058823529,"[0, 16, 21, 22, 27, 2, 23, 8, 28, 26, 11, 1]",0.0
xgb_sko_quad,0.5,3,half_03_B,B,0.4117647058823529,"[0, 21, 16, 2, 8, 22, 28, 26, 27, 9, 19, 20]",0.0
xgb_sko_scale,0.5,3,half_03_B,B,0.4117647058823529,"[0, 16, 21, 22, 2, 23, 28, 8, 27, 25, 13, 11]",0.0
xgb_sko_quad_scale,0.5,3,half_03_B,B,0.3333333333333333,"[0, 16, 2, 21, 8, 28, 23, 3, 5, 22, 26, 25]",0.0
tabm_sko_ridge,0.5,3,half_03_B,B,0.4117647058823529,"[0, 16, 19, 25, 2, 26, 20, 8, 22, 23, 27, 6]",0.0
tabm_sko_quad,0.5,3,half_03_B,B,0.5,"[0, 16, 19, 2, 26, 20, 8, 1, 25, 4, 9, 23]",0.0
tabm_sko_scale,0.5,3,half_03_B,B,0.6,"[0, 16, 19, 15, 2, 25, 26, 27, 20, 8, 22, 1]",0.0
tabm_sko_quad_scale,0.5,3,half_03_B,B,0.4117647058823529,"[0, 16, 19, 2, 26, 8, 20, 1, 4, 25, 23, 3]",0.0
xgb_sko_ridge,0.5,4,half_04_A,A,0.3333333333333333,"[0, 8, 19, 15, 23, 25, 16, 2, 20, 26, 18, 3]",0.0
xgb_sko_quad,0.5,4,half_04_A,A,0.4117647058823529,"[0, 8, 15, 24, 19, 2, 20, 26, 4, 3, 25, 6]",0.0
xgb_sko_scale,0.5,4,half_04_A,A,0.2,"[0, 18, 19, 15, 8, 25, 23, 20, 26, 2, 6, 5]",0.0
xgb_sko_quad_scale,0.5,4,half_04_A,A,0.4117647058823529,"[0, 8, 24, 15, 25, 18, 3, 2, 19, 4, 20, 26]",0.0
tabm_sko_ridge,0.5,4,half_04_A,A,0.3333333333333333,"[0, 16, 15, 19, 26, 20, 2, 18, 17, 8, 5, 27]",0.0
tabm_sko_quad,0.5,4,half_04_A,A,0.3333333333333333,"[0, 15, 19, 16, 26, 27, 17, 8, 18, 2, 20, 24]",0.0
tabm_sko_scale,0.5,4,half_04_A,A,0.5,"[0, 16, 19, 15, 18, 20, 26, 17, 27, 2, 5, 25]",0.0
tabm_sko_quad_scale,0.5,4,half_04_A,A,0.3333333333333333,"[0, 15, 16, 19, 18, 27, 17, 26, 2, 20, 8, 5]",0.0
xgb_sko_ridge,0.5,4,half_04_B,B,0.4117647058823529,"[0, 7, 16, 21, 17, 25, 28, 23, 18, 3, 27, 5]",0.0
xgb_sko_quad,0.5,4,half_04_B,B,0.5,"[0, 16, 21, 23, 7, 3, 5, 24, 26, 17, 20, 25]",0.0
xgb_sko_scale,0.5,4,half_04_B,B,0.3333333333333333,"[0, 16, 21, 28, 7, 17, 18, 25, 27, 3, 4, 5]",0.0
xgb_sko_quad_scale,0.5,4,half_04_B,B,0.4117647058823529,"[0, 21, 16, 15, 7, 17, 23, 3, 27, 28, 18, 5]",7.0
tabm_sko_ridge,0.5,4,half_04_B,B,0.4117647058823529,"[0, 25, 7, 16, 4, 1, 28, 26, 27, 21, 8, 6]",0.0
tabm_sko_quad,0.5,4,half_04_B,B,0.5,"[0, 16, 4, 26, 28, 27, 18, 25, 8, 6, 7, 3]",0.0
tabm_sko_scale,0.5,4,half_04_B,B,0.3333333333333333,"[0, 16, 7, 25, 4, 8, 28, 1, 26, 18, 19, 22]",0.0
tabm_sko_quad_scale,0.5,4,half_04_B,B,0.4117647058823529,"[0, 16, 7, 19, 4, 18, 8, 22, 28, 26, 27, 3]",0.0
xgb_sko_ridge,0.5,5,half_05_A,A,0.4117647058823529,"[0, 16, 23, 8, 15, 2, 7, 4, 25, 18, 19, 28]",0.0
xgb_sko_quad,0.5,5,half_05_A,A,0.4117647058823529,"[0, 7, 16, 18, 23, 8, 15, 19, 4, 24, 9, 2]",0.0
xgb_sko_scale,0.5,5,half_05_A,A,0.3333333333333333,"[0, 16, 23, 2, 8, 7, 18, 28, 4, 25, 19, 15]",0.0
xgb_sko_quad_scale,0.5,5,half_05_A,A,0.3333333333333333,"[0, 16, 18, 7, 8, 23, 2, 24, 19, 4, 28, 9]",0.0
tabm_sko_ridge,0.5,5,half_05_A,A,0.5,"[0, 16, 25, 2, 7, 8, 27, 20, 23, 9, 26, 14]",0.0
tabm_sko_quad,0.5,5,half_05_A,A,0.2631578947368421,"[0, 16, 15, 2, 7, 27, 9, 8, 26, 25, 23, 14]",6.0
tabm_sko_scale,0.5,5,half_05_A,A,0.5,"[0, 16, 7, 25, 2, 8, 27, 20, 23, 9, 26, 22]",0.0
tabm_sko_quad_scale,0.5,5,half_05_A,A,0.3333333333333333,"[0, 16, 15, 7, 2, 19, 9, 27, 8, 20, 26, 6]",8.0
xgb_sko_ridge,0.5,5,half_05_B,B,0.5,"[0, 15, 22, 25, 23, 27, 17, 7, 6, 8, 20, 2]",0.0
xgb_sko_quad,0.5,5,half_05_B,B,0.2631578947368421,"[0, 7, 28, 17, 6, 19, 25, 5, 23, 22, 21, 24]",0.0
xgb_sko_scale,0.5,5,half_05_B,B,0.5,"[0, 22, 25, 15, 7, 23, 27, 28, 6, 20, 2, 13]",0.0
xgb_sko_quad_scale,0.5,5,half_05_B,B,0.2631578947368421,"[0, 7, 17, 28, 19, 6, 25, 2, 27, 23, 26, 13]",0.0
tabm_sko_ridge,0.5,5,half_05_B,B,0.4117647058823529,"[0, 16, 27, 25, 20, 26, 24, 9, 17, 14, 4, 6]",0.0
tabm_sko_quad,0.5,5,half_05_B,B,0.3333333333333333,"[0, 16, 27, 20, 26, 25, 24, 6, 28, 17, 13, 11]",0.0
tabm_sko_scale,0.5,5,half_05_B,B,0.5,"[0, 16, 27, 20, 25, 26, 22, 9, 17, 6, 15, 4]",0.0
tabm_sko_quad_scale,0.5,5,half_05_B,B,0.3333333333333333,"[0, 16, 27, 20, 26, 18, 6, 22, 17, 25, 24, 28]",0.0
xgb_sko_ridge,0.5,6,half_06_A,A,0.4117647058823529,"[0, 16, 22, 19, 27, 28, 3, 17, 25, 1, 20, 8]",0.0
xgb_sko_quad,0.5,6,half_06_A,A,0.3333333333333333,"[0, 19, 21, 17, 16, 18, 27, 28, 3, 20, 26, 24]",6.0
xgb_sko_scale,0.5,6,half_06_A,A,0.4117647058823529,"[0, 16, 22, 27, 3, 28, 7, 1, 25, 19, 8, 20]",0.0
xgb_sko_quad_scale,0.5,6,half_06_A,A,0.4117647058823529,"[0, 16, 19, 21, 1, 18, 3, 28, 27, 20, 7, 24]",0.0
tabm_sko_ridge,0.5,6,half_06_A,A,0.5,"[0, 16, 19, 20, 3, 17, 24, 26, 27, 10, 25, 7]",6.0
tabm_sko_quad,0.5,6,half_06_A,A,0.4117647058823529,"[0, 16, 15, 19, 27, 3, 20, 17, 24, 26, 10, 2]",5.0
tabm_sko_scale,0.5,6,half_06_A,A,0.4117647058823529,"[0, 15, 16, 19, 20, 27, 17, 3, 26, 25, 7, 24]",7.0
tabm_sko_quad_scale,0.5,6,half_06_A,A,0.3333333333333333,"[0, 16, 15, 19, 27, 3, 20, 26, 17, 2, 24, 25]",7.0
xgb_sko_ridge,0.5,6,half_06_B,B,0.4117647058823529,"[0, 15, 16, 28, 25, 1, 21, 17, 5, 27, 8, 4]",0.0
xgb_sko_quad,0.5,6,half_06_B,B,0.3333333333333333,"[0, 15, 16, 28, 18, 17, 2, 24, 8, 25, 5, 19]",0.0
xgb_sko_scale,0.5,6,half_06_B,B,0.3333333333333333,"[0, 15, 16, 17, 25, 28, 27, 1, 6, 5, 8, 21]",0.0
xgb_sko_quad_scale,0.5,6,half_06_B,B,0.6,"[0, 15, 16, 18, 27, 24, 17, 2, 25, 6, 8, 1]",0.0
tabm_sko_ridge,0.5,6,half_06_B,B,0.5,"[0, 15, 19, 16, 25, 6, 20, 27, 21, 26, 10, 28]",6.0
tabm_sko_quad,0.5,6,half_06_B,B,0.3333333333333333,"[0, 15, 16, 19, 6, 20, 21, 8, 27, 26, 1, 4]",5.0
tabm_sko_scale,0.5,6,half_06_B,B,0.3333333333333333,"[0, 15, 16, 19, 25, 6, 27, 20, 21, 26, 8, 5]",6.0
tabm_sko_quad_scale,0.5,6,half_06_B,B,0.2631578947368421,"[0, 15, 16, 19, 6, 20, 27, 26, 8, 1, 21, 25]",7.0
xgb_sko_ridge,0.5,7,half_07_A,A,0.6,"[0, 15, 25, 21, 16, 6, 7, 18, 19, 28, 9, 22]",0.0
xgb_sko_quad,0.5,7,half_07_A,A,0.4117647058823529,"[0, 16, 15, 6, 2, 23, 18, 24, 9, 7, 28, 8]",0.0
xgb_sko_scale,0.5,7,half_07_A,A,0.4117647058823529,"[0, 15, 18, 16, 2, 21, 27, 25, 23, 19, 20, 1]",0.0
xgb_sko_quad_scale,0.5,7,half_07_A,A,0.4117647058823529,"[0, 15, 16, 2, 18, 6, 24, 23, 26, 8, 7, 9]",0.0
tabm_sko_ridge,0.5,7,half_07_A,A,0.2631578947368421,"[0, 16, 19, 6, 20, 7, 26, 22, 4, 21, 2, 23]",0.0
tabm_sko_quad,0.5,7,half_07_A,A,0.4117647058823529,"[0, 16, 6, 19, 2, 20, 18, 4, 23, 26, 21, 8]",0.0
tabm_sko_scale,0.5,7,half_07_A,A,0.5,"[0, 16, 15, 20, 6, 26, 19, 18, 7, 22, 4, 2]",0.0
tabm_sko_quad_scale,0.5,7,half_07_A,A,0.4117647058823529,"[0, 16, 20, 18, 15, 6, 2, 19, 4, 26, 8, 21]",0.0
xgb_sko_ridge,0.5,7,half_07_B,B,0.4117647058823529,"[0, 21, 2, 19, 22, 6, 3, 8, 9, 25, 27, 26]",0.0
xgb_sko_quad,0.5,7,half_07_B,B,0.2631578947368421,"[0, 19, 21, 2, 3, 9, 7, 27, 26, 8, 4, 6]",0.0
xgb_sko_scale,0.5,7,half_07_B,B,0.3333333333333333,"[0, 21, 19, 2, 16, 22, 25, 7, 23, 3, 26, 1]",0.0
xgb_sko_quad_scale,0.5,7,half_07_B,B,0.4117647058823529,"[0, 17, 2, 21, 9, 1, 25, 3, 26, 18, 27, 8]",0.0
tabm_sko_ridge,0.5,7,half_07_B,B,0.6,"[0, 16, 25, 2, 26, 20, 9, 10, 18, 27, 23, 4]",0.0
tabm_sko_quad,0.5,7,half_07_B,B,0.6,"[0, 16, 26, 2, 27, 20, 9, 10, 18, 25, 4, 7]",0.0
tabm_sko_scale,0.5,7,half_07_B,B,0.7142857142857143,"[0, 16, 2, 25, 26, 18, 20, 9, 27, 3, 22, 7]",0.0
tabm_sko_quad_scale,0.5,7,half_07_B,B,0.5,"[0, 16, 26, 2, 18, 27, 20, 9, 7, 3, 10, 4]",0.0
xgb_sko_ridge,0.5,8,half_08_A,A,0.6,"[0, 15, 16, 25, 23, 22, 4, 6, 7, 2, 21, 28]",0.0
xgb_sko_quad,0.5,8,half_08_A,A,0.4117647058823529,"[0, 15, 25, 4, 22, 1, 2, 6, 26, 21, 17, 12]",0.0
xgb_sko_scale,0.5,8,half_08_A,A,0.5,"[0, 15, 25, 16, 23, 22, 28, 7, 6, 2, 26, 20]",0.0
xgb_sko_quad_scale,0.5,8,half_08_A,A,0.5,"[0, 15, 25, 21, 28, 22, 17, 1, 2, 20, 4, 26]",0.0
tabm_sko_ridge,0.5,8,half_08_A,A,0.6,"[0, 15, 16, 25, 28, 26, 22, 9, 7, 27, 20, 1]",0.0
tabm_sko_quad,0.5,8,half_08_A,A,0.4117647058823529,"[0, 15, 16, 19, 25, 26, 22, 2, 9, 28, 1, 23]",0.0
tabm_sko_scale,0.5,8,half_08_A,A,0.6,"[0, 15, 16, 19, 25, 28, 26, 9, 1, 22, 20, 2]",5.0
tabm_sko_quad_scale,0.5,8,half_08_A,A,0.5,"[0, 15, 19, 16, 26, 28, 9, 25, 2, 1, 22, 23]",0.0
xgb_sko_ridge,0.5,8,half_08_B,B,0.3333333333333333,"[0, 17, 22, 15, 21, 8, 25, 26, 2, 3, 23, 6]",6.0
xgb_sko_quad,0.5,8,half_08_B,B,0.3333333333333333,"[0, 21, 17, 23, 22, 8, 19, 26, 6, 3, 20, 9]",6.0
xgb_sko_scale,0.5,8,half_08_B,B,0.3333333333333333,"[0, 17, 22, 15, 8, 27, 25, 19, 21, 26, 3, 2]",0.0
xgb_sko_quad_scale,0.5,8,half_08_B,B,0.2631578947368421,"[0, 22, 23, 17, 21, 8, 26, 19, 6, 20, 3, 28]",0.0
tabm_sko_ridge,0.5,8,half_08_B,B,0.5,"[0, 15, 20, 22, 16, 26, 27, 25, 3, 8, 6, 1]",0.0
tabm_sko_quad,0.5,8,half_08_B,B,0.4117647058823529,"[0, 15, 19, 16, 26, 20, 22, 3, 27, 10, 25, 24]",0.0
tabm_sko_scale,0.5,8,half_08_B,B,0.6,"[0, 15, 26, 20, 22, 25, 27, 3, 8, 16, 6, 1]",0.0
tabm_sko_quad_scale,0.5,8,half_08_B,B,0.3333333333333333,"[0, 15, 19, 26, 16, 20, 10, 22, 27, 3, 8, 6]",10.0
xgb_sko_ridge,0.5,9,half_09_A,A,0.7142857142857143,"[0, 21, 16, 15, 23, 27, 2, 28, 7, 22, 20, 5]",5.0
xgb_sko_quad,0.5,9,half_09_A,A,0.5,"[0, 21, 16, 7, 2, 15, 27, 19, 25, 24, 9, 22]",0.0
xgb_sko_scale,0.5,9,half_09_A,A,0.6,"[0, 15, 16, 21, 23, 27, 22, 2, 17, 20, 7, 25]",0.0
xgb_sko_quad_scale,0.5,9,half_09_A,A,0.4117647058823529,"[0, 21, 16, 27, 2, 24, 15, 26, 4, 25, 7, 22]",5.0
tabm_sko_ridge,0.5,9,half_09_A,A,0.5,"[0, 16, 15, 7, 27, 20, 22, 25, 26, 21, 9, 2]",5.0
tabm_sko_quad,0.5,9,half_09_A,A,0.4117647058823529,"[0, 15, 16, 27, 22, 7, 26, 20, 21, 28, 2, 1]",7.0
tabm_sko_scale,0.5,9,half_09_A,A,0.5,"[0, 16, 15, 27, 20, 7, 25, 26, 22, 21, 3, 23]",0.0
tabm_sko_quad_scale,0.5,9,half_09_A,A,0.5,"[0, 16, 15, 27, 26, 7, 20, 22, 3, 28, 17, 1]",0.0
xgb_sko_ridge,0.5,9,half_09_B,B,0.3333333333333333,"[0, 25, 17, 16, 23, 3, 6, 18, 2, 1, 15, 27]",0.0
xgb_sko_quad,0.5,9,half_09_B,B,0.3333333333333333,"[0, 23, 1, 3, 17, 27, 25, 6, 28, 16, 8, 26]",0.0
xgb_sko_scale,0.5,9,half_09_B,B,0.2631578947368421,"[0, 25, 7, 16, 3, 18, 22, 6, 23, 8, 9, 1]",0.0
xgb_sko_quad_scale,0.5,9,half_09_B,B,0.4117647058823529,"[0, 16, 25, 1, 7, 23, 15, 3, 8, 27, 18, 6]",13.0
tabm_sko_ridge,0.5,9,half_09_B,B,0.5,"[0, 16, 19, 20, 25, 28, 22, 1, 7, 27, 5, 9]",0.0
tabm_sko_quad,0.5,9,half_09_B,B,0.5,"[0, 16, 20, 22, 25, 28, 2, 1, 24, 18, 23, 8]",11.0
tabm_sko_scale,0.5,9,half_09_B,B,0.5,"[0, 16, 19, 15, 20, 28, 25, 9, 1, 7, 18, 2]",9.0
tabm_sko_quad_scale,0.5,9,half_09_B,B,0.5,"[0, 16, 20, 18, 25, 9, 2, 3, 1, 24, 8, 27]",0.0
xgb_sko_ridge,0.5,10,half_10_A,A,0.5,"[0, 28, 19, 25, 2, 20, 7, 27, 22, 23, 6, 26]",0.0
xgb_sko_quad,0.5,10,half_10_A,A,0.2631578947368421,"[0, 22, 19, 23, 28, 20, 8, 24, 2, 17, 7, 27]",0.0
xgb_sko_scale,0.5,10,half_10_A,A,0.3333333333333333,"[0, 28, 2, 25, 23, 15, 1, 8, 16, 20, 26, 3]",0.0
xgb_sko_quad_scale,0.5,10,half_10_A,A,0.3333333333333333,"[0, 16, 28, 19, 22, 23, 24, 8, 2, 25, 3, 26]",8.0
tabm_sko_ridge,0.5,10,half_10_A,A,0.4117647058823529,"[0, 16, 20, 22, 2, 17, 28, 23, 25, 5, 3, 8]",0.0
tabm_sko_quad,0.5,10,half_10_A,A,0.4117647058823529,"[0, 16, 2, 22, 20, 25, 9, 17, 8, 28, 18, 23]",0.0
tabm_sko_scale,0.5,10,half_10_A,A,0.3333333333333333,"[0, 16, 20, 2, 17, 28, 22, 23, 11, 18, 8, 7]",0.0
tabm_sko_quad_scale,0.5,10,half_10_A,A,0.4117647058823529,"[0, 16, 19, 2, 28, 20, 18, 27, 8, 22, 25, 17]",0.0
xgb_sko_ridge,0.5,10,half_10_B,B,0.4117647058823529,"[0, 16, 15, 25, 8, 1, 20, 9, 23, 26, 28, 10]",0.0
xgb_sko_quad,0.5,10,half_10_B,B,0.5,"[0, 15, 24, 17, 8, 16, 2, 27, 21, 7, 20, 26]",0.0
xgb_sko_scale,0.5,10,half_10_B,B,0.5,"[0, 15, 16, 8, 25, 17, 27, 2, 1, 24, 20, 28]",0.0
xgb_sko_quad_scale,0.5,10,half_10_B,B,0.5,"[0, 15, 24, 16, 2, 27, 21, 8, 7, 26, 17, 20]",0.0
tabm_sko_ridge,0.5,10,half_10_B,B,0.4117647058823529,"[0, 16, 25, 20, 27, 15, 17, 26, 8, 4, 10, 21]",0.0
tabm_sko_quad,0.5,10,half_10_B,B,0.4117647058823529,"[0, 16, 27, 20, 25, 26, 18, 17, 10, 21, 8, 29]",0.0
tabm_sko_scale,0.5,10,half_10_B,B,0.3333333333333333,"[16, 0, 15, 25, 20, 27, 26, 8, 21, 14, 13, 12]",0.0
tabm_sko_quad_scale,0.5,10,half_10_B,B,0.3333333333333333,"[0, 16, 15, 27, 20, 26, 25, 1, 8, 21, 17, 2]",6.0
xgb_sko_ridge,0.5,11,half_11_A,A,0.4117647058823529,"[0, 22, 28, 16, 23, 8, 27, 2, 7, 4, 18, 6]",0.0
xgb_sko_quad,0.5,11,half_11_A,A,0.2,"[0, 28, 27, 19, 23, 21, 17, 8, 18, 15, 6, 7]",7.0
xgb_sko_scale,0.5,11,half_11_A,A,0.3333333333333333,"[0, 22, 16, 28, 18, 7, 8, 23, 27, 4, 6, 19]",5.0
xgb_sko_quad_scale,0.5,11,half_11_A,A,0.4117647058823529,"[0, 28, 18, 27, 15, 21, 19, 16, 23, 7, 8, 17]",12.0
tabm_sko_ridge,0.5,11,half_11_A,A,0.5,"[0, 16, 19, 27, 20, 22, 9, 7, 25, 18, 2, 28]",0.0
tabm_sko_quad,0.5,11,half_11_A,A,0.3333333333333333,"[0, 16, 15, 27, 19, 20, 9, 18, 22, 2, 7, 3]",0.0
tabm_sko_scale,0.5,11,half_11_A,A,0.6,"[0, 16, 19, 27, 20, 9, 7, 22, 18, 26, 25, 2]",0.0
tabm_sko_quad_scale,0.5,11,half_11_A,A,0.5,"[0, 16, 19, 15, 27, 18, 9, 20, 7, 26, 3, 2]",5.0
xgb_sko_ridge,0.5,11,half_11_B,B,0.3333333333333333,"[0, 17, 16, 25, 21, 28, 22, 3, 18, 23, 5, 6]",0.0
xgb_sko_quad,0.5,11,half_11_B,B,0.4117647058823529,"[0, 16, 21, 17, 25, 15, 3, 28, 20, 6, 18, 1]",15.0
xgb_sko_scale,0.5,11,half_11_B,B,0.4117647058823529,"[0, 16, 25, 21, 15, 18, 22, 28, 6, 5, 3, 20]",0.0
xgb_sko_quad_scale,0.5,11,half_11_B,B,0.6,"[0, 16, 15, 17, 21, 25, 18, 3, 28, 20, 6, 2]",10.0
tabm_sko_ridge,0.5,11,half_11_B,B,0.4117647058823529,"[0, 16, 15, 19, 20, 25, 22, 28, 5, 3, 26, 7]",6.0
tabm_sko_quad,0.5,11,half_11_B,B,0.3333333333333333,"[0, 16, 15, 20, 25, 3, 5, 28, 19, 22, 7, 8]",5.0
tabm_sko_scale,0.5,11,half_11_B,B,0.3333333333333333,"[0, 16, 15, 19, 20, 25, 7, 28, 17, 3, 22, 5]",7.0
tabm_sko_quad_scale,0.5,11,half_11_B,B,0.3333333333333333,"[0, 16, 15, 19, 20, 25, 7, 28, 3, 17, 5, 8]",6.0
xgb_sko_ridge,0.5,12,half_12_A,A,0.4117647058823529,"[0, 2, 25, 26, 22, 18, 23, 16, 24, 20, 1, 9]",0.0
xgb_sko_quad,0.5,12,half_12_A,A,0.5,"[0, 2, 26, 23, 18, 24, 1, 9, 4, 20, 28, 3]",0.0
xgb_sko_scale,0.5,12,half_12_A,A,0.3333333333333333,"[0, 23, 25, 18, 26, 16, 1, 15, 2, 3, 20, 9]",0.0
xgb_sko_quad_scale,0.5,12,half_12_A,A,0.5,"[0, 26, 21, 24, 2, 20, 1, 9, 25, 23, 22, 11]",0.0
tabm_sko_ridge,0.5,12,half_12_A,A,0.6,"[0, 16, 26, 20, 18, 2, 25, 6, 9, 1, 15, 10]",0.0
tabm_sko_quad,0.5,12,half_12_A,A,0.5,"[0, 16, 15, 26, 18, 20, 2, 9, 1, 6, 10, 24]",6.0
tabm_sko_scale,0.5,12,half_12_A,A,0.6,"[0, 16, 15, 26, 20, 18, 2, 25, 22, 1, 28, 6]",5.0
tabm_sko_quad_scale,0.5,12,half_12_A,A,0.6,"[0, 16, 15, 26, 18, 20, 2, 9, 1, 10, 6, 3]",5.0
xgb_sko_ridge,0.5,12,half_12_B,B,0.5,"[0, 21, 22, 8, 27, 16, 25, 2, 17, 28, 4, 6]",0.0
xgb_sko_quad,0.5,12,half_12_B,B,0.2,"[0, 17, 21, 8, 16, 22, 19, 28, 4, 6, 7, 24]",5.0
xgb_sko_scale,0.5,12,half_12_B,B,0.4117647058823529,"[0, 21, 16, 22, 8, 27, 25, 7, 23, 6, 4, 2]",5.0
xgb_sko_quad_scale,0.5,12,half_12_B,B,0.3333333333333333,"[0, 16, 8, 21, 19, 24, 22, 7, 4, 28, 23, 25]",12.0
tabm_sko_ridge,0.5,12,half_12_B,B,0.4117647058823529,"[0, 16, 15, 27, 22, 7, 25, 8, 1, 28, 26, 24]",0.0
tabm_sko_quad,0.5,12,half_12_B,B,0.3333333333333333,"[0, 16, 15, 27, 22, 8, 7, 24, 1, 26, 25, 4]",0.0
tabm_sko_scale,0.5,12,half_12_B,B,0.3333333333333333,"[0, 16, 27, 7, 8, 25, 22, 19, 28, 26, 1, 21]",0.0
tabm_sko_quad_scale,0.5,12,half_12_B,B,0.3333333333333333,"[0, 16, 15, 7, 8, 22, 26, 27, 1, 24, 20, 21]",0.0
xgb_sko_ridge,0.5,13,half_13_A,A,0.5,"[0, 18, 25, 23, 28, 26, 7, 27, 5, 20, 21, 9]",0.0
xgb_sko_quad,0.5,13,half_13_A,A,0.3333333333333333,"[0, 18, 23, 7, 28, 26, 9, 19, 6, 21, 27, 16]",0.0
xgb_sko_scale,0.5,13,half_13_A,A,0.6,"[0, 18, 28, 25, 23, 27, 20, 16, 15, 22, 9, 2]",0.0
xgb_sko_quad_scale,0.5,13,half_13_A,A,0.5,"[0, 18, 15, 23, 16, 21, 27, 28, 7, 9, 17, 25]",0.0
tabm_sko_ridge,0.5,13,half_13_A,A,0.7142857142857143,"[0, 16, 27, 25, 20, 26, 1, 18, 9, 28, 7, 2]",0.0
tabm_sko_quad,0.5,13,half_13_A,A,0.4117647058823529,"[0, 16, 19, 27, 18, 26, 15, 1, 9, 20, 14, 28]",6.0
tabm_sko_scale,0.5,13,half_13_A,A,0.5,"[0, 16, 15, 19, 1, 25, 20, 27, 18, 4, 2, 8]",8.0
tabm_sko_quad_scale,0.5,13,half_13_A,A,0.5,"[0, 16, 15, 19, 18, 1, 27, 9, 20, 26, 24, 4]",8.0
xgb_sko_ridge,0.5,13,half_13_B,B,0.3333333333333333,"[0, 22, 8, 19, 27, 5, 16, 7, 11, 20, 1, 12]",0.0
xgb_sko_quad,0.5,13,half_13_B,B,0.2631578947368421,"[0, 23, 15, 8, 21, 22, 5, 19, 2, 18, 27, 7]",13.0
xgb_sko_scale,0.5,13,half_13_B,B,0.2631578947368421,"[0, 22, 5, 23, 27, 1, 8, 19, 7, 16, 11, 4]",0.0
xgb_sko_quad_scale,0.5,13,half_13_B,B,0.4117647058823529,"[0, 16, 23, 17, 15, 5, 22, 8, 2, 21, 11, 7]",11.0
tabm_sko_ridge,0.5,13,half_13_B,B,0.4117647058823529,"[0, 16, 15, 27, 20, 19, 1, 17, 26, 2, 7, 13]",5.0
tabm_sko_quad,0.5,13,half_13_B,B,0.2631578947368421,"[0, 16, 15, 27, 19, 2, 20, 26, 8, 17, 7, 23]",5.0
tabm_sko_scale,0.5,13,half_13_B,B,0.5,"[0, 16, 15, 19, 27, 1, 20, 26, 6, 17, 2, 7]",5.0
tabm_sko_quad_scale,0.5,13,half_13_B,B,0.2631578947368421,"[0, 16, 15, 19, 27, 26, 2, 20, 8, 6, 17, 5]",5.0
xgb_sko_ridge,0.5,14,half_14_A,A,0.5,"[0, 7, 18, 19, 2, 27, 25, 28, 6, 15, 9, 23]",0.0
xgb_sko_quad,0.5,14,half_14_A,A,0.3333333333333333,"[0, 7, 21, 18, 16, 19, 2, 27, 6, 17, 1, 9]",0.0
xgb_sko_scale,0.5,14,half_14_A,A,0.3333333333333333,"[0, 18, 7, 19, 15, 2, 16, 6, 27, 25, 23, 1]",0.0
xgb_sko_quad_scale,0.5,14,half_14_A,A,0.3333333333333333,"[0, 7, 16, 18, 17, 2, 21, 6, 27, 8, 9, 19]",15.0
tabm_sko_ridge,0.5,14,half_14_A,A,0.4117647058823529,"[0, 16, 7, 27, 20, 2, 15, 26, 14, 9, 5, 13]",0.0
tabm_sko_quad,0.5,14,half_14_A,A,0.3333333333333333,"[0, 16, 15, 7, 27, 26, 2, 20, 9, 5, 1, 14]",0.0
tabm_sko_scale,0.5,14,half_14_A,A,0.6,"[0, 16, 15, 7, 27, 20, 2, 9, 26, 14, 8, 18]",0.0
tabm_sko_quad_scale,0.5,14,half_14_A,A,0.5,"[0, 16, 15, 7, 26, 27, 2, 18, 20, 9, 8, 1]",0.0
xgb_sko_ridge,0.5,14,half_14_B,B,0.3333333333333333,"[0, 16, 22, 25, 20, 2, 4, 24, 11, 12, 3, 26]",0.0
xgb_sko_quad,0.5,14,half_14_B,B,0.4117647058823529,"[0, 22, 24, 2, 25, 20, 16, 19, 4, 18, 11, 23]",0.0
xgb_sko_scale,0.5,14,half_14_B,B,0.2631578947368421,"[0, 16, 22, 25, 2, 20, 23, 4, 11, 3, 6, 12]",0.0
xgb_sko_quad_scale,0.5,14,half_14_B,B,0.4117647058823529,"[0, 22, 2, 25, 20, 24, 19, 21, 16, 28, 4, 12]",0.0
tabm_sko_ridge,0.5,14,half_14_B,B,0.5,"[0, 16, 20, 25, 19, 22, 26, 2, 6, 3, 9, 5]",0.0
tabm_sko_quad,0.5,14,half_14_B,B,0.5,"[0, 16, 19, 20, 2, 22, 25, 26, 18, 5, 24, 3]",0.0
tabm_sko_scale,0.5,14,half_14_B,B,0.6,"[0, 16, 19, 20, 25, 2, 6, 26, 22, 18, 1, 9]",0.0
tabm_sko_quad_scale,0.5,14,half_14_B,B,0.5,"[0, 16, 19, 20, 2, 18, 26, 25, 9, 6, 22, 28]",0.0
xgb_sko_ridge,0.5,15,half_15_A,A,0.4117647058823529,"[0, 21, 15, 25, 3, 16, 9, 1, 4, 20, 10, 26]",0.0
xgb_sko_quad,0.5,15,half_15_A,A,0.4117647058823529,"[0, 15, 21, 24, 2, 4, 3, 27, 1, 18, 5, 9]",0.0
xgb_sko_scale,0.5,15,half_15_A,A,0.3333333333333333,"[0, 16, 15, 21, 25, 9, 23, 1, 3, 4, 26, 7]",5.0
xgb_sko_quad_scale,0.5,15,half_15_A,A,0.3333333333333333,"[0, 15, 4, 21, 1, 19, 24, 9, 26, 2, 5, 10]",0.0
tabm_sko_ridge,0.5,15,half_15_A,A,0.5,"[0, 15, 16, 20, 9, 26, 1, 4, 25, 8, 2, 13]",0.0
tabm_sko_quad,0.5,15,half_15_A,A,0.6,"[0, 15, 16, 9, 26, 1, 20, 4, 2, 8, 10, 25]",0.0
tabm_sko_scale,0.5,15,half_15_A,A,0.6,"[0, 15, 16, 26, 1, 9, 4, 20, 2, 22, 8, 6]",5.0
tabm_sko_quad_scale,0.5,15,half_15_A,A,0.6,"[0, 15, 16, 26, 19, 1, 9, 4, 2, 20, 25, 18]",0.0
xgb_sko_ridge,0.5,15,half_15_B,B,0.5,"[0, 16, 18, 28, 15, 17, 4, 7, 21, 1, 2, 25]",17.0
xgb_sko_quad,0.5,15,half_15_B,B,0.4117647058823529,"[0, 16, 15, 28, 24, 23, 4, 7, 2, 1, 22, 5]",12.0
xgb_sko_scale,0.5,15,half_15_B,B,0.3333333333333333,"[0, 16, 15, 18, 28, 1, 4, 2, 17, 7, 25, 5]",25.0
xgb_sko_quad_scale,0.5,15,half_15_B,B,0.6,"[0, 16, 28, 15, 17, 18, 24, 23, 2, 7, 4, 1]",15.0
tabm_sko_ridge,0.5,15,half_15_B,B,0.2631578947368421,"[16, 0, 15, 19, 2, 20, 4, 18, 7, 22, 28, 6]",12.0
tabm_sko_quad,0.5,15,half_15_B,B,0.5,"[16, 0, 15, 19, 2, 4, 20, 18, 7, 6, 26, 28]",10.0
tabm_sko_scale,0.5,15,half_15_B,B,0.4117647058823529,"[16, 0, 15, 19, 20, 4, 2, 18, 6, 25, 7, 22]",5.0
tabm_sko_quad_scale,0.5,15,half_15_B,B,0.4117647058823529,"[16, 0, 19, 15, 2, 4, 20, 6, 18, 27, 7, 12]",9.0
xgb_sko_ridge,0.5,16,half_16_A,A,0.3333333333333333,"[0, 21, 16, 17, 24, 27, 25, 9, 6, 1, 4, 19]",7.0
xgb_sko_quad,0.5,16,half_16_A,A,0.4117647058823529,"[0, 16, 21, 17, 27, 24, 22, 9, 1, 19, 23, 6]",0.0
xgb_sko_scale,0.5,16,half_16_A,A,0.3333333333333333,"[0, 16, 21, 27, 17, 24, 25, 26, 4, 5, 6, 9]",6.0
xgb_sko_quad_scale,0.5,16,half_16_A,A,0.5,"[0, 17, 16, 27, 24, 22, 2, 21, 9, 23, 26, 20]",0.0
tabm_sko_ridge,0.5,16,half_16_A,A,0.3333333333333333,"[0, 16, 9, 25, 15, 20, 26, 4, 18, 17, 24, 23]",0.0
tabm_sko_quad,0.5,16,half_16_A,A,0.5,"[0, 16, 9, 26, 17, 20, 4, 24, 18, 23, 25, 2]",0.0
tabm_sko_scale,0.5,16,half_16_A,A,0.5,"[0, 16, 20, 9, 26, 25, 4, 18, 17, 8, 22, 15]",0.0
tabm_sko_quad_scale,0.5,16,half_16_A,A,0.3333333333333333,"[0, 16, 26, 17, 9, 20, 4, 18, 27, 24, 25, 8]",0.0
xgb_sko_ridge,0.5,16,half_16_B,B,0.5,"[0, 17, 22, 15, 23, 28, 2, 16, 24, 26, 27, 9]",5.0
xgb_sko_quad,0.5,16,half_16_B,B,0.4117647058823529,"[0, 17, 22, 28, 7, 15, 19, 2, 24, 16, 1, 26]",7.0
xgb_sko_scale,0.5,16,half_16_B,B,0.6,"[0, 17, 22, 15, 16, 23, 27, 24, 2, 20, 7, 26]",6.0
xgb_sko_quad_scale,0.5,16,half_16_B,B,0.5,"[0, 17, 15, 28, 19, 22, 2, 7, 16, 24, 20, 1]",0.0
tabm_sko_ridge,0.5,16,half_16_B,B,0.4117647058823529,"[0, 22, 15, 20, 26, 27, 2, 8, 28, 7, 23, 1]",0.0
tabm_sko_quad,0.5,16,half_16_B,B,0.3333333333333333,"[0, 16, 15, 22, 19, 27, 26, 8, 20, 2, 7, 28]",12.0
tabm_sko_scale,0.5,16,half_16_B,B,0.5,"[0, 16, 15, 20, 22, 26, 2, 28, 27, 8, 19, 7]",10.0
tabm_sko_quad_scale,0.5,16,half_16_B,B,0.4117647058823529,"[0, 16, 19, 15, 20, 26, 27, 22, 28, 2, 8, 7]",12.0
xgb_sko_ridge,0.5,17,half_17_A,A,0.5,"[0, 16, 19, 28, 22, 18, 27, 25, 2, 26, 24, 15]",0.0
xgb_sko_quad,0.5,17,half_17_A,A,0.5,"[0, 2, 18, 19, 27, 28, 24, 16, 26, 9, 1, 20]",0.0
xgb_sko_scale,0.5,17,half_17_A,A,0.3333333333333333,"[0, 16, 18, 22, 28, 19, 25, 1, 23, 2, 27, 26]",0.0
xgb_sko_quad_scale,0.5,17,half_17_A,A,0.4117647058823529,"[0, 28, 18, 2, 19, 16, 24, 1, 27, 6, 5, 21]",0.0
tabm_sko_ridge,0.5,17,half_17_A,A,0.5,"[0, 16, 15, 27, 25, 22, 20, 1, 2, 9, 18, 23]",0.0
tabm_sko_quad,0.5,17,half_17_A,A,0.4117647058823529,"[0, 16, 15, 27, 22, 20, 2, 1, 18, 9, 25, 24]",0.0
tabm_sko_scale,0.5,17,half_17_A,A,0.6,"[0, 16, 27, 25, 1, 20, 15, 9, 2, 22, 21, 6]",0.0
tabm_sko_quad_scale,0.5,17,half_17_A,A,0.5,"[0, 16, 27, 18, 22, 20, 2, 1, 25, 9, 24, 21]",0.0
xgb_sko_ridge,0.5,17,half_17_B,B,0.5,"[0, 16, 28, 23, 22, 20, 4, 9, 25, 1, 2, 3]",0.0
xgb_sko_quad,0.5,17,half_17_B,B,0.3333333333333333,"[0, 16, 19, 17, 24, 28, 21, 23, 4, 22, 3, 20]",0.0
xgb_sko_scale,0.5,17,half_17_B,B,0.4117647058823529,"[0, 28, 16, 15, 23, 4, 19, 25, 24, 9, 22, 3]",0.0
xgb_sko_quad_scale,0.5,17,half_17_B,B,0.4117647058823529,"[0, 28, 24, 16, 4, 7, 9, 23, 19, 18, 15, 25]",7.0
tabm_sko_ridge,0.5,17,half_17_B,B,0.4117647058823529,"[0, 16, 20, 4, 7, 17, 25, 8, 26, 28, 10, 22]",0.0
tabm_sko_quad,0.5,17,half_17_B,B,0.3333333333333333,"[0, 16, 4, 20, 17, 22, 7, 24, 26, 10, 11, 23]",0.0
tabm_sko_scale,0.5,17,half_17_B,B,0.3333333333333333,"[0, 16, 15, 18, 4, 20, 7, 26, 28, 17, 25, 8]",0.0
tabm_sko_quad_scale,0.5,17,half_17_B,B,0.3333333333333333,"[0, 16, 15, 18, 4, 26, 7, 24, 10, 23, 28, 11]",6.0
xgb_sko_ridge,0.5,18,half_18_A,A,0.3333333333333333,"[0, 16, 25, 3, 23, 4, 22, 7, 28, 17, 26, 1]",0.0
xgb_sko_quad,0.5,18,half_18_A,A,0.3333333333333333,"[0, 23, 17, 3, 2, 24, 28, 4, 25, 1, 27, 7]",0.0
xgb_sko_scale,0.5,18,half_18_A,A,0.4117647058823529,"[0, 25, 16, 3, 22, 23, 26, 7, 28, 2, 4, 27]",0.0
xgb_sko_quad_scale,0.5,18,half_18_A,A,0.4117647058823529,"[0, 23, 3, 25, 2, 24, 7, 27, 1, 26, 18, 4]",0.0
tabm_sko_ridge,0.5,18,half_18_A,A,0.5,"[0, 16, 25, 22, 7, 26, 28, 20, 27, 23, 5, 3]",0.0
tabm_sko_quad,0.5,18,half_18_A,A,0.4117647058823529,"[0, 16, 22, 27, 25, 7, 26, 28, 3, 20, 5, 24]",0.0
tabm_sko_scale,0.5,18,half_18_A,A,0.4117647058823529,"[0, 16, 19, 25, 7, 26, 28, 22, 3, 5, 27, 1]",5.0
tabm_sko_quad_scale,0.5,18,half_18_A,A,0.3333333333333333,"[0, 16, 7, 19, 26, 27, 25, 22, 28, 5, 18, 3]",0.0
xgb_sko_ridge,0.5,18,half_18_B,B,0.5,"[0, 23, 18, 28, 16, 8, 27, 15, 4, 21, 2, 9]",6.0
xgb_sko_quad,0.5,18,half_18_B,B,0.3333333333333333,"[0, 21, 16, 18, 15, 27, 8, 1, 7, 5, 28, 2]",0.0
xgb_sko_scale,0.5,18,half_18_B,B,0.4117647058823529,"[0, 16, 23, 17, 28, 18, 4, 27, 1, 21, 15, 20]",16.0
xgb_sko_quad_scale,0.5,18,half_18_B,B,0.4117647058823529,"[0, 16, 21, 15, 18, 27, 28, 1, 4, 8, 20, 26]",5.0
tabm_sko_ridge,0.5,18,half_18_B,B,0.4117647058823529,"[0, 16, 19, 27, 15, 20, 25, 22, 18, 23, 26, 10]",22.0
tabm_sko_quad,0.5,18,half_18_B,B,0.3333333333333333,"[0, 16, 15, 19, 27, 18, 20, 7, 26, 2, 23, 22]",20.0
tabm_sko_scale,0.5,18,half_18_B,B,0.5,"[0, 16, 15, 19, 27, 26, 20, 25, 1, 4, 18, 23]",22.0
tabm_sko_quad_scale,0.5,18,half_18_B,B,0.4117647058823529,"[0, 15, 16, 19, 27, 26, 18, 20, 17, 7, 2, 3]",17.0
xgb_sko_ridge,0.5,19,half_19_A,A,0.6,"[0, 16, 4, 21, 2, 26, 9, 25, 22, 27, 5, 15]",0.0
xgb_sko_quad,0.5,19,half_19_A,A,0.5,"[0, 15, 21, 4, 16, 2, 26, 5, 9, 1, 27, 17]",5.0
xgb_sko_scale,0.5,19,half_19_A,A,0.4117647058823529,"[0, 16, 15, 4, 22, 2, 26, 27, 23, 17, 25, 9]",7.0
xgb_sko_quad_scale,0.5,19,half_19_A,A,0.5,"[0, 16, 15, 4, 2, 24, 26, 21, 9, 5, 18, 1]",0.0
tabm_sko_ridge,0.5,19,half_19_A,A,0.5,"[16, 0, 26, 15, 27, 4, 2, 25, 5, 20, 22, 3]",6.0
tabm_sko_quad,0.5,19,half_19_A,A,0.5,"[16, 0, 15, 26, 27, 4, 2, 5, 3, 20, 1, 7]",7.0
tabm_sko_scale,0.5,19,half_19_A,A,0.6,"[16, 0, 15, 26, 19, 2, 4, 28, 18, 27, 9, 20]",14.0
tabm_sko_quad_scale,0.5,19,half_19_A,A,0.5,"[16, 0, 15, 26, 19, 27, 4, 18, 2, 20, 5, 9]",12.0
xgb_sko_ridge,0.5,19,half_19_B,B,0.2631578947368421,"[0, 16, 8, 25, 21, 20, 18, 23, 4, 10, 6, 12]",0.0
xgb_sko_quad,0.5,19,half_19_B,B,0.5,"[0, 8, 15, 16, 20, 23, 21, 4, 25, 2, 19, 11]",0.0
xgb_sko_scale,0.5,19,half_19_B,B,0.3333333333333333,"[0, 17, 16, 8, 21, 25, 20, 15, 27, 18, 4, 6]",6.0
xgb_sko_quad_scale,0.5,19,half_19_B,B,0.7142857142857143,"[0, 17, 16, 8, 19, 15, 25, 20, 23, 21, 24, 2]",11.0
tabm_sko_ridge,0.5,19,half_19_B,B,0.2631578947368421,"[0, 15, 27, 8, 20, 19, 4, 25, 9, 23, 17, 11]",0.0
tabm_sko_quad,0.5,19,half_19_B,B,0.5,"[0, 15, 8, 27, 20, 2, 1, 4, 9, 16, 25, 26]",0.0
tabm_sko_scale,0.5,19,half_19_B,B,0.3333333333333333,"[0, 15, 8, 19, 27, 20, 4, 25, 7, 9, 17, 1]",6.0
tabm_sko_quad_scale,0.5,19,half_19_B,B,0.5,"[0, 15, 16, 8, 20, 19, 1, 2, 27, 9, 7, 4]",6.0
xgb_sko_ridge,0.5,20,half_20_A,A,0.5,"[0, 17, 19, 16, 2, 23, 25, 27, 8, 20, 22, 7]",0.0
xgb_sko_quad,0.5,20,half_20_A,A,0.3333333333333333,"[0, 17, 27, 3, 18, 4, 20, 2, 23, 15, 7, 16]",0.0
xgb_sko_scale,0.5,20,half_20_A,A,0.5,"[0, 16, 15, 2, 22, 27, 8, 25, 28, 23, 20, 18]",0.0
xgb_sko_quad_scale,0.5,20,half_20_A,A,0.5,"[0, 17, 27, 2, 4, 15, 18, 3, 20, 16, 23, 22]",0.0
tabm_sko_ridge,0.5,20,half_20_A,A,0.5,"[0, 27, 20, 16, 19, 25, 17, 3, 15, 28, 18, 2]",0.0
tabm_sko_quad,0.5,20,half_20_A,A,0.6,"[0, 16, 19, 27, 20, 3, 4, 18, 28, 17, 2, 26]",6.0
tabm_sko_scale,0.5,20,half_20_A,A,0.4117647058823529,"[0, 16, 15, 19, 27, 18, 20, 25, 3, 28, 17, 4]",17.0
tabm_sko_quad_scale,0.5,20,half_20_A,A,0.6,"[0, 16, 19, 27, 15, 18, 3, 4, 20, 28, 2, 17]",11.0
xgb_sko_ridge,0.5,20,half_20_B,B,0.3333333333333333,"[0, 25, 15, 27, 8, 28, 21, 3, 26, 10, 13, 29]",0.0
xgb_sko_quad,0.5,20,half_20_B,B,0.4117647058823529,"[0, 25, 28, 23, 27, 8, 26, 24, 1, 3, 11, 20]",0.0
xgb_sko_scale,0.5,20,half_20_B,B,0.3333333333333333,"[0, 25, 15, 1, 28, 8, 27, 17, 21, 20, 26, 12]",0.0
xgb_sko_quad_scale,0.5,20,half_20_B,B,0.4117647058823529,"[0, 25, 23, 8, 28, 1, 27, 26, 24, 17, 11, 20]",0.0
tabm_sko_ridge,0.5,20,half_20_B,B,0.4117647058823529,"[0, 27, 2, 28, 25, 20, 15, 10, 7, 22, 23, 14]",0.0
tabm_sko_quad,0.5,20,half_20_B,B,0.5,"[0, 27, 25, 15, 2, 10, 23, 20, 28, 7, 26, 3]",0.0
tabm_sko_scale,0.5,20,half_20_B,B,0.2631578947368421,"[0, 19, 27, 20, 2, 25, 7, 28, 23, 22, 14, 4]",0.0
tabm_sko_quad_scale,0.5,20,half_20_B,B,0.2,"[0, 19, 27, 26, 20, 25, 23, 7, 2, 18, 10, 6]",0.0
xgb_sko_ridge,0.5,21,half_21_A,A,0.6,"[0, 19, 23, 21, 16, 22, 27, 2, 7, 28, 4, 9]",6.0
xgb_sko_quad,0.5,21,half_21_A,A,0.5,"[0, 23, 21, 17, 16, 28, 2, 15, 27, 6, 24, 25]",5.0
xgb_sko_scale,0.5,21,half_21_A,A,0.5,"[0, 21, 22, 16, 27, 2, 19, 4, 23, 20, 9, 25]",0.0
xgb_sko_quad_scale,0.5,21,half_21_A,A,0.5,"[0, 23, 21, 16, 17, 2, 1, 4, 28, 27, 24, 9]",6.0
tabm_sko_ridge,0.5,21,half_21_A,A,0.4117647058823529,"[0, 16, 27, 2, 4, 1, 9, 7, 24, 20, 23, 18]",0.0
tabm_sko_quad,0.5,21,half_21_A,A,0.5,"[0, 16, 27, 2, 1, 4, 24, 23, 28, 25, 9, 10]",0.0
tabm_sko_scale,0.5,21,half_21_A,A,0.5,"[0, 16, 27, 2, 1, 4, 20, 9, 23, 7, 15, 21]",0.0
tabm_sko_quad_scale,0.5,21,half_21_A,A,0.2631578947368421,"[0, 16, 27, 2, 1, 19, 4, 23, 5, 25, 24, 21]",0.0
xgb_sko_ridge,0.5,21,half_21_B,B,0.2631578947368421,"[0, 16, 25, 24, 15, 23, 4, 26, 19, 6, 28, 17]",0.0
xgb_sko_quad,0.5,21,half_21_B,B,0.3333333333333333,"[0, 16, 19, 24, 23, 8, 2, 17, 4, 5, 26, 28]",0.0
xgb_sko_scale,0.5,21,half_21_B,B,0.2631578947368421,"[0, 16, 25, 23, 26, 24, 6, 2, 4, 28, 19, 3]",0.0
xgb_sko_quad_scale,0.5,21,half_21_B,B,0.3333333333333333,"[0, 16, 24, 4, 19, 23, 2, 28, 26, 8, 18, 6]",0.0
tabm_sko_ridge,0.5,21,half_21_B,B,0.5,"[0, 15, 25, 16, 26, 20, 6, 4, 5, 28, 2, 10]",5.0
tabm_sko_quad,0.5,21,half_21_B,B,0.4117647058823529,"[0, 19, 16, 15, 26, 4, 2, 6, 24, 20, 18, 8]",0.0
tabm_sko_scale,0.5,21,half_21_B,B,0.3333333333333333,"[0, 16, 25, 26, 19, 6, 20, 2, 4, 15, 5, 24]",6.0
tabm_sko_quad_scale,0.5,21,half_21_B,B,0.4117647058823529,"[0, 16, 19, 26, 2, 4, 6, 18, 24, 15, 23, 28]",8.0
xgb_sko_ridge,0.5,22,half_22_A,A,0.5,"[0, 15, 16, 23, 19, 22, 4, 28, 2, 5, 25, 27]",15.0
xgb_sko_quad,0.5,22,half_22_A,A,0.2631578947368421,"[0, 15, 4, 19, 7, 5, 22, 17, 1, 2, 21, 27]",26.0
xgb_sko_scale,0.5,22,half_22_A,A,0.4117647058823529,"[0, 15, 16, 23, 27, 17, 22, 5, 28, 2, 1, 18]",16.0
xgb_sko_quad_scale,0.5,22,half_22_A,A,0.4117647058823529,"[0, 15, 16, 2, 7, 28, 18, 5, 25, 4, 21, 27]",17.0
tabm_sko_ridge,0.5,22,half_22_A,A,0.5,"[0, 16, 15, 27, 2, 25, 28, 21, 10, 26, 8, 23]",0.0
tabm_sko_quad,0.5,22,half_22_A,A,0.5,"[0, 16, 15, 25, 2, 27, 28, 10, 26, 24, 21, 20]",0.0
tabm_sko_scale,0.5,22,half_22_A,A,0.4117647058823529,"[0, 16, 15, 27, 2, 28, 8, 19, 23, 18, 5, 26]",8.0
tabm_sko_quad_scale,0.5,22,half_22_A,A,0.2631578947368421,"[0, 16, 15, 25, 2, 28, 26, 27, 5, 19, 24, 8]",15.0
xgb_sko_ridge,0.5,22,half_22_B,B,0.4117647058823529,"[0, 16, 21, 9, 17, 2, 3, 24, 25, 20, 26, 8]",0.0
xgb_sko_quad,0.5,22,half_22_B,B,0.3333333333333333,"[0, 16, 2, 8, 3, 27, 24, 7, 9, 5, 28, 20]",0.0
xgb_sko_scale,0.5,22,half_22_B,B,0.5,"[0, 16, 21, 9, 8, 28, 7, 2, 25, 5, 20, 3]",0.0
xgb_sko_quad_scale,0.5,22,half_22_B,B,0.4117647058823529,"[0, 16, 2, 21, 9, 5, 3, 24, 20, 26, 11, 25]",0.0
tabm_sko_ridge,0.5,22,half_22_B,B,0.5,"[0, 16, 20, 9, 26, 22, 3, 8, 2, 5, 25, 7]",0.0
tabm_sko_quad,0.5,22,half_22_B,B,0.4117647058823529,"[0, 16, 26, 3, 20, 27, 5, 2, 8, 25, 9, 22]",0.0
tabm_sko_scale,0.5,22,half_22_B,B,0.5,"[0, 16, 9, 20, 26, 8, 3, 22, 10, 2, 17, 21]",0.0
tabm_sko_quad_scale,0.5,22,half_22_B,B,0.3333333333333333,"[0, 16, 26, 20, 9, 3, 17, 25, 2, 8, 5, 10]",0.0
xgb_sko_ridge,0.5,23,half_23_A,A,0.6,"[0, 19, 27, 18, 23, 25, 2, 16, 22, 20, 7, 28]",0.0
xgb_sko_quad,0.5,23,half_23_A,A,0.2,"[0, 19, 18, 24, 17, 28, 2, 27, 7, 25, 3, 6]",0.0
xgb_sko_scale,0.5,23,half_23_A,A,0.4117647058823529,"[0, 19, 27, 18, 23, 2, 25, 28, 22, 3, 20, 16]",0.0
xgb_sko_quad_scale,0.5,23,half_23_A,A,0.2631578947368421,"[0, 19, 18, 2, 7, 24, 28, 17, 27, 22, 6, 26]",0.0
tabm_sko_ridge,0.5,23,half_23_A,A,0.6,"[0, 27, 19, 20, 2, 28, 25, 7, 22, 26, 3, 9]",0.0
tabm_sko_quad,0.5,23,half_23_A,A,0.5,"[0, 19, 27, 16, 2, 20, 28, 3, 7, 1, 18, 22]",0.0
tabm_sko_scale,0.5,23,half_23_A,A,0.7142857142857143,"[0, 19, 27, 16, 15, 20, 2, 28, 26, 3, 18, 22]",0.0
tabm_sko_quad_scale,0.5,23,half_23_A,A,0.6,"[0, 19, 16, 27, 20, 2, 15, 18, 26, 3, 28, 22]",0.0
xgb_sko_ridge,0.5,23,half_23_B,B,0.4117647058823529,"[0, 22, 28, 25, 7, 23, 4, 20, 1, 26, 16, 18]",0.0
xgb_sko_quad,0.5,23,half_23_B,B,0.3333333333333333,"[0, 22, 28, 23, 4, 1, 7, 26, 20, 10, 25, 8]",0.0
xgb_sko_scale,0.5,23,half_23_B,B,0.3333333333333333,"[0, 22, 16, 28, 18, 25, 7, 26, 23, 20, 5, 11]",0.0
xgb_sko_quad_scale,0.5,23,half_23_B,B,0.3333333333333333,"[0, 22, 28, 18, 23, 7, 16, 26, 20, 9, 8, 25]",0.0
tabm_sko_ridge,0.5,23,half_23_B,B,0.3333333333333333,"[0, 16, 22, 19, 25, 20, 17, 26, 18, 6, 7, 27]",0.0
tabm_sko_quad,0.5,23,half_23_B,B,0.4117647058823529,"[0, 16, 19, 22, 20, 26, 25, 17, 27, 10, 28, 23]",0.0
tabm_sko_scale,0.5,23,half_23_B,B,0.3333333333333333,"[0, 16, 19, 18, 22, 25, 26, 6, 20, 17, 5, 7]",0.0
tabm_sko_quad_scale,0.5,23,half_23_B,B,0.3333333333333333,"[0, 16, 19, 26, 20, 18, 22, 7, 25, 6, 28, 10]",0.0
xgb_sko_ridge,0.5,24,half_24_A,A,0.4117647058823529,"[0, 23, 16, 18, 19, 25, 21, 22, 8, 27, 3, 28]",6.0
xgb_sko_quad,0.5,24,half_24_A,A,0.2631578947368421,"[0, 16, 18, 7, 21, 23, 19, 8, 3, 22, 25, 5]",0.0
xgb_sko_scale,0.5,24,half_24_A,A,0.4117647058823529,"[0, 16, 18, 23, 25, 7, 22, 3, 21, 8, 27, 9]",0.0
xgb_sko_quad_scale,0.5,24,half_24_A,A,0.4117647058823529,"[0, 16, 18, 17, 27, 7, 19, 21, 8, 25, 3, 1]",0.0
tabm_sko_ridge,0.5,24,half_24_A,A,0.3333333333333333,"[0, 16, 27, 15, 3, 19, 9, 25, 7, 22, 4, 23]",6.0
tabm_sko_quad,0.5,24,half_24_A,A,0.2,"[0, 16, 15, 27, 19, 3, 9, 26, 22, 23, 5, 8]",6.0
tabm_sko_scale,0.5,24,half_24_A,A,0.6,"[0, 16, 19, 27, 15, 3, 9, 26, 7, 1, 20, 4]",0.0
tabm_sko_quad_scale,0.5,24,half_24_A,A,0.4117647058823529,"[0, 16, 19, 15, 27, 3, 26, 9, 18, 8, 5, 22]",10.0
xgb_sko_ridge,0.5,24,half_24_B,B,0.6,"[0, 2, 16, 27, 7, 23, 20, 22, 8, 25, 6, 28]",0.0
xgb_sko_quad,0.5,24,half_24_B,B,0.3333333333333333,"[0, 2, 22, 17, 20, 7, 15, 24, 28, 16, 27, 18]",0.0
xgb_sko_scale,0.5,24,half_24_B,B,0.5,"[0, 2, 16, 22, 28, 7, 27, 8, 18, 25, 20, 10]",0.0
xgb_sko_quad_scale,0.5,24,half_24_B,B,0.5,"[0, 2, 15, 17, 22, 24, 16, 18, 7, 8, 20, 10]",0.0
tabm_sko_ridge,0.5,24,half_24_B,B,0.4117647058823529,"[0, 20, 19, 18, 2, 27, 25, 26, 22, 5, 7, 10]",0.0
tabm_sko_quad,0.5,24,half_24_B,B,0.4117647058823529,"[0, 19, 20, 18, 2, 27, 7, 28, 25, 1, 5, 6]",0.0
tabm_sko_scale,0.5,24,half_24_B,B,0.4117647058823529,"[0, 20, 19, 16, 2, 18, 26, 27, 7, 25, 8, 10]",0.0
tabm_sko_quad_scale,0.5,24,half_24_B,B,0.4117647058823529,"[0, 19, 20, 18, 2, 16, 27, 26, 7, 15, 1, 10]",12.0
xgb_sko_ridge,0.5,25,half_25_A,A,0.4117647058823529,"[0, 22, 25, 15, 16, 7, 18, 23, 4, 1, 5, 20]",5.0
xgb_sko_quad,0.5,25,half_25_A,A,0.4117647058823529,"[0, 22, 16, 15, 28, 18, 2, 24, 4, 1, 25, 7]",11.0
xgb_sko_scale,0.5,25,half_25_A,A,0.3333333333333333,"[0, 22, 25, 18, 28, 16, 23, 1, 4, 5, 15, 7]",5.0
xgb_sko_quad_scale,0.5,25,half_25_A,A,0.5,"[0, 18, 15, 28, 25, 21, 1, 16, 4, 24, 7, 22]",12.0
tabm_sko_ridge,0.5,25,half_25_A,A,0.3333333333333333,"[0, 15, 16, 19, 25, 7, 18, 1, 22, 5, 2, 20]",7.0
tabm_sko_quad,0.5,25,half_25_A,A,0.4117647058823529,"[0, 15, 16, 19, 18, 2, 5, 25, 3, 4, 22, 23]",5.0
tabm_sko_scale,0.5,25,half_25_A,A,0.4117647058823529,"[0, 16, 15, 19, 18, 25, 7, 1, 22, 3, 5, 8]",11.0
tabm_sko_quad_scale,0.5,25,half_25_A,A,0.6,"[0, 16, 19, 15, 18, 3, 25, 2, 1, 5, 4, 22]",17.0
xgb_sko_ridge,0.5,25,half_25_B,B,0.4117647058823529,"[0, 22, 15, 17, 16, 5, 28, 26, 3, 6, 27, 9]",0.0
xgb_sko_quad,0.5,25,half_25_B,B,0.2631578947368421,"[0, 22, 15, 28, 27, 19, 5, 3, 6, 24, 26, 20]",0.0
xgb_sko_scale,0.5,25,half_25_B,B,0.4117647058823529,"[0, 15, 22, 17, 16, 27, 5, 28, 19, 6, 7, 25]",6.0
xgb_sko_quad_scale,0.5,25,half_25_B,B,0.3333333333333333,"[0, 15, 17, 22, 16, 3, 28, 6, 18, 27, 20, 5]",12.0
tabm_sko_ridge,0.5,25,half_25_B,B,0.3333333333333333,"[0, 16, 15, 27, 20, 17, 6, 22, 3, 5, 4, 26]",0.0
tabm_sko_quad,0.5,25,half_25_B,B,0.3333333333333333,"[0, 15, 16, 27, 20, 17, 6, 18, 5, 3, 22, 2]",0.0
tabm_sko_scale,0.5,25,half_25_B,B,0.4117647058823529,"[0, 15, 16, 27, 20, 22, 17, 5, 6, 3, 4, 23]",0.0
tabm_sko_quad_scale,0.5,25,half_25_B,B,0.5,"[0, 15, 16, 27, 20, 18, 22, 6, 5, 17, 2, 3]",7.0
xgb_sko_ridge,0.5,26,half_26_A,A,0.5,"[0, 25, 15, 16, 22, 27, 23, 2, 17, 4, 9, 3]",0.0
xgb_sko_quad,0.5,26,half_26_A,A,0.3333333333333333,"[0, 16, 28, 2, 18, 27, 22, 4, 3, 23, 15, 1]",0.0
xgb_sko_scale,0.5,26,half_26_A,A,0.3333333333333333,"[0, 19, 25, 16, 17, 23, 2, 15, 27, 4, 9, 18]",5.0
xgb_sko_quad_scale,0.5,26,half_26_A,A,0.4117647058823529,"[0, 28, 18, 16, 2, 17, 15, 7, 24, 19, 27, 4]",0.0
tabm_sko_ridge,0.5,26,half_26_A,A,0.4117647058823529,"[0, 19, 15, 27, 25, 20, 23, 1, 2, 3, 6, 5]",0.0
tabm_sko_quad,0.5,26,half_26_A,A,0.5,"[0, 19, 27, 18, 2, 1, 20, 23, 17, 26, 28, 3]",0.0
tabm_sko_scale,0.5,26,half_26_A,A,0.5,"[0, 19, 16, 15, 27, 1, 25, 20, 26, 22, 23, 6]",0.0
tabm_sko_quad_scale,0.5,26,half_26_A,A,0.3333333333333333,"[0, 19, 18, 27, 20, 1, 2, 16, 26, 17, 12, 29]",0.0
xgb_sko_ridge,0.5,26,half_26_B,B,0.5,"[0, 21, 16, 25, 17, 22, 20, 5, 3, 4, 9, 28]",0.0
xgb_sko_quad,0.5,26,half_26_B,B,0.4117647058823529,"[0, 21, 16, 1, 22, 27, 20, 3, 23, 25, 4, 11]",0.0
xgb_sko_scale,0.5,26,half_26_B,B,0.4117647058823529,"[0, 21, 16, 18, 17, 9, 25, 22, 28, 20, 5, 4]",0.0
xgb_sko_quad_scale,0.5,26,half_26_B,B,0.5,"[0, 21, 16, 27, 1, 25, 9, 23, 3, 18, 20, 4]",0.0
tabm_sko_ridge,0.5,26,half_26_B,B,0.3333333333333333,"[0, 16, 25, 20, 18, 9, 27, 5, 6, 12, 14, 17]",0.0
tabm_sko_quad,0.5,26,half_26_B,B,0.3333333333333333,"[0, 16, 27, 20, 18, 25, 9, 5, 3, 6, 24, 22]",0.0
tabm_sko_scale,0.5,26,half_26_B,B,0.6,"[0, 16, 20, 25, 18, 15, 19, 9, 27, 3, 5, 1]",7.0
tabm_sko_quad_scale,0.5,26,half_26_B,B,0.4117647058823529,"[0, 15, 16, 27, 18, 20, 19, 25, 5, 9, 3, 13]",7.0
xgb_sko_ridge,0.5,27,half_27_A,A,0.4117647058823529,"[0, 21, 15, 16, 23, 19, 27, 18, 3, 26, 2, 28]",14.0
xgb_sko_quad,0.5,27,half_27_A,A,0.5,"[0, 21, 16, 24, 26, 15, 23, 5, 3, 28, 6, 2]",0.0
xgb_sko_scale,0.5,27,half_27_A,A,0.4117647058823529,"[0, 16, 19, 21, 23, 15, 18, 28, 3, 27, 7, 26]",18.0
xgb_sko_quad_scale,0.5,27,half_27_A,A,0.4117647058823529,"[0, 21, 16, 18, 15, 24, 26, 5, 23, 7, 4, 3]",7.0
tabm_sko_ridge,0.5,27,half_27_A,A,0.3333333333333333,"[0, 15, 19, 27, 28, 26, 17, 2, 5, 25, 24, 6]",5.0
tabm_sko_quad,0.5,27,half_27_A,A,0.2631578947368421,"[0, 15, 19, 26, 16, 2, 5, 28, 27, 17, 24, 7]",11.0
tabm_sko_scale,0.5,27,half_27_A,A,0.4117647058823529,"[0, 19, 16, 15, 28, 27, 17, 26, 1, 7, 2, 5]",10.0
tabm_sko_quad_scale,0.5,27,half_27_A,A,0.2631578947368421,"[0, 16, 15, 19, 26, 2, 7, 28, 17, 24, 27, 6]",15.0
xgb_sko_ridge,0.5,27,half_27_B,B,0.6,"[0, 16, 7, 22, 2, 1, 28, 23, 21, 3, 20, 25]",0.0
xgb_sko_quad,0.5,27,half_27_B,B,0.4117647058823529,"[0, 16, 23, 2, 22, 7, 28, 1, 24, 27, 20, 11]",5.0
xgb_sko_scale,0.5,27,half_27_B,B,0.4117647058823529,"[0, 16, 7, 22, 2, 28, 4, 1, 18, 20, 23, 3]",0.0
xgb_sko_quad_scale,0.5,27,half_27_B,B,0.6,"[0, 16, 28, 21, 2, 23, 24, 1, 20, 27, 7, 25]",0.0
tabm_sko_ridge,0.5,27,half_27_B,B,0.5,"[0, 16, 20, 7, 19, 1, 27, 3, 2, 28, 17, 23]",0.0
tabm_sko_quad,0.5,27,half_27_B,B,0.6,"[0, 16, 19, 20, 27, 1, 7, 2, 28, 25, 4, 26]",0.0
tabm_sko_scale,0.5,27,half_27_B,B,0.4117647058823529,"[0, 16, 19, 20, 7, 27, 1, 3, 2, 4, 17, 23]",0.0
tabm_sko_quad_scale,0.5,27,half_27_B,B,0.4117647058823529,"[0, 16, 19, 27, 20, 7, 1, 2, 25, 4, 3, 17]",0.0
xgb_sko_ridge,0.5,28,half_28_A,A,0.6,"[0, 16, 25, 19, 21, 2, 23, 22, 26, 28, 20, 9]",0.0
xgb_sko_quad,0.5,28,half_28_A,A,0.6,"[0, 15, 21, 17, 16, 23, 4, 2, 26, 25, 24, 13]",5.0
xgb_sko_scale,0.5,28,half_28_A,A,0.3333333333333333,"[0, 21, 16, 25, 18, 28, 9, 23, 22, 4, 6, 26]",0.0
xgb_sko_quad_scale,0.5,28,half_28_A,A,0.6,"[0, 15, 21, 16, 2, 25, 28, 17, 23, 4, 18, 7]",22.0
tabm_sko_ridge,0.5,28,half_28_A,A,0.5,"[16, 0, 25, 20, 28, 22, 26, 2, 10, 17, 23, 21]",0.0
tabm_sko_quad,0.5,28,half_28_A,A,0.6,"[0, 16, 22, 15, 27, 20, 28, 25, 26, 2, 18, 10]",10.0
tabm_sko_scale,0.5,28,half_28_A,A,0.3333333333333333,"[16, 0, 15, 28, 18, 20, 25, 21, 13, 23, 2, 10]",5.0
tabm_sko_quad_scale,0.5,28,half_28_A,A,0.5,"[0, 16, 15, 18, 27, 28, 22, 20, 13, 26, 2, 25]",6.0
xgb_sko_ridge,0.5,28,half_28_B,B,0.3333333333333333,"[0, 18, 25, 28, 16, 8, 9, 19, 20, 13, 29, 30]",0.0
xgb_sko_quad,0.5,28,half_28_B,B,0.4117647058823529,"[0, 21, 28, 16, 19, 25, 2, 24, 20, 6, 8, 13]",0.0
xgb_sko_scale,0.5,28,half_28_B,B,0.3333333333333333,"[0, 25, 16, 17, 18, 19, 28, 8, 9, 27, 12, 20]",0.0
xgb_sko_quad_scale,0.5,28,half_28_B,B,0.4117647058823529,"[0, 16, 21, 28, 27, 25, 24, 2, 19, 20, 8, 9]",0.0
tabm_sko_ridge,0.5,28,half_28_B,B,0.4117647058823529,"[0, 16, 25, 27, 20, 19, 6, 17, 14, 10, 21, 26]",0.0
tabm_sko_quad,0.5,28,half_28_B,B,0.4117647058823529,"[0, 16, 20, 27, 19, 25, 24, 6, 2, 10, 17, 26]",0.0
tabm_sko_scale,0.5,28,half_28_B,B,0.3333333333333333,"[0, 16, 19, 25, 27, 20, 17, 26, 9, 10, 8, 6]",0.0
tabm_sko_quad_scale,0.5,28,half_28_B,B,0.2631578947368421,"[0, 16, 19, 20, 27, 17, 26, 25, 24, 10, 4, 2]",0.0
xgb_sko_ridge,0.5,29,half_29_A,A,0.5,"[0, 21, 18, 20, 25, 9, 6, 3, 16, 27, 11, 22]",0.0
xgb_sko_quad,0.5,29,half_29_A,A,0.6,"[0, 17, 16, 24, 23, 21, 15, 20, 18, 3, 25, 9]",6.0
xgb_sko_scale,0.5,29,half_29_A,A,0.3333333333333333,"[0, 18, 16, 21, 25, 9, 20, 6, 3, 27, 11, 23]",0.0
xgb_sko_quad_scale,0.5,29,half_29_A,A,0.6,"[0, 24, 16, 23, 21, 20, 15, 18, 17, 27, 9, 3]",5.0
tabm_sko_ridge,0.5,29,half_29_A,A,0.4117647058823529,"[0, 16, 27, 18, 7, 26, 25, 20, 6, 17, 9, 5]",0.0
tabm_sko_quad,0.5,29,half_29_A,A,0.3333333333333333,"[0, 16, 26, 18, 15, 27, 20, 19, 6, 7, 25, 5]",0.0
tabm_sko_scale,0.5,29,half_29_A,A,0.5,"[0, 16, 27, 19, 26, 18, 15, 20, 7, 25, 9, 6]",0.0
tabm_sko_quad_scale,0.5,29,half_29_A,A,0.2631578947368421,"[0, 16, 26, 20, 19, 15, 18, 27, 6, 7, 25, 5]",6.0
xgb_sko_ridge,0.5,29,half_29_B,B,0.6,"[0, 22, 16, 15, 25, 18, 7, 17, 28, 2, 24, 20]",11.0
xgb_sko_quad,0.5,29,half_29_B,B,0.3333333333333333,"[0, 18, 28, 24, 16, 7, 25, 1, 4, 27, 20, 5]",0.0
xgb_sko_scale,0.5,29,half_29_B,B,0.6,"[0, 25, 22, 17, 18, 15, 28, 7, 16, 9, 20, 24]",0.0
xgb_sko_quad_scale,0.5,29,half_29_B,B,0.3333333333333333,"[0, 18, 28, 24, 16, 7, 25, 4, 27, 6, 5, 20]",0.0
tabm_sko_ridge,0.5,29,half_29_B,B,0.5,"[0, 16, 15, 7, 20, 24, 18, 28, 27, 1, 26, 10]",15.0
tabm_sko_quad,0.5,29,half_29_B,B,0.3333333333333333,"[0, 16, 19, 24, 18, 22, 20, 7, 28, 5, 26, 27]",10.0
tabm_sko_scale,0.5,29,half_29_B,B,0.4117647058823529,"[0, 15, 16, 19, 20, 7, 18, 28, 24, 25, 27, 1]",16.0
tabm_sko_quad_scale,0.5,29,half_29_B,B,0.4117647058823529,"[0, 19, 16, 18, 15, 20, 28, 5, 24, 3, 27, 26]",10.0
xgb_sko_ridge,0.7,0,f70_00,,0.3333333333333333,"[0, 19, 22, 21, 16, 25, 18, 3, 26, 24, 27, 8]",0.0
xgb_sko_quad,0.7,0,f70_00,,0.3333333333333333,"[0, 16, 24, 21, 2, 18, 7, 17, 26, 3, 8, 28]",19.0
xgb_sko_scale,0.7,0,f70_00,,0.4117647058823529,"[0, 19, 16, 21, 22, 7, 27, 3, 8, 26, 25, 24]",0.0
xgb_sko_quad_scale,0.7,0,f70_00,,0.3333333333333333,"[0, 16, 24, 19, 21, 7, 3, 22, 18, 26, 2, 8]",18.0
tabm_sko_ridge,0.7,0,f70_00,,0.3333333333333333,"[0, 19, 16, 26, 20, 18, 8, 25, 6, 7, 1, 23]",0.0
tabm_sko_quad,0.7,0,f70_00,,0.3333333333333333,"[0, 16, 19, 26, 18, 15, 20, 8, 6, 27, 2, 7]",13.0
tabm_sko_scale,0.7,0,f70_00,,0.4117647058823529,"[0, 16, 19, 26, 18, 20, 27, 8, 6, 7, 4, 1]",0.0
tabm_sko_quad_scale,0.7,0,f70_00,,0.3333333333333333,"[0, 16, 19, 18, 15, 26, 27, 20, 8, 6, 7, 4]",13.0
xgb_sko_ridge,0.7,1,f70_01,,0.5,"[0, 25, 16, 23, 7, 22, 27, 21, 8, 24, 20, 6]",0.0
xgb_sko_quad,0.7,1,f70_01,,0.4117647058823529,"[0, 23, 24, 21, 17, 7, 27, 25, 8, 20, 26, 28]",0.0
xgb_sko_scale,0.7,1,f70_01,,0.5,"[0, 25, 22, 16, 8, 7, 24, 21, 20, 27, 4, 6]",0.0
xgb_sko_quad_scale,0.7,1,f70_01,,0.5,"[0, 23, 17, 7, 25, 21, 24, 28, 8, 27, 16, 20]",0.0
tabm_sko_ridge,0.7,1,f70_01,,0.4117647058823529,"[0, 16, 19, 25, 28, 20, 27, 8, 22, 4, 3, 23]",0.0
tabm_sko_quad,0.7,1,f70_01,,0.4117647058823529,"[0, 16, 19, 28, 20, 25, 27, 8, 4, 22, 3, 23]",0.0
tabm_sko_scale,0.7,1,f70_01,,0.4117647058823529,"[0, 16, 19, 25, 28, 20, 27, 8, 4, 18, 22, 3]",0.0
tabm_sko_quad_scale,0.7,1,f70_01,,0.4117647058823529,"[16, 0, 19, 28, 8, 20, 4, 25, 18, 27, 22, 26]",0.0
xgb_sko_ridge,0.7,2,f70_02,,0.2631578947368421,"[0, 16, 25, 23, 18, 20, 27, 3, 26, 1, 12, 13]",0.0
xgb_sko_quad,0.7,2,f70_02,,0.6,"[0, 24, 16, 2, 23, 9, 3, 20, 11, 18, 1, 26]",0.0
xgb_sko_scale,0.7,2,f70_02,,0.2631578947368421,"[0, 16, 23, 18, 2, 25, 27, 3, 20, 26, 13, 12]",0.0
xgb_sko_quad_scale,0.7,2,f70_02,,0.5,"[0, 24, 16, 18, 1, 20, 9, 25, 11, 3, 23, 26]",0.0
tabm_sko_ridge,0.7,2,f70_02,,0.6,"[0, 16, 18, 25, 20, 9, 22, 28, 26, 1, 5, 3]",0.0
tabm_sko_quad,0.7,2,f70_02,,0.5,"[0, 16, 18, 25, 9, 5, 3, 20, 26, 1, 8, 13]",0.0
tabm_sko_scale,0.7,2,f70_02,,0.6,"[0, 16, 18, 20, 22, 9, 25, 8, 5, 26, 2, 27]",0.0
tabm_sko_quad_scale,0.7,2,f70_02,,0.6,"[0, 16, 18, 25, 22, 9, 15, 20, 5, 1, 3, 13]",0.0
xgb_sko_ridge,0.7,3,f70_03,,0.4117647058823529,"[0, 21, 16, 4, 1, 27, 23, 9, 2, 26, 20, 24]",0.0
xgb_sko_quad,0.7,3,f70_03,,0.6,"[0, 21, 2, 4, 16, 24, 15, 28, 1, 27, 23, 20]",0.0
xgb_sko_scale,0.7,3,f70_03,,0.4117647058823529,"[0, 15, 21, 16, 18, 4, 25, 9, 28, 1, 26, 24]",0.0
xgb_sko_quad_scale,0.7,3,f70_03,,0.6,"[0, 21, 16, 4, 2, 24, 1, 23, 9, 27, 20, 25]",0.0
tabm_sko_ridge,0.7,3,f70_03,,0.6,"[0, 16, 19, 15, 2, 27, 20, 25, 28, 1, 26, 23]",10.0
tabm_sko_quad,0.7,3,f70_03,,0.5,"[0, 16, 2, 15, 19, 4, 28, 1, 27, 20, 25, 23]",0.0
tabm_sko_scale,0.7,3,f70_03,,0.4117647058823529,"[0, 16, 19, 15, 2, 25, 27, 28, 23, 1, 22, 4]",7.0
tabm_sko_quad_scale,0.7,3,f70_03,,0.5,"[0, 16, 19, 15, 2, 28, 4, 27, 25, 1, 23, 20]",5.0
xgb_sko_ridge,0.7,4,f70_04,,0.4117647058823529,"[0, 18, 21, 4, 7, 16, 17, 27, 28, 3, 8, 20]",0.0
xgb_sko_quad,0.7,4,f70_04,,0.4117647058823529,"[0, 16, 19, 15, 28, 24, 7, 4, 2, 20, 3, 9]",17.0
xgb_sko_scale,0.7,4,f70_04,,0.5,"[0, 16, 18, 7, 25, 4, 28, 22, 27, 15, 3, 20]",0.0
xgb_sko_quad_scale,0.7,4,f70_04,,0.5,"[0, 16, 19, 7, 18, 15, 28, 4, 1, 24, 20, 2]",0.0
tabm_sko_ridge,0.7,4,f70_04,,0.3333333333333333,"[0, 15, 27, 20, 16, 18, 2, 4, 7, 25, 22, 8]",10.0
tabm_sko_quad,0.7,4,f70_04,,0.4117647058823529,"[0, 15, 2, 20, 4, 18, 27, 3, 9, 7, 26, 8]",0.0
tabm_sko_scale,0.7,4,f70_04,,0.7142857142857143,"[0, 15, 16, 18, 27, 20, 2, 7, 4, 22, 9, 1]",0.0
tabm_sko_quad_scale,0.7,4,f70_04,,0.6,"[0, 15, 16, 18, 2, 4, 9, 20, 7, 3, 8, 25]",6.0
xgb_sko_ridge,0.7,5,f70_05,,0.4117647058823529,"[0, 15, 28, 22, 16, 23, 8, 3, 4, 6, 20, 27]",0.0
xgb_sko_quad,0.7,5,f70_05,,0.5,"[0, 15, 24, 16, 28, 20, 23, 18, 26, 4, 8, 2]",0.0
xgb_sko_scale,0.7,5,f70_05,,0.3333333333333333,"[0, 15, 16, 28, 23, 4, 20, 8, 3, 6, 22, 26]",0.0
xgb_sko_quad_scale,0.7,5,f70_05,,0.3333333333333333,"[0, 15, 16, 28, 7, 20, 24, 23, 4, 6, 26, 9]",0.0
tabm_sko_ridge,0.7,5,f70_05,,0.6,"[0, 16, 15, 20, 22, 25, 2, 1, 26, 3, 8, 27]",0.0
tabm_sko_quad,0.7,5,f70_05,,0.6,"[0, 16, 20, 2, 22, 3, 25, 26, 1, 4, 27, 23]",0.0
tabm_sko_scale,0.7,5,f70_05,,0.7142857142857143,"[0, 16, 15, 20, 26, 25, 22, 2, 3, 18, 27, 8]",0.0
tabm_sko_quad_scale,0.7,5,f70_05,,0.6,"[0, 16, 15, 20, 2, 26, 18, 25, 27, 3, 22, 4]",12.0
xgb_sko_ridge,0.7,6,f70_06,,0.2631578947368421,"[0, 21, 22, 23, 25, 8, 2, 24, 18, 1, 26, 12]",0.0
xgb_sko_quad,0.7,6,f70_06,,0.4117647058823529,"[0, 23, 21, 24, 2, 22, 8, 19, 1, 27, 26, 28]",0.0
xgb_sko_scale,0.7,6,f70_06,,0.2631578947368421,"[0, 22, 21, 23, 16, 8, 25, 27, 18, 26, 1, 5]",0.0
xgb_sko_quad_scale,0.7,6,f70_06,,0.4117647058823529,"[0, 23, 21, 24, 2, 8, 27, 25, 15, 7, 26, 3]",0.0
tabm_sko_ridge,0.7,6,f70_06,,0.3333333333333333,"[0, 16, 19, 25, 5, 22, 26, 20, 28, 23, 24, 8]",0.0
tabm_sko_quad,0.7,6,f70_06,,0.3333333333333333,"[0, 24, 25, 26, 23, 5, 2, 8, 9, 1, 20, 13]",0.0
tabm_sko_scale,0.7,6,f70_06,,0.4117647058823529,"[0, 16, 19, 22, 28, 20, 15, 5, 26, 9, 10, 25]",0.0
tabm_sko_quad_scale,0.7,6,f70_06,,0.2631578947368421,"[0, 16, 19, 25, 26, 24, 5, 23, 2, 8, 9, 22]",0.0
xgb_sko_ridge,0.7,7,f70_07,,0.2631578947368421,"[0, 16, 23, 28, 2, 18, 22, 4, 26, 19, 3, 10]",0.0
xgb_sko_quad,0.7,7,f70_07,,0.3333333333333333,"[0, 23, 17, 19, 28, 2, 15, 24, 26, 18, 5, 3]",0.0
xgb_sko_scale,0.7,7,f70_07,,0.3333333333333333,"[0, 16, 22, 18, 2, 7, 4, 28, 23, 3, 17, 1]",0.0
xgb_sko_quad_scale,0.7,7,f70_07,,0.5,"[0, 23, 15, 17, 16, 28, 2, 19, 18, 24, 3, 4]",10.0
tabm_sko_ridge,0.7,7,f70_07,,0.5,"[0, 16, 18, 7, 3, 2, 26, 8, 4, 27, 9, 1]",0.0
tabm_sko_quad,0.7,7,f70_07,,0.5,"[0, 16, 19, 18, 2, 3, 27, 7, 26, 8, 1, 4]",0.0
tabm_sko_scale,0.7,7,f70_07,,0.5,"[0, 16, 18, 7, 3, 20, 2, 26, 27, 4, 23, 8]",0.0
tabm_sko_quad_scale,0.7,7,f70_07,,0.4117647058823529,"[0, 16, 19, 18, 3, 27, 7, 2, 26, 23, 4, 20]",0.0
xgb_sko_ridge,0.7,8,f70_08,,0.4117647058823529,"[0, 22, 19, 7, 25, 17, 23, 9, 26, 21, 8, 28]",6.0
xgb_sko_quad,0.7,8,f70_08,,0.5,"[0, 21, 19, 24, 17, 7, 22, 1, 25, 9, 2, 26]",0.0
xgb_sko_scale,0.7,8,f70_08,,0.5,"[0, 22, 7, 25, 28, 23, 16, 15, 27, 21, 17, 26]",0.0
xgb_sko_quad_scale,0.7,8,f70_08,,0.4117647058823529,"[0, 21, 19, 24, 7, 22, 25, 2, 1, 18, 27, 9]",14.0
tabm_sko_ridge,0.7,8,f70_08,,0.5,"[0, 26, 16, 2, 7, 25, 27, 20, 23, 24, 28, 17]",0.0
tabm_sko_quad,0.7,8,f70_08,,0.3333333333333333,"[0, 16, 26, 2, 27, 7, 25, 24, 20, 23, 17, 21]",0.0
tabm_sko_scale,0.7,8,f70_08,,0.4117647058823529,"[0, 27, 16, 26, 25, 7, 22, 28, 2, 20, 17, 23]",0.0
tabm_sko_quad_scale,0.7,8,f70_08,,0.2631578947368421,"[0, 16, 27, 26, 2, 7, 15, 19, 25, 20, 17, 24]",0.0
xgb_sko_ridge,0.7,9,f70_09,,0.4117647058823529,"[0, 22, 25, 19, 7, 15, 18, 2, 20, 8, 3, 10]",0.0
xgb_sko_quad,0.7,9,f70_09,,0.4117647058823529,"[0, 22, 18, 16, 7, 19, 21, 2, 25, 24, 20, 8]",0.0
xgb_sko_scale,0.7,9,f70_09,,0.4117647058823529,"[0, 22, 15, 7, 25, 19, 16, 2, 18, 8, 3, 20]",5.0
xgb_sko_quad_scale,0.7,9,f70_09,,0.5,"[0, 16, 18, 22, 7, 21, 24, 25, 2, 8, 19, 17]",0.0
tabm_sko_ridge,0.7,9,f70_09,,0.2,"[0, 15, 19, 22, 20, 25, 7, 5, 8, 2, 17, 14]",0.0
tabm_sko_quad,0.7,9,f70_09,,0.2631578947368421,"[0, 15, 19, 22, 20, 25, 7, 2, 8, 5, 17, 18]",10.0
tabm_sko_scale,0.7,9,f70_09,,0.3333333333333333,"[0, 15, 19, 20, 25, 22, 7, 5, 8, 17, 2, 3]",5.0
tabm_sko_quad_scale,0.7,9,f70_09,,0.4117647058823529,"[0, 15, 16, 19, 18, 22, 7, 25, 2, 20, 5, 8]",12.0
xgb_sko_ridge,0.7,10,f70_10,,0.3333333333333333,"[0, 23, 7, 22, 18, 21, 25, 8, 3, 9, 4, 1]",0.0
xgb_sko_quad,0.7,10,f70_10,,0.5,"[0, 23, 18, 7, 24, 3, 16, 2, 15, 8, 20, 9]",0.0
xgb_sko_scale,0.7,10,f70_10,,0.3333333333333333,"[0, 23, 18, 17, 22, 16, 21, 25, 8, 3, 7, 9]",0.0
xgb_sko_quad_scale,0.7,10,f70_10,,0.4117647058823529,"[0, 15, 18, 16, 23, 8, 7, 24, 3, 25, 9, 4]",0.0
tabm_sko_ridge,0.7,10,f70_10,,0.5,"[0, 16, 18, 25, 20, 9, 2, 7, 26, 3, 5, 4]",0.0
tabm_sko_quad,0.7,10,f70_10,,0.5,"[0, 16, 18, 2, 9, 20, 15, 8, 25, 3, 26, 5]",0.0
tabm_sko_scale,0.7,10,f70_10,,0.6,"[0, 16, 18, 25, 2, 7, 26, 9, 20, 3, 15, 8]",0.0
tabm_sko_quad_scale,0.7,10,f70_10,,0.6,"[0, 16, 15, 18, 2, 8, 9, 20, 3, 25, 4, 26]",0.0
xgb_sko_ridge,0.7,11,f70_11,,0.6,"[0, 22, 23, 21, 24, 28, 16, 27, 25, 2, 26, 20]",0.0
xgb_sko_quad,0.7,11,f70_11,,0.3333333333333333,"[0, 24, 23, 22, 21, 2, 19, 4, 8, 27, 20, 28]",0.0
xgb_sko_scale,0.7,11,f70_11,,0.4117647058823529,"[0, 22, 23, 28, 27, 25, 24, 8, 1, 21, 2, 26]",0.0
xgb_sko_quad_scale,0.7,11,f70_11,,0.4117647058823529,"[0, 15, 28, 21, 24, 19, 23, 2, 4, 27, 8, 20]",0.0
tabm_sko_ridge,0.7,11,f70_11,,0.5,"[0, 16, 25, 2, 20, 26, 28, 27, 4, 23, 7, 22]",0.0
tabm_sko_quad,0.7,11,f70_11,,0.6,"[0, 16, 2, 19, 26, 23, 4, 25, 27, 28, 20, 1]",0.0
tabm_sko_scale,0.7,11,f70_11,,0.5,"[0, 16, 25, 2, 22, 20, 26, 28, 4, 1, 27, 23]",0.0
tabm_sko_quad_scale,0.7,11,f70_11,,0.6,"[0, 16, 2, 1, 19, 22, 27, 20, 15, 4, 26, 28]",0.0
xgb_sko_ridge,0.7,12,f70_12,,0.3333333333333333,"[0, 16, 7, 17, 23, 25, 20, 5, 28, 3, 4, 11]",0.0
xgb_sko_quad,0.7,12,f70_12,,0.4117647058823529,"[0, 16, 19, 7, 28, 24, 27, 23, 2, 3, 26, 20]",0.0
xgb_sko_scale,0.7,12,f70_12,,0.3333333333333333,"[0, 16, 28, 19, 23, 17, 27, 25, 7, 8, 5, 20]",0.0
xgb_sko_quad_scale,0.7,12,f70_12,,0.3333333333333333,"[0, 16, 19, 28, 23, 27, 7, 24, 17, 3, 26, 25]",0.0
tabm_sko_ridge,0.7,12,f70_12,,0.4117647058823529,"[0, 16, 22, 19, 27, 20, 1, 3, 17, 5, 4, 25]",0.0
tabm_sko_quad,0.7,12,f70_12,,0.2631578947368421,"[0, 16, 19, 27, 22, 3, 5, 17, 26, 4, 12, 29]",0.0
tabm_sko_scale,0.7,12,f70_12,,0.4117647058823529,"[0, 16, 19, 22, 1, 20, 3, 8, 27, 4, 23, 10]",0.0
tabm_sko_quad_scale,0.7,12,f70_12,,0.2631578947368421,"[0, 16, 19, 27, 3, 22, 26, 8, 5, 4, 10, 11]",0.0
xgb_sko_ridge,0.7,13,f70_13,,0.5,"[0, 21, 7, 17, 2, 23, 9, 16, 20, 15, 6, 24]",0.0
xgb_sko_quad,0.7,13,f70_13,,0.3333333333333333,"[0, 17, 19, 9, 2, 7, 20, 24, 3, 23, 6, 10]",0.0
xgb_sko_scale,0.7,13,f70_13,,0.5,"[0, 21, 15, 7, 16, 2, 20, 9, 6, 25, 5, 14]",0.0
xgb_sko_quad_scale,0.7,13,f70_13,,0.3333333333333333,"[0, 17, 7, 2, 20, 9, 15, 24, 6, 3, 27, 8]",0.0
tabm_sko_ridge,0.7,13,f70_13,,0.3333333333333333,"[0, 15, 20, 25, 24, 23, 8, 2, 10, 17, 9, 5]",0.0
tabm_sko_quad,0.7,13,f70_13,,0.4117647058823529,"[0, 16, 15, 20, 2, 8, 24, 9, 23, 10, 25, 26]",0.0
tabm_sko_scale,0.7,13,f70_13,,0.4117647058823529,"[0, 15, 16, 20, 17, 1, 23, 2, 26, 25, 8, 5]",0.0
tabm_sko_quad_scale,0.7,13,f70_13,,0.5,"[0, 16, 15, 20, 2, 9, 8, 26, 23, 18, 17, 3]",0.0
xgb_sko_ridge,0.7,14,f70_14,,0.3333333333333333,"[0, 22, 16, 25, 15, 8, 26, 2, 23, 18, 1, 6]",0.0
xgb_sko_quad,0.7,14,f70_14,,0.3333333333333333,"[0, 22, 19, 16, 8, 2, 18, 26, 24, 4, 28, 20]",0.0
xgb_sko_scale,0.7,14,f70_14,,0.3333333333333333,"[0, 22, 15, 16, 25, 23, 8, 2, 26, 18, 1, 28]",0.0
xgb_sko_quad_scale,0.7,14,f70_14,,0.3333333333333333,"[0, 15, 22, 8, 18, 19, 26, 24, 16, 20, 4, 28]",0.0
tabm_sko_ridge,0.7,14,f70_14,,0.5,"[0, 16, 26, 20, 25, 22, 17, 23, 8, 9, 1, 28]",0.0
tabm_sko_quad,0.7,14,f70_14,,0.4117647058823529,"[0, 16, 26, 20, 8, 28, 23, 17, 6, 2, 9, 10]",0.0
tabm_sko_scale,0.7,14,f70_14,,0.5,"[0, 16, 15, 26, 18, 19, 9, 20, 17, 22, 23, 8]",7.0
tabm_sko_quad_scale,0.7,14,f70_14,,0.4117647058823529,"[0, 16, 26, 18, 19, 9, 20, 8, 28, 23, 2, 10]",0.0
xgb_sko_ridge,0.7,15,f70_15,,0.4117647058823529,"[0, 21, 22, 16, 17, 7, 2, 23, 26, 19, 20, 4]",20.0
xgb_sko_quad,0.7,15,f70_15,,0.4117647058823529,"[0, 17, 15, 2, 7, 16, 26, 24, 4, 1, 5, 3]",0.0
xgb_sko_scale,0.7,15,f70_15,,0.3333333333333333,"[0, 21, 16, 22, 25, 7, 23, 26, 3, 1, 20, 4]",0.0
xgb_sko_quad_scale,0.7,15,f70_15,,0.4117647058823529,"[0, 16, 2, 15, 7, 3, 25, 1, 24, 4, 26, 28]",0.0
tabm_sko_ridge,0.7,15,f70_15,,0.5,"[0, 16, 7, 20, 26, 25, 2, 22, 3, 21, 23, 9]",0.0
tabm_sko_quad,0.7,15,f70_15,,0.4117647058823529,"[0, 16, 15, 2, 7, 26, 3, 25, 23, 20, 21, 5]",0.0
tabm_sko_scale,0.7,15,f70_15,,0.6,"[0, 16, 15, 26, 7, 20, 25, 18, 3, 2, 9, 23]",7.0
tabm_sko_quad_scale,0.7,15,f70_15,,0.4117647058823529,"[0, 16, 15, 2, 26, 7, 3, 18, 17, 25, 23, 9]",0.0
xgb_sko_ridge,0.7,16,f70_16,,0.4117647058823529,"[0, 25, 23, 16, 22, 27, 4, 20, 15, 8, 26, 18]",0.0
xgb_sko_quad,0.7,16,f70_16,,0.5,"[0, 16, 27, 25, 2, 4, 24, 8, 21, 20, 26, 28]",0.0
xgb_sko_scale,0.7,16,f70_16,,0.4117647058823529,"[0, 25, 22, 23, 16, 8, 21, 27, 4, 24, 20, 3]",0.0
xgb_sko_quad_scale,0.7,16,f70_16,,0.4117647058823529,"[0, 27, 2, 25, 19, 16, 4, 22, 8, 20, 24, 1]",0.0
tabm_sko_ridge,0.7,16,f70_16,,0.5,"[0, 16, 25, 27, 15, 20, 2, 26, 1, 5, 23, 6]",7.0
tabm_sko_quad,0.7,16,f70_16,,0.5,"[0, 16, 15, 27, 2, 20, 25, 26, 5, 1, 3, 23]",0.0
tabm_sko_scale,0.7,16,f70_16,,0.5,"[0, 16, 15, 19, 25, 1, 20, 27, 2, 5, 22, 6]",6.0
tabm_sko_quad_scale,0.7,16,f70_16,,0.4117647058823529,"[0, 16, 15, 19, 2, 27, 25, 20, 1, 5, 3, 26]",7.0
xgb_sko_ridge,0.7,17,f70_17,,0.4117647058823529,"[0, 15, 28, 23, 16, 25, 3, 24, 26, 20, 7, 4]",5.0
xgb_sko_quad,0.7,17,f70_17,,0.4117647058823529,"[0, 23, 28, 24, 15, 21, 20, 3, 4, 26, 8, 11]",0.0
xgb_sko_scale,0.7,17,f70_17,,0.2631578947368421,"[0, 15, 28, 16, 23, 18, 1, 3, 27, 26, 25, 4]",0.0
xgb_sko_quad_scale,0.7,17,f70_17,,0.4117647058823529,"[0, 28, 15, 24, 23, 4, 21, 18, 20, 7, 3, 26]",0.0
tabm_sko_ridge,0.7,17,f70_17,,0.4117647058823529,"[0, 15, 16, 20, 26, 7, 3, 28, 8, 18, 25, 17]",0.0
tabm_sko_quad,0.7,17,f70_17,,0.4117647058823529,"[0, 15, 20, 3, 26, 28, 2, 8, 17, 7, 9, 4]",0.0
tabm_sko_scale,0.7,17,f70_17,,0.6,"[0, 16, 15, 18, 26, 20, 7, 3, 28, 8, 9, 27]",15.0
tabm_sko_quad_scale,0.7,17,f70_17,,0.6,"[0, 16, 15, 18, 26, 3, 7, 20, 28, 9, 2, 23]",10.0
xgb_sko_ridge,0.7,18,f70_18,,0.6,"[0, 16, 25, 15, 1, 22, 2, 21, 27, 18, 20, 17]",0.0
xgb_sko_quad,0.7,18,f70_18,,0.2631578947368421,"[0, 16, 28, 19, 20, 8, 27, 23, 6, 11, 17, 26]",0.0
xgb_sko_scale,0.7,18,f70_18,,0.4117647058823529,"[0, 16, 17, 15, 22, 25, 27, 20, 23, 2, 8, 6]",0.0
xgb_sko_quad_scale,0.7,18,f70_18,,0.2,"[0, 16, 17, 28, 27, 20, 8, 6, 26, 11, 5, 3]",0.0
tabm_sko_ridge,0.7,18,f70_18,,0.6,"[16, 0, 15, 20, 27, 3, 5, 10, 1, 25, 23, 26]",0.0
tabm_sko_quad,0.7,18,f70_18,,0.4117647058823529,"[0, 16, 15, 20, 3, 5, 6, 26, 27, 10, 1, 23]",0.0
tabm_sko_scale,0.7,18,f70_18,,0.6,"[16, 0, 15, 20, 8, 5, 22, 1, 27, 3, 28, 26]",0.0
tabm_sko_quad_scale,0.7,18,f70_18,,0.3333333333333333,"[0, 16, 15, 20, 5, 3, 26, 8, 6, 27, 22, 23]",0.0
xgb_sko_ridge,0.7,19,f70_19,,0.6,"[0, 21, 15, 25, 16, 23, 27, 8, 28, 18, 9, 7]",0.0
xgb_sko_quad,0.7,19,f70_19,,0.4117647058823529,"[0, 21, 16, 17, 23, 28, 8, 25, 4, 26, 9, 27]",6.0
xgb_sko_scale,0.7,19,f70_19,,0.3333333333333333,"[0, 21, 15, 16, 23, 27, 25, 17, 18, 8, 5, 28]",6.0
xgb_sko_quad_scale,0.7,19,f70_19,,0.5,"[0, 21, 23, 17, 28, 27, 16, 18, 25, 8, 9, 15]",0.0
tabm_sko_ridge,0.7,19,f70_19,,0.4117647058823529,"[0, 16, 15, 27, 25, 22, 26, 18, 6, 20, 9, 7]",0.0
tabm_sko_quad,0.7,19,f70_19,,0.4117647058823529,"[0, 15, 16, 27, 22, 26, 6, 2, 25, 18, 20, 9]",0.0
tabm_sko_scale,0.7,19,f70_19,,0.6,"[0, 15, 16, 27, 25, 19, 18, 22, 6, 26, 20, 9]",8.0
tabm_sko_quad_scale,0.7,19,f70_19,,0.5,"[0, 16, 15, 18, 27, 26, 6, 2, 25, 20, 22, 9]",5.0
xgb_sko_ridge,0.8,0,f80_00,,0.5,"[0, 16, 22, 2, 28, 27, 25, 8, 26, 18, 20, 3]",0.0
xgb_sko_quad,0.8,0,f80_00,,0.3333333333333333,"[0, 28, 16, 27, 24, 18, 17, 2, 3, 26, 20, 8]",5.0
xgb_sko_scale,0.8,0,f80_00,,0.4117647058823529,"[0, 16, 18, 28, 23, 22, 2, 27, 15, 17, 8, 26]",16.0
xgb_sko_quad_scale,0.8,0,f80_00,,0.5,"[0, 28, 18, 16, 15, 24, 2, 21, 8, 20, 26, 19]",25.0
tabm_sko_ridge,0.8,0,f80_00,,0.7142857142857143,"[0, 20, 25, 27, 16, 26, 6, 8, 1, 2, 3, 28]",0.0
tabm_sko_quad,0.8,0,f80_00,,0.5,"[0, 20, 15, 27, 26, 2, 6, 8, 3, 16, 25, 1]",0.0
tabm_sko_scale,0.8,0,f80_00,,0.5,"[0, 16, 18, 20, 25, 19, 27, 26, 8, 6, 1, 2]",12.0
tabm_sko_quad_scale,0.8,0,f80_00,,0.5,"[0, 16, 15, 26, 2, 18, 6, 20, 8, 27, 3, 1]",0.0
xgb_sko_ridge,0.8,1,f80_01,,0.6,"[0, 25, 15, 23, 27, 1, 7, 24, 28, 22, 2, 20]",0.0
xgb_sko_quad,0.8,1,f80_01,,0.4117647058823529,"[0, 15, 23, 17, 24, 19, 7, 21, 28, 27, 16, 2]",0.0
xgb_sko_scale,0.8,1,f80_01,,0.4117647058823529,"[0, 25, 16, 15, 22, 23, 27, 28, 5, 20, 1, 11]",0.0
xgb_sko_quad_scale,0.8,1,f80_01,,0.4117647058823529,"[0, 15, 23, 28, 27, 19, 7, 24, 20, 16, 2, 11]",0.0
tabm_sko_ridge,0.8,1,f80_01,,0.6,"[0, 25, 16, 20, 27, 9, 26, 28, 18, 21, 23, 2]",0.0
tabm_sko_quad,0.8,1,f80_01,,0.3333333333333333,"[0, 15, 27, 25, 20, 9, 26, 24, 1, 28, 21, 11]",0.0
tabm_sko_scale,0.8,1,f80_01,,0.5,"[0, 16, 25, 20, 1, 9, 27, 18, 26, 8, 28, 21]",0.0
tabm_sko_quad_scale,0.8,1,f80_01,,0.4117647058823529,"[0, 16, 27, 15, 1, 9, 19, 20, 26, 18, 8, 24]",10.0
xgb_sko_ridge,0.8,2,f80_02,,0.7142857142857143,"[0, 15, 7, 23, 21, 28, 18, 2, 16, 25, 20, 27]",8.0
xgb_sko_quad,0.8,2,f80_02,,0.5,"[0, 23, 28, 7, 2, 15, 24, 18, 21, 8, 25, 20]",0.0
xgb_sko_scale,0.8,2,f80_02,,0.5,"[0, 15, 23, 7, 28, 16, 2, 17, 18, 27, 22, 8]",6.0
xgb_sko_quad_scale,0.8,2,f80_02,,0.5,"[0, 15, 21, 23, 2, 18, 28, 24, 17, 8, 7, 27]",0.0
tabm_sko_ridge,0.8,2,f80_02,,0.4117647058823529,"[0, 15, 16, 7, 2, 27, 25, 20, 28, 22, 23, 19]",7.0
tabm_sko_quad,0.8,2,f80_02,,0.3333333333333333,"[0, 15, 2, 16, 7, 27, 24, 26, 9, 23, 28, 25]",0.0
tabm_sko_scale,0.8,2,f80_02,,0.4117647058823529,"[0, 15, 16, 7, 27, 19, 2, 25, 20, 28, 22, 23]",9.0
tabm_sko_quad_scale,0.8,2,f80_02,,0.4117647058823529,"[0, 15, 19, 16, 2, 7, 18, 27, 20, 23, 22, 24]",9.0
xgb_sko_ridge,0.8,3,f80_03,,0.3333333333333333,"[0, 22, 7, 16, 18, 25, 23, 28, 1, 26, 6, 10]",0.0
xgb_sko_quad,0.8,3,f80_03,,0.4117647058823529,"[0, 21, 18, 16, 22, 7, 2, 28, 24, 23, 25, 3]",10.0
xgb_sko_scale,0.8,3,f80_03,,0.4117647058823529,"[0, 16, 22, 18, 7, 25, 28, 1, 15, 19, 26, 20]",0.0
xgb_sko_quad_scale,0.8,3,f80_03,,0.4117647058823529,"[0, 18, 16, 7, 21, 22, 28, 2, 24, 4, 19, 25]",10.0
tabm_sko_ridge,0.8,3,f80_03,,0.5,"[0, 25, 7, 18, 26, 28, 16, 10, 20, 17, 15, 27]",6.0
tabm_sko_quad,0.8,3,f80_03,,0.5,"[0, 16, 19, 18, 7, 26, 28, 25, 10, 4, 17, 24]",5.0
tabm_sko_scale,0.8,3,f80_03,,0.4117647058823529,"[0, 16, 19, 25, 18, 1, 7, 26, 28, 20, 17, 22]",11.0
tabm_sko_quad_scale,0.8,3,f80_03,,0.3333333333333333,"[0, 16, 19, 18, 7, 1, 4, 26, 28, 25, 17, 6]",10.0
xgb_sko_ridge,0.8,4,f80_04,,0.5,"[0, 16, 22, 18, 27, 17, 21, 25, 2, 8, 20, 23]",0.0
xgb_sko_quad,0.8,4,f80_04,,0.4117647058823529,"[0, 2, 28, 18, 27, 16, 19, 4, 23, 25, 20, 21]",0.0
xgb_sko_scale,0.8,4,f80_04,,0.4117647058823529,"[0, 21, 17, 16, 27, 22, 18, 4, 25, 2, 28, 5]",0.0
xgb_sko_quad_scale,0.8,4,f80_04,,0.5,"[0, 19, 2, 27, 28, 4, 21, 1, 18, 25, 24, 23]",0.0
tabm_sko_ridge,0.8,4,f80_04,,0.5,"[0, 19, 16, 25, 27, 20, 1, 28, 9, 17, 5, 4]",5.0
tabm_sko_quad,0.8,4,f80_04,,0.5,"[0, 19, 16, 2, 25, 27, 4, 1, 20, 28, 5, 17]",0.0
tabm_sko_scale,0.8,4,f80_04,,0.5,"[0, 19, 16, 15, 1, 27, 25, 20, 17, 28, 9, 2]",6.0
tabm_sko_quad_scale,0.8,4,f80_04,,0.5,"[0, 19, 16, 27, 1, 2, 4, 25, 17, 20, 28, 9]",0.0
xgb_sko_ridge,0.8,5,f80_05,,0.5,"[0, 2, 28, 23, 16, 17, 15, 22, 1, 21, 26, 20]",0.0
xgb_sko_quad,0.8,5,f80_05,,0.5,"[0, 21, 17, 15, 28, 2, 23, 26, 7, 24, 20, 19]",0.0
xgb_sko_scale,0.8,5,f80_05,,0.6,"[0, 16, 23, 15, 2, 1, 28, 22, 21, 20, 7, 3]",7.0
xgb_sko_quad_scale,0.8,5,f80_05,,0.5,"[0, 15, 28, 21, 2, 23, 24, 17, 7, 27, 26, 20]",5.0
tabm_sko_ridge,0.8,5,f80_05,,0.4117647058823529,"[0, 15, 26, 2, 28, 25, 20, 22, 6, 4, 3, 13]",0.0
tabm_sko_quad,0.8,5,f80_05,,0.5,"[0, 15, 2, 26, 28, 19, 27, 25, 18, 20, 3, 6]",0.0
tabm_sko_scale,0.8,5,f80_05,,0.7142857142857143,"[0, 15, 16, 26, 2, 19, 18, 28, 20, 3, 9, 22]",15.0
tabm_sko_quad_scale,0.8,5,f80_05,,0.5,"[0, 15, 19, 16, 2, 18, 26, 28, 20, 3, 25, 27]",11.0
xgb_sko_ridge,0.8,6,f80_06,,0.5,"[0, 22, 16, 23, 15, 7, 2, 25, 20, 4, 5, 17]",0.0
xgb_sko_quad,0.8,6,f80_06,,0.5,"[0, 15, 17, 23, 2, 16, 21, 24, 19, 9, 27, 4]",6.0
xgb_sko_scale,0.8,6,f80_06,,0.4117647058823529,"[0, 22, 16, 15, 23, 17, 7, 25, 18, 2, 1, 20]",5.0
xgb_sko_quad_scale,0.8,6,f80_06,,0.8461538461538461,"[0, 15, 17, 2, 16, 19, 23, 24, 18, 21, 20, 25]",20.0
tabm_sko_ridge,0.8,6,f80_06,,0.4117647058823529,"[0, 16, 15, 25, 2, 20, 27, 7, 4, 14, 10, 6]",6.0
tabm_sko_quad,0.8,6,f80_06,,0.4117647058823529,"[0, 16, 15, 19, 2, 27, 20, 4, 26, 25, 9, 6]",6.0
tabm_sko_scale,0.8,6,f80_06,,0.4117647058823529,"[0, 16, 15, 19, 25, 7, 2, 18, 4, 20, 26, 6]",10.0
tabm_sko_quad_scale,0.8,6,f80_06,,0.4117647058823529,"[0, 16, 15, 19, 2, 4, 20, 18, 26, 7, 27, 6]",9.0
xgb_sko_ridge,0.8,7,f80_07,,0.4117647058823529,"[0, 22, 16, 28, 20, 26, 25, 4, 8, 7, 3, 23]",0.0
xgb_sko_quad,0.8,7,f80_07,,0.5,"[0, 21, 24, 4, 16, 26, 3, 7, 2, 1, 20, 5]",0.0
xgb_sko_scale,0.8,7,f80_07,,0.3333333333333333,"[0, 16, 22, 20, 28, 4, 25, 7, 26, 8, 1, 12]",0.0
xgb_sko_quad_scale,0.8,7,f80_07,,0.5,"[0, 17, 21, 28, 4, 7, 24, 16, 2, 20, 18, 26]",0.0
tabm_sko_ridge,0.8,7,f80_07,,0.5,"[0, 16, 19, 22, 20, 3, 28, 4, 25, 2, 1, 23]",0.0
tabm_sko_quad,0.8,7,f80_07,,0.5,"[0, 16, 19, 22, 4, 2, 20, 3, 28, 24, 25, 23]",0.0
tabm_sko_scale,0.8,7,f80_07,,0.5,"[0, 16, 19, 20, 22, 2, 3, 28, 4, 25, 9, 1]",0.0
tabm_sko_quad_scale,0.8,7,f80_07,,0.7142857142857143,"[0, 16, 19, 4, 2, 18, 20, 9, 3, 22, 28, 24]",0.0
xgb_sko_ridge,0.8,8,f80_08,,0.4117647058823529,"[0, 22, 23, 28, 16, 17, 4, 7, 2, 24, 18, 25]",0.0
xgb_sko_quad,0.8,8,f80_08,,0.3333333333333333,"[0, 28, 24, 2, 22, 23, 21, 17, 19, 4, 25, 6]",0.0
xgb_sko_scale,0.8,8,f80_08,,0.3333333333333333,"[0, 22, 23, 28, 4, 2, 17, 16, 24, 18, 25, 19]",11.0
xgb_sko_quad_scale,0.8,8,f80_08,,0.4117647058823529,"[0, 22, 24, 2, 17, 28, 19, 23, 4, 16, 1, 27]",11.0
tabm_sko_ridge,0.8,8,f80_08,,0.6,"[0, 16, 4, 22, 28, 25, 26, 27, 2, 20, 23, 1]",0.0
tabm_sko_quad,0.8,8,f80_08,,0.6,"[0, 16, 19, 4, 22, 2, 26, 28, 25, 20, 27, 3]",6.0
tabm_sko_scale,0.8,8,f80_08,,0.5,"[0, 16, 19, 15, 22, 28, 4, 27, 2, 26, 25, 20]",13.0
tabm_sko_quad_scale,0.8,8,f80_08,,0.5,"[0, 16, 19, 2, 4, 26, 22, 1, 20, 27, 28, 25]",11.0
xgb_sko_ridge,0.8,9,f80_09,,0.4117647058823529,"[0, 16, 22, 21, 19, 25, 23, 8, 27, 17, 2, 6]",0.0
xgb_sko_quad,0.8,9,f80_09,,0.4117647058823529,"[0, 16, 19, 17, 22, 21, 2, 25, 8, 24, 1, 6]",0.0
xgb_sko_scale,0.8,9,f80_09,,0.3333333333333333,"[0, 16, 22, 25, 23, 8, 19, 27, 6, 2, 18, 28]",0.0
xgb_sko_quad_scale,0.8,9,f80_09,,0.4117647058823529,"[0, 16, 19, 2, 8, 17, 21, 25, 24, 28, 27, 6]",10.0
tabm_sko_ridge,0.8,9,f80_09,,0.5,"[0, 16, 25, 19, 27, 20, 23, 28, 8, 26, 14, 2]",0.0
tabm_sko_quad,0.8,9,f80_09,,0.4117647058823529,"[0, 16, 25, 8, 23, 2, 27, 14, 26, 20, 4, 15]",5.0
tabm_sko_scale,0.8,9,f80_09,,0.4117647058823529,"[16, 0, 19, 25, 27, 26, 8, 20, 28, 1, 23, 2]",0.0
tabm_sko_quad_scale,0.8,9,f80_09,,0.3333333333333333,"[0, 16, 19, 26, 25, 2, 8, 23, 20, 22, 27, 4]",10.0
xgb_sko_ridge,0.8,10,f80_10,,0.6,"[0, 16, 22, 7, 2, 15, 25, 27, 9, 17, 19, 1]",5.0
xgb_sko_quad,0.8,10,f80_10,,0.5,"[0, 17, 15, 1, 2, 24, 7, 4, 19, 9, 20, 26]",0.0
xgb_sko_scale,0.8,10,f80_10,,0.6,"[0, 15, 22, 17, 2, 4, 25, 27, 16, 9, 28, 24]",7.0
xgb_sko_quad_scale,0.8,10,f80_10,,0.6,"[0, 17, 21, 15, 24, 1, 7, 4, 19, 2, 18, 20]",0.0
tabm_sko_ridge,0.8,10,f80_10,,0.4117647058823529,"[0, 19, 7, 22, 25, 20, 15, 26, 28, 27, 23, 9]",0.0
tabm_sko_quad,0.8,10,f80_10,,0.4117647058823529,"[0, 19, 15, 7, 26, 20, 28, 2, 23, 22, 1, 4]",0.0
tabm_sko_scale,0.8,10,f80_10,,0.5,"[0, 15, 19, 18, 7, 20, 16, 25, 26, 22, 28, 27]",5.0
tabm_sko_quad_scale,0.8,10,f80_10,,0.6,"[0, 19, 15, 16, 18, 7, 20, 4, 28, 2, 26, 22]",6.0
xgb_sko_ridge,0.8,11,f80_11,,0.5,"[0, 7, 16, 15, 28, 23, 4, 21, 27, 20, 18, 3]",0.0
xgb_sko_quad,0.8,11,f80_11,,0.4117647058823529,"[0, 15, 21, 7, 27, 28, 24, 23, 16, 4, 20, 3]",10.0
xgb_sko_scale,0.8,11,f80_11,,0.4117647058823529,"[0, 7, 15, 28, 16, 23, 1, 4, 27, 25, 20, 18]",0.0
xgb_sko_quad_scale,0.8,11,f80_11,,0.5,"[0, 21, 15, 7, 17, 23, 28, 27, 16, 4, 20, 25]",20.0
tabm_sko_ridge,0.8,11,f80_11,,0.3333333333333333,"[0, 16, 15, 19, 7, 20, 18, 26, 6, 25, 4, 3]",15.0
tabm_sko_quad,0.8,11,f80_11,,0.5,"[0, 15, 16, 19, 7, 20, 26, 6, 2, 4, 3, 18]",17.0
tabm_sko_scale,0.8,11,f80_11,,0.4117647058823529,"[0, 16, 15, 19, 7, 18, 20, 26, 6, 25, 3, 4]",18.0
tabm_sko_quad_scale,0.8,11,f80_11,,0.4117647058823529,"[0, 16, 15, 19, 7, 18, 20, 2, 26, 6, 27, 4]",18.0
xgb_sko_ridge,0.8,12,f80_12,,0.4117647058823529,"[0, 16, 23, 15, 18, 28, 25, 27, 8, 1, 4, 2]",0.0
xgb_sko_quad,0.8,12,f80_12,,0.3333333333333333,"[0, 23, 28, 21, 16, 19, 25, 18, 27, 24, 8, 4]",0.0
xgb_sko_scale,0.8,12,f80_12,,0.3333333333333333,"[0, 15, 16, 28, 23, 25, 27, 18, 8, 22, 19, 17]",0.0
xgb_sko_quad_scale,0.8,12,f80_12,,0.5,"[0, 23, 21, 16, 28, 25, 18, 27, 19, 24, 8, 17]",5.0
tabm_sko_ridge,0.8,12,f80_12,,0.6,"[0, 15, 27, 25, 16, 20, 26, 9, 8, 28, 3, 17]",0.0
tabm_sko_quad,0.8,12,f80_12,,0.3333333333333333,"[0, 16, 27, 25, 26, 2, 3, 5, 8, 17, 24, 9]",0.0
tabm_sko_scale,0.8,12,f80_12,,0.5,"[0, 15, 16, 27, 19, 20, 26, 18, 25, 9, 28, 8]",5.0
tabm_sko_quad_scale,0.8,12,f80_12,,0.3333333333333333,"[0, 16, 15, 19, 27, 18, 26, 2, 25, 5, 8, 3]",10.0
xgb_sko_ridge,0.8,13,f80_13,,0.5,"[0, 22, 15, 2, 25, 17, 1, 16, 18, 21, 8, 20]",0.0
xgb_sko_quad,0.8,13,f80_13,,0.5,"[0, 17, 15, 16, 22, 2, 21, 28, 23, 24, 20, 18]",7.0
xgb_sko_scale,0.8,13,f80_13,,0.4117647058823529,"[0, 22, 15, 25, 17, 16, 2, 1, 18, 28, 20, 8]",6.0
xgb_sko_quad_scale,0.8,13,f80_13,,0.6,"[0, 17, 16, 15, 22, 21, 23, 2, 28, 18, 24, 9]",11.0
tabm_sko_ridge,0.8,13,f80_13,,0.6,"[0, 16, 15, 19, 25, 27, 2, 20, 26, 18, 9, 28]",8.0
tabm_sko_quad,0.8,13,f80_13,,0.5,"[0, 16, 15, 2, 27, 26, 18, 20, 9, 25, 4, 6]",0.0
tabm_sko_scale,0.8,13,f80_13,,0.7142857142857143,"[0, 16, 15, 25, 18, 9, 20, 2, 27, 19, 1, 26]",17.0
tabm_sko_quad_scale,0.8,13,f80_13,,0.6,"[0, 16, 15, 18, 9, 2, 27, 20, 26, 25, 28, 4]",0.0
xgb_sko_ridge,0.8,14,f80_14,,0.7142857142857143,"[0, 15, 21, 25, 16, 18, 26, 2, 7, 20, 22, 28]",0.0
xgb_sko_quad,0.8,14,f80_14,,0.5,"[0, 2, 25, 21, 15, 16, 17, 27, 7, 18, 26, 24]",11.0
xgb_sko_scale,0.8,14,f80_14,,0.4117647058823529,"[0, 15, 16, 25, 21, 18, 22, 27, 28, 1, 19, 26]",0.0
xgb_sko_quad_scale,0.8,14,f80_14,,0.6,"[0, 15, 17, 2, 25, 16, 18, 21, 7, 27, 24, 19]",13.0
tabm_sko_ridge,0.8,14,f80_14,,0.4117647058823529,"[0, 16, 25, 20, 2, 27, 7, 26, 22, 15, 17, 4]",0.0
tabm_sko_quad,0.8,14,f80_14,,0.6,"[0, 16, 15, 2, 27, 20, 25, 26, 18, 4, 8, 3]",6.0
tabm_sko_scale,0.8,14,f80_14,,0.3333333333333333,"[0, 16, 15, 20, 2, 19, 25, 7, 26, 4, 17, 8]",0.0
tabm_sko_quad_scale,0.8,14,f80_14,,0.4117647058823529,"[0, 16, 15, 19, 18, 2, 20, 26, 27, 25, 8, 4]",7.0
xgb_sko_ridge,0.8,15,f80_15,,0.5,"[0, 15, 17, 23, 16, 22, 4, 25, 26, 27, 28, 7]",0.0
xgb_sko_quad,0.8,15,f80_15,,0.6,"[0, 17, 15, 21, 23, 7, 2, 4, 26, 20, 16, 9]",14.0
xgb_sko_scale,0.8,15,f80_15,,0.4117647058823529,"[0, 15, 25, 28, 16, 7, 18, 27, 23, 4, 26, 20]",6.0
xgb_sko_quad_scale,0.8,15,f80_15,,0.5,"[0, 17, 15, 16, 7, 23, 4, 25, 2, 27, 28, 20]",11.0
tabm_sko_ridge,0.8,15,f80_15,,0.4117647058823529,"[0, 15, 16, 19, 20, 7, 4, 22, 1, 25, 27, 26]",6.0
tabm_sko_quad,0.8,15,f80_15,,0.4117647058823529,"[0, 15, 16, 19, 2, 25, 20, 4, 26, 8, 9, 23]",0.0
tabm_sko_scale,0.8,15,f80_15,,0.5,"[0, 16, 19, 15, 20, 22, 7, 18, 9, 4, 27, 21]",7.0
tabm_sko_quad_scale,0.8,15,f80_15,,0.5,"[0, 16, 15, 19, 20, 2, 22, 25, 4, 9, 26, 23]",10.0
xgb_sko_ridge,0.8,16,f80_16,,0.5,"[0, 16, 15, 21, 25, 22, 23, 27, 26, 9, 8, 4]",10.0
xgb_sko_quad,0.8,16,f80_16,,0.5,"[0, 28, 21, 19, 2, 23, 25, 16, 26, 8, 22, 9]",17.0
xgb_sko_scale,0.8,16,f80_16,,0.4117647058823529,"[0, 15, 16, 25, 21, 23, 22, 28, 4, 27, 26, 8]",10.0
xgb_sko_quad_scale,0.8,16,f80_16,,0.4117647058823529,"[0, 19, 28, 21, 16, 26, 25, 17, 23, 8, 9, 18]",21.0
tabm_sko_ridge,0.8,16,f80_16,,0.4117647058823529,"[0, 15, 16, 19, 25, 26, 18, 9, 8, 20, 22, 2]",6.0
tabm_sko_quad,0.8,16,f80_16,,0.5,"[0, 16, 19, 26, 18, 8, 9, 2, 4, 20, 1, 17]",0.0
tabm_sko_scale,0.8,16,f80_16,,0.6,"[0, 16, 15, 19, 25, 18, 20, 26, 4, 2, 22, 1]",15.0
tabm_sko_quad_scale,0.8,16,f80_16,,0.6,"[0, 16, 15, 19, 18, 26, 4, 20, 2, 8, 1, 9]",12.0
xgb_sko_ridge,0.8,17,f80_17,,0.4117647058823529,"[0, 16, 23, 25, 15, 8, 1, 28, 22, 18, 27, 26]",0.0
xgb_sko_quad,0.8,17,f80_17,,0.5,"[0, 23, 28, 24, 18, 1, 8, 15, 25, 26, 6, 2]",0.0
xgb_sko_scale,0.8,17,f80_17,,0.3333333333333333,"[0, 16, 23, 15, 22, 25, 18, 8, 27, 28, 1, 6]",0.0
xgb_sko_quad_scale,0.8,17,f80_17,,0.6,"[0, 23, 18, 24, 1, 15, 8, 28, 21, 25, 27, 16]",0.0
tabm_sko_ridge,0.8,17,f80_17,,0.3333333333333333,"[16, 0, 15, 26, 25, 2, 22, 18, 19, 8, 20, 17]",0.0
tabm_sko_quad,0.8,17,f80_17,,0.4117647058823529,"[0, 16, 19, 26, 15, 2, 3, 8, 18, 17, 14, 1]",0.0
tabm_sko_scale,0.8,17,f80_17,,0.5,"[16, 0, 15, 18, 19, 26, 25, 22, 8, 27, 2, 10]",11.0
tabm_sko_quad_scale,0.8,17,f80_17,,0.3333333333333333,"[0, 16, 15, 18, 19, 26, 2, 8, 10, 23, 27, 3]",6.0
xgb_sko_ridge,0.8,18,f80_18,,0.3333333333333333,"[0, 16, 22, 23, 25, 21, 4, 18, 5, 28, 1, 26]",0.0
xgb_sko_quad,0.8,18,f80_18,,0.4117647058823529,"[0, 16, 23, 21, 18, 24, 4, 5, 26, 11, 25, 8]",0.0
xgb_sko_scale,0.8,18,f80_18,,0.2,"[0, 16, 23, 25, 22, 4, 21, 8, 19, 5, 1, 26]",0.0
xgb_sko_quad_scale,0.8,18,f80_18,,0.5,"[0, 16, 23, 18, 4, 24, 5, 26, 15, 27, 1, 25]",11.0
tabm_sko_ridge,0.8,18,f80_18,,0.3333333333333333,"[0, 25, 19, 26, 18, 27, 1, 6, 5, 17, 20, 23]",0.0
tabm_sko_quad,0.8,18,f80_18,,0.4117647058823529,"[0, 19, 18, 26, 27, 5, 16, 6, 25, 1, 3, 23]",0.0
tabm_sko_scale,0.8,18,f80_18,,0.4117647058823529,"[0, 19, 25, 26, 18, 5, 27, 1, 22, 6, 20, 7]",0.0
tabm_sko_quad_scale,0.8,18,f80_18,,0.3333333333333333,"[0, 16, 18, 26, 19, 27, 5, 15, 25, 6, 1, 3]",10.0
xgb_sko_ridge,0.8,19,f80_19,,0.7142857142857143,"[0, 17, 15, 22, 7, 25, 16, 28, 2, 27, 21, 8]",11.0
xgb_sko_quad,0.8,19,f80_19,,0.4117647058823529,"[0, 2, 21, 28, 15, 17, 23, 25, 4, 24, 27, 7]",0.0
xgb_sko_scale,0.8,19,f80_19,,0.4117647058823529,"[0, 15, 17, 16, 22, 25, 18, 2, 27, 28, 8, 3]",17.0
xgb_sko_quad_scale,0.8,19,f80_19,,0.6,"[0, 15, 21, 28, 2, 16, 25, 24, 17, 8, 18, 7]",0.0
tabm_sko_ridge,0.8,19,f80_19,,0.4117647058823529,"[0, 27, 25, 2, 26, 20, 7, 8, 17, 23, 15, 3]",10.0
tabm_sko_quad,0.8,19,f80_19,,0.3333333333333333,"[0, 15, 27, 2, 26, 19, 25, 20, 23, 8, 7, 1]",0.0
tabm_sko_scale,0.8,19,f80_19,,0.4117647058823529,"[0, 15, 19, 16, 20, 25, 26, 27, 2, 7, 8, 17]",11.0
tabm_sko_quad_scale,0.8,19,f80_19,,0.2631578947368421,"[0, 15, 16, 19, 26, 20, 2, 27, 8, 25, 7, 5]",7.0
lasso_pair_q20,0.5,0,half_00_A,A,0.3333333333333333,"[20, 23, 25, 16, 26, 28, 2, 17, 1, 19, 10, 11]",
linear_orbit_student,0.5,0,half_00_A,A,0.4117647058823529,"[20, 16, 15, 21, 23, 13, 25, 28, 26, 2, 1, 3]",
xgb_shap,0.5,0,half_00_A,A,0.7142857142857143,"[21, 0, 23, 16, 24, 19, 20, 15, 18, 2, 25, 28]",
xgb_pfi,0.5,0,half_00_A,A,0.8461538461538461,"[21, 0, 16, 19, 23, 15, 20, 18, 2, 24, 1, 28]",
tabm_pfi,0.5,0,half_00_A,A,0.7142857142857143,"[0, 23, 16, 20, 19, 21, 15, 2, 27, 25, 24, 17]",
deep_lasso,0.5,0,half_00_A,A,0.8461538461538461,"[20, 0, 23, 21, 25, 16, 19, 24, 27, 18, 15, 26]",
xgb_naive,0.5,0,half_00_A,A,0.5,"[18, 19, 21, 17, 23, 20, 28, 4, 26, 13, 11, 25]",
xgb_midpoint,0.5,0,half_00_A,A,0.5,"[18, 21, 19, 17, 23, 20, 4, 26, 28, 25, 13, 11]",
xgb_orbit,0.5,0,half_00_A,A,0.5,"[18, 21, 19, 23, 17, 20, 28, 4, 26, 13, 11, 5]",
xgb_orbit_student,0.5,0,half_00_A,A,0.5,"[23, 17, 13, 21, 11, 26, 19, 18, 20, 4, 28, 5]",
tabm_naive,0.5,0,half_00_A,A,0.2631578947368421,"[20, 23, 16, 21, 13, 3, 15, 17, 19, 18, 11, 26]",
tabm_midpoint,0.5,0,half_00_A,A,0.3333333333333333,"[20, 23, 16, 21, 13, 3, 15, 17, 19, 18, 26, 11]",
tabm_orbit,0.5,0,half_00_A,A,0.3333333333333333,"[20, 23, 16, 21, 13, 3, 15, 17, 19, 18, 26, 11]",
tabm_orbit_student,0.5,0,half_00_A,A,0.2631578947368421,"[23, 20, 21, 12, 28, 3, 17, 13, 11, 26, 15, 16]",
lasso_pair_q20,0.5,0,half_00_B,B,0.3333333333333333,"[20, 25, 27, 2, 5, 13, 7, 1, 3, 4, 8, 9]",
linear_orbit_student,0.5,0,half_00_B,B,0.4117647058823529,"[21, 25, 27, 28, 26, 9, 14, 22, 6, 16, 2, 1]",
xgb_shap,0.5,0,half_00_B,B,0.8461538461538461,"[23, 21, 0, 24, 16, 15, 19, 25, 7, 1, 18, 20]",
xgb_pfi,0.5,0,half_00_B,B,0.7142857142857143,"[23, 21, 0, 16, 24, 20, 19, 15, 18, 28, 25, 1]",
tabm_pfi,0.5,0,half_00_B,B,0.7142857142857143,"[23, 0, 21, 15, 16, 19, 20, 25, 7, 24, 22, 28]",
deep_lasso,0.5,0,half_00_B,B,0.8461538461538461,"[23, 21, 0, 25, 16, 15, 19, 20, 27, 24, 7, 9]",
xgb_naive,0.5,0,half_00_B,B,0.3333333333333333,"[16, 21, 18, 1, 25, 0, 28, 2, 26, 15, 24, 20]",
xgb_midpoint,0.5,0,half_00_B,B,0.4117647058823529,"[16, 21, 18, 25, 1, 26, 28, 2, 15, 27, 20, 24]",
xgb_orbit,0.5,0,half_00_B,B,0.3333333333333333,"[16, 21, 18, 25, 1, 28, 26, 2, 15, 24, 0, 20]",
xgb_orbit_student,0.5,0,half_00_B,B,0.4117647058823529,"[1, 21, 16, 20, 25, 6, 2, 26, 18, 27, 5, 10]",
tabm_naive,0.5,0,half_00_B,B,0.2631578947368421,"[21, 25, 19, 16, 24, 20, 2, 1, 8, 28, 26, 13]",
tabm_midpoint,0.5,0,half_00_B,B,0.3333333333333333,"[21, 25, 19, 16, 24, 20, 2, 1, 8, 28, 26, 13]",
tabm_orbit,0.5,0,half_00_B,B,0.3333333333333333,"[21, 25, 19, 16, 24, 20, 2, 1, 8, 28, 26, 13]",
tabm_orbit_student,0.5,0,half_00_B,B,0.2631578947368421,"[8, 25, 19, 21, 16, 1, 3, 2, 28, 26, 24, 20]",
lasso_pair_q20,0.5,1,half_01_A,A,0.2631578947368421,"[20, 0, 26, 16, 2, 27, 19, 1, 10, 22, 5, 11]",
linear_orbit_student,0.5,1,half_01_A,A,0.3333333333333333,"[20, 17, 22, 19, 4, 27, 6, 0, 21, 16, 26, 2]",
xgb_shap,0.5,1,half_01_A,A,0.8461538461538461,"[21, 0, 24, 16, 23, 15, 19, 20, 18, 2, 25, 7]",
xgb_pfi,0.5,1,half_01_A,A,0.7142857142857143,"[21, 0, 16, 24, 19, 23, 18, 15, 20, 28, 2, 17]",
tabm_pfi,0.5,1,half_01_A,A,0.6,"[23, 0, 15, 19, 16, 21, 20, 2, 22, 28, 27, 9]",
deep_lasso,0.5,1,half_01_A,A,1.0,"[21, 23, 15, 0, 25, 20, 16, 19, 27, 18, 7, 24]",
xgb_naive,0.5,1,half_01_A,A,0.3333333333333333,"[18, 16, 19, 24, 3, 17, 7, 28, 26, 15, 20, 9]",
xgb_midpoint,0.5,1,half_01_A,A,0.4117647058823529,"[18, 16, 19, 24, 3, 17, 28, 9, 27, 26, 15, 23]",
xgb_orbit,0.5,1,half_01_A,A,0.4117647058823529,"[18, 16, 19, 24, 3, 17, 28, 9, 15, 26, 21, 27]",
xgb_orbit_student,0.5,1,half_01_A,A,0.2,"[18, 24, 16, 26, 19, 3, 17, 13, 28, 9, 15, 12]",
tabm_naive,0.5,1,half_01_A,A,0.3333333333333333,"[20, 0, 16, 23, 18, 19, 2, 27, 24, 17, 1, 22]",
tabm_midpoint,0.5,1,half_01_A,A,0.4117647058823529,"[20, 23, 0, 16, 18, 2, 19, 24, 27, 17, 1, 22]",
tabm_orbit,0.5,1,half_01_A,A,0.4117647058823529,"[20, 0, 23, 16, 18, 2, 19, 24, 27, 17, 1, 22]",
tabm_orbit_student,0.5,1,half_01_A,A,0.2,"[24, 18, 20, 2, 10, 27, 17, 16, 22, 19, 0, 26]",
lasso_pair_q20,0.5,1,half_01_B,B,0.4117647058823529,"[20, 23, 25, 16, 22, 8, 11, 14, 15, 1, 2, 6]",
linear_orbit_student,0.5,1,half_01_B,B,0.4117647058823529,"[8, 23, 20, 2, 22, 7, 25, 16, 17, 1, 3, 4]",
xgb_shap,0.5,1,half_01_B,B,0.6,"[23, 21, 0, 16, 19, 24, 15, 25, 20, 18, 17, 8]",
xgb_pfi,0.5,1,half_01_B,B,0.7142857142857143,"[23, 0, 21, 16, 19, 20, 15, 2, 25, 24, 18, 22]",
tabm_pfi,0.5,1,half_01_B,B,0.8461538461538461,"[23, 0, 16, 21, 15, 19, 20, 2, 25, 24, 22, 27]",
deep_lasso,0.5,1,half_01_B,B,0.7142857142857143,"[23, 21, 0, 16, 20, 19, 25, 15, 27, 8, 9, 18]",
xgb_naive,0.5,1,half_01_B,B,0.2631578947368421,"[23, 0, 21, 17, 2, 15, 8, 16, 19, 7, 13, 9]",
xgb_midpoint,0.5,1,half_01_B,B,0.3333333333333333,"[23, 21, 0, 17, 2, 15, 19, 8, 18, 16, 7, 9]",
xgb_orbit,0.5,1,half_01_B,B,0.3333333333333333,"[23, 21, 0, 17, 2, 15, 16, 19, 8, 7, 18, 9]",
xgb_orbit_student,0.5,1,half_01_B,B,0.2,"[23, 2, 21, 11, 15, 10, 12, 13, 0, 8, 9, 17]",
tabm_naive,0.5,1,half_01_B,B,0.3333333333333333,"[23, 21, 8, 20, 18, 6, 2, 28, 24, 5, 9, 1]",
tabm_midpoint,0.5,1,half_01_B,B,0.2631578947368421,"[23, 21, 8, 20, 18, 2, 6, 28, 24, 5, 9, 7]",
tabm_orbit,0.5,1,half_01_B,B,0.2631578947368421,"[23, 21, 8, 20, 18, 6, 2, 28, 24, 5, 9, 7]",
tabm_orbit_student,0.5,1,half_01_B,B,0.2,"[8, 23, 21, 6, 18, 5, 28, 24, 20, 2, 9, 3]",
lasso_pair_q20,0.5,2,half_02_A,A,0.3333333333333333,"[21, 20, 0, 25, 16, 26, 27, 14, 10, 17, 1, 4]",
linear_orbit_student,0.5,2,half_02_A,A,0.4117647058823529,"[16, 25, 8, 20, 26, 21, 27, 7, 19, 15, 1, 3]",
xgb_shap,0.5,2,half_02_A,A,0.7142857142857143,"[21, 24, 0, 23, 19, 16, 15, 18, 20, 9, 27, 7]",
xgb_pfi,0.5,2,half_02_A,A,0.8461538461538461,"[21, 0, 24, 23, 19, 15, 16, 18, 20, 27, 2, 28]",
tabm_pfi,0.5,2,half_02_A,A,0.7142857142857143,"[23, 0, 19, 15, 16, 21, 20, 2, 27, 18, 25, 9]",
deep_lasso,0.5,2,half_02_A,A,0.8461538461538461,"[23, 0, 21, 20, 19, 25, 16, 27, 15, 24, 18, 2]",
xgb_naive,0.5,2,half_02_A,A,0.4117647058823529,"[18, 27, 0, 24, 3, 20, 17, 15, 9, 8, 25, 21]",
xgb_midpoint,0.5,2,half_02_A,A,0.4117647058823529,"[18, 0, 27, 24, 3, 20, 17, 15, 8, 9, 21, 25]",
xgb_orbit,0.5,2,half_02_A,A,0.4117647058823529,"[18, 27, 0, 24, 3, 17, 20, 15, 8, 9, 21, 25]",
xgb_orbit_student,0.5,2,half_02_A,A,0.3333333333333333,"[20, 17, 8, 11, 24, 12, 25, 3, 27, 0, 6, 18]",
tabm_naive,0.5,2,half_02_A,A,0.2,"[0, 16, 20, 24, 3, 19, 8, 25, 27, 13, 9, 17]",
tabm_midpoint,0.5,2,half_02_A,A,0.2631578947368421,"[0, 16, 20, 24, 3, 19, 8, 25, 27, 13, 9, 17]",
tabm_orbit,0.5,2,half_02_A,A,0.2631578947368421,"[0, 16, 20, 24, 3, 25, 8, 19, 27, 13, 9, 17]",
tabm_orbit_student,0.5,2,half_02_A,A,0.2,"[3, 8, 24, 20, 13, 0, 25, 16, 9, 19, 27, 5]",
lasso_pair_q20,0.5,2,half_02_B,B,0.4117647058823529,"[20, 0, 27, 7, 9, 18, 22, 1, 3, 4, 5, 10]",
linear_orbit_student,0.5,2,half_02_B,B,0.6,"[23, 0, 20, 28, 22, 27, 15, 25, 1, 3, 4, 5]",
xgb_shap,0.5,2,half_02_B,B,0.8461538461538461,"[23, 0, 21, 16, 15, 25, 19, 20, 2, 24, 18, 7]",
xgb_pfi,0.5,2,half_02_B,B,0.7142857142857143,"[23, 21, 0, 16, 19, 15, 20, 2, 18, 25, 24, 7]",
tabm_pfi,0.5,2,half_02_B,B,0.8461538461538461,"[0, 23, 21, 15, 16, 20, 19, 2, 24, 25, 18, 26]",
deep_lasso,0.5,2,half_02_B,B,0.8461538461538461,"[23, 21, 0, 20, 25, 16, 15, 19, 24, 2, 18, 7]",
xgb_naive,0.5,2,half_02_B,B,0.3333333333333333,"[23, 19, 17, 0, 15, 9, 27, 6, 8, 28, 16, 20]",
xgb_midpoint,0.5,2,half_02_B,B,0.3333333333333333,"[23, 19, 17, 15, 0, 8, 6, 9, 27, 20, 28, 16]",
xgb_orbit,0.5,2,half_02_B,B,0.3333333333333333,"[23, 19, 17, 0, 15, 9, 6, 8, 20, 27, 28, 16]",
xgb_orbit_student,0.5,2,half_02_B,B,0.2631578947368421,"[6, 17, 23, 15, 8, 5, 14, 12, 19, 20, 11, 9]",
tabm_naive,0.5,2,half_02_B,B,0.4117647058823529,"[0, 23, 20, 18, 19, 21, 12, 22, 7, 17, 5, 28]",
tabm_midpoint,0.5,2,half_02_B,B,0.4117647058823529,"[0, 23, 20, 18, 21, 19, 12, 22, 17, 7, 5, 9]",
tabm_orbit,0.5,2,half_02_B,B,0.4117647058823529,"[0, 23, 20, 18, 21, 19, 12, 22, 7, 17, 5, 28]",
tabm_orbit_student,0.5,2,half_02_B,B,0.4117647058823529,"[0, 20, 12, 23, 22, 14, 18, 21, 28, 17, 19, 5]",
lasso_pair_q20,0.5,3,half_03_A,A,0.4117647058823529,"[0, 16, 7, 6, 3, 2, 22, 15, 26, 1, 5, 10]",
linear_orbit_student,0.5,3,half_03_A,A,0.4117647058823529,"[22, 21, 2, 0, 7, 15, 9, 4, 1, 3, 5, 6]",
xgb_shap,0.5,3,half_03_A,A,0.7142857142857143,"[23, 0, 21, 24, 16, 19, 15, 20, 18, 7, 25, 17]",
xgb_pfi,0.5,3,half_03_A,A,0.7142857142857143,"[23, 0, 21, 16, 19, 24, 15, 20, 2, 18, 9, 28]",
tabm_pfi,0.5,3,half_03_A,A,0.8461538461538461,"[23, 0, 16, 15, 19, 21, 20, 24, 27, 2, 25, 22]",
deep_lasso,0.5,3,half_03_A,A,0.8461538461538461,"[23, 0, 21, 20, 16, 24, 25, 19, 27, 15, 18, 2]",
xgb_naive,0.5,3,half_03_A,A,0.3333333333333333,"[17, 16, 15, 9, 7, 5, 24, 21, 12, 13, 3, 25]",
xgb_midpoint,0.5,3,half_03_A,A,0.3333333333333333,"[17, 16, 15, 7, 9, 5, 24, 13, 21, 3, 12, 25]",
xgb_orbit,0.5,3,half_03_A,A,0.2631578947368421,"[17, 16, 15, 7, 9, 5, 13, 24, 12, 3, 11, 21]",
xgb_orbit_student,0.5,3,half_03_A,A,0.1428571428571428,"[17, 9, 15, 5, 13, 11, 12, 7, 16, 24, 3, 14]",
tabm_naive,0.5,3,half_03_A,A,0.2,"[21, 2, 18, 17, 7, 16, 20, 0, 11, 13, 9, 14]",
tabm_midpoint,0.5,3,half_03_A,A,0.2,"[21, 18, 2, 17, 7, 16, 20, 9, 11, 13, 14, 25]",
tabm_orbit,0.5,3,half_03_A,A,0.2,"[21, 18, 2, 17, 7, 16, 20, 9, 11, 13, 14, 25]",
tabm_orbit_student,0.5,3,half_03_A,A,0.2,"[2, 21, 17, 18, 14, 7, 11, 13, 9, 16, 25, 20]",
lasso_pair_q20,0.5,3,half_03_B,B,0.2631578947368421,"[0, 25, 16, 26, 2, 23, 27, 8, 1, 4, 7, 11]",
linear_orbit_student,0.5,3,half_03_B,B,0.4117647058823529,"[25, 22, 11, 26, 17, 2, 10, 0, 21, 1, 4, 5]",
xgb_shap,0.5,3,half_03_B,B,0.8461538461538461,"[21, 23, 0, 16, 19, 24, 15, 25, 18, 20, 2, 7]",
xgb_pfi,0.5,3,half_03_B,B,0.8461538461538461,"[21, 0, 23, 16, 19, 20, 18, 2, 24, 25, 15, 1]",
tabm_pfi,0.5,3,half_03_B,B,0.8461538461538461,"[23, 0, 21, 15, 16, 19, 20, 2, 24, 25, 18, 8]",
deep_lasso,0.5,3,half_03_B,B,0.8461538461538461,"[23, 21, 0, 25, 20, 15, 19, 16, 27, 24, 9, 18]",
xgb_naive,0.5,3,half_03_B,B,0.4117647058823529,"[19, 18, 0, 23, 21, 25, 12, 7, 4, 3, 9, 5]",
xgb_midpoint,0.5,3,half_03_B,B,0.4117647058823529,"[18, 19, 0, 23, 25, 21, 3, 4, 12, 7, 9, 24]",
xgb_orbit,0.5,3,half_03_B,B,0.4117647058823529,"[19, 18, 0, 23, 21, 7, 3, 25, 4, 12, 9, 17]",
xgb_orbit_student,0.5,3,half_03_B,B,0.4117647058823529,"[25, 12, 19, 18, 10, 26, 23, 24, 3, 9, 0, 5]",
tabm_naive,0.5,3,half_03_B,B,0.5,"[0, 23, 25, 5, 13, 19, 1, 26, 4, 28, 22, 12]",
tabm_midpoint,0.5,3,half_03_B,B,0.5,"[0, 23, 25, 19, 5, 13, 1, 4, 26, 28, 22, 12]",
tabm_orbit,0.5,3,half_03_B,B,0.5,"[0, 23, 25, 19, 5, 13, 1, 26, 4, 28, 22, 2]",
tabm_orbit_student,0.5,3,half_03_B,B,0.5,"[13, 0, 25, 5, 26, 22, 1, 23, 28, 4, 19, 12]",
lasso_pair_q20,0.5,4,half_04_A,A,0.5,"[0, 25, 6, 22, 15, 5, 23, 14, 1, 7, 9, 10]",
linear_orbit_student,0.5,4,half_04_A,A,0.3333333333333333,"[7, 21, 9, 25, 0, 19, 23, 20, 2, 28, 15, 1]",
xgb_shap,0.5,4,half_04_A,A,0.8461538461538461,"[21, 0, 24, 16, 23, 19, 25, 15, 20, 1, 18, 7]",
xgb_pfi,0.5,4,half_04_A,A,0.7142857142857143,"[21, 16, 0, 23, 19, 18, 24, 20, 15, 2, 25, 17]",
tabm_pfi,0.5,4,half_04_A,A,0.7142857142857143,"[0, 23, 16, 21, 19, 15, 20, 2, 17, 18, 25, 5]",
deep_lasso,0.5,4,half_04_A,A,0.8461538461538461,"[23, 0, 21, 20, 24, 25, 16, 27, 15, 19, 2, 7]",
xgb_naive,0.5,4,half_04_A,A,0.4117647058823529,"[19, 18, 21, 0, 7, 2, 28, 8, 25, 20, 27, 4]",
xgb_midpoint,0.5,4,half_04_A,A,0.4117647058823529,"[19, 18, 21, 0, 7, 2, 25, 8, 20, 28, 27, 23]",
xgb_orbit,0.5,4,half_04_A,A,0.4117647058823529,"[19, 18, 21, 0, 7, 2, 8, 25, 20, 28, 27, 23]",
xgb_orbit_student,0.5,4,half_04_A,A,0.3333333333333333,"[18, 19, 7, 14, 21, 25, 22, 8, 2, 20, 23, 0]",
tabm_naive,0.5,4,half_04_A,A,0.2631578947368421,"[0, 7, 18, 21, 24, 27, 11, 8, 2, 5, 10, 3]",
tabm_midpoint,0.5,4,half_04_A,A,0.3333333333333333,"[0, 7, 21, 18, 24, 27, 20, 8, 11, 2, 5, 10]",
tabm_orbit,0.5,4,half_04_A,A,0.3333333333333333,"[0, 21, 7, 18, 24, 27, 20, 11, 8, 2, 5, 10]",
tabm_orbit_student,0.5,4,half_04_A,A,0.2631578947368421,"[7, 11, 12, 18, 0, 24, 21, 10, 8, 5, 14, 22]",
lasso_pair_q20,0.5,4,half_04_B,B,0.3333333333333333,"[20, 0, 25, 27, 5, 19, 1, 2, 6, 8, 9, 10]",
linear_orbit_student,0.5,4,half_04_B,B,0.5,"[0, 20, 17, 25, 2, 27, 8, 23, 1, 3, 4, 5]",
xgb_shap,0.5,4,half_04_B,B,0.6,"[23, 21, 0, 16, 15, 19, 24, 20, 18, 27, 17, 25]",
xgb_pfi,0.5,4,half_04_B,B,0.8461538461538461,"[23, 21, 0, 16, 19, 20, 15, 18, 2, 24, 27, 9]",
tabm_pfi,0.5,4,half_04_B,B,0.7142857142857143,"[23, 0, 16, 15, 21, 19, 20, 2, 25, 1, 24, 27]",
deep_lasso,0.5,4,half_04_B,B,0.8461538461538461,"[23, 21, 0, 16, 15, 25, 20, 19, 27, 24, 18, 4]",
xgb_naive,0.5,4,half_04_B,B,0.4117647058823529,"[16, 19, 18, 0, 4, 12, 15, 1, 17, 5, 13, 20]",
xgb_midpoint,0.5,4,half_04_B,B,0.4117647058823529,"[16, 19, 18, 0, 4, 12, 1, 17, 15, 13, 5, 20]",
xgb_orbit,0.5,4,half_04_B,B,0.4117647058823529,"[16, 19, 18, 0, 4, 12, 15, 17, 1, 5, 13, 20]",
xgb_orbit_student,0.5,4,half_04_B,B,0.3333333333333333,"[12, 4, 16, 19, 0, 18, 5, 13, 15, 20, 1, 17]",
tabm_naive,0.5,4,half_04_B,B,0.3333333333333333,"[0, 20, 1, 13, 18, 4, 2, 11, 12, 24, 7, 8]",
tabm_midpoint,0.5,4,half_04_B,B,0.2631578947368421,"[0, 20, 1, 13, 18, 4, 11, 2, 12, 24, 7, 8]",
tabm_orbit,0.5,4,half_04_B,B,0.2631578947368421,"[0, 20, 1, 13, 18, 4, 11, 2, 12, 24, 7, 8]",
tabm_orbit_student,0.5,4,half_04_B,B,0.2631578947368421,"[20, 0, 13, 11, 4, 12, 1, 24, 18, 2, 14, 7]",
lasso_pair_q20,0.5,5,half_05_A,A,0.4117647058823529,"[23, 20, 16, 25, 26, 15, 8, 7, 3, 27, 10, 19]",
linear_orbit_student,0.5,5,half_05_A,A,0.3333333333333333,"[23, 17, 20, 25, 6, 27, 8, 16, 26, 0, 2, 1]",
xgb_shap,0.5,5,half_05_A,A,0.8461538461538461,"[23, 0, 21, 24, 16, 19, 15, 18, 20, 2, 1, 17]",
xgb_pfi,0.5,5,half_05_A,A,0.8461538461538461,"[23, 0, 21, 19, 16, 24, 15, 20, 2, 18, 1, 8]",
tabm_pfi,0.5,5,half_05_A,A,0.6,"[0, 23, 15, 16, 19, 21, 2, 20, 17, 1, 8, 18]",
deep_lasso,0.5,5,half_05_A,A,0.7142857142857143,"[23, 21, 16, 0, 25, 20, 19, 15, 27, 9, 24, 2]",
xgb_naive,0.5,5,half_05_A,A,0.4117647058823529,"[23, 0, 16, 27, 21, 8, 7, 20, 11, 17, 24, 26]",
xgb_midpoint,0.5,5,half_05_A,A,0.4117647058823529,"[23, 16, 0, 27, 21, 8, 7, 20, 11, 17, 24, 9]",
xgb_orbit,0.5,5,half_05_A,A,0.4117647058823529,"[23, 16, 0, 27, 8, 21, 7, 20, 11, 17, 24, 26]",
xgb_orbit_student,0.5,5,half_05_A,A,0.3333333333333333,"[23, 10, 11, 27, 0, 8, 16, 7, 26, 21, 20, 17]",
tabm_naive,0.5,5,half_05_A,A,0.5,"[23, 20, 21, 17, 27, 0, 3, 11, 1, 10, 25, 18]",
tabm_midpoint,0.5,5,half_05_A,A,0.5,"[23, 20, 21, 27, 17, 0, 3, 1, 25, 10, 11, 18]",
tabm_orbit,0.5,5,half_05_A,A,0.5,"[23, 20, 21, 17, 27, 0, 3, 25, 1, 11, 10, 5]",
tabm_orbit_student,0.5,5,half_05_A,A,0.5,"[17, 23, 11, 21, 20, 3, 10, 12, 27, 22, 5, 25]",
lasso_pair_q20,0.5,5,half_05_B,B,0.4117647058823529,"[20, 0, 25, 16, 27, 2, 22, 18, 9, 1, 3, 4]",
linear_orbit_student,0.5,5,half_05_B,B,0.3333333333333333,"[20, 22, 0, 25, 4, 21, 27, 12, 16, 17, 8, 2]",
xgb_shap,0.5,5,half_05_B,B,0.7142857142857143,"[21, 23, 0, 16, 19, 15, 24, 25, 18, 1, 20, 27]",
xgb_pfi,0.5,5,half_05_B,B,0.7142857142857143,"[21, 23, 0, 16, 19, 20, 18, 24, 15, 25, 28, 27]",
tabm_pfi,0.5,5,half_05_B,B,0.7142857142857143,"[23, 0, 21, 20, 16, 15, 19, 24, 27, 2, 25, 26]",
deep_lasso,0.5,5,half_05_B,B,1.0,"[23, 0, 21, 20, 25, 19, 15, 16, 24, 27, 18, 7]",
xgb_naive,0.5,5,half_05_B,B,0.6,"[18, 16, 0, 19, 25, 21, 23, 17, 4, 6, 9, 20]",
xgb_midpoint,0.5,5,half_05_B,B,0.5,"[18, 16, 0, 19, 25, 21, 23, 17, 4, 9, 8, 6]",
xgb_orbit,0.5,5,half_05_B,B,0.5,"[18, 16, 0, 19, 25, 21, 23, 17, 4, 9, 6, 8]",
xgb_orbit_student,0.5,5,half_05_B,B,0.4117647058823529,"[18, 6, 25, 13, 16, 9, 23, 4, 17, 0, 20, 21]",
tabm_naive,0.5,5,half_05_B,B,0.5,"[0, 20, 25, 21, 16, 4, 18, 23, 27, 8, 24, 11]",
tabm_midpoint,0.5,5,half_05_B,B,0.5,"[0, 20, 21, 25, 16, 23, 4, 18, 27, 24, 8, 3]",
tabm_orbit,0.5,5,half_05_B,B,0.5,"[0, 20, 21, 25, 16, 23, 4, 18, 27, 24, 8, 3]",
tabm_orbit_student,0.5,5,half_05_B,B,0.2631578947368421,"[20, 0, 25, 3, 24, 8, 4, 14, 11, 5, 16, 18]",
lasso_pair_q20,0.5,6,half_06_A,A,0.5,"[20, 25, 23, 2, 27, 26, 22, 3, 8, 5, 9, 4]",
linear_orbit_student,0.5,6,half_06_A,A,0.4117647058823529,"[23, 20, 25, 27, 22, 6, 11, 7, 15, 21, 2, 1]",
xgb_shap,0.5,6,half_06_A,A,0.8461538461538461,"[23, 0, 21, 24, 19, 16, 15, 20, 18, 25, 2, 1]",
xgb_pfi,0.5,6,half_06_A,A,0.7142857142857143,"[23, 0, 21, 19, 16, 24, 15, 20, 18, 2, 25, 22]",
tabm_pfi,0.5,6,half_06_A,A,0.8461538461538461,"[23, 0, 15, 21, 16, 19, 2, 24, 25, 20, 27, 18]",
deep_lasso,0.5,6,half_06_A,A,0.8461538461538461,"[23, 21, 0, 16, 20, 15, 25, 19, 27, 18, 24, 2]",
xgb_naive,0.5,6,half_06_A,A,0.6,"[19, 16, 18, 23, 25, 28, 21, 3, 24, 20, 4, 15]",
xgb_midpoint,0.5,6,half_06_A,A,0.6,"[19, 16, 18, 23, 25, 21, 28, 3, 24, 20, 4, 8]",
xgb_orbit,0.5,6,half_06_A,A,0.6,"[19, 16, 18, 23, 25, 21, 28, 3, 24, 20, 4, 15]",
xgb_orbit_student,0.5,6,half_06_A,A,0.3333333333333333,"[23, 25, 3, 19, 20, 24, 21, 28, 16, 11, 15, 22]",
tabm_naive,0.5,6,half_06_A,A,0.3333333333333333,"[23, 16, 27, 20, 25, 18, 21, 24, 3, 10, 9, 19]",
tabm_midpoint,0.5,6,half_06_A,A,0.3333333333333333,"[23, 16, 27, 20, 25, 21, 18, 24, 3, 10, 9, 8]",
tabm_orbit,0.5,6,half_06_A,A,0.3333333333333333,"[23, 16, 27, 20, 25, 21, 18, 24, 3, 10, 9, 8]",
tabm_orbit_student,0.5,6,half_06_A,A,0.3333333333333333,"[23, 25, 24, 16, 10, 22, 27, 3, 20, 8, 21, 18]",
lasso_pair_q20,0.5,6,half_06_B,B,0.4117647058823529,"[0, 21, 25, 16, 27, 3, 28, 6, 15, 1, 10, 9]",
linear_orbit_student,0.5,6,half_06_B,B,0.3333333333333333,"[21, 22, 25, 0, 8, 17, 16, 27, 26, 7, 28, 1]",
xgb_shap,0.5,6,half_06_B,B,0.8461538461538461,"[21, 23, 0, 16, 19, 24, 15, 20, 18, 7, 28, 2]",
xgb_pfi,0.5,6,half_06_B,B,0.7142857142857143,"[21, 0, 23, 19, 16, 15, 20, 24, 18, 1, 7, 28]",
tabm_pfi,0.5,6,half_06_B,B,0.6,"[0, 23, 19, 15, 16, 21, 20, 1, 8, 24, 7, 22]",
deep_lasso,0.5,6,half_06_B,B,0.8461538461538461,"[23, 21, 0, 20, 25, 19, 15, 16, 27, 24, 26, 18]",
xgb_naive,0.5,6,half_06_B,B,0.4117647058823529,"[19, 21, 18, 26, 25, 5, 4, 6, 1, 23, 3, 11]",
xgb_midpoint,0.5,6,half_06_B,B,0.4117647058823529,"[19, 18, 21, 26, 25, 5, 23, 4, 6, 3, 11, 1]",
xgb_orbit,0.5,6,half_06_B,B,0.4117647058823529,"[19, 21, 18, 26, 5, 25, 23, 6, 4, 3, 1, 8]",
xgb_orbit_student,0.5,6,half_06_B,B,0.4117647058823529,"[21, 6, 25, 26, 19, 5, 13, 4, 11, 23, 12, 18]",
tabm_naive,0.5,6,half_06_B,B,0.5,"[0, 20, 21, 1, 25, 19, 23, 26, 3, 4, 7, 8]",
tabm_midpoint,0.5,6,half_06_B,B,0.5,"[0, 20, 21, 1, 23, 19, 25, 26, 3, 15, 8, 7]",
tabm_orbit,0.5,6,half_06_B,B,0.5,"[0, 21, 20, 1, 23, 19, 25, 26, 3, 8, 15, 7]",
tabm_orbit_student,0.5,6,half_06_B,B,0.5,"[1, 0, 21, 4, 3, 25, 20, 19, 22, 23, 8, 26]",
lasso_pair_q20,0.5,7,half_07_A,A,0.5,"[20, 0, 25, 23, 16, 26, 14, 1, 3, 4, 5, 9]",
linear_orbit_student,0.5,7,half_07_A,A,0.4117647058823529,"[25, 20, 21, 22, 26, 17, 5, 10, 19, 7, 0, 27]",
xgb_shap,0.5,7,half_07_A,A,0.6,"[21, 0, 16, 23, 19, 20, 24, 15, 18, 27, 17, 6]",
xgb_pfi,0.5,7,half_07_A,A,0.8461538461538461,"[21, 0, 16, 19, 23, 20, 15, 18, 24, 27, 2, 17]",
tabm_pfi,0.5,7,half_07_A,A,0.7142857142857143,"[0, 23, 16, 21, 20, 19, 15, 2, 25, 27, 3, 24]",
deep_lasso,0.5,7,half_07_A,A,0.6,"[20, 21, 0, 23, 25, 19, 16, 27, 15, 2, 3, 9]",
xgb_naive,0.5,7,half_07_A,A,0.5,"[19, 16, 21, 0, 17, 24, 6, 23, 20, 25, 10, 3]",
xgb_midpoint,0.5,7,half_07_A,A,0.5,"[19, 16, 21, 0, 17, 24, 6, 23, 20, 25, 3, 10]",
xgb_orbit,0.5,7,half_07_A,A,0.5,"[19, 16, 21, 0, 17, 24, 6, 23, 20, 25, 10, 3]",
xgb_orbit_student,0.5,7,half_07_A,A,0.4117647058823529,"[6, 10, 17, 16, 24, 19, 13, 21, 23, 11, 25, 0]",
tabm_naive,0.5,7,half_07_A,A,0.4117647058823529,"[20, 23, 1, 24, 21, 6, 5, 16, 26, 18, 13, 2]",
tabm_midpoint,0.5,7,half_07_A,A,0.4117647058823529,"[20, 23, 1, 24, 21, 6, 5, 16, 26, 7, 13, 18]",
tabm_orbit,0.5,7,half_07_A,A,0.4117647058823529,"[20, 23, 1, 24, 21, 6, 5, 16, 26, 18, 7, 13]",
tabm_orbit_student,0.5,7,half_07_A,A,0.5,"[14, 23, 24, 1, 13, 21, 20, 5, 22, 6, 26, 28]",
lasso_pair_q20,0.5,7,half_07_B,B,0.2631578947368421,"[0, 21, 20, 25, 16, 27, 5, 2, 15, 17, 26, 9]",
linear_orbit_student,0.5,7,half_07_B,B,0.3333333333333333,"[23, 25, 14, 27, 18, 0, 3, 26, 2, 8, 6, 20]",
xgb_shap,0.5,7,half_07_B,B,0.8461538461538461,"[23, 21, 0, 24, 16, 19, 15, 25, 20, 18, 7, 1]",
xgb_pfi,0.5,7,half_07_B,B,0.8461538461538461,"[23, 0, 21, 19, 16, 15, 24, 20, 2, 18, 1, 25]",
tabm_pfi,0.5,7,half_07_B,B,0.8461538461538461,"[0, 23, 16, 15, 19, 21, 2, 20, 25, 18, 27, 22]",
deep_lasso,0.5,7,half_07_B,B,0.8461538461538461,"[23, 21, 0, 25, 15, 16, 19, 24, 20, 27, 26, 18]",
xgb_naive,0.5,7,half_07_B,B,0.5,"[18, 0, 16, 25, 23, 19, 2, 17, 3, 6, 27, 21]",
xgb_midpoint,0.5,7,half_07_B,B,0.4117647058823529,"[18, 16, 25, 0, 23, 19, 2, 17, 3, 6, 21, 26]",
xgb_orbit,0.5,7,half_07_B,B,0.5,"[18, 16, 0, 25, 23, 19, 2, 17, 3, 6, 21, 27]",
xgb_orbit_student,0.5,7,half_07_B,B,0.2,"[25, 0, 18, 6, 16, 26, 3, 14, 23, 2, 17, 11]",
tabm_naive,0.5,7,half_07_B,B,0.4117647058823529,"[23, 0, 25, 27, 21, 20, 16, 11, 8, 2, 6, 26]",
tabm_midpoint,0.5,7,half_07_B,B,0.4117647058823529,"[23, 0, 25, 21, 27, 16, 20, 11, 8, 6, 2, 18]",
tabm_orbit,0.5,7,half_07_B,B,0.3333333333333333,"[23, 0, 25, 21, 27, 16, 20, 11, 8, 2, 6, 9]",
tabm_orbit_student,0.5,7,half_07_B,B,0.3333333333333333,"[23, 0, 27, 25, 21, 11, 6, 20, 8, 10, 16, 12]",
lasso_pair_q20,0.5,8,half_08_A,A,0.4117647058823529,"[0, 25, 20, 26, 19, 2, 22, 18, 15, 14, 10, 4]",
linear_orbit_student,0.5,8,half_08_A,A,0.4117647058823529,"[0, 25, 10, 17, 20, 2, 1, 3, 4, 5, 6, 9]",
xgb_shap,0.5,8,half_08_A,A,0.7142857142857143,"[23, 21, 0, 24, 19, 16, 15, 20, 18, 25, 1, 4]",
xgb_pfi,0.5,8,half_08_A,A,0.7142857142857143,"[21, 23, 0, 19, 16, 24, 20, 15, 18, 2, 7, 25]",
tabm_pfi,0.5,8,half_08_A,A,0.8461538461538461,"[23, 0, 19, 15, 21, 16, 20, 25, 24, 2, 22, 7]",
deep_lasso,0.5,8,half_08_A,A,1.0,"[0, 23, 21, 20, 15, 16, 25, 19, 27, 24, 18, 7]",
xgb_naive,0.5,8,half_08_A,A,0.4117647058823529,"[0, 23, 27, 24, 8, 16, 28, 25, 17, 9, 20, 3]",
xgb_midpoint,0.5,8,half_08_A,A,0.5,"[0, 23, 27, 16, 8, 25, 24, 28, 9, 19, 17, 20]",
xgb_orbit,0.5,8,half_08_A,A,0.5,"[0, 23, 16, 27, 17, 24, 25, 28, 8, 9, 20, 19]",
xgb_orbit_student,0.5,8,half_08_A,A,0.2631578947368421,"[24, 0, 25, 27, 23, 11, 13, 9, 26, 17, 3, 28]",
tabm_naive,0.5,8,half_08_A,A,0.4117647058823529,"[0, 27, 19, 7, 25, 20, 4, 23, 24, 1, 14, 10]",
tabm_midpoint,0.5,8,half_08_A,A,0.5,"[0, 27, 7, 19, 25, 23, 4, 20, 24, 1, 10, 14]",
tabm_orbit,0.5,8,half_08_A,A,0.5,"[0, 27, 7, 19, 25, 23, 4, 20, 24, 14, 1, 10]",
tabm_orbit_student,0.5,8,half_08_A,A,0.3333333333333333,"[0, 25, 27, 7, 14, 13, 4, 10, 24, 19, 23, 1]",
lasso_pair_q20,0.5,8,half_08_B,B,0.2,"[0, 20, 21, 25, 16, 27, 26, 5, 28, 14, 8, 10]",
linear_orbit_student,0.5,8,half_08_B,B,0.2631578947368421,"[21, 23, 27, 20, 9, 0, 16, 8, 28, 15, 14, 2]",
xgb_shap,0.5,8,half_08_B,B,0.8461538461538461,"[21, 23, 0, 16, 19, 15, 24, 20, 25, 18, 7, 2]",
xgb_pfi,0.5,8,half_08_B,B,0.7142857142857143,"[21, 0, 23, 19, 16, 18, 20, 15, 2, 9, 25, 1]",
tabm_pfi,0.5,8,half_08_B,B,0.6,"[23, 0, 21, 16, 20, 19, 15, 2, 27, 25, 26, 9]",
deep_lasso,0.5,8,half_08_B,B,0.8461538461538461,"[23, 0, 21, 20, 25, 15, 24, 19, 16, 27, 26, 7]",
xgb_naive,0.5,8,half_08_B,B,0.5,"[18, 19, 16, 21, 8, 27, 2, 17, 4, 15, 24, 13]",
xgb_midpoint,0.5,8,half_08_B,B,0.5,"[18, 19, 16, 21, 8, 27, 17, 4, 2, 15, 24, 13]",
xgb_orbit,0.5,8,half_08_B,B,0.6,"[18, 19, 16, 21, 8, 27, 17, 2, 4, 15, 24, 23]",
xgb_orbit_student,0.5,8,half_08_B,B,0.5,"[18, 15, 8, 17, 24, 10, 19, 22, 21, 27, 16, 4]",
tabm_naive,0.5,8,half_08_B,B,0.3333333333333333,"[0, 21, 23, 15, 20, 24, 18, 9, 1, 16, 2, 7]",
tabm_midpoint,0.5,8,half_08_B,B,0.3333333333333333,"[21, 0, 23, 15, 20, 24, 18, 9, 16, 1, 2, 7]",
tabm_orbit,0.5,8,half_08_B,B,0.3333333333333333,"[21, 0, 23, 15, 20, 24, 18, 9, 16, 1, 2, 7]",
tabm_orbit_student,0.5,8,half_08_B,B,0.2631578947368421,"[21, 24, 9, 23, 18, 0, 1, 12, 28, 20, 15, 2]",
lasso_pair_q20,0.5,9,half_09_A,A,0.2,"[20, 0, 21, 25, 27, 22, 12, 14, 28, 19, 7, 6]",
linear_orbit_student,0.5,9,half_09_A,A,0.2631578947368421,"[20, 0, 15, 27, 19, 23, 21, 25, 18, 7, 10, 17]",
xgb_shap,0.5,9,half_09_A,A,0.7142857142857143,"[21, 23, 0, 24, 19, 16, 15, 18, 25, 20, 2, 27]",
xgb_pfi,0.5,9,half_09_A,A,0.8461538461538461,"[21, 0, 23, 19, 16, 24, 15, 18, 20, 2, 25, 27]",
tabm_pfi,0.5,9,half_09_A,A,0.7142857142857143,"[23, 0, 16, 21, 19, 15, 20, 25, 2, 27, 3, 24]",
deep_lasso,0.5,9,half_09_A,A,0.8461538461538461,"[23, 21, 0, 20, 25, 16, 15, 19, 27, 18, 26, 24]",
xgb_naive,0.5,9,half_09_A,A,0.5,"[18, 0, 16, 19, 21, 17, 24, 23, 20, 3, 10, 7]",
xgb_midpoint,0.5,9,half_09_A,A,0.5,"[18, 0, 16, 19, 21, 23, 17, 24, 20, 3, 10, 7]",
xgb_orbit,0.5,9,half_09_A,A,0.5,"[18, 0, 16, 19, 21, 23, 17, 24, 20, 3, 10, 7]",
xgb_orbit_student,0.5,9,half_09_A,A,0.5,"[10, 0, 18, 19, 16, 17, 20, 23, 21, 24, 13, 3]",
tabm_naive,0.5,9,half_09_A,A,0.4117647058823529,"[0, 20, 16, 23, 25, 19, 24, 5, 3, 4, 21, 6]",
tabm_midpoint,0.5,9,half_09_A,A,0.5,"[0, 20, 16, 23, 19, 25, 24, 21, 5, 3, 4, 6]",
tabm_orbit,0.5,9,half_09_A,A,0.5,"[0, 20, 16, 23, 19, 25, 24, 21, 5, 3, 4, 6]",
tabm_orbit_student,0.5,9,half_09_A,A,0.3333333333333333,"[0, 20, 16, 23, 4, 5, 24, 19, 3, 25, 6, 21]",
lasso_pair_q20,0.5,9,half_09_B,B,0.3333333333333333,"[0, 25, 23, 16, 20, 2, 17, 22, 10, 4, 19, 12]",
linear_orbit_student,0.5,9,half_09_B,B,0.5,"[1, 16, 23, 17, 22, 21, 4, 2, 25, 28, 20, 5]",
xgb_shap,0.5,9,half_09_B,B,0.8461538461538461,"[23, 21, 0, 16, 19, 24, 15, 20, 18, 25, 1, 7]",
xgb_pfi,0.5,9,half_09_B,B,0.7142857142857143,"[23, 21, 0, 16, 19, 18, 20, 2, 1, 25, 24, 17]",
tabm_pfi,0.5,9,half_09_B,B,0.6,"[23, 15, 0, 19, 16, 21, 20, 2, 18, 9, 4, 27]",
deep_lasso,0.5,9,half_09_B,B,0.7142857142857143,"[23, 21, 0, 16, 19, 15, 20, 25, 18, 9, 27, 22]",
xgb_naive,0.5,9,half_09_B,B,0.5,"[18, 23, 19, 16, 2, 17, 25, 21, 9, 28, 24, 15]",
xgb_midpoint,0.5,9,half_09_B,B,0.5,"[19, 18, 23, 16, 2, 21, 25, 17, 9, 28, 15, 24]",
xgb_orbit,0.5,9,half_09_B,B,0.5,"[19, 18, 16, 23, 2, 25, 21, 17, 9, 28, 24, 15]",
xgb_orbit_student,0.5,9,half_09_B,B,0.5,"[25, 23, 14, 2, 9, 16, 17, 10, 21, 24, 18, 19]",
tabm_naive,0.5,9,half_09_B,B,0.4117647058823529,"[23, 16, 18, 1, 21, 19, 20, 4, 17, 28, 25, 2]",
tabm_midpoint,0.5,9,half_09_B,B,0.5,"[23, 16, 18, 19, 21, 1, 4, 20, 17, 28, 25, 2]",
tabm_orbit,0.5,9,half_09_B,B,0.5,"[23, 16, 18, 19, 21, 1, 20, 4, 17, 28, 25, 2]",
tabm_orbit_student,0.5,9,half_09_B,B,0.4117647058823529,"[28, 4, 17, 23, 18, 16, 21, 12, 25, 1, 19, 20]",
lasso_pair_q20,0.5,10,half_10_A,A,0.2631578947368421,"[20, 28, 3, 17, 27, 22, 11, 2, 14, 1, 6, 8]",
linear_orbit_student,0.5,10,half_10_A,A,0.6,"[23, 22, 4, 20, 27, 28, 21, 17, 19, 26, 1, 3]",
xgb_shap,0.5,10,half_10_A,A,0.6,"[21, 23, 0, 16, 24, 19, 20, 15, 18, 25, 17, 27]",
xgb_pfi,0.5,10,half_10_A,A,0.8461538461538461,"[21, 0, 23, 16, 19, 24, 20, 18, 2, 28, 15, 27]",
tabm_pfi,0.5,10,half_10_A,A,0.8461538461538461,"[23, 0, 16, 19, 15, 21, 20, 27, 25, 22, 24, 2]",
deep_lasso,0.5,10,half_10_A,A,0.8461538461538461,"[23, 21, 0, 20, 16, 19, 25, 15, 27, 24, 18, 2]",
xgb_naive,0.5,10,half_10_A,A,0.2631578947368421,"[18, 19, 23, 1, 16, 27, 3, 28, 11, 2, 12, 7]",
xgb_midpoint,0.5,10,half_10_A,A,0.2631578947368421,"[18, 19, 23, 1, 27, 16, 3, 11, 7, 28, 12, 10]",
xgb_orbit,0.5,10,half_10_A,A,0.2631578947368421,"[18, 19, 23, 1, 27, 16, 3, 11, 28, 7, 12, 10]",
xgb_orbit_student,0.5,10,half_10_A,A,0.2631578947368421,"[11, 14, 18, 23, 19, 12, 1, 3, 27, 10, 28, 16]",
tabm_naive,0.5,10,half_10_A,A,0.4117647058823529,"[23, 19, 27, 16, 4, 20, 21, 11, 13, 0, 7, 18]",
tabm_midpoint,0.5,10,half_10_A,A,0.3333333333333333,"[23, 19, 27, 21, 20, 4, 16, 11, 13, 22, 7, 28]",
tabm_orbit,0.5,10,half_10_A,A,0.4117647058823529,"[23, 19, 27, 21, 4, 20, 16, 11, 13, 22, 7, 0]",
tabm_orbit_student,0.5,10,half_10_A,A,0.3333333333333333,"[23, 22, 13, 14, 4, 11, 28, 19, 27, 21, 7, 16]",
lasso_pair_q20,0.5,10,half_10_B,B,0.2631578947368421,"[20, 21, 0, 25, 27, 26, 15, 8, 17, 7, 1, 5]",
linear_orbit_student,0.5,10,half_10_B,B,0.7142857142857143,"[21, 26, 20, 23, 25, 6, 18, 27, 1, 3, 4, 5]",
xgb_shap,0.5,10,half_10_B,B,1.0,"[23, 21, 0, 19, 24, 15, 16, 20, 1, 18, 7, 2]",
xgb_pfi,0.5,10,half_10_B,B,0.7142857142857143,"[23, 21, 0, 19, 15, 16, 24, 20, 18, 2, 28, 17]",
tabm_pfi,0.5,10,half_10_B,B,0.8461538461538461,"[23, 0, 21, 15, 19, 16, 2, 20, 18, 25, 22, 14]",
deep_lasso,0.5,10,half_10_B,B,0.8461538461538461,"[23, 21, 0, 25, 20, 24, 16, 19, 27, 15, 2, 7]",
xgb_naive,0.5,10,half_10_B,B,0.4117647058823529,"[23, 18, 21, 20, 19, 26, 25, 24, 9, 15, 0, 3]",
xgb_midpoint,0.5,10,half_10_B,B,0.4117647058823529,"[23, 18, 21, 20, 25, 26, 19, 24, 15, 9, 0, 6]",
xgb_orbit,0.5,10,half_10_B,B,0.4117647058823529,"[23, 18, 21, 20, 25, 26, 19, 15, 9, 24, 0, 3]",
xgb_orbit_student,0.5,10,half_10_B,B,0.3333333333333333,"[21, 9, 26, 20, 24, 25, 11, 6, 3, 23, 18, 15]",
tabm_naive,0.5,10,half_10_B,B,0.3333333333333333,"[23, 0, 20, 21, 25, 3, 24, 10, 26, 9, 17, 8]",
tabm_midpoint,0.5,10,half_10_B,B,0.3333333333333333,"[23, 0, 20, 21, 25, 24, 3, 10, 26, 9, 17, 8]",
tabm_orbit,0.5,10,half_10_B,B,0.3333333333333333,"[23, 0, 20, 21, 25, 3, 24, 10, 26, 9, 8, 17]",
tabm_orbit_student,0.5,10,half_10_B,B,0.3333333333333333,"[21, 20, 26, 25, 23, 24, 12, 3, 0, 10, 28, 8]",
lasso_pair_q20,0.5,11,half_11_A,A,0.3333333333333333,"[20, 25, 26, 16, 17, 21, 19, 6, 27, 15, 7, 22]",
linear_orbit_student,0.5,11,half_11_A,A,0.6,"[21, 20, 4, 27, 16, 22, 26, 1, 25, 8, 7, 9]",
xgb_shap,0.5,11,half_11_A,A,0.7142857142857143,"[23, 21, 0, 16, 19, 18, 24, 15, 27, 2, 20, 25]",
xgb_pfi,0.5,11,half_11_A,A,0.7142857142857143,"[21, 23, 0, 16, 19, 18, 2, 20, 15, 7, 4, 24]",
tabm_pfi,0.5,11,half_11_A,A,0.6,"[23, 0, 16, 15, 21, 19, 20, 2, 25, 1, 12, 9]",
deep_lasso,0.5,11,half_11_A,A,0.8461538461538461,"[23, 21, 0, 15, 16, 20, 19, 27, 25, 24, 18, 9]",
xgb_naive,0.5,11,half_11_A,A,0.3333333333333333,"[18, 27, 21, 15, 2, 1, 25, 4, 20, 7, 22, 8]",
xgb_midpoint,0.5,11,half_11_A,A,0.4117647058823529,"[18, 27, 21, 15, 2, 1, 25, 4, 20, 8, 22, 5]",
xgb_orbit,0.5,11,half_11_A,A,0.3333333333333333,"[18, 27, 21, 2, 15, 1, 25, 20, 4, 22, 8, 7]",
xgb_orbit_student,0.5,11,half_11_A,A,0.5,"[10, 25, 5, 15, 1, 21, 27, 20, 4, 22, 2, 18]",
tabm_naive,0.5,11,half_11_A,A,0.4117647058823529,"[16, 20, 27, 22, 7, 18, 21, 4, 23, 25, 9, 8]",
tabm_midpoint,0.5,11,half_11_A,A,0.4117647058823529,"[16, 20, 27, 21, 22, 7, 23, 4, 18, 25, 9, 8]",
tabm_orbit,0.5,11,half_11_A,A,0.4117647058823529,"[16, 20, 27, 21, 22, 7, 23, 4, 18, 25, 9, 8]",
tabm_orbit_student,0.5,11,half_11_A,A,0.4117647058823529,"[4, 25, 20, 7, 16, 22, 12, 27, 21, 18, 9, 8]",
lasso_pair_q20,0.5,11,half_11_B,B,0.5,"[0, 20, 23, 25, 27, 4, 22, 2, 17, 6, 1, 3]",
linear_orbit_student,0.5,11,half_11_B,B,0.6,"[25, 27, 20, 18, 23, 0, 2, 26, 1, 3, 4, 5]",
xgb_shap,0.5,11,half_11_B,B,0.7142857142857143,"[23, 0, 21, 24, 16, 15, 25, 19, 20, 1, 18, 9]",
xgb_pfi,0.5,11,half_11_B,B,0.8461538461538461,"[23, 0, 21, 16, 19, 24, 15, 20, 18, 25, 1, 2]",
tabm_pfi,0.5,11,half_11_B,B,0.7142857142857143,"[0, 23, 16, 21, 19, 15, 20, 25, 2, 24, 1, 9]",
deep_lasso,0.5,11,half_11_B,B,0.8461538461538461,"[23, 0, 20, 21, 25, 16, 19, 15, 26, 7, 18, 24]",
xgb_naive,0.5,11,half_11_B,B,0.6,"[19, 16, 25, 1, 18, 20, 0, 23, 17, 24, 3, 21]",
xgb_midpoint,0.5,11,half_11_B,B,0.6,"[19, 16, 25, 1, 18, 20, 23, 21, 24, 12, 3, 17]",
xgb_orbit,0.5,11,half_11_B,B,0.5,"[19, 16, 25, 1, 18, 20, 23, 3, 17, 21, 0, 12]",
xgb_orbit_student,0.5,11,half_11_B,B,0.3333333333333333,"[19, 12, 13, 16, 25, 21, 20, 3, 17, 8, 24, 1]",
tabm_naive,0.5,11,half_11_B,B,0.3333333333333333,"[25, 19, 21, 7, 0, 13, 20, 3, 14, 8, 12, 1]",
tabm_midpoint,0.5,11,half_11_B,B,0.3333333333333333,"[25, 21, 19, 7, 0, 13, 3, 20, 8, 14, 12, 1]",
tabm_orbit,0.5,11,half_11_B,B,0.3333333333333333,"[25, 21, 19, 7, 0, 13, 3, 8, 14, 12, 20, 1]",
tabm_orbit_student,0.5,11,half_11_B,B,0.2631578947368421,"[21, 14, 13, 25, 12, 7, 8, 19, 3, 11, 0, 1]",
lasso_pair_q20,0.5,12,half_12_A,A,0.5,"[20, 0, 25, 26, 27, 9, 22, 4, 19, 17, 10, 3]",
linear_orbit_student,0.5,12,half_12_A,A,0.6,"[20, 25, 23, 27, 26, 22, 4, 0, 9, 6, 7, 1]",
xgb_shap,0.5,12,half_12_A,A,0.7142857142857143,"[23, 21, 0, 19, 16, 24, 15, 25, 17, 7, 2, 1]",
xgb_pfi,0.5,12,half_12_A,A,0.8461538461538461,"[23, 0, 21, 19, 16, 20, 18, 2, 1, 15, 24, 25]",
tabm_pfi,0.5,12,half_12_A,A,0.7142857142857143,"[0, 23, 16, 21, 20, 15, 19, 2, 27, 24, 26, 18]",
deep_lasso,0.5,12,half_12_A,A,0.7142857142857143,"[23, 21, 0, 20, 25, 24, 2, 16, 15, 19, 26, 27]",
xgb_naive,0.5,12,half_12_A,A,0.4117647058823529,"[18, 0, 19, 23, 21, 25, 7, 11, 9, 20, 5, 26]",
xgb_midpoint,0.5,12,half_12_A,A,0.4117647058823529,"[18, 0, 19, 23, 21, 7, 25, 11, 20, 26, 9, 5]",
xgb_orbit,0.5,12,half_12_A,A,0.4117647058823529,"[18, 0, 19, 23, 21, 7, 25, 11, 9, 20, 5, 26]",
xgb_orbit_student,0.5,12,half_12_A,A,0.4117647058823529,"[0, 14, 11, 18, 23, 21, 5, 9, 20, 25, 19, 26]",
tabm_naive,0.5,12,half_12_A,A,0.5,"[0, 20, 23, 21, 25, 22, 4, 27, 26, 17, 11, 6]",
tabm_midpoint,0.5,12,half_12_A,A,0.5,"[0, 20, 23, 21, 25, 22, 4, 27, 26, 17, 11, 6]",
tabm_orbit,0.5,12,half_12_A,A,0.5,"[0, 20, 23, 21, 25, 22, 4, 27, 26, 17, 11, 6]",
tabm_orbit_student,0.5,12,half_12_A,A,0.5,"[20, 23, 5, 25, 11, 0, 6, 21, 9, 4, 26, 22]",
lasso_pair_q20,0.5,12,half_12_B,B,0.3333333333333333,"[21, 20, 16, 26, 14, 9, 15, 1, 7, 6, 19, 8]",
linear_orbit_student,0.5,12,half_12_B,B,0.2631578947368421,"[21, 7, 20, 1, 11, 8, 10, 15, 19, 9, 16, 3]",
xgb_shap,0.5,12,half_12_B,B,0.6,"[23, 21, 0, 24, 16, 15, 19, 20, 18, 28, 27, 8]",
xgb_pfi,0.5,12,half_12_B,B,0.7142857142857143,"[21, 23, 0, 16, 19, 24, 20, 15, 18, 2, 28, 17]",
tabm_pfi,0.5,12,half_12_B,B,0.6,"[0, 23, 21, 19, 16, 15, 20, 25, 2, 3, 1, 8]",
deep_lasso,0.5,12,half_12_B,B,0.8461538461538461,"[23, 21, 0, 20, 25, 19, 16, 15, 27, 8, 7, 18]",
xgb_naive,0.5,12,half_12_B,B,0.4117647058823529,"[23, 19, 21, 18, 20, 5, 17, 7, 11, 26, 10, 12]",
xgb_midpoint,0.5,12,half_12_B,B,0.4117647058823529,"[23, 19, 21, 18, 20, 17, 5, 7, 11, 26, 10, 12]",
xgb_orbit,0.5,12,half_12_B,B,0.4117647058823529,"[23, 19, 21, 18, 20, 5, 7, 17, 11, 26, 10, 12]",
xgb_orbit_student,0.5,12,half_12_B,B,0.5,"[23, 11, 5, 19, 20, 26, 21, 10, 7, 12, 17, 18]",
tabm_naive,0.5,12,half_12_B,B,0.3333333333333333,"[23, 19, 0, 10, 20, 21, 7, 1, 9, 11, 27, 17]",
tabm_midpoint,0.5,12,half_12_B,B,0.3333333333333333,"[23, 19, 0, 10, 21, 20, 7, 1, 9, 11, 17, 8]",
tabm_orbit,0.5,12,half_12_B,B,0.3333333333333333,"[23, 19, 0, 10, 21, 20, 7, 1, 9, 11, 17, 8]",
tabm_orbit_student,0.5,12,half_12_B,B,0.2,"[23, 19, 7, 9, 1, 17, 21, 11, 0, 20, 10, 6]",
lasso_pair_q20,0.5,13,half_13_A,A,0.3333333333333333,"[20, 0, 23, 25, 27, 2, 17, 7, 1, 4, 10, 11]",
linear_orbit_student,0.5,13,half_13_A,A,0.3333333333333333,"[0, 7, 21, 25, 15, 20, 23, 6, 16, 2, 1, 3]",
xgb_shap,0.5,13,half_13_A,A,0.7142857142857143,"[23, 21, 0, 24, 16, 19, 25, 15, 20, 18, 7, 9]",
xgb_pfi,0.5,13,half_13_A,A,0.7142857142857143,"[23, 21, 0, 16, 19, 24, 20, 15, 25, 18, 28, 2]",
tabm_pfi,0.5,13,half_13_A,A,1.0,"[23, 0, 19, 21, 16, 15, 20, 18, 2, 24, 25, 22]",
deep_lasso,0.5,13,half_13_A,A,1.0,"[23, 21, 0, 20, 25, 16, 19, 15, 27, 24, 18, 7]",
xgb_naive,0.5,13,half_13_A,A,0.3333333333333333,"[0, 17, 21, 23, 28, 15, 24, 2, 12, 19, 8, 20]",
xgb_midpoint,0.5,13,half_13_A,A,0.3333333333333333,"[0, 17, 21, 23, 28, 24, 15, 12, 2, 19, 8, 5]",
xgb_orbit,0.5,13,half_13_A,A,0.3333333333333333,"[0, 17, 21, 23, 28, 24, 15, 12, 2, 19, 8, 25]",
xgb_orbit_student,0.5,13,half_13_A,A,0.2,"[0, 17, 12, 10, 24, 21, 8, 28, 15, 26, 2, 11]",
tabm_naive,0.5,13,half_13_A,A,0.4117647058823529,"[0, 23, 7, 24, 27, 18, 2, 21, 5, 12, 14, 11]",
tabm_midpoint,0.5,13,half_13_A,A,0.3333333333333333,"[0, 23, 21, 24, 7, 18, 2, 27, 5, 12, 14, 11]",
tabm_orbit,0.5,13,half_13_A,A,0.3333333333333333,"[0, 23, 21, 7, 24, 18, 2, 27, 5, 12, 14, 11]",
tabm_orbit_student,0.5,13,half_13_A,A,0.3333333333333333,"[0, 12, 24, 5, 14, 2, 7, 18, 27, 23, 21, 11]",
lasso_pair_q20,0.5,13,half_13_B,B,0.4117647058823529,"[25, 20, 23, 16, 26, 19, 1, 15, 9, 17, 7, 13]",
linear_orbit_student,0.5,13,half_13_B,B,0.4117647058823529,"[21, 16, 23, 20, 25, 7, 13, 11, 1, 3, 5, 6]",
xgb_shap,0.5,13,half_13_B,B,0.8461538461538461,"[23, 21, 0, 16, 19, 20, 15, 24, 8, 18, 1, 2]",
xgb_pfi,0.5,13,half_13_B,B,0.8461538461538461,"[23, 21, 0, 16, 19, 20, 18, 2, 15, 8, 1, 24]",
tabm_pfi,0.5,13,half_13_B,B,0.6,"[23, 0, 21, 16, 15, 19, 20, 2, 8, 25, 17, 27]",
deep_lasso,0.5,13,half_13_B,B,0.7142857142857143,"[23, 21, 0, 20, 16, 15, 25, 19, 27, 8, 24, 4]",
xgb_naive,0.5,13,half_13_B,B,0.3333333333333333,"[18, 16, 27, 17, 28, 20, 21, 2, 1, 11, 10, 22]",
xgb_midpoint,0.5,13,half_13_B,B,0.4117647058823529,"[18, 16, 21, 27, 17, 20, 23, 28, 2, 1, 0, 11]",
xgb_orbit,0.5,13,half_13_B,B,0.4117647058823529,"[18, 16, 27, 17, 21, 28, 20, 2, 23, 1, 11, 10]",
xgb_orbit_student,0.5,13,half_13_B,B,0.3333333333333333,"[18, 20, 27, 17, 28, 22, 2, 10, 16, 1, 11, 21]",
tabm_naive,0.5,13,half_13_B,B,0.2,"[21, 19, 0, 20, 23, 17, 3, 9, 28, 7, 11, 29]",
tabm_midpoint,0.5,13,half_13_B,B,0.2631578947368421,"[21, 19, 0, 23, 20, 17, 3, 7, 28, 9, 29, 30]",
tabm_orbit,0.5,13,half_13_B,B,0.2631578947368421,"[21, 19, 0, 23, 20, 17, 3, 28, 7, 9, 29, 30]",
tabm_orbit_student,0.5,13,half_13_B,B,0.1428571428571428,"[19, 28, 17, 21, 20, 23, 0, 3, 7, 9, 29, 30]",
lasso_pair_q20,0.5,14,half_14_A,A,0.4117647058823529,"[20, 0, 27, 23, 25, 4, 8, 1, 5, 22, 2, 9]",
linear_orbit_student,0.5,14,half_14_A,A,0.3333333333333333,"[22, 0, 21, 2, 8, 27, 25, 17, 18, 10, 1, 3]",
xgb_shap,0.5,14,half_14_A,A,0.8461538461538461,"[21, 23, 0, 16, 19, 24, 15, 18, 2, 7, 17, 1]",
xgb_pfi,0.5,14,half_14_A,A,1.0,"[21, 0, 23, 19, 16, 2, 18, 24, 20, 1, 15, 27]",
tabm_pfi,0.5,14,half_14_A,A,0.8461538461538461,"[23, 0, 21, 16, 15, 19, 2, 25, 18, 20, 17, 22]",
deep_lasso,0.5,14,half_14_A,A,0.8461538461538461,"[21, 23, 0, 15, 25, 16, 19, 20, 27, 18, 26, 24]",
xgb_naive,0.5,14,half_14_A,A,0.5,"[18, 0, 21, 16, 2, 23, 1, 17, 24, 20, 13, 25]",
xgb_midpoint,0.5,14,half_14_A,A,0.4117647058823529,"[18, 0, 21, 16, 23, 2, 17, 1, 24, 20, 13, 3]",
xgb_orbit,0.5,14,half_14_A,A,0.5,"[18, 0, 21, 16, 23, 2, 1, 17, 20, 24, 13, 25]",
xgb_orbit_student,0.5,14,half_14_A,A,0.3333333333333333,"[18, 2, 0, 13, 23, 16, 24, 20, 21, 1, 11, 17]",
tabm_naive,0.5,14,half_14_A,A,0.3333333333333333,"[20, 19, 0, 16, 18, 23, 21, 13, 9, 2, 3, 5]",
tabm_midpoint,0.5,14,half_14_A,A,0.3333333333333333,"[20, 19, 23, 0, 21, 18, 16, 13, 9, 2, 3, 17]",
tabm_orbit,0.5,14,half_14_A,A,0.3333333333333333,"[20, 23, 19, 0, 21, 18, 16, 13, 9, 2, 3, 17]",
tabm_orbit_student,0.5,14,half_14_A,A,0.2,"[18, 19, 20, 23, 13, 16, 9, 3, 21, 14, 0, 17]",
lasso_pair_q20,0.5,14,half_14_B,B,0.3333333333333333,"[20, 0, 25, 2, 22, 4, 21, 5, 11, 16, 3, 6]",
linear_orbit_student,0.5,14,half_14_B,B,0.4117647058823529,"[25, 8, 20, 11, 9, 22, 0, 2, 5, 16, 1, 3]",
xgb_shap,0.5,14,half_14_B,B,0.6,"[23, 0, 21, 24, 16, 19, 20, 15, 25, 18, 9, 28]",
xgb_pfi,0.5,14,half_14_B,B,0.7142857142857143,"[23, 0, 21, 16, 19, 24, 20, 18, 15, 2, 28, 17]",
tabm_pfi,0.5,14,half_14_B,B,0.7142857142857143,"[0, 23, 20, 16, 19, 15, 21, 2, 24, 27, 25, 9]",
deep_lasso,0.5,14,half_14_B,B,0.8461538461538461,"[20, 0, 23, 21, 25, 16, 19, 15, 24, 27, 2, 18]",
xgb_naive,0.5,14,half_14_B,B,0.3333333333333333,"[19, 0, 18, 25, 21, 28, 20, 4, 9, 8, 12, 6]",
xgb_midpoint,0.5,14,half_14_B,B,0.4117647058823529,"[19, 0, 18, 25, 21, 28, 20, 9, 4, 12, 8, 24]",
xgb_orbit,0.5,14,half_14_B,B,0.4117647058823529,"[19, 0, 18, 25, 21, 28, 20, 9, 4, 8, 12, 24]",
xgb_orbit_student,0.5,14,half_14_B,B,0.3333333333333333,"[0, 19, 21, 25, 9, 22, 18, 28, 20, 8, 6, 4]",
tabm_naive,0.5,14,half_14_B,B,0.4117647058823529,"[0, 19, 21, 27, 20, 25, 23, 4, 8, 9, 11, 17]",
tabm_midpoint,0.5,14,half_14_B,B,0.5,"[0, 21, 25, 27, 19, 20, 23, 4, 8, 9, 11, 17]",
tabm_orbit,0.5,14,half_14_B,B,0.5,"[0, 21, 25, 19, 27, 20, 23, 4, 8, 9, 11, 17]",
tabm_orbit_student,0.5,14,half_14_B,B,0.3333333333333333,"[8, 21, 4, 25, 0, 11, 27, 22, 19, 9, 14, 17]",
lasso_pair_q20,0.5,15,half_15_A,A,0.5,"[20, 25, 26, 1, 2, 22, 21, 4, 5, 9, 3, 7]",
linear_orbit_student,0.5,15,half_15_A,A,0.5,"[19, 25, 23, 20, 2, 22, 9, 4, 11, 3, 5, 10]",
xgb_shap,0.5,15,half_15_A,A,0.5,"[23, 21, 0, 16, 24, 19, 25, 15, 17, 9, 18, 27]",
xgb_pfi,0.5,15,half_15_A,A,0.7142857142857143,"[23, 21, 0, 16, 19, 24, 9, 20, 18, 27, 15, 25]",
tabm_pfi,0.5,15,half_15_A,A,0.6,"[0, 23, 21, 16, 19, 20, 15, 27, 25, 9, 24, 26]",
deep_lasso,0.5,15,half_15_A,A,0.7142857142857143,"[23, 0, 21, 20, 25, 19, 15, 16, 27, 24, 9, 26]",
xgb_naive,0.5,15,half_15_A,A,0.5,"[16, 19, 4, 27, 23, 9, 18, 2, 8, 15, 20, 21]",
xgb_midpoint,0.5,15,half_15_A,A,0.5,"[16, 19, 27, 4, 23, 9, 18, 2, 21, 15, 20, 8]",
xgb_orbit,0.5,15,half_15_A,A,0.5,"[16, 19, 27, 4, 23, 9, 2, 18, 21, 15, 8, 20]",
xgb_orbit_student,0.5,15,half_15_A,A,0.3333333333333333,"[10, 15, 4, 27, 23, 19, 9, 12, 16, 13, 2, 21]",
tabm_naive,0.5,15,half_15_A,A,0.2,"[16, 23, 25, 20, 2, 21, 15, 3, 24, 10, 14, 19]",
tabm_midpoint,0.5,15,half_15_A,A,0.2631578947368421,"[23, 16, 25, 20, 2, 21, 15, 3, 24, 10, 14, 19]",
tabm_orbit,0.5,15,half_15_A,A,0.2631578947368421,"[23, 16, 25, 20, 2, 21, 15, 3, 24, 14, 10, 19]",
tabm_orbit_student,0.5,15,half_15_A,A,0.2631578947368421,"[3, 2, 14, 25, 16, 23, 21, 10, 24, 20, 15, 6]",
lasso_pair_q20,0.5,15,half_15_B,B,0.5,"[23, 20, 16, 19, 22, 7, 15, 5, 6, 10, 9, 1]",
linear_orbit_student,0.5,15,half_15_B,B,0.6,"[22, 16, 21, 20, 26, 7, 25, 1, 3, 4, 5, 6]",
xgb_shap,0.5,15,half_15_B,B,0.8461538461538461,"[23, 21, 0, 24, 19, 16, 15, 20, 18, 2, 1, 25]",
xgb_pfi,0.5,15,half_15_B,B,0.8461538461538461,"[21, 23, 0, 19, 16, 20, 18, 24, 15, 2, 1, 17]",
tabm_pfi,0.5,15,half_15_B,B,0.7142857142857143,"[23, 0, 16, 15, 21, 19, 20, 2, 18, 17, 1, 25]",
deep_lasso,0.5,15,half_15_B,B,1.0,"[21, 23, 0, 20, 16, 25, 15, 19, 18, 27, 7, 24]",
xgb_naive,0.5,15,half_15_B,B,0.5,"[19, 16, 23, 9, 21, 17, 18, 8, 5, 25, 26, 11]",
xgb_midpoint,0.5,15,half_15_B,B,0.5,"[19, 23, 16, 9, 21, 18, 17, 8, 5, 26, 25, 3]",
xgb_orbit,0.5,15,half_15_B,B,0.5,"[19, 16, 23, 9, 21, 18, 17, 8, 5, 25, 26, 3]",
xgb_orbit_student,0.5,15,half_15_B,B,0.2,"[23, 17, 19, 9, 16, 14, 26, 22, 8, 21, 11, 3]",
tabm_naive,0.5,15,half_15_B,B,0.3333333333333333,"[23, 18, 21, 16, 20, 3, 17, 27, 19, 12, 8, 2]",
tabm_midpoint,0.5,15,half_15_B,B,0.3333333333333333,"[23, 18, 21, 16, 20, 3, 27, 26, 12, 8, 17, 2]",
tabm_orbit,0.5,15,half_15_B,B,0.3333333333333333,"[23, 18, 21, 16, 20, 3, 27, 17, 12, 26, 8, 2]",
tabm_orbit_student,0.5,15,half_15_B,B,0.4117647058823529,"[23, 18, 21, 16, 12, 3, 26, 22, 20, 8, 11, 27]",
lasso_pair_q20,0.5,16,half_16_A,A,0.2,"[0, 21, 16, 25, 2, 3, 6, 19, 17, 7, 11, 1]",
linear_orbit_student,0.5,16,half_16_A,A,0.2,"[21, 0, 25, 19, 16, 2, 7, 6, 20, 13, 28, 1]",
xgb_shap,0.5,16,half_16_A,A,0.8461538461538461,"[21, 0, 24, 16, 19, 23, 20, 15, 18, 17, 7, 1]",
xgb_pfi,0.5,16,half_16_A,A,0.8461538461538461,"[21, 0, 16, 19, 24, 20, 23, 18, 2, 27, 1, 17]",
tabm_pfi,0.5,16,half_16_A,A,0.7142857142857143,"[0, 23, 15, 19, 16, 20, 21, 2, 22, 25, 11, 17]",
deep_lasso,0.5,16,half_16_A,A,0.8461538461538461,"[21, 23, 0, 20, 16, 25, 15, 19, 27, 18, 24, 9]",
xgb_naive,0.5,16,half_16_A,A,0.4117647058823529,"[18, 19, 21, 27, 17, 0, 24, 7, 15, 22, 23, 26]",
xgb_midpoint,0.5,16,half_16_A,A,0.4117647058823529,"[18, 19, 21, 27, 17, 0, 24, 15, 7, 22, 23, 26]",
xgb_orbit,0.5,16,half_16_A,A,0.4117647058823529,"[18, 19, 21, 27, 17, 0, 7, 24, 15, 22, 23, 26]",
xgb_orbit_student,0.5,16,half_16_A,A,0.4117647058823529,"[18, 24, 21, 27, 19, 15, 14, 17, 7, 26, 22, 23]",
tabm_naive,0.5,16,half_16_A,A,0.2631578947368421,"[0, 21, 23, 20, 16, 24, 15, 25, 7, 22, 17, 2]",
tabm_midpoint,0.5,16,half_16_A,A,0.2631578947368421,"[0, 21, 23, 20, 16, 24, 15, 25, 7, 17, 2, 22]",
tabm_orbit,0.5,16,half_16_A,A,0.2631578947368421,"[0, 21, 23, 20, 16, 24, 15, 25, 7, 22, 17, 2]",
tabm_orbit_student,0.5,16,half_16_A,A,0.2631578947368421,"[21, 0, 24, 10, 23, 22, 17, 16, 25, 13, 7, 20]",
lasso_pair_q20,0.5,16,half_16_B,B,0.3333333333333333,"[20, 0, 25, 16, 26, 22, 3, 5, 18, 1, 8, 7]",
linear_orbit_student,0.5,16,half_16_B,B,0.4117647058823529,"[26, 22, 20, 16, 23, 25, 9, 14, 8, 17, 5, 15]",
xgb_shap,0.5,16,half_16_B,B,0.7142857142857143,"[23, 0, 21, 15, 19, 24, 16, 25, 18, 2, 20, 28]",
xgb_pfi,0.5,16,half_16_B,B,0.7142857142857143,"[23, 0, 21, 19, 15, 16, 24, 20, 18, 25, 28, 1]",
tabm_pfi,0.5,16,half_16_B,B,0.7142857142857143,"[23, 0, 16, 21, 20, 15, 19, 24, 25, 27, 18, 28]",
deep_lasso,0.5,16,half_16_B,B,0.8461538461538461,"[23, 21, 0, 25, 20, 16, 15, 24, 19, 27, 22, 18]",
xgb_naive,0.5,16,half_16_B,B,0.5,"[15, 16, 23, 18, 19, 0, 25, 2, 24, 5, 20, 9]",
xgb_midpoint,0.5,16,half_16_B,B,0.6,"[16, 15, 23, 19, 18, 0, 25, 2, 24, 5, 21, 20]",
xgb_orbit,0.5,16,half_16_B,B,0.5,"[16, 15, 23, 19, 0, 25, 2, 18, 24, 5, 20, 9]",
xgb_orbit_student,0.5,16,half_16_B,B,0.2631578947368421,"[24, 25, 5, 2, 16, 9, 15, 20, 14, 23, 12, 11]",
tabm_naive,0.5,16,half_16_B,B,0.2631578947368421,"[23, 20, 25, 24, 16, 21, 17, 2, 0, 19, 9, 15]",
tabm_midpoint,0.5,16,half_16_B,B,0.3333333333333333,"[23, 25, 20, 21, 24, 16, 17, 2, 15, 18, 9, 26]",
tabm_orbit,0.5,16,half_16_B,B,0.3333333333333333,"[23, 25, 20, 21, 24, 16, 17, 2, 15, 18, 9, 19]",
tabm_orbit_student,0.5,16,half_16_B,B,0.3333333333333333,"[24, 17, 26, 25, 14, 28, 23, 2, 20, 9, 21, 13]",
lasso_pair_q20,0.5,17,half_17_A,A,0.2631578947368421,"[20, 0, 21, 2, 1, 15, 9, 13, 7, 5, 8, 10]",
linear_orbit_student,0.5,17,half_17_A,A,0.4117647058823529,"[20, 26, 0, 21, 1, 5, 28, 11, 3, 7, 8, 4]",
xgb_shap,0.5,17,half_17_A,A,0.7142857142857143,"[21, 0, 23, 16, 24, 19, 25, 15, 20, 18, 26, 2]",
xgb_pfi,0.5,17,half_17_A,A,0.8461538461538461,"[21, 0, 16, 23, 20, 19, 2, 24, 15, 18, 26, 1]",
tabm_pfi,0.5,17,half_17_A,A,0.6,"[23, 0, 16, 21, 19, 20, 15, 2, 26, 17, 18, 27]",
deep_lasso,0.5,17,half_17_A,A,0.7142857142857143,"[23, 21, 0, 20, 25, 19, 24, 16, 27, 26, 15, 2]",
xgb_naive,0.5,17,half_17_A,A,0.4117647058823529,"[1, 21, 18, 0, 25, 24, 27, 15, 4, 5, 26, 2]",
xgb_midpoint,0.5,17,half_17_A,A,0.4117647058823529,"[21, 18, 1, 25, 24, 0, 27, 2, 15, 4, 26, 5]",
xgb_orbit,0.5,17,half_17_A,A,0.4117647058823529,"[21, 18, 1, 25, 27, 0, 24, 15, 4, 26, 2, 5]",
xgb_orbit_student,0.5,17,half_17_A,A,0.3333333333333333,"[25, 4, 26, 27, 6, 21, 3, 15, 13, 24, 5, 11]",
tabm_naive,0.5,17,half_17_A,A,0.7142857142857143,"[0, 20, 23, 26, 24, 18, 21, 1, 27, 25, 5, 19]",
tabm_midpoint,0.5,17,half_17_A,A,0.7142857142857143,"[20, 23, 0, 26, 24, 21, 18, 27, 1, 25, 19, 3]",
tabm_orbit,0.5,17,half_17_A,A,0.8461538461538461,"[20, 0, 23, 26, 24, 21, 18, 27, 1, 25, 5, 19]",
tabm_orbit_student,0.5,17,half_17_A,A,0.4117647058823529,"[26, 20, 1, 22, 0, 24, 3, 18, 21, 23, 28, 5]",
lasso_pair_q20,0.5,17,half_17_B,B,0.5,"[0, 23, 16, 26, 20, 25, 22, 5, 9, 4, 3, 12]",
linear_orbit_student,0.5,17,half_17_B,B,0.4117647058823529,"[0, 4, 16, 23, 20, 15, 17, 27, 1, 3, 5, 6]",
xgb_shap,0.5,17,half_17_B,B,0.8461538461538461,"[23, 21, 0, 19, 24, 16, 15, 18, 20, 9, 1, 7]",
xgb_pfi,0.5,17,half_17_B,B,0.8461538461538461,"[23, 0, 21, 19, 16, 15, 24, 18, 20, 28, 1, 27]",
tabm_pfi,0.5,17,half_17_B,B,0.7142857142857143,"[23, 0, 15, 16, 19, 21, 20, 25, 24, 2, 1, 27]",
deep_lasso,0.5,17,half_17_B,B,1.0,"[23, 0, 21, 15, 16, 20, 25, 19, 24, 27, 18, 7]",
xgb_naive,0.5,17,half_17_B,B,0.5,"[18, 0, 23, 8, 1, 27, 16, 4, 5, 17, 24, 26]",
xgb_midpoint,0.5,17,half_17_B,B,0.5,"[18, 0, 23, 8, 1, 27, 4, 17, 5, 16, 24, 26]",
xgb_orbit,0.5,17,half_17_B,B,0.5,"[18, 0, 23, 8, 1, 27, 16, 4, 17, 5, 24, 26]",
xgb_orbit_student,0.5,17,half_17_B,B,0.5,"[5, 0, 18, 4, 1, 23, 10, 8, 24, 17, 27, 26]",
tabm_naive,0.5,17,half_17_B,B,0.4117647058823529,"[0, 23, 21, 18, 4, 17, 24, 9, 12, 10, 26, 11]",
tabm_midpoint,0.5,17,half_17_B,B,0.4117647058823529,"[0, 23, 21, 18, 4, 24, 17, 12, 10, 9, 20, 26]",
tabm_orbit,0.5,17,half_17_B,B,0.4117647058823529,"[0, 23, 21, 4, 18, 17, 24, 12, 10, 9, 20, 26]",
tabm_orbit_student,0.5,17,half_17_B,B,0.4117647058823529,"[0, 4, 12, 21, 23, 10, 22, 17, 18, 26, 24, 14]",
lasso_pair_q20,0.5,18,half_18_A,A,0.2631578947368421,"[0, 25, 23, 20, 22, 28, 5, 17, 27, 18, 2, 3]",
linear_orbit_student,0.5,18,half_18_A,A,0.3333333333333333,"[25, 21, 0, 28, 20, 27, 15, 2, 7, 8, 26, 1]",
xgb_shap,0.5,18,half_18_A,A,0.7142857142857143,"[21, 23, 0, 16, 24, 19, 15, 25, 20, 18, 2, 17]",
xgb_pfi,0.5,18,half_18_A,A,0.7142857142857143,"[21, 0, 23, 16, 19, 15, 24, 20, 2, 25, 9, 1]",
tabm_pfi,0.5,18,half_18_A,A,0.7142857142857143,"[0, 23, 19, 15, 21, 16, 20, 2, 25, 22, 27, 9]",
deep_lasso,0.5,18,half_18_A,A,0.7142857142857143,"[23, 0, 21, 20, 19, 25, 16, 15, 18, 24, 9, 8]",
xgb_naive,0.5,18,half_18_A,A,0.3333333333333333,"[21, 18, 19, 25, 23, 20, 8, 15, 3, 2, 28, 12]",
xgb_midpoint,0.5,18,half_18_A,A,0.3333333333333333,"[21, 18, 19, 25, 23, 20, 8, 15, 3, 2, 28, 11]",
xgb_orbit,0.5,18,half_18_A,A,0.3333333333333333,"[21, 19, 18, 25, 23, 20, 8, 15, 3, 2, 28, 11]",
xgb_orbit_student,0.5,18,half_18_A,A,0.3333333333333333,"[21, 25, 11, 20, 23, 12, 15, 8, 22, 3, 19, 18]",
tabm_naive,0.5,18,half_18_A,A,0.4117647058823529,"[20, 23, 25, 0, 21, 19, 1, 6, 13, 12, 8, 2]",
tabm_midpoint,0.5,18,half_18_A,A,0.4117647058823529,"[20, 23, 25, 0, 21, 19, 6, 1, 13, 12, 2, 11]",
tabm_orbit,0.5,18,half_18_A,A,0.4117647058823529,"[20, 23, 25, 0, 21, 19, 1, 6, 13, 12, 2, 8]",
tabm_orbit_student,0.5,18,half_18_A,A,0.4117647058823529,"[25, 20, 6, 12, 23, 21, 0, 13, 11, 1, 19, 26]",
lasso_pair_q20,0.5,18,half_18_B,B,0.2631578947368421,"[20, 0, 21, 25, 16, 27, 6, 17, 7, 26, 8, 4]",
linear_orbit_student,0.5,18,half_18_B,B,0.3333333333333333,"[27, 25, 0, 20, 23, 15, 16, 18, 8, 17, 26, 22]",
xgb_shap,0.5,18,half_18_B,B,0.8461538461538461,"[23, 0, 21, 24, 16, 19, 15, 7, 20, 27, 1, 2]",
xgb_pfi,0.5,18,half_18_B,B,0.7142857142857143,"[23, 0, 21, 16, 24, 19, 18, 20, 15, 2, 28, 4]",
tabm_pfi,0.5,18,half_18_B,B,0.7142857142857143,"[23, 0, 16, 21, 15, 19, 20, 24, 2, 18, 27, 3]",
deep_lasso,0.5,18,half_18_B,B,0.8461538461538461,"[23, 0, 21, 16, 20, 25, 27, 15, 24, 19, 26, 7]",
xgb_naive,0.5,18,half_18_B,B,0.5,"[18, 19, 28, 16, 23, 21, 27, 15, 20, 24, 1, 7]",
xgb_midpoint,0.5,18,half_18_B,B,0.5,"[18, 19, 28, 23, 16, 21, 27, 15, 20, 24, 1, 7]",
xgb_orbit,0.5,18,half_18_B,B,0.5,"[18, 19, 28, 23, 16, 21, 27, 15, 20, 24, 7, 1]",
xgb_orbit_student,0.5,18,half_18_B,B,0.6,"[20, 24, 25, 21, 10, 23, 28, 27, 18, 15, 19, 11]",
tabm_naive,0.5,18,half_18_B,B,0.5,"[20, 21, 23, 24, 16, 25, 27, 3, 26, 5, 12, 9]",
tabm_midpoint,0.5,18,half_18_B,B,0.6,"[20, 21, 23, 25, 24, 16, 27, 26, 3, 5, 0, 4]",
tabm_orbit,0.5,18,half_18_B,B,0.6,"[20, 21, 23, 25, 16, 24, 27, 26, 3, 5, 4, 0]",
tabm_orbit_student,0.5,18,half_18_B,B,0.5,"[24, 25, 12, 20, 10, 21, 3, 5, 9, 27, 26, 23]",
lasso_pair_q20,0.5,19,half_19_A,A,0.4117647058823529,"[21, 0, 20, 25, 26, 16, 23, 2, 22, 5, 15, 4]",
linear_orbit_student,0.5,19,half_19_A,A,0.2631578947368421,"[21, 11, 22, 16, 25, 20, 26, 15, 18, 0, 2, 17]",
xgb_shap,0.5,19,half_19_A,A,0.7142857142857143,"[21, 23, 0, 24, 16, 19, 15, 18, 2, 20, 4, 28]",
xgb_pfi,0.5,19,half_19_A,A,0.7142857142857143,"[21, 0, 23, 16, 19, 15, 24, 20, 18, 2, 28, 17]",
tabm_pfi,0.5,19,half_19_A,A,0.7142857142857143,"[23, 0, 21, 19, 16, 15, 20, 2, 25, 18, 17, 1]",
deep_lasso,0.5,19,half_19_A,A,0.8461538461538461,"[23, 21, 0, 20, 16, 25, 15, 19, 18, 27, 24, 26]",
xgb_naive,0.5,19,half_19_A,A,0.6,"[16, 18, 21, 0, 23, 9, 27, 20, 17, 5, 25, 15]",
xgb_midpoint,0.5,19,half_19_A,A,0.6,"[16, 18, 0, 21, 23, 9, 20, 27, 7, 25, 17, 5]",
xgb_orbit,0.5,19,half_19_A,A,0.6,"[16, 18, 21, 0, 23, 27, 9, 20, 17, 5, 25, 7]",
xgb_orbit_student,0.5,19,half_19_A,A,0.4117647058823529,"[25, 10, 23, 21, 20, 12, 11, 9, 5, 16, 27, 0]",
tabm_naive,0.5,19,half_19_A,A,0.4117647058823529,"[16, 23, 0, 21, 20, 3, 18, 4, 2, 25, 11, 10]",
tabm_midpoint,0.5,19,half_19_A,A,0.5,"[16, 23, 0, 21, 20, 3, 4, 2, 18, 25, 11, 27]",
tabm_orbit,0.5,19,half_19_A,A,0.4117647058823529,"[16, 23, 0, 21, 20, 3, 4, 2, 18, 25, 11, 10]",
tabm_orbit_student,0.5,19,half_19_A,A,0.4117647058823529,"[23, 16, 3, 21, 4, 0, 11, 2, 20, 14, 25, 22]",
lasso_pair_q20,0.5,19,half_19_B,B,0.2631578947368421,"[20, 0, 27, 16, 22, 6, 10, 1, 2, 7, 12, 13]",
linear_orbit_student,0.5,19,half_19_B,B,0.5,"[22, 23, 17, 27, 5, 20, 16, 2, 0, 25, 1, 3]",
xgb_shap,0.5,19,half_19_B,B,0.8461538461538461,"[23, 21, 0, 16, 19, 24, 20, 25, 15, 7, 1, 18]",
xgb_pfi,0.5,19,half_19_B,B,0.8461538461538461,"[23, 0, 21, 16, 19, 20, 2, 24, 18, 15, 1, 8]",
tabm_pfi,0.5,19,half_19_B,B,0.7142857142857143,"[23, 0, 15, 16, 19, 20, 21, 2, 27, 24, 9, 25]",
deep_lasso,0.5,19,half_19_B,B,0.8461538461538461,"[23, 15, 0, 21, 20, 16, 19, 25, 7, 27, 18, 2]",
xgb_naive,0.5,19,half_19_B,B,0.4117647058823529,"[18, 23, 0, 20, 27, 1, 7, 2, 25, 5, 21, 6]",
xgb_midpoint,0.5,19,half_19_B,B,0.5,"[18, 23, 0, 27, 20, 21, 1, 2, 25, 7, 17, 5]",
xgb_orbit,0.5,19,half_19_B,B,0.5,"[18, 23, 0, 27, 20, 7, 2, 1, 25, 5, 21, 17]",
xgb_orbit_student,0.5,19,half_19_B,B,0.2631578947368421,"[23, 18, 14, 20, 27, 5, 6, 1, 0, 7, 3, 15]",
tabm_naive,0.5,19,half_19_B,B,0.3333333333333333,"[23, 16, 19, 17, 18, 5, 25, 3, 0, 6, 15, 12]",
tabm_midpoint,0.5,19,half_19_B,B,0.3333333333333333,"[23, 16, 19, 17, 25, 18, 3, 5, 6, 7, 0, 15]",
tabm_orbit,0.5,19,half_19_B,B,0.3333333333333333,"[23, 16, 19, 17, 25, 18, 3, 5, 6, 7, 0, 15]",
tabm_orbit_student,0.5,19,half_19_B,B,0.2631578947368421,"[23, 16, 17, 3, 12, 14, 6, 5, 25, 15, 19, 18]",
lasso_pair_q20,0.5,20,half_20_A,A,0.5,"[20, 0, 25, 16, 26, 6, 10, 14, 22, 15, 12, 1]",
linear_orbit_student,0.5,20,half_20_A,A,0.3333333333333333,"[23, 26, 20, 25, 16, 22, 7, 12, 18, 0, 19, 1]",
xgb_shap,0.5,20,half_20_A,A,0.7142857142857143,"[23, 21, 0, 19, 16, 15, 20, 24, 1, 18, 17, 28]",
xgb_pfi,0.5,20,half_20_A,A,0.8461538461538461,"[23, 21, 0, 19, 16, 20, 15, 18, 24, 1, 2, 12]",
tabm_pfi,0.5,20,half_20_A,A,0.8461538461538461,"[23, 0, 15, 19, 21, 16, 20, 24, 18, 2, 25, 1]",
deep_lasso,0.5,20,half_20_A,A,0.8461538461538461,"[23, 0, 20, 21, 19, 16, 15, 25, 27, 7, 18, 26]",
xgb_naive,0.5,20,half_20_A,A,0.5,"[18, 16, 23, 21, 19, 4, 0, 7, 5, 17, 8, 12]",
xgb_midpoint,0.5,20,half_20_A,A,0.5,"[18, 16, 23, 21, 19, 4, 17, 7, 0, 5, 8, 2]",
xgb_orbit,0.5,20,half_20_A,A,0.5,"[18, 16, 23, 21, 19, 4, 7, 17, 5, 0, 8, 2]",
xgb_orbit_student,0.5,20,half_20_A,A,0.3333333333333333,"[4, 23, 18, 8, 16, 7, 5, 21, 12, 17, 11, 2]",
tabm_naive,0.5,20,half_20_A,A,0.7142857142857143,"[23, 20, 26, 21, 1, 27, 11, 25, 4, 12, 17, 5]",
tabm_midpoint,0.5,20,half_20_A,A,0.5,"[23, 20, 21, 26, 1, 27, 11, 25, 4, 12, 17, 8]",
tabm_orbit,0.5,20,half_20_A,A,0.5,"[23, 20, 26, 21, 1, 27, 25, 11, 4, 12, 17, 8]",
tabm_orbit_student,0.5,20,half_20_A,A,0.6,"[23, 26, 11, 25, 20, 1, 12, 4, 27, 21, 17, 8]",
lasso_pair_q20,0.5,20,half_20_B,B,0.2631578947368421,"[21, 20, 0, 25, 28, 27, 9, 7, 13, 10, 8, 1]",
linear_orbit_student,0.5,20,half_20_B,B,0.2631578947368421,"[21, 23, 11, 20, 25, 7, 8, 15, 12, 28, 17, 27]",
xgb_shap,0.5,20,half_20_B,B,0.7142857142857143,"[21, 0, 24, 16, 25, 23, 19, 15, 18, 2, 7, 28]",
xgb_pfi,0.5,20,half_20_B,B,0.7142857142857143,"[21, 0, 16, 23, 19, 24, 2, 18, 25, 1, 20, 17]",
tabm_pfi,0.5,20,half_20_B,B,0.6,"[23, 0, 21, 16, 19, 20, 2, 25, 24, 27, 26, 1]",
deep_lasso,0.5,20,half_20_B,B,0.7142857142857143,"[23, 21, 0, 25, 20, 24, 15, 16, 19, 9, 27, 2]",
xgb_naive,0.5,20,half_20_B,B,0.6,"[18, 21, 25, 19, 16, 7, 26, 23, 5, 15, 27, 4]",
xgb_midpoint,0.5,20,half_20_B,B,0.5,"[18, 21, 25, 19, 16, 23, 7, 26, 5, 15, 4, 11]",
xgb_orbit,0.5,20,half_20_B,B,0.6,"[18, 21, 19, 25, 16, 7, 23, 5, 26, 15, 4, 27]",
xgb_orbit_student,0.5,20,half_20_B,B,0.3333333333333333,"[21, 11, 25, 23, 18, 12, 5, 26, 19, 7, 6, 16]",
tabm_naive,0.5,20,half_20_B,B,0.5,"[25, 21, 23, 19, 20, 8, 27, 7, 26, 12, 5, 15]",
tabm_midpoint,0.5,20,half_20_B,B,0.5,"[25, 21, 23, 19, 20, 8, 27, 7, 26, 12, 15, 5]",
tabm_orbit,0.5,20,half_20_B,B,0.5,"[25, 21, 23, 19, 20, 8, 27, 7, 26, 12, 15, 5]",
tabm_orbit_student,0.5,20,half_20_B,B,0.5,"[21, 8, 25, 12, 23, 5, 7, 11, 26, 22, 20, 15]",
lasso_pair_q20,0.5,21,half_21_A,A,0.2631578947368421,"[20, 27, 25, 16, 9, 5, 2, 15, 19, 10, 28, 21]",
linear_orbit_student,0.5,21,half_21_A,A,0.3333333333333333,"[23, 16, 28, 21, 17, 20, 6, 27, 25, 15, 2, 1]",
xgb_shap,0.5,21,half_21_A,A,0.8461538461538461,"[23, 21, 0, 19, 24, 20, 16, 15, 18, 7, 27, 2]",
xgb_pfi,0.5,21,half_21_A,A,0.8461538461538461,"[23, 0, 21, 19, 20, 16, 15, 2, 24, 27, 18, 28]",
tabm_pfi,0.5,21,half_21_A,A,0.7142857142857143,"[23, 0, 15, 19, 16, 21, 20, 2, 27, 25, 22, 17]",
deep_lasso,0.5,21,half_21_A,A,1.0,"[23, 21, 20, 0, 15, 16, 19, 25, 27, 18, 7, 24]",
xgb_naive,0.5,21,half_21_A,A,0.5,"[23, 16, 28, 15, 21, 17, 19, 4, 27, 7, 25, 11]",
xgb_midpoint,0.5,21,half_21_A,A,0.5,"[23, 16, 21, 15, 28, 19, 17, 7, 4, 25, 27, 26]",
xgb_orbit,0.5,21,half_21_A,A,0.5,"[23, 16, 28, 15, 21, 19, 17, 4, 25, 7, 27, 11]",
xgb_orbit_student,0.5,21,half_21_A,A,0.3333333333333333,"[25, 23, 11, 21, 15, 26, 28, 4, 16, 13, 17, 27]",
tabm_naive,0.5,21,half_21_A,A,0.4117647058823529,"[23, 20, 21, 16, 4, 0, 5, 28, 10, 13, 27, 6]",
tabm_midpoint,0.5,21,half_21_A,A,0.4117647058823529,"[23, 20, 21, 16, 0, 4, 28, 5, 27, 10, 13, 6]",
tabm_orbit,0.5,21,half_21_A,A,0.4117647058823529,"[23, 20, 21, 16, 0, 4, 5, 28, 27, 13, 10, 6]",
tabm_orbit_student,0.5,21,half_21_A,A,0.4117647058823529,"[23, 4, 28, 22, 10, 13, 16, 12, 20, 5, 21, 6]",
lasso_pair_q20,0.5,21,half_21_B,B,0.5,"[20, 0, 25, 16, 23, 26, 15, 14, 7, 1, 3, 4]",
linear_orbit_student,0.5,21,half_21_B,B,0.5,"[21, 20, 23, 25, 3, 9, 12, 22, 27, 0, 16, 10]",
xgb_shap,0.5,21,half_21_B,B,0.7142857142857143,"[23, 21, 0, 16, 24, 19, 25, 15, 18, 1, 7, 8]",
xgb_pfi,0.5,21,half_21_B,B,0.7142857142857143,"[21, 23, 0, 16, 19, 24, 18, 15, 2, 20, 8, 25]",
tabm_pfi,0.5,21,half_21_B,B,0.8461538461538461,"[23, 0, 16, 15, 19, 21, 20, 24, 2, 18, 25, 1]",
deep_lasso,0.5,21,half_21_B,B,0.8461538461538461,"[23, 21, 16, 25, 0, 19, 15, 20, 26, 18, 24, 27]",
xgb_naive,0.5,21,half_21_B,B,0.4117647058823529,"[18, 23, 0, 19, 21, 25, 24, 8, 15, 9, 4, 12]",
xgb_midpoint,0.5,21,half_21_B,B,0.4117647058823529,"[18, 23, 0, 21, 19, 25, 8, 24, 9, 4, 15, 2]",
xgb_orbit,0.5,21,half_21_B,B,0.4117647058823529,"[18, 23, 0, 21, 19, 25, 8, 4, 9, 24, 15, 2]",
xgb_orbit_student,0.5,21,half_21_B,B,0.3333333333333333,"[14, 21, 23, 18, 10, 12, 13, 0, 9, 4, 8, 19]",
tabm_naive,0.5,21,half_21_B,B,0.5,"[0, 23, 21, 20, 18, 27, 24, 25, 3, 9, 4, 6]",
tabm_midpoint,0.5,21,half_21_B,B,0.6,"[23, 0, 21, 20, 18, 27, 25, 24, 3, 9, 19, 4]",
tabm_orbit,0.5,21,half_21_B,B,0.6,"[23, 0, 21, 20, 18, 27, 25, 24, 3, 9, 19, 4]",
tabm_orbit_student,0.5,21,half_21_B,B,0.3333333333333333,"[21, 3, 23, 20, 18, 27, 0, 9, 12, 14, 6, 17]",
lasso_pair_q20,0.5,22,half_22_A,A,0.4117647058823529,"[0, 23, 16, 25, 26, 27, 9, 2, 5, 3, 1, 4]",
linear_orbit_student,0.5,22,half_22_A,A,0.2631578947368421,"[26, 15, 25, 6, 27, 21, 10, 20, 2, 7, 16, 0]",
xgb_shap,0.5,22,half_22_A,A,0.7142857142857143,"[21, 23, 0, 24, 19, 16, 25, 20, 15, 18, 17, 7]",
xgb_pfi,0.5,22,half_22_A,A,0.7142857142857143,"[21, 0, 23, 19, 16, 20, 18, 15, 24, 2, 25, 22]",
tabm_pfi,0.5,22,half_22_A,A,0.6,"[0, 23, 21, 16, 20, 15, 19, 2, 27, 24, 17, 12]",
deep_lasso,0.5,22,half_22_A,A,1.0,"[0, 21, 23, 20, 25, 16, 15, 24, 19, 27, 7, 18]",
xgb_naive,0.5,22,half_22_A,A,0.3333333333333333,"[19, 18, 23, 17, 7, 15, 27, 6, 1, 2, 3, 20]",
xgb_midpoint,0.5,22,half_22_A,A,0.3333333333333333,"[19, 18, 23, 17, 7, 15, 6, 24, 27, 2, 3, 8]",
xgb_orbit,0.5,22,half_22_A,A,0.3333333333333333,"[19, 18, 23, 17, 7, 15, 6, 3, 27, 1, 24, 8]",
xgb_orbit_student,0.5,22,half_22_A,A,0.2631578947368421,"[23, 18, 13, 19, 3, 6, 24, 7, 17, 15, 1, 8]",
tabm_naive,0.5,22,half_22_A,A,0.3333333333333333,"[23, 15, 0, 2, 20, 25, 7, 24, 6, 18, 26, 9]",
tabm_midpoint,0.5,22,half_22_A,A,0.3333333333333333,"[23, 15, 0, 25, 2, 20, 24, 6, 7, 18, 26, 9]",
tabm_orbit,0.5,22,half_22_A,A,0.3333333333333333,"[23, 15, 0, 25, 2, 20, 24, 6, 7, 18, 26, 9]",
tabm_orbit_student,0.5,22,half_22_A,A,0.2,"[23, 6, 26, 14, 15, 24, 2, 9, 12, 18, 7, 0]",
lasso_pair_q20,0.5,22,half_22_B,B,0.2631578947368421,"[20, 25, 16, 26, 27, 7, 9, 21, 22, 2, 28, 8]",
linear_orbit_student,0.5,22,half_22_B,B,0.3333333333333333,"[23, 20, 27, 15, 22, 16, 25, 17, 8, 26, 7, 2]",
xgb_shap,0.5,22,half_22_B,B,1.0,"[23, 21, 0, 16, 24, 19, 15, 18, 1, 20, 7, 2]",
xgb_pfi,0.5,22,half_22_B,B,0.8461538461538461,"[23, 21, 0, 16, 19, 20, 24, 15, 18, 2, 1, 7]",
tabm_pfi,0.5,22,half_22_B,B,0.8461538461538461,"[23, 0, 19, 16, 21, 15, 20, 27, 25, 2, 18, 24]",
deep_lasso,0.5,22,half_22_B,B,0.8461538461538461,"[23, 21, 19, 0, 16, 15, 25, 20, 27, 18, 26, 24]",
xgb_naive,0.5,22,half_22_B,B,0.3333333333333333,"[23, 19, 18, 27, 8, 0, 15, 21, 5, 9, 3, 28]",
xgb_midpoint,0.5,22,half_22_B,B,0.3333333333333333,"[23, 19, 18, 27, 0, 15, 21, 8, 5, 9, 3, 28]",
xgb_orbit,0.5,22,half_22_B,B,0.3333333333333333,"[23, 19, 18, 27, 0, 8, 15, 5, 21, 3, 9, 28]",
xgb_orbit_student,0.5,22,half_22_B,B,0.2631578947368421,"[23, 8, 27, 26, 19, 5, 3, 22, 15, 12, 10, 14]",
tabm_naive,0.5,22,half_22_B,B,0.3333333333333333,"[23, 16, 21, 27, 18, 2, 20, 5, 9, 17, 3, 8]",
tabm_midpoint,0.5,22,half_22_B,B,0.3333333333333333,"[23, 16, 21, 27, 18, 2, 20, 5, 9, 17, 3, 8]",
tabm_orbit,0.5,22,half_22_B,B,0.3333333333333333,"[23, 16, 21, 27, 18, 2, 5, 20, 9, 17, 3, 8]",
tabm_orbit_student,0.5,22,half_22_B,B,0.2631578947368421,"[23, 28, 16, 22, 5, 2, 17, 27, 21, 9, 3, 18]",
lasso_pair_q20,0.5,23,half_23_A,A,0.5,"[20, 0, 23, 16, 25, 22, 4, 2, 26, 15, 14, 6]",
linear_orbit_student,0.5,23,half_23_A,A,0.5,"[0, 16, 20, 23, 25, 5, 2, 1, 3, 4, 6, 9]",
xgb_shap,0.5,23,half_23_A,A,0.7142857142857143,"[23, 0, 21, 24, 16, 19, 15, 20, 25, 27, 18, 7]",
xgb_pfi,0.5,23,half_23_A,A,0.8461538461538461,"[23, 0, 21, 19, 24, 16, 15, 20, 17, 2, 18, 1]",
tabm_pfi,0.5,23,half_23_A,A,0.8461538461538461,"[0, 23, 21, 20, 16, 19, 27, 15, 24, 2, 25, 18]",
deep_lasso,0.5,23,half_23_A,A,0.7142857142857143,"[0, 23, 21, 20, 25, 24, 27, 15, 19, 16, 26, 8]",
xgb_naive,0.5,23,half_23_A,A,0.4117647058823529,"[1, 0, 2, 23, 5, 25, 20, 21, 17, 28, 12, 24]",
xgb_midpoint,0.5,23,half_23_A,A,0.4117647058823529,"[0, 23, 1, 2, 5, 21, 20, 25, 28, 17, 24, 12]",
xgb_orbit,0.5,23,half_23_A,A,0.4117647058823529,"[0, 1, 23, 2, 5, 20, 21, 25, 17, 28, 12, 24]",
xgb_orbit_student,0.5,23,half_23_A,A,0.3333333333333333,"[12, 1, 25, 2, 14, 5, 20, 21, 28, 0, 23, 17]",
tabm_naive,0.5,23,half_23_A,A,0.2631578947368421,"[0, 20, 23, 16, 21, 17, 24, 13, 25, 9, 11, 14]",
tabm_midpoint,0.5,23,half_23_A,A,0.2631578947368421,"[0, 23, 20, 16, 21, 24, 17, 13, 25, 9, 11, 14]",
tabm_orbit,0.5,23,half_23_A,A,0.2631578947368421,"[0, 23, 20, 16, 21, 17, 24, 13, 25, 9, 11, 14]",
tabm_orbit_student,0.5,23,half_23_A,A,0.2631578947368421,"[0, 14, 17, 11, 20, 13, 24, 23, 21, 9, 16, 25]",
lasso_pair_q20,0.5,23,half_23_B,B,0.2631578947368421,"[20, 0, 21, 25, 26, 19, 27, 4, 18, 7, 2, 22]",
linear_orbit_student,0.5,23,half_23_B,B,0.4117647058823529,"[21, 14, 2, 22, 26, 15, 27, 20, 18, 25, 0, 1]",
xgb_shap,0.5,23,half_23_B,B,0.8461538461538461,"[21, 23, 0, 16, 19, 24, 15, 20, 2, 18, 4, 7]",
xgb_pfi,0.5,23,half_23_B,B,0.8461538461538461,"[21, 0, 23, 16, 19, 18, 20, 2, 15, 24, 27, 9]",
tabm_pfi,0.5,23,half_23_B,B,0.6,"[23, 0, 16, 19, 15, 21, 20, 2, 9, 18, 3, 1]",
deep_lasso,0.5,23,half_23_B,B,0.8461538461538461,"[21, 23, 0, 20, 16, 15, 25, 19, 22, 27, 18, 7]",
xgb_naive,0.5,23,half_23_B,B,0.4117647058823529,"[18, 21, 23, 4, 8, 2, 17, 15, 7, 19, 26, 24]",
xgb_midpoint,0.5,23,half_23_B,B,0.4117647058823529,"[18, 21, 23, 4, 8, 2, 17, 26, 24, 15, 7, 16]",
xgb_orbit,0.5,23,half_23_B,B,0.3333333333333333,"[18, 21, 23, 4, 2, 8, 15, 17, 7, 26, 24, 3]",
xgb_orbit_student,0.5,23,half_23_B,B,0.2631578947368421,"[18, 23, 21, 4, 14, 15, 26, 2, 8, 24, 11, 22]",
tabm_naive,0.5,23,half_23_B,B,0.5,"[23, 21, 0, 2, 4, 20, 25, 15, 26, 17, 18, 16]",
tabm_midpoint,0.5,23,half_23_B,B,0.5,"[23, 21, 0, 2, 4, 25, 15, 20, 17, 26, 18, 6]",
tabm_orbit,0.5,23,half_23_B,B,0.5,"[23, 21, 0, 2, 4, 25, 15, 20, 26, 17, 18, 6]",
tabm_orbit_student,0.5,23,half_23_B,B,0.4117647058823529,"[21, 23, 28, 14, 4, 2, 22, 26, 10, 6, 25, 0]",
lasso_pair_q20,0.5,24,half_24_A,A,0.4117647058823529,"[0, 25, 20, 26, 1, 5, 6, 22, 13, 21, 9, 14]",
linear_orbit_student,0.5,24,half_24_A,A,0.4117647058823529,"[10, 25, 9, 26, 15, 0, 17, 20, 22, 23, 19, 4]",
xgb_shap,0.5,24,half_24_A,A,0.8461538461538461,"[23, 0, 21, 16, 19, 15, 25, 20, 24, 18, 2, 7]",
xgb_pfi,0.5,24,half_24_A,A,0.8461538461538461,"[23, 0, 16, 21, 19, 18, 2, 20, 24, 25, 1, 27]",
tabm_pfi,0.5,24,half_24_A,A,0.8461538461538461,"[23, 0, 16, 15, 21, 19, 2, 20, 27, 24, 18, 25]",
deep_lasso,0.5,24,half_24_A,A,1.0,"[23, 0, 21, 19, 20, 25, 16, 15, 27, 24, 18, 7]",
xgb_naive,0.5,24,half_24_A,A,0.2631578947368421,"[17, 8, 2, 1, 15, 21, 25, 18, 24, 11, 10, 7]",
xgb_midpoint,0.5,24,half_24_A,A,0.3333333333333333,"[17, 8, 15, 21, 2, 25, 1, 11, 18, 24, 23, 10]",
xgb_orbit,0.5,24,half_24_A,A,0.3333333333333333,"[17, 8, 2, 15, 1, 21, 18, 25, 11, 24, 23, 10]",
xgb_orbit_student,0.5,24,half_24_A,A,0.2631578947368421,"[10, 17, 11, 25, 8, 15, 24, 22, 2, 13, 1, 21]",
tabm_naive,0.5,24,half_24_A,A,0.3333333333333333,"[0, 23, 20, 10, 25, 24, 9, 19, 12, 26, 28, 11]",
tabm_midpoint,0.5,24,half_24_A,A,0.3333333333333333,"[0, 23, 20, 10, 25, 24, 9, 26, 19, 12, 28, 11]",
tabm_orbit,0.5,24,half_24_A,A,0.3333333333333333,"[0, 23, 20, 10, 25, 24, 9, 26, 12, 19, 28, 11]",
tabm_orbit_student,0.5,24,half_24_A,A,0.2631578947368421,"[10, 12, 28, 25, 0, 20, 24, 26, 9, 23, 19, 11]",
lasso_pair_q20,0.5,24,half_24_B,B,0.4117647058823529,"[0, 20, 25, 23, 2, 1, 17, 26, 22, 7, 19, 9]",
linear_orbit_student,0.5,24,half_24_B,B,0.5,"[21, 22, 7, 2, 0, 25, 26, 20, 27, 9, 28, 1]",
xgb_shap,0.5,24,half_24_B,B,0.8461538461538461,"[21, 0, 24, 16, 19, 20, 15, 23, 18, 1, 28, 7]",
xgb_pfi,0.5,24,half_24_B,B,0.8461538461538461,"[21, 0, 16, 19, 20, 24, 23, 15, 18, 1, 28, 2]",
tabm_pfi,0.5,24,half_24_B,B,0.8461538461538461,"[0, 23, 16, 15, 19, 21, 20, 24, 18, 28, 2, 25]",
deep_lasso,0.5,24,half_24_B,B,0.8461538461538461,"[21, 20, 0, 23, 16, 15, 25, 19, 27, 18, 24, 26]",
xgb_naive,0.5,24,half_24_B,B,0.5,"[21, 16, 0, 9, 4, 1, 24, 25, 27, 20, 18, 3]",
xgb_midpoint,0.5,24,half_24_B,B,0.4117647058823529,"[21, 16, 0, 1, 9, 4, 25, 27, 20, 24, 3, 2]",
xgb_orbit,0.5,24,half_24_B,B,0.4117647058823529,"[0, 21, 16, 4, 9, 1, 25, 27, 24, 20, 3, 8]",
xgb_orbit_student,0.5,24,half_24_B,B,0.4117647058823529,"[25, 9, 4, 1, 10, 0, 3, 21, 16, 23, 27, 24]",
tabm_naive,0.5,24,half_24_B,B,0.2631578947368421,"[0, 21, 19, 27, 25, 7, 23, 2, 13, 24, 8, 9]",
tabm_midpoint,0.5,24,half_24_B,B,0.3333333333333333,"[0, 21, 19, 23, 27, 7, 25, 13, 2, 24, 9, 8]",
tabm_orbit,0.5,24,half_24_B,B,0.3333333333333333,"[0, 21, 19, 23, 27, 7, 25, 13, 2, 24, 8, 9]",
tabm_orbit_student,0.5,24,half_24_B,B,0.2,"[7, 8, 2, 25, 9, 27, 13, 21, 19, 0, 26, 3]",
lasso_pair_q20,0.5,25,half_25_A,A,0.2631578947368421,"[0, 21, 20, 25, 16, 23, 5, 8, 22, 28, 18, 6]",
linear_orbit_student,0.5,25,half_25_A,A,0.5,"[21, 25, 15, 22, 0, 27, 20, 16, 8, 9, 1, 3]",
xgb_shap,0.5,25,half_25_A,A,0.7142857142857143,"[21, 0, 24, 23, 16, 19, 15, 25, 20, 18, 7, 17]",
xgb_pfi,0.5,25,half_25_A,A,0.8461538461538461,"[21, 0, 23, 16, 19, 24, 20, 18, 15, 2, 1, 25]",
tabm_pfi,0.5,25,half_25_A,A,0.7142857142857143,"[23, 0, 15, 16, 19, 21, 20, 2, 18, 25, 27, 9]",
deep_lasso,0.5,25,half_25_A,A,0.8461538461538461,"[21, 23, 0, 20, 16, 25, 19, 15, 24, 27, 18, 26]",
xgb_naive,0.5,25,half_25_A,A,0.3333333333333333,"[19, 21, 18, 23, 28, 0, 25, 15, 1, 9, 3, 17]",
xgb_midpoint,0.5,25,half_25_A,A,0.3333333333333333,"[19, 21, 18, 23, 28, 25, 0, 1, 15, 9, 17, 12]",
xgb_orbit,0.5,25,half_25_A,A,0.3333333333333333,"[19, 21, 18, 23, 28, 25, 15, 0, 1, 9, 17, 12]",
xgb_orbit_student,0.5,25,half_25_A,A,0.3333333333333333,"[13, 12, 19, 23, 10, 21, 25, 18, 15, 28, 1, 11]",
tabm_naive,0.5,25,half_25_A,A,0.3333333333333333,"[23, 0, 21, 15, 25, 20, 19, 3, 28, 10, 13, 1]",
tabm_midpoint,0.5,25,half_25_A,A,0.3333333333333333,"[23, 0, 21, 15, 25, 20, 19, 3, 16, 10, 28, 13]",
tabm_orbit,0.5,25,half_25_A,A,0.3333333333333333,"[23, 0, 21, 15, 25, 20, 19, 3, 16, 10, 28, 13]",
tabm_orbit_student,0.5,25,half_25_A,A,0.2,"[23, 0, 21, 3, 10, 28, 25, 19, 15, 13, 20, 16]",
lasso_pair_q20,0.5,25,half_25_B,B,0.3333333333333333,"[20, 0, 16, 19, 18, 26, 23, 22, 1, 3, 5, 8]",
linear_orbit_student,0.5,25,half_25_B,B,0.2631578947368421,"[23, 10, 0, 20, 22, 14, 16, 15, 25, 26, 19, 8]",
xgb_shap,0.5,25,half_25_B,B,0.8461538461538461,"[23, 21, 0, 16, 19, 15, 24, 18, 20, 2, 1, 28]",
xgb_pfi,0.5,25,half_25_B,B,0.8461538461538461,"[23, 21, 0, 16, 19, 15, 20, 18, 24, 2, 17, 1]",
tabm_pfi,0.5,25,half_25_B,B,0.6,"[23, 0, 21, 16, 15, 20, 19, 2, 17, 3, 25, 27]",
deep_lasso,0.5,25,half_25_B,B,0.8461538461538461,"[0, 23, 21, 16, 20, 25, 15, 19, 27, 18, 24, 2]",
xgb_naive,0.5,25,half_25_B,B,0.5,"[16, 19, 0, 4, 23, 21, 9, 27, 24, 13, 17, 3]",
xgb_midpoint,0.5,25,half_25_B,B,0.6,"[16, 19, 0, 4, 23, 21, 24, 13, 9, 27, 5, 17]",
xgb_orbit,0.5,25,half_25_B,B,0.5,"[16, 19, 0, 4, 23, 21, 24, 9, 13, 27, 17, 3]",
xgb_orbit_student,0.5,25,half_25_B,B,0.2631578947368421,"[24, 4, 10, 21, 14, 13, 16, 9, 11, 19, 22, 26]",
tabm_naive,0.5,25,half_25_B,B,0.3333333333333333,"[0, 23, 16, 21, 20, 15, 22, 24, 19, 1, 2, 25]",
tabm_midpoint,0.5,25,half_25_B,B,0.4117647058823529,"[0, 23, 16, 21, 20, 15, 22, 24, 19, 1, 2, 25]",
tabm_orbit,0.5,25,half_25_B,B,0.3333333333333333,"[0, 23, 16, 21, 20, 15, 22, 24, 19, 1, 2, 10]",
tabm_orbit_student,0.5,25,half_25_B,B,0.2631578947368421,"[24, 0, 23, 21, 10, 16, 14, 15, 22, 11, 1, 3]",
lasso_pair_q20,0.5,26,half_26_A,A,0.3333333333333333,"[20, 0, 23, 25, 27, 16, 19, 4, 8, 17, 10, 1]",
linear_orbit_student,0.5,26,half_26_A,A,0.4117647058823529,"[0, 20, 25, 9, 21, 8, 2, 23, 16, 15, 27, 1]",
xgb_shap,0.5,26,half_26_A,A,0.8461538461538461,"[21, 23, 0, 19, 24, 16, 15, 2, 18, 25, 20, 7]",
xgb_pfi,0.5,26,half_26_A,A,0.7142857142857143,"[21, 0, 19, 23, 16, 24, 2, 18, 20, 15, 7, 28]",
tabm_pfi,0.5,26,half_26_A,A,0.8461538461538461,"[23, 16, 0, 19, 15, 21, 2, 20, 22, 27, 18, 24]",
deep_lasso,0.5,26,half_26_A,A,0.8461538461538461,"[23, 16, 21, 0, 25, 20, 19, 15, 24, 18, 2, 7]",
xgb_naive,0.5,26,half_26_A,A,0.4117647058823529,"[18, 19, 1, 21, 25, 15, 24, 8, 2, 4, 20, 9]",
xgb_midpoint,0.5,26,half_26_A,A,0.4117647058823529,"[18, 19, 1, 21, 25, 24, 15, 8, 4, 2, 9, 5]",
xgb_orbit,0.5,26,half_26_A,A,0.4117647058823529,"[18, 19, 1, 21, 25, 15, 24, 2, 8, 9, 20, 4]",
xgb_orbit_student,0.5,26,half_26_A,A,0.3333333333333333,"[21, 13, 14, 18, 25, 19, 9, 1, 15, 4, 11, 24]",
tabm_naive,0.5,26,half_26_A,A,0.4117647058823529,"[0, 20, 1, 21, 18, 25, 9, 19, 6, 2, 5, 8]",
tabm_midpoint,0.5,26,half_26_A,A,0.6,"[0, 20, 21, 1, 18, 25, 9, 19, 6, 5, 27, 8]",
tabm_orbit,0.5,26,half_26_A,A,0.5,"[0, 20, 21, 1, 18, 25, 9, 19, 6, 8, 5, 2]",
tabm_orbit_student,0.5,26,half_26_A,A,0.2631578947368421,"[12, 20, 9, 6, 1, 0, 25, 18, 21, 8, 13, 19]",
lasso_pair_q20,0.5,26,half_26_B,B,0.2631578947368421,"[20, 0, 21, 16, 26, 22, 27, 18, 7, 14, 15, 1]",
linear_orbit_student,0.5,26,half_26_B,B,0.3333333333333333,"[21, 8, 0, 20, 27, 17, 26, 10, 28, 16, 9, 4]",
xgb_shap,0.5,26,half_26_B,B,0.7142857142857143,"[23, 21, 0, 16, 19, 24, 15, 20, 1, 25, 18, 17]",
xgb_pfi,0.5,26,half_26_B,B,0.7142857142857143,"[23, 0, 21, 19, 16, 20, 24, 15, 2, 18, 25, 3]",
tabm_pfi,0.5,26,half_26_B,B,0.7142857142857143,"[0, 23, 15, 21, 19, 16, 20, 24, 2, 25, 1, 9]",
deep_lasso,0.5,26,half_26_B,B,0.8461538461538461,"[23, 0, 21, 20, 15, 25, 19, 16, 27, 26, 18, 24]",
xgb_naive,0.5,26,half_26_B,B,0.2631578947368421,"[21, 9, 18, 2, 17, 7, 23, 6, 26, 20, 1, 28]",
xgb_midpoint,0.5,26,half_26_B,B,0.2631578947368421,"[21, 9, 2, 18, 23, 7, 17, 6, 20, 26, 10, 1]",
xgb_orbit,0.5,26,half_26_B,B,0.2631578947368421,"[21, 9, 2, 18, 17, 23, 7, 6, 26, 20, 1, 28]",
xgb_orbit_student,0.5,26,half_26_B,B,0.3333333333333333,"[9, 21, 2, 10, 26, 14, 6, 17, 7, 20, 23, 18]",
tabm_naive,0.5,26,half_26_B,B,0.3333333333333333,"[0, 21, 20, 23, 17, 9, 10, 6, 26, 28, 27, 24]",
tabm_midpoint,0.5,26,half_26_B,B,0.3333333333333333,"[0, 21, 23, 20, 17, 9, 10, 6, 26, 28, 27, 12]",
tabm_orbit,0.5,26,half_26_B,B,0.3333333333333333,"[0, 21, 23, 20, 17, 9, 10, 6, 26, 28, 27, 12]",
tabm_orbit_student,0.5,26,half_26_B,B,0.3333333333333333,"[21, 6, 9, 28, 17, 0, 12, 10, 23, 20, 26, 5]",
lasso_pair_q20,0.5,27,half_27_A,A,0.3333333333333333,"[0, 20, 16, 25, 14, 1, 7, 8, 9, 10, 12, 15]",
linear_orbit_student,0.5,27,half_27_A,A,0.5,"[15, 20, 25, 26, 0, 23, 1, 3, 4, 5, 6, 7]",
xgb_shap,0.5,27,half_27_A,A,0.8461538461538461,"[23, 21, 0, 16, 19, 24, 15, 18, 25, 20, 2, 1]",
xgb_pfi,0.5,27,half_27_A,A,0.7142857142857143,"[23, 21, 0, 16, 19, 24, 18, 2, 20, 15, 28, 25]",
tabm_pfi,0.5,27,half_27_A,A,1.0,"[23, 0, 16, 21, 19, 15, 20, 2, 25, 24, 22, 18]",
deep_lasso,0.5,27,half_27_A,A,0.8461538461538461,"[23, 21, 0, 16, 19, 25, 20, 15, 27, 18, 26, 24]",
xgb_naive,0.5,27,half_27_A,A,0.2631578947368421,"[15, 5, 24, 20, 25, 28, 2, 9, 18, 3, 26, 13]",
xgb_midpoint,0.5,27,half_27_A,A,0.2631578947368421,"[15, 5, 24, 18, 25, 28, 20, 2, 3, 26, 9, 13]",
xgb_orbit,0.5,27,half_27_A,A,0.2631578947368421,"[15, 5, 24, 25, 28, 20, 2, 18, 3, 9, 26, 13]",
xgb_orbit_student,0.5,27,half_27_A,A,0.2,"[15, 20, 5, 24, 25, 28, 2, 13, 3, 26, 6, 9]",
tabm_naive,0.5,27,half_27_A,A,0.4117647058823529,"[20, 0, 24, 25, 1, 18, 26, 4, 28, 13, 17, 6]",
tabm_midpoint,0.5,27,half_27_A,A,0.5,"[20, 0, 24, 25, 18, 1, 4, 26, 13, 28, 17, 19]",
tabm_orbit,0.5,27,half_27_A,A,0.5,"[20, 0, 24, 25, 18, 1, 4, 26, 28, 19, 13, 17]",
tabm_orbit_student,0.5,27,half_27_A,A,0.2631578947368421,"[20, 4, 24, 28, 1, 25, 13, 18, 0, 26, 6, 17]",
lasso_pair_q20,0.5,27,half_27_B,B,0.4117647058823529,"[20, 25, 3, 23, 26, 0, 4, 7, 12, 28, 1, 2]",
linear_orbit_student,0.5,27,half_27_B,B,0.2631578947368421,"[20, 9, 21, 14, 26, 12, 17, 25, 15, 7, 6, 19]",
xgb_shap,0.5,27,half_27_B,B,0.8461538461538461,"[21, 23, 0, 24, 16, 15, 19, 20, 7, 18, 1, 17]",
xgb_pfi,0.5,27,half_27_B,B,1.0,"[21, 0, 23, 16, 19, 20, 15, 18, 24, 2, 1, 27]",
tabm_pfi,0.5,27,half_27_B,B,0.6,"[23, 0, 16, 15, 19, 21, 20, 27, 2, 10, 25, 1]",
deep_lasso,0.5,27,half_27_B,B,1.0,"[21, 23, 0, 20, 25, 15, 19, 16, 24, 27, 7, 18]",
xgb_naive,0.5,27,half_27_B,B,0.6,"[18, 7, 19, 23, 16, 24, 21, 8, 17, 20, 27, 15]",
xgb_midpoint,0.5,27,half_27_B,B,0.6,"[18, 7, 19, 23, 16, 24, 21, 17, 8, 20, 25, 15]",
xgb_orbit,0.5,27,half_27_B,B,0.6,"[18, 7, 19, 23, 16, 24, 21, 17, 8, 20, 15, 25]",
xgb_orbit_student,0.5,27,half_27_B,B,0.3333333333333333,"[18, 24, 23, 25, 7, 20, 26, 15, 8, 19, 13, 14]",
tabm_naive,0.5,27,half_27_B,B,0.4117647058823529,"[23, 0, 20, 24, 27, 25, 15, 7, 26, 9, 17, 12]",
tabm_midpoint,0.5,27,half_27_B,B,0.3333333333333333,"[23, 0, 20, 24, 27, 15, 25, 7, 26, 9, 17, 12]",
tabm_orbit,0.5,27,half_27_B,B,0.3333333333333333,"[23, 0, 20, 24, 27, 25, 15, 7, 26, 9, 17, 12]",
tabm_orbit_student,0.5,27,half_27_B,B,0.3333333333333333,"[23, 24, 25, 26, 20, 15, 0, 27, 12, 7, 9, 17]",
lasso_pair_q20,0.5,28,half_28_A,A,0.4117647058823529,"[20, 0, 25, 26, 16, 23, 10, 19, 5, 27, 4, 1]",
linear_orbit_student,0.5,28,half_28_A,A,0.4117647058823529,"[20, 25, 16, 26, 0, 27, 21, 8, 15, 13, 1, 4]",
xgb_shap,0.5,28,half_28_A,A,0.7142857142857143,"[21, 0, 23, 16, 19, 15, 20, 24, 25, 27, 18, 7]",
xgb_pfi,0.5,28,half_28_A,A,0.8461538461538461,"[21, 0, 16, 19, 23, 20, 15, 18, 2, 27, 28, 1]",
tabm_pfi,0.5,28,half_28_A,A,0.6,"[0, 23, 16, 15, 20, 19, 21, 2, 22, 27, 9, 1]",
deep_lasso,0.5,28,half_28_A,A,0.7142857142857143,"[20, 21, 23, 0, 16, 15, 25, 27, 19, 18, 17, 2]",
xgb_naive,0.5,28,half_28_A,A,0.4117647058823529,"[18, 16, 27, 25, 20, 11, 10, 23, 7, 26, 19, 22]",
xgb_midpoint,0.5,28,half_28_A,A,0.4117647058823529,"[18, 16, 27, 25, 20, 7, 11, 23, 10, 26, 22, 24]",
xgb_orbit,0.5,28,half_28_A,A,0.5,"[18, 16, 27, 20, 25, 11, 7, 10, 23, 26, 19, 24]",
xgb_orbit_student,0.5,28,half_28_A,A,0.3333333333333333,"[25, 11, 10, 27, 18, 20, 14, 16, 26, 22, 23, 7]",
tabm_naive,0.5,28,half_28_A,A,0.4117647058823529,"[20, 0, 25, 27, 23, 8, 15, 18, 13, 16, 26, 24]",
tabm_midpoint,0.5,28,half_28_A,A,0.4117647058823529,"[20, 0, 27, 25, 23, 8, 15, 18, 16, 13, 24, 26]",
tabm_orbit,0.5,28,half_28_A,A,0.4117647058823529,"[20, 0, 27, 25, 23, 8, 15, 18, 16, 13, 26, 24]",
tabm_orbit_student,0.5,28,half_28_A,A,0.2631578947368421,"[20, 25, 8, 10, 0, 13, 27, 26, 23, 18, 24, 9]",
lasso_pair_q20,0.5,28,half_28_B,B,0.2631578947368421,"[20, 0, 21, 25, 10, 2, 6, 18, 28, 13, 26, 5]",
linear_orbit_student,0.5,28,half_28_B,B,0.4117647058823529,"[23, 0, 9, 13, 2, 15, 7, 25, 22, 26, 1, 3]",
xgb_shap,0.5,28,half_28_B,B,0.7142857142857143,"[23, 0, 24, 21, 16, 19, 18, 25, 15, 20, 8, 2]",
xgb_pfi,0.5,28,half_28_B,B,0.7142857142857143,"[23, 0, 21, 16, 24, 19, 20, 15, 2, 17, 18, 28]",
tabm_pfi,0.5,28,half_28_B,B,0.6,"[23, 0, 21, 20, 24, 16, 19, 25, 2, 27, 9, 8]",
deep_lasso,0.5,28,half_28_B,B,0.6,"[0, 23, 21, 25, 24, 20, 15, 19, 2, 22, 27, 9]",
xgb_naive,0.5,28,half_28_B,B,0.3333333333333333,"[19, 16, 18, 1, 8, 7, 0, 27, 21, 2, 24, 9]",
xgb_midpoint,0.5,28,half_28_B,B,0.3333333333333333,"[19, 16, 18, 1, 8, 27, 7, 21, 2, 0, 24, 9]",
xgb_orbit,0.5,28,half_28_B,B,0.3333333333333333,"[19, 16, 18, 1, 27, 8, 7, 21, 0, 2, 9, 5]",
xgb_orbit_student,0.5,28,half_28_B,B,0.2,"[1, 19, 22, 21, 27, 7, 16, 14, 8, 18, 15, 11]",
tabm_naive,0.5,28,half_28_B,B,0.2631578947368421,"[20, 0, 21, 24, 25, 13, 8, 26, 7, 28, 14, 11]",
tabm_midpoint,0.5,28,half_28_B,B,0.3333333333333333,"[20, 21, 0, 24, 25, 13, 8, 7, 28, 26, 1, 12]",
tabm_orbit,0.5,28,half_28_B,B,0.3333333333333333,"[20, 21, 0, 24, 25, 13, 8, 7, 26, 28, 1, 12]",
tabm_orbit_student,0.5,28,half_28_B,B,0.3333333333333333,"[20, 21, 24, 28, 13, 0, 14, 8, 25, 12, 10, 26]",
lasso_pair_q20,0.5,29,half_29_A,A,0.2631578947368421,"[20, 0, 16, 21, 5, 17, 6, 25, 18, 7, 15, 3]",
linear_orbit_student,0.5,29,half_29_A,A,0.3333333333333333,"[21, 0, 10, 8, 20, 7, 16, 25, 3, 4, 5, 6]",
xgb_shap,0.5,29,half_29_A,A,0.7142857142857143,"[21, 0, 16, 23, 24, 19, 15, 20, 18, 2, 28, 4]",
xgb_pfi,0.5,29,half_29_A,A,0.8461538461538461,"[21, 0, 16, 19, 23, 18, 2, 15, 20, 24, 1, 7]",
tabm_pfi,0.5,29,half_29_A,A,0.7142857142857143,"[0, 23, 16, 19, 21, 15, 20, 2, 27, 25, 18, 17]",
deep_lasso,0.5,29,half_29_A,A,0.8461538461538461,"[23, 0, 21, 20, 25, 24, 16, 27, 19, 15, 18, 2]",
xgb_naive,0.5,29,half_29_A,A,0.2631578947368421,"[21, 18, 19, 0, 23, 9, 26, 10, 11, 12, 5, 28]",
xgb_midpoint,0.5,29,half_29_A,A,0.3333333333333333,"[21, 18, 19, 0, 23, 9, 26, 5, 11, 12, 10, 4]",
xgb_orbit,0.5,29,half_29_A,A,0.3333333333333333,"[21, 18, 19, 0, 23, 9, 5, 26, 10, 12, 11, 25]",
xgb_orbit_student,0.5,29,half_29_A,A,0.4117647058823529,"[21, 10, 23, 12, 19, 0, 9, 26, 18, 5, 11, 25]",
tabm_naive,0.5,29,half_29_A,A,0.2631578947368421,"[23, 0, 20, 21, 9, 11, 28, 19, 12, 10, 24, 6]",
tabm_midpoint,0.5,29,half_29_A,A,0.2631578947368421,"[23, 0, 21, 20, 9, 11, 28, 24, 12, 10, 6, 19]",
tabm_orbit,0.5,29,half_29_A,A,0.2631578947368421,"[23, 0, 21, 20, 9, 11, 28, 24, 12, 10, 19, 6]",
tabm_orbit_student,0.5,29,half_29_A,A,0.2631578947368421,"[21, 23, 0, 9, 12, 28, 20, 22, 11, 10, 17, 24]",
lasso_pair_q20,0.5,29,half_29_B,B,0.3333333333333333,"[20, 0, 25, 23, 16, 2, 28, 22, 4, 15, 14, 17]",
linear_orbit_student,0.5,29,half_29_B,B,0.3333333333333333,"[23, 28, 25, 0, 4, 16, 22, 20, 2, 19, 15, 1]",
xgb_shap,0.5,29,half_29_B,B,0.8461538461538461,"[23, 21, 0, 24, 16, 19, 15, 25, 20, 7, 18, 1]",
xgb_pfi,0.5,29,half_29_B,B,0.7142857142857143,"[23, 21, 0, 19, 16, 24, 20, 15, 25, 2, 18, 17]",
tabm_pfi,0.5,29,half_29_B,B,0.7142857142857143,"[23, 0, 15, 21, 19, 16, 20, 24, 25, 22, 4, 14]",
deep_lasso,0.5,29,half_29_B,B,0.8461538461538461,"[23, 15, 21, 0, 16, 19, 20, 25, 7, 27, 22, 18]",
xgb_naive,0.5,29,half_29_B,B,0.5,"[19, 16, 23, 25, 21, 0, 1, 20, 9, 24, 3, 18]",
xgb_midpoint,0.5,29,half_29_B,B,0.4117647058823529,"[19, 16, 23, 25, 21, 0, 1, 20, 9, 18, 3, 11]",
xgb_orbit,0.5,29,half_29_B,B,0.5,"[19, 16, 23, 25, 21, 0, 1, 9, 20, 18, 7, 24]",
xgb_orbit_student,0.5,29,half_29_B,B,0.2631578947368421,"[25, 19, 11, 23, 21, 16, 20, 9, 12, 14, 26, 3]",
tabm_naive,0.5,29,half_29_B,B,0.2631578947368421,"[0, 23, 25, 16, 24, 14, 3, 20, 8, 2, 28, 4]",
tabm_midpoint,0.5,29,half_29_B,B,0.3333333333333333,"[23, 0, 25, 16, 24, 14, 3, 21, 8, 2, 20, 4]",
tabm_orbit,0.5,29,half_29_B,B,0.3333333333333333,"[23, 0, 25, 16, 24, 14, 21, 3, 8, 2, 20, 4]",
tabm_orbit_student,0.5,29,half_29_B,B,0.2631578947368421,"[25, 3, 23, 24, 0, 8, 14, 16, 28, 22, 2, 4]",
lasso_pair_q20,0.7,0,f70_00,,0.2631578947368421,"[0, 20, 23, 25, 16, 26, 27, 2, 14, 7, 17, 3]",
linear_orbit_student,0.7,0,f70_00,,0.3333333333333333,"[27, 8, 23, 26, 4, 16, 19, 20, 25, 2, 0, 10]",
xgb_shap,0.7,0,f70_00,,1.0,"[23, 21, 0, 16, 24, 19, 15, 20, 18, 2, 1, 7]",
xgb_pfi,0.7,0,f70_00,,0.7142857142857143,"[23, 21, 0, 16, 24, 19, 18, 15, 20, 2, 28, 7]",
tabm_pfi,0.7,0,f70_00,,0.7142857142857143,"[23, 0, 15, 16, 19, 21, 20, 2, 24, 18, 1, 3]",
deep_lasso,0.7,0,f70_00,,0.8461538461538461,"[23, 21, 0, 16, 20, 25, 19, 15, 27, 24, 2, 18]",
xgb_naive,0.7,0,f70_00,,0.5,"[18, 19, 17, 2, 27, 21, 8, 1, 23, 20, 24, 13]",
xgb_midpoint,0.7,0,f70_00,,0.5,"[18, 19, 17, 21, 2, 27, 23, 1, 8, 24, 20, 13]",
xgb_orbit,0.7,0,f70_00,,0.5,"[18, 19, 17, 2, 21, 27, 23, 1, 8, 20, 24, 13]",
xgb_orbit_student,0.7,0,f70_00,,0.4117647058823529,"[2, 14, 17, 10, 24, 27, 21, 8, 18, 13, 20, 1]",
tabm_naive,0.7,0,f70_00,,0.2631578947368421,"[0, 20, 23, 7, 16, 19, 15, 25, 21, 8, 11, 24]",
tabm_midpoint,0.7,0,f70_00,,0.3333333333333333,"[20, 0, 23, 7, 19, 16, 15, 25, 21, 8, 24, 2]",
tabm_orbit,0.7,0,f70_00,,0.3333333333333333,"[0, 20, 23, 7, 16, 19, 15, 25, 21, 8, 24, 11]",
tabm_orbit_student,0.7,0,f70_00,,0.2,"[11, 6, 7, 13, 12, 8, 15, 24, 22, 20, 19, 4]",
lasso_pair_q20,0.7,1,f70_01,,0.2631578947368421,"[20, 0, 25, 16, 27, 22, 2, 19, 3, 5, 15, 17]",
linear_orbit_student,0.7,1,f70_01,,0.3333333333333333,"[12, 21, 20, 27, 25, 22, 2, 23, 16, 0, 28, 8]",
xgb_shap,0.7,1,f70_01,,0.8461538461538461,"[23, 21, 0, 24, 16, 19, 15, 18, 25, 2, 20, 1]",
xgb_pfi,0.7,1,f70_01,,0.8461538461538461,"[23, 0, 21, 16, 19, 18, 24, 20, 15, 2, 17, 1]",
tabm_pfi,0.7,1,f70_01,,0.8461538461538461,"[23, 0, 15, 19, 16, 21, 2, 20, 18, 25, 22, 9]",
deep_lasso,0.7,1,f70_01,,0.7142857142857143,"[23, 21, 0, 25, 20, 19, 15, 16, 27, 24, 2, 22]",
xgb_naive,0.7,1,f70_01,,0.4117647058823529,"[18, 0, 21, 4, 2, 19, 27, 20, 3, 7, 25, 1]",
xgb_midpoint,0.7,1,f70_01,,0.4117647058823529,"[18, 0, 21, 4, 19, 2, 27, 20, 1, 25, 7, 3]",
xgb_orbit,0.7,1,f70_01,,0.4117647058823529,"[18, 0, 21, 4, 19, 2, 27, 20, 7, 3, 1, 25]",
xgb_orbit_student,0.7,1,f70_01,,0.4117647058823529,"[4, 18, 2, 21, 10, 0, 20, 13, 19, 27, 3, 7]",
tabm_naive,0.7,1,f70_01,,0.4117647058823529,"[0, 21, 20, 16, 1, 4, 12, 7, 13, 25, 11, 28]",
tabm_midpoint,0.7,1,f70_01,,0.3333333333333333,"[0, 21, 20, 16, 1, 12, 4, 7, 13, 25, 11, 28]",
tabm_orbit,0.7,1,f70_01,,0.3333333333333333,"[0, 21, 20, 16, 1, 4, 12, 7, 13, 25, 11, 28]",
tabm_orbit_student,0.7,1,f70_01,,0.3333333333333333,"[12, 21, 28, 0, 1, 13, 20, 4, 7, 16, 11, 25]",
lasso_pair_q20,0.7,2,f70_02,,0.5,"[20, 16, 25, 26, 28, 19, 22, 6, 15, 1, 2, 4]",
linear_orbit_student,0.7,2,f70_02,,0.4117647058823529,"[21, 19, 20, 16, 25, 22, 2, 8, 23, 11, 1, 3]",
xgb_shap,0.7,2,f70_02,,0.8461538461538461,"[23, 21, 0, 19, 16, 24, 15, 20, 18, 7, 25, 1]",
xgb_pfi,0.7,2,f70_02,,0.7142857142857143,"[23, 0, 21, 19, 16, 20, 15, 24, 18, 2, 28, 25]",
tabm_pfi,0.7,2,f70_02,,1.0,"[23, 19, 0, 16, 15, 21, 20, 25, 2, 18, 22, 24]",
deep_lasso,0.7,2,f70_02,,0.8461538461538461,"[23, 21, 0, 20, 19, 25, 16, 15, 27, 24, 9, 7]",
xgb_naive,0.7,2,f70_02,,0.2,"[9, 17, 25, 20, 6, 12, 11, 21, 14, 26, 29, 30]",
xgb_midpoint,0.7,2,f70_02,,0.2631578947368421,"[17, 9, 25, 21, 20, 6, 4, 12, 11, 26, 14, 29]",
xgb_orbit,0.7,2,f70_02,,0.2631578947368421,"[9, 17, 25, 21, 20, 6, 12, 11, 26, 14, 4, 29]",
xgb_orbit_student,0.7,2,f70_02,,0.2631578947368421,"[25, 14, 9, 12, 6, 17, 11, 20, 21, 26, 4, 29]",
tabm_naive,0.7,2,f70_02,,0.4117647058823529,"[16, 19, 20, 4, 25, 21, 9, 5, 1, 17, 6, 26]",
tabm_midpoint,0.7,2,f70_02,,0.5,"[16, 19, 21, 20, 4, 25, 9, 5, 1, 26, 17, 6]",
tabm_orbit,0.7,2,f70_02,,0.5,"[16, 19, 21, 20, 4, 25, 9, 5, 1, 26, 17, 6]",
tabm_orbit_student,0.7,2,f70_02,,0.3333333333333333,"[26, 14, 4, 16, 22, 5, 9, 19, 13, 6, 25, 17]",
lasso_pair_q20,0.7,3,f70_03,,0.4117647058823529,"[20, 25, 16, 0, 27, 26, 6, 28, 22, 7, 15, 1]",
linear_orbit_student,0.7,3,f70_03,,0.5,"[22, 16, 25, 7, 27, 17, 20, 26, 28, 1, 3, 4]",
xgb_shap,0.7,3,f70_03,,0.7142857142857143,"[23, 21, 0, 16, 24, 19, 15, 18, 20, 25, 17, 7]",
xgb_pfi,0.7,3,f70_03,,1.0,"[23, 21, 0, 16, 19, 20, 15, 18, 24, 2, 27, 1]",
tabm_pfi,0.7,3,f70_03,,0.7142857142857143,"[23, 0, 16, 15, 21, 19, 20, 2, 18, 25, 3, 27]",
deep_lasso,0.7,3,f70_03,,0.8461538461538461,"[23, 21, 16, 25, 0, 15, 20, 19, 18, 27, 7, 2]",
xgb_naive,0.7,3,f70_03,,0.4117647058823529,"[19, 16, 15, 18, 21, 2, 24, 8, 25, 28, 12, 5]",
xgb_midpoint,0.7,3,f70_03,,0.4117647058823529,"[19, 16, 15, 18, 21, 24, 2, 8, 28, 25, 12, 5]",
xgb_orbit,0.7,3,f70_03,,0.4117647058823529,"[19, 16, 15, 18, 21, 24, 2, 8, 28, 12, 25, 5]",
xgb_orbit_student,0.7,3,f70_03,,0.3333333333333333,"[24, 10, 15, 12, 19, 5, 16, 8, 2, 28, 21, 25]",
tabm_naive,0.7,3,f70_03,,0.2631578947368421,"[16, 1, 27, 24, 15, 2, 25, 17, 5, 13, 6, 20]",
tabm_midpoint,0.7,3,f70_03,,0.2631578947368421,"[16, 1, 27, 24, 15, 2, 25, 17, 6, 13, 20, 5]",
tabm_orbit,0.7,3,f70_03,,0.2631578947368421,"[16, 1, 27, 24, 2, 15, 25, 17, 6, 5, 13, 20]",
tabm_orbit_student,0.7,3,f70_03,,0.3333333333333333,"[22, 1, 24, 27, 12, 17, 14, 6, 16, 5, 28, 2]",
lasso_pair_q20,0.7,4,f70_04,,0.2631578947368421,"[20, 0, 23, 25, 16, 27, 7, 14, 8, 17, 1, 3]",
linear_orbit_student,0.7,4,f70_04,,0.5,"[25, 21, 20, 23, 27, 22, 16, 0, 7, 17, 1, 3]",
xgb_shap,0.7,4,f70_04,,0.8461538461538461,"[23, 21, 0, 24, 16, 19, 15, 25, 20, 18, 2, 1]",
xgb_pfi,0.7,4,f70_04,,0.8461538461538461,"[21, 23, 0, 16, 19, 24, 20, 2, 15, 18, 25, 1]",
tabm_pfi,0.7,4,f70_04,,1.0,"[23, 0, 19, 15, 16, 21, 20, 2, 25, 24, 18, 22]",
deep_lasso,0.7,4,f70_04,,0.8461538461538461,"[21, 23, 0, 25, 19, 15, 20, 16, 27, 24, 2, 18]",
xgb_naive,0.7,4,f70_04,,0.6,"[18, 19, 21, 25, 17, 2, 16, 7, 1, 24, 23, 27]",
xgb_midpoint,0.7,4,f70_04,,0.6,"[18, 19, 21, 25, 17, 16, 2, 7, 23, 24, 1, 27]",
xgb_orbit,0.7,4,f70_04,,0.6,"[18, 19, 21, 25, 2, 17, 16, 7, 23, 24, 1, 27]",
xgb_orbit_student,0.7,4,f70_04,,0.3333333333333333,"[25, 10, 21, 2, 17, 19, 9, 14, 12, 24, 7, 13]",
tabm_naive,0.7,4,f70_04,,0.4117647058823529,"[0, 21, 23, 16, 18, 20, 24, 25, 8, 19, 27, 10]",
tabm_midpoint,0.7,4,f70_04,,0.5,"[0, 21, 23, 16, 18, 20, 24, 25, 8, 19, 27, 10]",
tabm_orbit,0.7,4,f70_04,,0.5,"[0, 21, 23, 18, 16, 20, 24, 25, 8, 27, 19, 10]",
tabm_orbit_student,0.7,4,f70_04,,0.2631578947368421,"[8, 24, 21, 18, 0, 10, 16, 22, 3, 23, 20, 25]",
lasso_pair_q20,0.7,5,f70_05,,0.3333333333333333,"[20, 0, 21, 16, 26, 28, 22, 18, 17, 1, 3, 9]",
linear_orbit_student,0.7,5,f70_05,,0.4117647058823529,"[21, 26, 16, 0, 20, 22, 23, 10, 28, 15, 1, 3]",
xgb_shap,0.7,5,f70_05,,1.0,"[23, 21, 0, 16, 19, 24, 15, 20, 18, 7, 1, 2]",
xgb_pfi,0.7,5,f70_05,,0.8461538461538461,"[23, 21, 0, 16, 19, 20, 15, 18, 24, 2, 1, 28]",
tabm_pfi,0.7,5,f70_05,,0.8461538461538461,"[23, 0, 16, 15, 19, 21, 20, 2, 25, 18, 1, 24]",
deep_lasso,0.7,5,f70_05,,0.8461538461538461,"[21, 23, 0, 16, 20, 25, 15, 19, 27, 18, 24, 2]",
xgb_naive,0.7,5,f70_05,,0.4117647058823529,"[19, 18, 16, 23, 27, 0, 21, 15, 24, 13, 26, 10]",
xgb_midpoint,0.7,5,f70_05,,0.5,"[19, 18, 16, 23, 27, 21, 0, 15, 24, 13, 26, 17]",
xgb_orbit,0.7,5,f70_05,,0.4117647058823529,"[19, 18, 16, 23, 27, 21, 0, 15, 24, 13, 26, 10]",
xgb_orbit_student,0.7,5,f70_05,,0.3333333333333333,"[13, 10, 19, 27, 24, 21, 18, 26, 16, 15, 14, 6]",
tabm_naive,0.7,5,f70_05,,0.2631578947368421,"[0, 21, 16, 23, 27, 19, 24, 26, 13, 15, 14, 7]",
tabm_midpoint,0.7,5,f70_05,,0.3333333333333333,"[0, 21, 23, 16, 27, 19, 24, 26, 13, 15, 7, 14]",
tabm_orbit,0.7,5,f70_05,,0.3333333333333333,"[0, 21, 23, 16, 27, 19, 24, 26, 13, 15, 7, 14]",
tabm_orbit_student,0.7,5,f70_05,,0.2631578947368421,"[21, 0, 16, 24, 27, 19, 26, 13, 23, 14, 15, 7]",
lasso_pair_q20,0.7,6,f70_06,,0.2631578947368421,"[20, 0, 23, 25, 19, 18, 5, 28, 14, 6, 4, 7]",
linear_orbit_student,0.7,6,f70_06,,0.6,"[25, 21, 23, 0, 22, 20, 15, 17, 1, 3, 4, 5]",
xgb_shap,0.7,6,f70_06,,0.7142857142857143,"[23, 0, 21, 19, 24, 16, 15, 20, 18, 25, 7, 17]",
xgb_pfi,0.7,6,f70_06,,1.0,"[23, 0, 21, 19, 16, 20, 18, 24, 15, 1, 2, 27]",
tabm_pfi,0.7,6,f70_06,,0.8461538461538461,"[23, 0, 19, 16, 15, 21, 20, 24, 18, 2, 25, 27]",
deep_lasso,0.7,6,f70_06,,1.0,"[23, 21, 0, 20, 16, 19, 25, 15, 27, 24, 18, 7]",
xgb_naive,0.7,6,f70_06,,0.7142857142857143,"[19, 18, 17, 1, 21, 16, 23, 25, 28, 27, 5, 20]",
xgb_midpoint,0.7,6,f70_06,,0.6,"[19, 17, 18, 1, 21, 23, 16, 25, 27, 28, 9, 20]",
xgb_orbit,0.7,6,f70_06,,0.7142857142857143,"[19, 18, 17, 1, 21, 23, 25, 16, 28, 27, 20, 5]",
xgb_orbit_student,0.7,6,f70_06,,0.4117647058823529,"[1, 13, 5, 25, 21, 24, 17, 20, 3, 11, 19, 28]",
tabm_naive,0.7,6,f70_06,,0.4117647058823529,"[23, 20, 25, 1, 15, 11, 24, 21, 5, 9, 26, 13]",
tabm_midpoint,0.7,6,f70_06,,0.4117647058823529,"[23, 25, 20, 1, 11, 21, 15, 24, 5, 9, 26, 28]",
tabm_orbit,0.7,6,f70_06,,0.4117647058823529,"[23, 25, 20, 1, 21, 11, 15, 24, 9, 5, 26, 28]",
tabm_orbit_student,0.7,6,f70_06,,0.4117647058823529,"[25, 11, 23, 24, 1, 5, 15, 20, 9, 21, 26, 28]",
lasso_pair_q20,0.7,7,f70_07,,0.3333333333333333,"[20, 0, 25, 26, 27, 22, 28, 2, 23, 6, 14, 5]",
linear_orbit_student,0.7,7,f70_07,,0.3333333333333333,"[2, 25, 15, 23, 20, 21, 22, 9, 0, 11, 16, 8]",
xgb_shap,0.7,7,f70_07,,0.8461538461538461,"[23, 21, 0, 24, 16, 15, 19, 20, 18, 17, 7, 2]",
xgb_pfi,0.7,7,f70_07,,0.8461538461538461,"[23, 0, 21, 19, 16, 15, 24, 20, 18, 2, 7, 1]",
tabm_pfi,0.7,7,f70_07,,0.8461538461538461,"[23, 0, 15, 19, 16, 21, 20, 25, 2, 22, 9, 24]",
deep_lasso,0.7,7,f70_07,,0.8461538461538461,"[23, 21, 0, 20, 15, 16, 25, 19, 27, 18, 24, 26]",
xgb_naive,0.7,7,f70_07,,0.6,"[19, 23, 16, 0, 15, 17, 24, 18, 25, 21, 27, 12]",
xgb_midpoint,0.7,7,f70_07,,0.6,"[19, 23, 16, 15, 0, 17, 24, 25, 21, 18, 12, 27]",
xgb_orbit,0.7,7,f70_07,,0.6,"[19, 23, 16, 15, 0, 17, 24, 25, 21, 18, 12, 27]",
xgb_orbit_student,0.7,7,f70_07,,0.3333333333333333,"[25, 24, 23, 14, 15, 19, 17, 6, 22, 16, 12, 21]",
tabm_naive,0.7,7,f70_07,,0.4117647058823529,"[0, 23, 25, 16, 2, 27, 21, 15, 6, 20, 24, 1]",
tabm_midpoint,0.7,7,f70_07,,0.4117647058823529,"[0, 23, 25, 21, 2, 16, 27, 15, 6, 24, 20, 1]",
tabm_orbit,0.7,7,f70_07,,0.4117647058823529,"[0, 23, 25, 21, 16, 2, 27, 15, 6, 20, 24, 1]",
tabm_orbit_student,0.7,7,f70_07,,0.2631578947368421,"[25, 0, 2, 27, 6, 22, 28, 21, 24, 15, 16, 23]",
lasso_pair_q20,0.7,8,f70_08,,0.4117647058823529,"[20, 0, 25, 23, 26, 22, 27, 28, 15, 4, 2, 19]",
linear_orbit_student,0.7,8,f70_08,,0.6,"[20, 25, 27, 23, 7, 22, 0, 26, 2, 5, 21, 9]",
xgb_shap,0.7,8,f70_08,,1.0,"[23, 21, 0, 24, 16, 19, 15, 20, 18, 1, 2, 7]",
xgb_pfi,0.7,8,f70_08,,0.8461538461538461,"[23, 21, 0, 16, 19, 24, 20, 15, 2, 18, 1, 28]",
tabm_pfi,0.7,8,f70_08,,0.7142857142857143,"[23, 0, 15, 19, 16, 21, 2, 20, 18, 22, 26, 27]",
deep_lasso,0.7,8,f70_08,,0.7142857142857143,"[21, 23, 0, 25, 15, 19, 20, 16, 27, 2, 18, 9]",
xgb_naive,0.7,8,f70_08,,0.6,"[18, 19, 20, 23, 27, 21, 16, 24, 15, 2, 25, 8]",
xgb_midpoint,0.7,8,f70_08,,0.6,"[18, 19, 23, 27, 21, 20, 24, 25, 16, 15, 8, 1]",
xgb_orbit,0.7,8,f70_08,,0.7142857142857143,"[18, 19, 23, 27, 20, 21, 16, 24, 25, 15, 8, 17]",
xgb_orbit_student,0.7,8,f70_08,,0.5,"[27, 23, 25, 20, 24, 18, 11, 12, 13, 21, 15, 5]",
tabm_naive,0.7,8,f70_08,,0.3333333333333333,"[0, 20, 23, 2, 27, 7, 16, 17, 15, 24, 25, 5]",
tabm_midpoint,0.7,8,f70_08,,0.3333333333333333,"[0, 20, 23, 2, 27, 7, 16, 15, 17, 24, 25, 5]",
tabm_orbit,0.7,8,f70_08,,0.3333333333333333,"[0, 20, 23, 2, 27, 7, 16, 15, 17, 24, 25, 5]",
tabm_orbit_student,0.7,8,f70_08,,0.2,"[20, 0, 17, 24, 23, 2, 7, 15, 27, 10, 28, 26]",
lasso_pair_q20,0.7,9,f70_09,,0.4117647058823529,"[20, 0, 23, 16, 27, 25, 22, 7, 19, 1, 3, 4]",
linear_orbit_student,0.7,9,f70_09,,0.5,"[22, 23, 21, 20, 9, 25, 27, 0, 7, 8, 17, 1]",
xgb_shap,0.7,9,f70_09,,0.6,"[23, 21, 0, 24, 16, 19, 15, 20, 18, 25, 27, 17]",
xgb_pfi,0.7,9,f70_09,,0.8461538461538461,"[21, 0, 23, 16, 19, 24, 20, 18, 15, 2, 1, 8]",
tabm_pfi,0.7,9,f70_09,,0.8461538461538461,"[23, 0, 15, 16, 19, 21, 20, 2, 18, 25, 22, 9]",
deep_lasso,0.7,9,f70_09,,0.8461538461538461,"[23, 21, 0, 16, 20, 25, 19, 15, 27, 18, 7, 22]",
xgb_naive,0.7,9,f70_09,,0.6,"[18, 23, 21, 19, 27, 25, 20, 0, 15, 17, 12, 24]",
xgb_midpoint,0.7,9,f70_09,,0.6,"[18, 23, 21, 19, 27, 25, 0, 20, 15, 17, 24, 3]",
xgb_orbit,0.7,9,f70_09,,0.5,"[18, 23, 21, 19, 27, 0, 25, 20, 15, 17, 12, 3]",
xgb_orbit_student,0.7,9,f70_09,,0.6,"[12, 23, 18, 21, 25, 27, 10, 24, 20, 15, 19, 3]",
tabm_naive,0.7,9,f70_09,,0.6,"[0, 23, 20, 21, 25, 27, 5, 16, 1, 6, 3, 12]",
tabm_midpoint,0.7,9,f70_09,,0.5,"[0, 23, 20, 21, 25, 27, 5, 16, 6, 1, 3, 17]",
tabm_orbit,0.7,9,f70_09,,0.5,"[0, 23, 20, 21, 25, 27, 5, 16, 6, 1, 3, 22]",
tabm_orbit_student,0.7,9,f70_09,,0.5,"[23, 0, 20, 25, 27, 6, 21, 5, 22, 3, 1, 16]",
lasso_pair_q20,0.7,10,f70_10,,0.5,"[25, 27, 4, 22, 7, 19, 10, 9, 1, 3, 5, 6]",
linear_orbit_student,0.7,10,f70_10,,0.4117647058823529,"[27, 25, 22, 9, 10, 18, 15, 8, 7, 1, 3, 4]",
xgb_shap,0.7,10,f70_10,,0.7142857142857143,"[23, 0, 21, 24, 16, 19, 15, 18, 20, 1, 25, 4]",
xgb_pfi,0.7,10,f70_10,,0.7142857142857143,"[23, 0, 21, 16, 19, 15, 20, 18, 24, 2, 17, 8]",
tabm_pfi,0.7,10,f70_10,,0.8461538461538461,"[23, 0, 15, 19, 16, 21, 20, 2, 18, 25, 22, 8]",
deep_lasso,0.7,10,f70_10,,0.7142857142857143,"[23, 21, 0, 25, 20, 19, 16, 15, 27, 18, 8, 2]",
xgb_naive,0.7,10,f70_10,,0.2631578947368421,"[18, 17, 8, 25, 7, 9, 15, 21, 2, 27, 12, 10]",
xgb_midpoint,0.7,10,f70_10,,0.2631578947368421,"[18, 17, 25, 8, 21, 7, 9, 2, 27, 10, 15, 12]",
xgb_orbit,0.7,10,f70_10,,0.2631578947368421,"[18, 17, 25, 8, 7, 21, 9, 2, 27, 15, 12, 10]",
xgb_orbit_student,0.7,10,f70_10,,0.3333333333333333,"[10, 17, 18, 8, 14, 9, 25, 2, 7, 12, 21, 27]",
tabm_naive,0.7,10,f70_10,,0.2631578947368421,"[1, 27, 15, 25, 17, 18, 6, 9, 8, 2, 26, 11]",
tabm_midpoint,0.7,10,f70_10,,0.2631578947368421,"[1, 27, 15, 25, 17, 18, 6, 8, 2, 9, 26, 13]",
tabm_orbit,0.7,10,f70_10,,0.2631578947368421,"[1, 27, 15, 17, 25, 18, 6, 8, 9, 2, 26, 13]",
tabm_orbit_student,0.7,10,f70_10,,0.2,"[1, 17, 6, 27, 15, 26, 9, 11, 18, 25, 8, 13]",
lasso_pair_q20,0.7,11,f70_11,,0.4117647058823529,"[20, 21, 16, 26, 27, 22, 15, 14, 19, 25, 1, 3]",
linear_orbit_student,0.7,11,f70_11,,0.6,"[21, 22, 26, 20, 19, 23, 1, 27, 16, 25, 2, 3]",
xgb_shap,0.7,11,f70_11,,1.0,"[21, 23, 0, 24, 16, 15, 19, 20, 18, 2, 1, 7]",
xgb_pfi,0.7,11,f70_11,,0.8461538461538461,"[21, 23, 0, 16, 19, 24, 18, 15, 2, 20, 1, 7]",
tabm_pfi,0.7,11,f70_11,,0.8461538461538461,"[23, 0, 15, 19, 16, 21, 2, 20, 1, 24, 18, 25]",
deep_lasso,0.7,11,f70_11,,0.8461538461538461,"[23, 21, 15, 0, 19, 16, 25, 20, 27, 7, 2, 18]",
xgb_naive,0.7,11,f70_11,,0.4117647058823529,"[19, 18, 21, 23, 24, 15, 0, 8, 17, 26, 27, 3]",
xgb_midpoint,0.7,11,f70_11,,0.4117647058823529,"[19, 18, 21, 23, 0, 24, 15, 17, 8, 27, 26, 3]",
xgb_orbit,0.7,11,f70_11,,0.4117647058823529,"[19, 18, 21, 23, 24, 0, 15, 8, 17, 3, 26, 27]",
xgb_orbit_student,0.7,11,f70_11,,0.2631578947368421,"[19, 24, 23, 18, 3, 26, 14, 21, 12, 11, 15, 8]",
tabm_naive,0.7,11,f70_11,,0.5,"[21, 23, 1, 27, 20, 17, 26, 19, 24, 5, 11, 0]",
tabm_midpoint,0.7,11,f70_11,,0.5,"[21, 23, 1, 20, 27, 26, 17, 24, 11, 5, 3, 19]",
tabm_orbit,0.7,11,f70_11,,0.5,"[21, 23, 1, 20, 27, 26, 17, 24, 11, 5, 3, 19]",
tabm_orbit_student,0.7,11,f70_11,,0.5,"[26, 17, 11, 21, 1, 27, 23, 24, 20, 3, 14, 12]",
lasso_pair_q20,0.7,12,f70_12,,0.4117647058823529,"[23, 25, 26, 5, 19, 6, 17, 8, 4, 1, 2, 3]",
linear_orbit_student,0.7,12,f70_12,,0.6,"[21, 26, 8, 23, 15, 2, 25, 20, 22, 1, 3, 4]",
xgb_shap,0.7,12,f70_12,,1.0,"[23, 21, 0, 24, 19, 16, 15, 20, 18, 1, 7, 2]",
xgb_pfi,0.7,12,f70_12,,0.8461538461538461,"[23, 21, 0, 19, 16, 20, 24, 15, 2, 18, 17, 1]",
tabm_pfi,0.7,12,f70_12,,0.8461538461538461,"[23, 0, 19, 15, 16, 21, 20, 2, 25, 18, 24, 3]",
deep_lasso,0.7,12,f70_12,,1.0,"[23, 21, 20, 0, 15, 25, 16, 19, 27, 24, 18, 7]",
xgb_naive,0.7,12,f70_12,,0.4117647058823529,"[19, 18, 23, 0, 16, 21, 2, 24, 13, 8, 17, 11]",
xgb_midpoint,0.7,12,f70_12,,0.3333333333333333,"[19, 18, 23, 0, 16, 21, 2, 24, 13, 11, 10, 22]",
xgb_orbit,0.7,12,f70_12,,0.3333333333333333,"[19, 18, 23, 0, 16, 21, 2, 24, 13, 8, 11, 10]",
xgb_orbit_student,0.7,12,f70_12,,0.3333333333333333,"[13, 10, 21, 23, 24, 16, 19, 18, 0, 2, 11, 8]",
tabm_naive,0.7,12,f70_12,,0.2631578947368421,"[0, 16, 21, 23, 2, 27, 13, 8, 24, 11, 26, 3]",
tabm_midpoint,0.7,12,f70_12,,0.2631578947368421,"[0, 23, 21, 16, 2, 27, 13, 8, 24, 26, 11, 6]",
tabm_orbit,0.7,12,f70_12,,0.3333333333333333,"[0, 23, 21, 16, 2, 27, 13, 8, 24, 26, 11, 4]",
tabm_orbit_student,0.7,12,f70_12,,0.1428571428571428,"[13, 8, 0, 11, 12, 2, 26, 21, 16, 24, 6, 28]",
lasso_pair_q20,0.7,13,f70_13,,0.2631578947368421,"[20, 0, 25, 16, 27, 23, 19, 22, 13, 6, 8, 17]",
linear_orbit_student,0.7,13,f70_13,,0.6,"[21, 20, 23, 27, 9, 15, 22, 16, 0, 25, 1, 3]",
xgb_shap,0.7,13,f70_13,,0.8461538461538461,"[23, 21, 0, 24, 19, 16, 15, 18, 25, 7, 20, 1]",
xgb_pfi,0.7,13,f70_13,,0.8461538461538461,"[23, 21, 0, 19, 16, 15, 24, 20, 18, 2, 1, 4]",
tabm_pfi,0.7,13,f70_13,,0.6,"[23, 0, 19, 15, 16, 21, 20, 2, 1, 17, 25, 9]",
deep_lasso,0.7,13,f70_13,,1.0,"[23, 21, 0, 16, 25, 19, 15, 20, 27, 24, 7, 18]",
xgb_naive,0.7,13,f70_13,,0.5,"[19, 21, 23, 2, 27, 24, 3, 5, 8, 20, 10, 25]",
xgb_midpoint,0.7,13,f70_13,,0.6,"[19, 21, 23, 2, 27, 24, 17, 3, 5, 20, 25, 8]",
xgb_orbit,0.7,13,f70_13,,0.5,"[19, 21, 23, 2, 27, 24, 20, 3, 8, 5, 17, 11]",
xgb_orbit_student,0.7,13,f70_13,,0.5,"[2, 21, 23, 19, 27, 11, 24, 10, 20, 12, 13, 5]",
tabm_naive,0.7,13,f70_13,,0.3333333333333333,"[23, 21, 0, 16, 20, 27, 18, 17, 24, 13, 28, 6]",
tabm_midpoint,0.7,13,f70_13,,0.3333333333333333,"[23, 21, 0, 16, 20, 27, 18, 17, 24, 13, 28, 6]",
tabm_orbit,0.7,13,f70_13,,0.3333333333333333,"[23, 21, 0, 16, 27, 20, 18, 17, 24, 13, 28, 6]",
tabm_orbit_student,0.7,13,f70_13,,0.2631578947368421,"[23, 21, 28, 20, 17, 27, 16, 18, 24, 13, 22, 0]",
lasso_pair_q20,0.7,14,f70_14,,0.5,"[20, 25, 16, 26, 27, 22, 8, 23, 6, 4, 15, 28]",
linear_orbit_student,0.7,14,f70_14,,0.4117647058823529,"[25, 22, 20, 26, 16, 23, 19, 7, 21, 2, 8, 27]",
xgb_shap,0.7,14,f70_14,,0.8461538461538461,"[23, 21, 0, 16, 19, 24, 15, 25, 18, 7, 20, 2]",
xgb_pfi,0.7,14,f70_14,,0.8461538461538461,"[23, 0, 21, 19, 16, 18, 15, 24, 20, 2, 25, 1]",
tabm_pfi,0.7,14,f70_14,,0.8461538461538461,"[23, 0, 15, 16, 19, 21, 2, 20, 18, 25, 24, 9]",
deep_lasso,0.7,14,f70_14,,0.8461538461538461,"[21, 23, 15, 0, 25, 16, 19, 20, 27, 18, 7, 2]",
xgb_naive,0.7,14,f70_14,,0.5,"[18, 19, 23, 25, 17, 9, 27, 24, 26, 3, 5, 15]",
xgb_midpoint,0.7,14,f70_14,,0.6,"[18, 19, 23, 25, 17, 9, 24, 27, 3, 26, 5, 4]",
xgb_orbit,0.7,14,f70_14,,0.5,"[18, 19, 23, 25, 17, 9, 27, 24, 3, 26, 7, 5]",
xgb_orbit_student,0.7,14,f70_14,,0.4117647058823529,"[25, 19, 24, 18, 9, 12, 17, 26, 27, 5, 3, 6]",
tabm_naive,0.7,14,f70_14,,0.2631578947368421,"[20, 25, 23, 16, 7, 24, 18, 1, 22, 9, 8, 11]",
tabm_midpoint,0.7,14,f70_14,,0.3333333333333333,"[20, 23, 25, 16, 24, 7, 18, 21, 1, 9, 22, 11]",
tabm_orbit,0.7,14,f70_14,,0.3333333333333333,"[20, 23, 25, 16, 24, 7, 21, 18, 1, 9, 22, 8]",
tabm_orbit_student,0.7,14,f70_14,,0.2631578947368421,"[25, 24, 20, 28, 7, 11, 22, 16, 9, 18, 23, 21]",
lasso_pair_q20,0.7,15,f70_15,,0.2631578947368421,"[20, 0, 23, 7, 2, 6, 26, 19, 13, 27, 9, 28]",
linear_orbit_student,0.7,15,f70_15,,0.5,"[21, 20, 22, 2, 27, 19, 15, 7, 1, 3, 4, 5]",
xgb_shap,0.7,15,f70_15,,0.8461538461538461,"[21, 0, 23, 16, 19, 24, 15, 18, 25, 20, 1, 2]",
xgb_pfi,0.7,15,f70_15,,1.0,"[21, 0, 16, 19, 23, 18, 2, 15, 24, 20, 1, 27]",
tabm_pfi,0.7,15,f70_15,,0.8461538461538461,"[23, 0, 16, 19, 15, 21, 20, 2, 25, 24, 9, 18]",
deep_lasso,0.7,15,f70_15,,0.8461538461538461,"[23, 21, 0, 20, 25, 16, 15, 19, 24, 27, 26, 18]",
xgb_naive,0.7,15,f70_15,,0.5,"[18, 19, 16, 21, 27, 8, 4, 23, 24, 11, 13, 12]",
xgb_midpoint,0.7,15,f70_15,,0.5,"[18, 19, 16, 21, 27, 8, 4, 23, 24, 13, 11, 12]",
xgb_orbit,0.7,15,f70_15,,0.5,"[18, 19, 16, 21, 8, 27, 4, 23, 24, 13, 11, 6]",
xgb_orbit_student,0.7,15,f70_15,,0.4117647058823529,"[18, 16, 19, 8, 27, 13, 24, 21, 6, 12, 4, 23]",
tabm_naive,0.7,15,f70_15,,0.5,"[23, 16, 21, 0, 18, 15, 20, 27, 25, 4, 24, 7]",
tabm_midpoint,0.7,15,f70_15,,0.5,"[23, 16, 21, 0, 18, 15, 25, 20, 27, 24, 4, 7]",
tabm_orbit,0.7,15,f70_15,,0.5,"[23, 16, 21, 0, 18, 15, 25, 20, 27, 24, 7, 4]",
tabm_orbit_student,0.7,15,f70_15,,0.3333333333333333,"[28, 4, 16, 24, 22, 23, 21, 27, 9, 25, 7, 18]",
lasso_pair_q20,0.7,16,f70_16,,0.4117647058823529,"[0, 20, 21, 16, 22, 25, 17, 14, 9, 6, 1, 3]",
linear_orbit_student,0.7,16,f70_16,,0.3333333333333333,"[22, 16, 0, 23, 20, 8, 28, 9, 2, 25, 7, 1]",
xgb_shap,0.7,16,f70_16,,0.7142857142857143,"[23, 21, 0, 16, 19, 24, 15, 25, 20, 8, 18, 7]",
xgb_pfi,0.7,16,f70_16,,0.7142857142857143,"[23, 0, 21, 16, 19, 2, 20, 18, 15, 24, 28, 8]",
tabm_pfi,0.7,16,f70_16,,0.7142857142857143,"[23, 0, 16, 19, 15, 21, 20, 2, 25, 9, 22, 8]",
deep_lasso,0.7,16,f70_16,,0.8461538461538461,"[23, 21, 0, 25, 15, 16, 20, 19, 8, 24, 27, 18]",
xgb_naive,0.7,16,f70_16,,0.4117647058823529,"[18, 21, 19, 23, 16, 7, 15, 9, 2, 8, 24, 20]",
xgb_midpoint,0.7,16,f70_16,,0.4117647058823529,"[18, 21, 23, 19, 16, 15, 7, 9, 24, 2, 8, 20]",
xgb_orbit,0.7,16,f70_16,,0.4117647058823529,"[18, 21, 23, 19, 16, 15, 7, 9, 2, 24, 8, 20]",
xgb_orbit_student,0.7,16,f70_16,,0.4117647058823529,"[11, 24, 21, 18, 12, 23, 10, 9, 15, 19, 20, 7]",
tabm_naive,0.7,16,f70_16,,0.2631578947368421,"[0, 16, 21, 23, 19, 8, 9, 15, 20, 27, 2, 7]",
tabm_midpoint,0.7,16,f70_16,,0.3333333333333333,"[0, 16, 21, 23, 19, 9, 8, 20, 15, 27, 2, 7]",
tabm_orbit,0.7,16,f70_16,,0.3333333333333333,"[0, 16, 21, 23, 19, 9, 8, 20, 15, 27, 2, 7]",
tabm_orbit_student,0.7,16,f70_16,,0.1428571428571428,"[0, 21, 9, 16, 19, 23, 8, 11, 24, 12, 15, 17]",
lasso_pair_q20,0.7,17,f70_17,,0.3333333333333333,"[20, 0, 23, 25, 16, 19, 22, 5, 2, 3, 4, 7]",
linear_orbit_student,0.7,17,f70_17,,0.4117647058823529,"[25, 23, 2, 20, 8, 7, 0, 26, 16, 1, 3, 4]",
xgb_shap,0.7,17,f70_17,,1.0,"[23, 0, 21, 24, 16, 19, 15, 20, 1, 18, 7, 2]",
xgb_pfi,0.7,17,f70_17,,0.7142857142857143,"[23, 0, 21, 16, 24, 19, 20, 15, 18, 28, 2, 17]",
tabm_pfi,0.7,17,f70_17,,1.0,"[23, 0, 15, 16, 19, 21, 20, 18, 24, 2, 22, 25]",
deep_lasso,0.7,17,f70_17,,0.8461538461538461,"[23, 0, 21, 16, 25, 15, 20, 19, 27, 24, 18, 26]",
xgb_naive,0.7,17,f70_17,,0.5,"[19, 7, 0, 16, 27, 23, 17, 1, 21, 25, 2, 20]",
xgb_midpoint,0.7,17,f70_17,,0.4117647058823529,"[19, 7, 0, 27, 16, 23, 17, 21, 1, 25, 2, 3]",
xgb_orbit,0.7,17,f70_17,,0.4117647058823529,"[19, 7, 0, 16, 27, 23, 17, 1, 21, 25, 2, 3]",
xgb_orbit_student,0.7,17,f70_17,,0.4117647058823529,"[25, 14, 7, 10, 23, 19, 17, 27, 1, 0, 21, 16]",
tabm_naive,0.7,17,f70_17,,0.4117647058823529,"[0, 16, 20, 25, 23, 2, 21, 7, 3, 27, 24, 1]",
tabm_midpoint,0.7,17,f70_17,,0.3333333333333333,"[0, 16, 20, 23, 2, 25, 21, 7, 3, 24, 27, 10]",
tabm_orbit,0.7,17,f70_17,,0.3333333333333333,"[0, 16, 20, 23, 2, 25, 21, 7, 3, 27, 24, 10]",
tabm_orbit_student,0.7,17,f70_17,,0.2631578947368421,"[0, 25, 2, 16, 20, 3, 23, 7, 24, 21, 10, 1]",
lasso_pair_q20,0.7,18,f70_18,,0.3333333333333333,"[0, 23, 25, 20, 16, 27, 19, 18, 15, 1, 2, 3]",
linear_orbit_student,0.7,18,f70_18,,0.3333333333333333,"[23, 8, 21, 27, 9, 19, 11, 16, 25, 20, 0, 17]",
xgb_shap,0.7,18,f70_18,,0.8461538461538461,"[23, 21, 0, 16, 24, 19, 15, 18, 20, 2, 7, 25]",
xgb_pfi,0.7,18,f70_18,,0.8461538461538461,"[23, 0, 21, 16, 19, 24, 20, 15, 18, 2, 1, 7]",
tabm_pfi,0.7,18,f70_18,,0.7142857142857143,"[23, 0, 16, 19, 15, 21, 2, 20, 25, 18, 27, 17]",
deep_lasso,0.7,18,f70_18,,0.8461538461538461,"[21, 23, 0, 25, 16, 20, 19, 15, 24, 27, 18, 2]",
xgb_naive,0.7,18,f70_18,,0.5,"[19, 16, 18, 23, 1, 17, 21, 24, 20, 7, 3, 28]",
xgb_midpoint,0.7,18,f70_18,,0.6,"[19, 16, 18, 23, 1, 21, 17, 24, 28, 4, 20, 7]",
xgb_orbit,0.7,18,f70_18,,0.5,"[19, 16, 18, 23, 1, 17, 21, 24, 28, 20, 3, 11]",
xgb_orbit_student,0.7,18,f70_18,,0.4117647058823529,"[23, 10, 19, 11, 14, 16, 24, 1, 18, 3, 21, 17]",
tabm_naive,0.7,18,f70_18,,0.2631578947368421,"[23, 21, 8, 17, 1, 19, 27, 11, 9, 24, 4, 2]",
tabm_midpoint,0.7,18,f70_18,,0.3333333333333333,"[23, 21, 8, 17, 1, 27, 24, 2, 11, 4, 19, 9]",
tabm_orbit,0.7,18,f70_18,,0.3333333333333333,"[23, 21, 8, 17, 1, 27, 24, 19, 11, 4, 2, 16]",
tabm_orbit_student,0.7,18,f70_18,,0.2,"[23, 8, 17, 24, 9, 11, 4, 21, 1, 6, 13, 28]",
lasso_pair_q20,0.7,19,f70_19,,0.4117647058823529,"[21, 20, 25, 16, 23, 26, 14, 2, 19, 3, 4, 1]",
linear_orbit_student,0.7,19,f70_19,,0.4117647058823529,"[25, 21, 15, 2, 17, 20, 16, 23, 18, 26, 27, 1]",
xgb_shap,0.7,19,f70_19,,0.7142857142857143,"[23, 21, 0, 19, 24, 16, 15, 18, 27, 20, 17, 7]",
xgb_pfi,0.7,19,f70_19,,0.8461538461538461,"[21, 23, 0, 19, 16, 24, 15, 18, 20, 2, 28, 27]",
tabm_pfi,0.7,19,f70_19,,0.8461538461538461,"[23, 0, 19, 15, 16, 21, 20, 24, 2, 27, 25, 18]",
deep_lasso,0.7,19,f70_19,,0.8461538461538461,"[21, 23, 0, 15, 25, 16, 19, 20, 27, 18, 9, 7]",
xgb_naive,0.7,19,f70_19,,0.5,"[18, 16, 19, 7, 21, 25, 0, 20, 5, 3, 24, 10]",
xgb_midpoint,0.7,19,f70_19,,0.6,"[18, 16, 19, 7, 21, 25, 0, 20, 5, 3, 24, 4]",
xgb_orbit,0.7,19,f70_19,,0.6,"[18, 16, 19, 7, 21, 25, 0, 5, 20, 3, 24, 4]",
xgb_orbit_student,0.7,19,f70_19,,0.4117647058823529,"[25, 7, 18, 16, 5, 19, 21, 11, 22, 10, 20, 3]",
tabm_naive,0.7,19,f70_19,,0.3333333333333333,"[21, 25, 20, 18, 0, 2, 10, 16, 6, 17, 26, 11]",
tabm_midpoint,0.7,19,f70_19,,0.3333333333333333,"[21, 25, 20, 18, 0, 16, 2, 10, 17, 6, 26, 11]",
tabm_orbit,0.7,19,f70_19,,0.3333333333333333,"[21, 25, 20, 18, 0, 16, 10, 2, 17, 6, 26, 11]",
tabm_orbit_student,0.7,19,f70_19,,0.2631578947368421,"[25, 18, 21, 22, 2, 20, 26, 6, 10, 11, 0, 17]",
lasso_pair_q20,0.8,0,f80_00,,0.4117647058823529,"[20, 16, 26, 27, 2, 6, 22, 5, 1, 7, 3, 4]",
linear_orbit_student,0.8,0,f80_00,,0.5,"[22, 19, 8, 20, 16, 2, 27, 4, 26, 25, 1, 3]",
xgb_shap,0.8,0,f80_00,,0.8461538461538461,"[23, 21, 0, 16, 24, 19, 15, 18, 20, 25, 1, 7]",
xgb_pfi,0.8,0,f80_00,,0.8461538461538461,"[23, 21, 0, 16, 19, 18, 15, 24, 20, 2, 27, 28]",
tabm_pfi,0.8,0,f80_00,,0.8461538461538461,"[23, 0, 15, 16, 19, 21, 20, 2, 18, 25, 1, 24]",
deep_lasso,0.8,0,f80_00,,0.8461538461538461,"[23, 21, 0, 25, 20, 19, 15, 16, 27, 24, 26, 7]",
xgb_naive,0.8,0,f80_00,,0.5,"[18, 16, 19, 17, 23, 24, 20, 8, 9, 2, 27, 6]",
xgb_midpoint,0.8,0,f80_00,,0.4117647058823529,"[18, 16, 19, 23, 17, 24, 8, 20, 9, 0, 2, 6]",
xgb_orbit,0.8,0,f80_00,,0.5,"[18, 16, 19, 17, 23, 24, 20, 8, 9, 2, 0, 27]",
xgb_orbit_student,0.8,0,f80_00,,0.3333333333333333,"[20, 17, 24, 6, 18, 11, 2, 8, 10, 16, 9, 23]",
tabm_naive,0.8,0,f80_00,,0.2,"[16, 20, 17, 1, 2, 24, 0, 8, 6, 9, 26, 11]",
tabm_midpoint,0.8,0,f80_00,,0.2631578947368421,"[16, 20, 17, 1, 2, 24, 0, 6, 8, 9, 26, 4]",
tabm_orbit,0.8,0,f80_00,,0.2631578947368421,"[16, 20, 17, 1, 2, 24, 0, 8, 6, 9, 26, 4]",
tabm_orbit_student,0.8,0,f80_00,,0.1428571428571428,"[17, 14, 6, 16, 24, 28, 8, 11, 20, 1, 2, 9]",
lasso_pair_q20,0.8,1,f80_01,,0.3333333333333333,"[20, 0, 25, 27, 23, 2, 19, 6, 14, 5, 1, 3]",
linear_orbit_student,0.8,1,f80_01,,0.5,"[23, 21, 0, 20, 15, 27, 25, 22, 2, 16, 26, 1]",
xgb_shap,0.8,1,f80_01,,0.7142857142857143,"[23, 21, 0, 24, 16, 19, 15, 25, 18, 20, 2, 9]",
xgb_pfi,0.8,1,f80_01,,0.7142857142857143,"[23, 21, 0, 16, 19, 18, 24, 20, 15, 2, 28, 9]",
tabm_pfi,0.8,1,f80_01,,0.7142857142857143,"[23, 15, 0, 16, 19, 21, 2, 20, 18, 22, 9, 17]",
deep_lasso,0.8,1,f80_01,,0.6,"[0, 15, 16, 19, 23, 21, 27, 25, 20, 2, 9, 22]",
xgb_naive,0.8,1,f80_01,,0.4117647058823529,"[18, 23, 16, 21, 2, 20, 0, 9, 27, 24, 1, 26]",
xgb_midpoint,0.8,1,f80_01,,0.4117647058823529,"[18, 23, 21, 16, 2, 20, 1, 27, 9, 24, 0, 26]",
xgb_orbit,0.8,1,f80_01,,0.4117647058823529,"[18, 23, 16, 21, 2, 20, 27, 0, 24, 1, 9, 26]",
xgb_orbit_student,0.8,1,f80_01,,0.3333333333333333,"[23, 2, 20, 26, 24, 18, 12, 21, 9, 27, 1, 3]",
tabm_naive,0.8,1,f80_01,,0.4117647058823529,"[23, 0, 21, 20, 1, 8, 7, 4, 28, 11, 24, 26]",
tabm_midpoint,0.8,1,f80_01,,0.4117647058823529,"[23, 0, 21, 20, 1, 8, 7, 4, 28, 24, 11, 26]",
tabm_orbit,0.8,1,f80_01,,0.4117647058823529,"[23, 0, 21, 20, 1, 8, 7, 4, 28, 24, 11, 26]",
tabm_orbit_student,0.8,1,f80_01,,0.2631578947368421,"[23, 0, 1, 20, 28, 21, 8, 10, 11, 4, 24, 7]",
lasso_pair_q20,0.8,2,f80_02,,0.3333333333333333,"[20, 23, 25, 16, 26, 27, 22, 28, 5, 19, 6, 2]",
linear_orbit_student,0.8,2,f80_02,,0.5,"[23, 10, 25, 26, 21, 20, 7, 27, 9, 22, 15, 19]",
xgb_shap,0.8,2,f80_02,,0.8461538461538461,"[23, 21, 0, 19, 24, 16, 15, 18, 20, 25, 7, 1]",
xgb_pfi,0.8,2,f80_02,,0.8461538461538461,"[23, 0, 21, 19, 16, 20, 18, 24, 2, 15, 1, 4]",
tabm_pfi,0.8,2,f80_02,,1.0,"[23, 0, 19, 15, 16, 21, 20, 2, 25, 18, 22, 24]",
deep_lasso,0.8,2,f80_02,,0.8461538461538461,"[23, 21, 0, 19, 25, 20, 15, 16, 27, 24, 7, 26]",
xgb_naive,0.8,2,f80_02,,0.6,"[18, 23, 21, 19, 16, 2, 24, 27, 25, 0, 15, 17]",
xgb_midpoint,0.8,2,f80_02,,0.6,"[18, 23, 21, 19, 16, 27, 0, 2, 25, 24, 15, 17]",
xgb_orbit,0.8,2,f80_02,,0.6,"[23, 18, 21, 19, 16, 2, 24, 25, 27, 0, 15, 17]",
xgb_orbit_student,0.8,2,f80_02,,0.5,"[23, 10, 25, 18, 24, 21, 11, 26, 20, 2, 27, 6]",
tabm_naive,0.8,2,f80_02,,0.5,"[23, 21, 20, 7, 24, 25, 1, 18, 27, 10, 26, 9]",
tabm_midpoint,0.8,2,f80_02,,0.5,"[23, 21, 20, 7, 24, 25, 27, 1, 10, 18, 26, 9]",
tabm_orbit,0.8,2,f80_02,,0.5,"[23, 21, 20, 7, 24, 25, 27, 1, 18, 10, 26, 9]",
tabm_orbit_student,0.8,2,f80_02,,0.6,"[14, 23, 20, 21, 25, 10, 26, 7, 24, 12, 22, 1]",
lasso_pair_q20,0.8,3,f80_03,,0.3333333333333333,"[20, 0, 23, 25, 26, 27, 2, 6, 28, 19, 15, 7]",
linear_orbit_student,0.8,3,f80_03,,0.6,"[21, 26, 25, 9, 0, 22, 20, 8, 23, 27, 28, 1]",
xgb_shap,0.8,3,f80_03,,0.7142857142857143,"[23, 21, 0, 24, 19, 16, 15, 18, 20, 1, 25, 17]",
xgb_pfi,0.8,3,f80_03,,0.8461538461538461,"[23, 21, 0, 19, 16, 24, 15, 20, 18, 2, 28, 1]",
tabm_pfi,0.8,3,f80_03,,0.8461538461538461,"[23, 0, 15, 16, 19, 21, 20, 2, 18, 24, 25, 17]",
deep_lasso,0.8,3,f80_03,,1.0,"[23, 21, 25, 0, 19, 20, 16, 15, 27, 18, 24, 7]",
xgb_naive,0.8,3,f80_03,,0.5,"[16, 18, 21, 15, 19, 23, 27, 20, 9, 11, 26, 25]",
xgb_midpoint,0.8,3,f80_03,,0.5,"[16, 18, 21, 15, 19, 23, 20, 27, 9, 11, 25, 26]",
xgb_orbit,0.8,3,f80_03,,0.5,"[16, 18, 21, 15, 19, 23, 20, 27, 9, 25, 11, 26]",
xgb_orbit_student,0.8,3,f80_03,,0.2631578947368421,"[20, 11, 9, 12, 15, 16, 26, 18, 21, 27, 6, 25]",
tabm_naive,0.8,3,f80_03,,0.4117647058823529,"[0, 20, 21, 10, 15, 26, 25, 19, 13, 18, 27, 14]",
tabm_midpoint,0.8,3,f80_03,,0.5,"[20, 0, 21, 15, 10, 25, 26, 13, 19, 18, 27, 14]",
tabm_orbit,0.8,3,f80_03,,0.5,"[0, 20, 21, 15, 10, 25, 26, 13, 19, 18, 27, 14]",
tabm_orbit_student,0.8,3,f80_03,,0.4117647058823529,"[26, 15, 20, 14, 21, 13, 0, 12, 10, 22, 25, 19]",
lasso_pair_q20,0.8,4,f80_04,,0.6,"[20, 23, 25, 16, 27, 26, 22, 6, 14, 15, 1, 3]",
linear_orbit_student,0.8,4,f80_04,,0.7142857142857143,"[23, 21, 26, 22, 16, 25, 27, 20, 17, 9, 1, 3]",
xgb_shap,0.8,4,f80_04,,0.8461538461538461,"[23, 0, 21, 24, 16, 19, 15, 18, 20, 25, 2, 1]",
xgb_pfi,0.8,4,f80_04,,0.8461538461538461,"[23, 0, 21, 16, 19, 15, 24, 18, 20, 2, 1, 28]",
tabm_pfi,0.8,4,f80_04,,1.0,"[23, 15, 0, 19, 16, 21, 2, 20, 25, 18, 24, 22]",
deep_lasso,0.8,4,f80_04,,0.8461538461538461,"[23, 21, 19, 0, 25, 15, 20, 16, 27, 24, 18, 2]",
xgb_naive,0.8,4,f80_04,,0.5,"[18, 19, 16, 23, 21, 1, 25, 15, 13, 4, 24, 26]",
xgb_midpoint,0.8,4,f80_04,,0.4117647058823529,"[18, 19, 23, 21, 16, 1, 25, 15, 8, 13, 24, 26]",
xgb_orbit,0.8,4,f80_04,,0.4117647058823529,"[18, 19, 23, 21, 16, 1, 25, 15, 13, 8, 24, 11]",
xgb_orbit_student,0.8,4,f80_04,,0.3333333333333333,"[23, 21, 13, 18, 15, 26, 19, 25, 22, 1, 10, 11]",
tabm_naive,0.8,4,f80_04,,0.4117647058823529,"[23, 21, 18, 1, 0, 20, 16, 27, 19, 24, 13, 6]",
tabm_midpoint,0.8,4,f80_04,,0.5,"[23, 21, 18, 1, 0, 20, 27, 16, 19, 24, 13, 6]",
tabm_orbit,0.8,4,f80_04,,0.5,"[23, 21, 18, 1, 0, 20, 16, 27, 19, 24, 13, 6]",
tabm_orbit_student,0.8,4,f80_04,,0.2631578947368421,"[23, 21, 1, 18, 27, 26, 6, 13, 24, 16, 19, 0]",
lasso_pair_q20,0.8,5,f80_05,,0.5,"[20, 0, 25, 23, 26, 27, 28, 22, 7, 6, 4, 1]",
linear_orbit_student,0.8,5,f80_05,,0.2631578947368421,"[22, 20, 21, 25, 8, 23, 7, 28, 19, 10, 0, 15]",
xgb_shap,0.8,5,f80_05,,0.8461538461538461,"[23, 21, 0, 16, 24, 19, 15, 20, 18, 7, 25, 1]",
xgb_pfi,0.8,5,f80_05,,0.8461538461538461,"[23, 21, 0, 16, 19, 24, 15, 20, 18, 2, 28, 27]",
tabm_pfi,0.8,5,f80_05,,0.8461538461538461,"[23, 0, 16, 15, 19, 21, 20, 2, 25, 24, 18, 17]",
deep_lasso,0.8,5,f80_05,,0.7142857142857143,"[21, 23, 0, 25, 16, 15, 20, 19, 27, 24, 26, 9]",
xgb_naive,0.8,5,f80_05,,0.4117647058823529,"[18, 19, 21, 23, 0, 25, 16, 8, 20, 15, 9, 13]",
xgb_midpoint,0.8,5,f80_05,,0.5,"[18, 19, 21, 23, 25, 0, 16, 8, 20, 3, 27, 13]",
xgb_orbit,0.8,5,f80_05,,0.5,"[18, 19, 21, 23, 0, 25, 16, 8, 20, 27, 9, 15]",
xgb_orbit_student,0.8,5,f80_05,,0.4117647058823529,"[8, 25, 19, 26, 18, 21, 13, 20, 10, 23, 0, 15]",
tabm_naive,0.8,5,f80_05,,0.4117647058823529,"[23, 0, 20, 21, 18, 25, 9, 19, 7, 10, 4, 8]",
tabm_midpoint,0.8,5,f80_05,,0.5,"[23, 0, 21, 20, 18, 25, 19, 7, 9, 4, 10, 8]",
tabm_orbit,0.8,5,f80_05,,0.5,"[23, 0, 21, 20, 18, 25, 19, 9, 7, 10, 8, 4]",
tabm_orbit_student,0.8,5,f80_05,,0.2631578947368421,"[20, 18, 25, 8, 9, 23, 4, 0, 10, 21, 7, 19]",
lasso_pair_q20,0.8,6,f80_06,,0.3333333333333333,"[0, 23, 25, 26, 27, 3, 19, 2, 28, 14, 1, 4]",
linear_orbit_student,0.8,6,f80_06,,0.3333333333333333,"[21, 2, 9, 7, 23, 25, 27, 26, 19, 0, 28, 16]",
xgb_shap,0.8,6,f80_06,,0.8461538461538461,"[23, 0, 21, 16, 19, 24, 15, 20, 25, 18, 7, 1]",
xgb_pfi,0.8,6,f80_06,,0.8461538461538461,"[23, 0, 21, 19, 16, 20, 18, 15, 24, 2, 25, 1]",
tabm_pfi,0.8,6,f80_06,,0.8461538461538461,"[23, 0, 15, 16, 19, 21, 20, 2, 25, 18, 1, 22]",
deep_lasso,0.8,6,f80_06,,0.8461538461538461,"[23, 21, 0, 19, 20, 25, 16, 15, 27, 24, 7, 26]",
xgb_naive,0.8,6,f80_06,,0.4117647058823529,"[19, 18, 23, 9, 21, 4, 24, 2, 0, 15, 25, 12]",
xgb_midpoint,0.8,6,f80_06,,0.4117647058823529,"[19, 18, 23, 0, 9, 21, 2, 24, 4, 15, 26, 5]",
xgb_orbit,0.8,6,f80_06,,0.4117647058823529,"[19, 18, 23, 0, 9, 21, 24, 2, 4, 17, 15, 26]",
xgb_orbit_student,0.8,6,f80_06,,0.3333333333333333,"[19, 14, 12, 9, 18, 21, 24, 2, 26, 23, 4, 0]",
tabm_naive,0.8,6,f80_06,,0.3333333333333333,"[0, 2, 21, 23, 24, 11, 9, 18, 10, 25, 26, 6]",
tabm_midpoint,0.8,6,f80_06,,0.4117647058823529,"[21, 0, 23, 2, 24, 18, 11, 9, 25, 26, 10, 5]",
tabm_orbit,0.8,6,f80_06,,0.4117647058823529,"[21, 0, 23, 2, 24, 18, 11, 9, 25, 26, 10, 5]",
tabm_orbit_student,0.8,6,f80_06,,0.2631578947368421,"[11, 2, 21, 22, 12, 24, 0, 9, 26, 28, 5, 10]",
lasso_pair_q20,0.8,7,f80_07,,0.3333333333333333,"[0, 20, 25, 16, 27, 2, 7, 15, 5, 9, 1, 3]",
linear_orbit_student,0.8,7,f80_07,,0.4117647058823529,"[7, 25, 20, 2, 27, 16, 0, 17, 9, 21, 1, 3]",
xgb_shap,0.8,7,f80_07,,0.7142857142857143,"[23, 21, 0, 24, 16, 19, 15, 20, 18, 17, 9, 7]",
xgb_pfi,0.8,7,f80_07,,0.7142857142857143,"[23, 21, 0, 19, 16, 15, 24, 20, 18, 2, 9, 28]",
tabm_pfi,0.8,7,f80_07,,0.8461538461538461,"[23, 0, 15, 19, 16, 21, 20, 2, 24, 22, 9, 25]",
deep_lasso,0.8,7,f80_07,,0.8461538461538461,"[23, 21, 20, 0, 16, 25, 15, 19, 27, 24, 26, 7]",
xgb_naive,0.8,7,f80_07,,0.3333333333333333,"[18, 27, 2, 7, 25, 15, 20, 8, 24, 16, 11, 6]",
xgb_midpoint,0.8,7,f80_07,,0.3333333333333333,"[18, 27, 2, 7, 20, 25, 15, 8, 24, 6, 16, 26]",
xgb_orbit,0.8,7,f80_07,,0.3333333333333333,"[18, 27, 2, 7, 25, 20, 15, 8, 16, 24, 26, 11]",
xgb_orbit_student,0.8,7,f80_07,,0.3333333333333333,"[25, 14, 27, 2, 20, 7, 18, 24, 11, 15, 26, 10]",
tabm_naive,0.8,7,f80_07,,0.2,"[25, 7, 20, 2, 6, 19, 3, 12, 24, 26, 13, 9]",
tabm_midpoint,0.8,7,f80_07,,0.2,"[25, 7, 20, 2, 6, 19, 3, 12, 26, 24, 13, 10]",
tabm_orbit,0.8,7,f80_07,,0.2,"[25, 7, 20, 2, 6, 19, 3, 12, 26, 24, 13, 9]",
tabm_orbit_student,0.8,7,f80_07,,0.2,"[25, 6, 7, 12, 24, 3, 2, 26, 20, 19, 10, 13]",
lasso_pair_q20,0.8,8,f80_08,,0.5,"[23, 20, 25, 26, 2, 22, 6, 15, 10, 19, 14, 7]",
linear_orbit_student,0.8,8,f80_08,,0.5,"[21, 2, 23, 26, 25, 22, 15, 20, 16, 7, 1, 3]",
xgb_shap,0.8,8,f80_08,,0.8461538461538461,"[23, 21, 0, 24, 16, 19, 15, 18, 20, 7, 1, 25]",
xgb_pfi,0.8,8,f80_08,,1.0,"[23, 21, 0, 16, 19, 24, 15, 18, 20, 2, 1, 27]",
tabm_pfi,0.8,8,f80_08,,0.7142857142857143,"[23, 15, 0, 19, 16, 21, 20, 2, 18, 22, 3, 8]",
deep_lasso,0.8,8,f80_08,,0.7142857142857143,"[23, 21, 15, 25, 0, 20, 19, 16, 27, 4, 24, 9]",
xgb_naive,0.8,8,f80_08,,0.4117647058823529,"[18, 21, 16, 23, 2, 17, 27, 25, 7, 1, 11, 26]",
xgb_midpoint,0.8,8,f80_08,,0.4117647058823529,"[18, 21, 16, 23, 2, 17, 27, 25, 1, 7, 11, 26]",
xgb_orbit,0.8,8,f80_08,,0.4117647058823529,"[18, 21, 16, 2, 23, 17, 27, 25, 7, 1, 11, 26]",
xgb_orbit_student,0.8,8,f80_08,,0.3333333333333333,"[18, 25, 14, 21, 2, 11, 16, 13, 17, 26, 23, 27]",
tabm_naive,0.8,8,f80_08,,0.6,"[0, 2, 23, 21, 1, 26, 5, 25, 20, 19, 13, 12]",
tabm_midpoint,0.8,8,f80_08,,0.6,"[0, 2, 23, 21, 1, 20, 26, 5, 13, 25, 19, 12]",
tabm_orbit,0.8,8,f80_08,,0.6,"[0, 23, 2, 21, 1, 26, 20, 5, 25, 13, 19, 12]",
tabm_orbit_student,0.8,8,f80_08,,0.5,"[2, 0, 5, 26, 21, 1, 13, 23, 25, 12, 20, 19]",
lasso_pair_q20,0.8,9,f80_09,,0.4117647058823529,"[20, 16, 27, 23, 7, 22, 19, 1, 3, 4, 6, 8]",
linear_orbit_student,0.8,9,f80_09,,0.6,"[23, 21, 16, 17, 20, 9, 7, 27, 22, 26, 1, 3]",
xgb_shap,0.8,9,f80_09,,0.7142857142857143,"[23, 21, 0, 24, 16, 19, 15, 20, 18, 25, 7, 9]",
xgb_pfi,0.8,9,f80_09,,0.8461538461538461,"[23, 21, 0, 16, 19, 24, 20, 18, 15, 2, 1, 7]",
tabm_pfi,0.8,9,f80_09,,0.8461538461538461,"[23, 0, 16, 15, 19, 21, 20, 2, 18, 24, 25, 7]",
deep_lasso,0.8,9,f80_09,,1.0,"[23, 21, 0, 25, 16, 20, 19, 15, 27, 24, 18, 7]",
xgb_naive,0.8,9,f80_09,,0.6,"[18, 19, 16, 24, 23, 27, 9, 3, 21, 7, 20, 5]",
xgb_midpoint,0.8,9,f80_09,,0.6,"[18, 19, 24, 16, 23, 21, 9, 27, 3, 5, 6, 20]",
xgb_orbit,0.8,9,f80_09,,0.6,"[18, 19, 16, 24, 23, 21, 3, 27, 9, 20, 5, 6]",
xgb_orbit_student,0.8,9,f80_09,,0.4117647058823529,"[3, 11, 24, 6, 12, 10, 19, 5, 9, 18, 20, 27]",
tabm_naive,0.8,9,f80_09,,0.2631578947368421,"[16, 23, 20, 27, 24, 6, 13, 11, 7, 21, 5, 10]",
tabm_midpoint,0.8,9,f80_09,,0.2631578947368421,"[16, 23, 20, 27, 24, 21, 6, 7, 13, 11, 5, 10]",
tabm_orbit,0.8,9,f80_09,,0.2631578947368421,"[16, 23, 20, 27, 24, 21, 6, 7, 13, 11, 5, 10]",
tabm_orbit_student,0.8,9,f80_09,,0.2,"[16, 11, 27, 24, 6, 23, 10, 13, 20, 5, 7, 17]",
lasso_pair_q20,0.8,10,f80_10,,0.2631578947368421,"[20, 25, 16, 27, 2, 26, 7, 0, 22, 19, 15, 28]",
linear_orbit_student,0.8,10,f80_10,,0.4117647058823529,"[27, 22, 20, 26, 2, 25, 16, 19, 17, 23, 28, 1]",
xgb_shap,0.8,10,f80_10,,0.8461538461538461,"[23, 0, 21, 24, 16, 19, 15, 20, 18, 1, 7, 27]",
xgb_pfi,0.8,10,f80_10,,0.7142857142857143,"[23, 0, 21, 16, 19, 24, 20, 18, 15, 2, 17, 28]",
tabm_pfi,0.8,10,f80_10,,0.8461538461538461,"[23, 0, 15, 19, 16, 21, 20, 2, 18, 25, 22, 9]",
deep_lasso,0.8,10,f80_10,,0.7142857142857143,"[23, 21, 20, 0, 25, 19, 27, 15, 16, 24, 26, 9]",
xgb_naive,0.8,10,f80_10,,0.3333333333333333,"[18, 27, 17, 2, 15, 21, 24, 25, 28, 0, 9, 10]",
xgb_midpoint,0.8,10,f80_10,,0.3333333333333333,"[18, 17, 21, 2, 15, 24, 28, 25, 27, 9, 10, 6]",
xgb_orbit,0.8,10,f80_10,,0.3333333333333333,"[18, 17, 2, 27, 15, 21, 24, 28, 25, 9, 0, 10]",
xgb_orbit_student,0.8,10,f80_10,,0.4117647058823529,"[18, 2, 10, 25, 6, 17, 24, 15, 27, 21, 11, 26]",
tabm_naive,0.8,10,f80_10,,0.2631578947368421,"[21, 20, 25, 16, 2, 27, 24, 10, 18, 7, 15, 9]",
tabm_midpoint,0.8,10,f80_10,,0.2631578947368421,"[21, 20, 25, 2, 27, 24, 16, 18, 10, 7, 9, 15]",
tabm_orbit,0.8,10,f80_10,,0.2631578947368421,"[21, 20, 25, 2, 27, 24, 16, 18, 10, 7, 9, 15]",
tabm_orbit_student,0.8,10,f80_10,,0.3333333333333333,"[22, 21, 2, 24, 25, 10, 6, 5, 7, 20, 27, 9]",
lasso_pair_q20,0.8,11,f80_11,,0.3333333333333333,"[0, 26, 27, 28, 12, 22, 5, 25, 14, 15, 1, 3]",
linear_orbit_student,0.8,11,f80_11,,0.5,"[0, 19, 26, 25, 22, 27, 21, 8, 28, 23, 1, 3]",
xgb_shap,0.8,11,f80_11,,1.0,"[21, 23, 0, 24, 19, 16, 15, 18, 20, 2, 7, 1]",
xgb_pfi,0.8,11,f80_11,,0.7142857142857143,"[21, 0, 23, 19, 16, 24, 18, 15, 2, 20, 28, 9]",
tabm_pfi,0.8,11,f80_11,,0.7142857142857143,"[23, 0, 15, 19, 16, 21, 2, 20, 18, 25, 1, 3]",
deep_lasso,0.8,11,f80_11,,0.8461538461538461,"[21, 23, 25, 0, 19, 20, 15, 16, 27, 24, 7, 26]",
xgb_naive,0.8,11,f80_11,,0.5,"[19, 18, 16, 0, 27, 23, 8, 25, 17, 9, 24, 3]",
xgb_midpoint,0.8,11,f80_11,,0.5,"[19, 18, 16, 27, 23, 0, 8, 25, 17, 9, 24, 12]",
xgb_orbit,0.8,11,f80_11,,0.5,"[19, 18, 16, 27, 23, 0, 8, 25, 17, 9, 24, 3]",
xgb_orbit_student,0.8,11,f80_11,,0.4117647058823529,"[12, 19, 27, 8, 25, 3, 18, 9, 17, 24, 11, 23]",
tabm_naive,0.8,11,f80_11,,0.3333333333333333,"[0, 25, 23, 20, 26, 11, 24, 10, 12, 13, 3, 6]",
tabm_midpoint,0.8,11,f80_11,,0.3333333333333333,"[0, 23, 25, 20, 26, 21, 24, 11, 10, 13, 12, 3]",
tabm_orbit,0.8,11,f80_11,,0.3333333333333333,"[0, 23, 25, 20, 26, 21, 24, 11, 10, 13, 12, 3]",
tabm_orbit_student,0.8,11,f80_11,,0.2,"[11, 0, 25, 26, 12, 28, 10, 24, 13, 6, 3, 23]",
lasso_pair_q20,0.8,12,f80_12,,0.5,"[20, 25, 21, 23, 26, 5, 28, 22, 8, 1, 3, 4]",
linear_orbit_student,0.8,12,f80_12,,0.6,"[21, 26, 20, 25, 15, 23, 22, 28, 1, 3, 4, 6]",
xgb_shap,0.8,12,f80_12,,0.8461538461538461,"[23, 21, 0, 19, 24, 16, 15, 25, 18, 20, 7, 1]",
xgb_pfi,0.8,12,f80_12,,0.7142857142857143,"[23, 0, 21, 19, 16, 15, 24, 20, 2, 18, 25, 28]",
tabm_pfi,0.8,12,f80_12,,0.8461538461538461,"[23, 0, 16, 19, 15, 21, 20, 2, 25, 24, 18, 3]",
deep_lasso,0.8,12,f80_12,,0.8461538461538461,"[23, 21, 0, 25, 20, 16, 19, 15, 27, 24, 26, 7]",
xgb_naive,0.8,12,f80_12,,0.6,"[19, 18, 16, 21, 15, 25, 20, 23, 2, 24, 17, 26]",
xgb_midpoint,0.8,12,f80_12,,0.7142857142857143,"[19, 18, 16, 21, 15, 25, 2, 20, 23, 24, 17, 4]",
xgb_orbit,0.8,12,f80_12,,0.6,"[19, 18, 16, 21, 15, 25, 23, 20, 2, 24, 17, 26]",
xgb_orbit_student,0.8,12,f80_12,,0.6,"[21, 19, 18, 24, 25, 15, 20, 10, 16, 2, 17, 23]",
tabm_naive,0.8,12,f80_12,,0.4117647058823529,"[21, 20, 24, 25, 23, 3, 27, 26, 18, 28, 17, 11]",
tabm_midpoint,0.8,12,f80_12,,0.4117647058823529,"[21, 20, 24, 25, 23, 3, 27, 26, 28, 18, 11, 17]",
tabm_orbit,0.8,12,f80_12,,0.4117647058823529,"[21, 20, 24, 25, 23, 3, 27, 26, 28, 18, 11, 17]",
tabm_orbit_student,0.8,12,f80_12,,0.2631578947368421,"[28, 21, 3, 24, 20, 26, 11, 25, 10, 27, 13, 17]",
lasso_pair_q20,0.8,13,f80_13,,0.4117647058823529,"[0, 20, 25, 27, 22, 19, 2, 6, 13, 1, 3, 4]",
linear_orbit_student,0.8,13,f80_13,,0.7142857142857143,"[22, 25, 2, 15, 21, 20, 27, 9, 23, 1, 3, 4]",
xgb_shap,0.8,13,f80_13,,0.8461538461538461,"[23, 21, 0, 19, 24, 16, 15, 18, 25, 20, 7, 2]",
xgb_pfi,0.8,13,f80_13,,0.7142857142857143,"[23, 21, 0, 19, 16, 24, 15, 18, 20, 2, 4, 28]",
tabm_pfi,0.8,13,f80_13,,0.8461538461538461,"[23, 0, 19, 16, 15, 21, 20, 25, 24, 2, 18, 17]",
deep_lasso,0.8,13,f80_13,,1.0,"[23, 21, 25, 0, 19, 20, 15, 16, 27, 24, 18, 7]",
xgb_naive,0.8,13,f80_13,,0.4117647058823529,"[18, 21, 1, 9, 25, 15, 17, 2, 4, 23, 26, 24]",
xgb_midpoint,0.8,13,f80_13,,0.4117647058823529,"[18, 21, 25, 9, 17, 15, 1, 23, 2, 4, 26, 20]",
xgb_orbit,0.8,13,f80_13,,0.4117647058823529,"[18, 21, 9, 1, 15, 25, 17, 23, 2, 4, 26, 24]",
xgb_orbit_student,0.8,13,f80_13,,0.3333333333333333,"[10, 18, 9, 25, 1, 21, 26, 15, 2, 17, 13, 4]",
tabm_naive,0.8,13,f80_13,,0.4117647058823529,"[25, 23, 21, 16, 20, 27, 2, 24, 19, 9, 1, 12]",
tabm_midpoint,0.8,13,f80_13,,0.4117647058823529,"[23, 21, 25, 16, 20, 27, 2, 19, 24, 1, 9, 12]",
tabm_orbit,0.8,13,f80_13,,0.4117647058823529,"[23, 21, 25, 16, 20, 19, 27, 2, 24, 1, 12, 9]",
tabm_orbit_student,0.8,13,f80_13,,0.3333333333333333,"[25, 12, 13, 10, 2, 27, 20, 24, 21, 23, 8, 9]",
lasso_pair_q20,0.8,14,f80_14,,0.4117647058823529,"[20, 23, 16, 27, 22, 6, 14, 15, 1, 3, 5, 7]",
linear_orbit_student,0.8,14,f80_14,,0.6,"[20, 23, 22, 21, 16, 19, 8, 25, 9, 1, 3, 4]",
xgb_shap,0.8,14,f80_14,,0.8461538461538461,"[23, 21, 0, 16, 24, 19, 15, 25, 18, 20, 7, 1]",
xgb_pfi,0.8,14,f80_14,,0.8461538461538461,"[23, 21, 0, 16, 19, 15, 18, 20, 2, 24, 1, 7]",
tabm_pfi,0.8,14,f80_14,,0.7142857142857143,"[23, 0, 15, 16, 19, 21, 20, 2, 18, 25, 17, 27]",
deep_lasso,0.8,14,f80_14,,1.0,"[23, 21, 25, 0, 19, 16, 15, 20, 27, 7, 24, 18]",
xgb_naive,0.8,14,f80_14,,0.4117647058823529,"[18, 19, 23, 4, 15, 21, 24, 5, 2, 12, 9, 26]",
xgb_midpoint,0.8,14,f80_14,,0.4117647058823529,"[18, 19, 23, 4, 15, 21, 24, 2, 5, 12, 9, 26]",
xgb_orbit,0.8,14,f80_14,,0.4117647058823529,"[18, 19, 23, 4, 15, 21, 24, 2, 5, 12, 9, 26]",
xgb_orbit_student,0.8,14,f80_14,,0.4117647058823529,"[23, 5, 18, 10, 19, 24, 26, 12, 15, 4, 6, 2]",
tabm_naive,0.8,14,f80_14,,0.3333333333333333,"[20, 23, 21, 0, 19, 24, 1, 15, 25, 16, 11, 13]",
tabm_midpoint,0.8,14,f80_14,,0.4117647058823529,"[20, 23, 21, 0, 24, 1, 19, 15, 11, 25, 13, 8]",
tabm_orbit,0.8,14,f80_14,,0.4117647058823529,"[20, 23, 21, 0, 24, 1, 19, 15, 25, 11, 13, 9]",
tabm_orbit_student,0.8,14,f80_14,,0.2631578947368421,"[20, 24, 23, 11, 13, 22, 21, 1, 10, 15, 19, 9]",
lasso_pair_q20,0.8,15,f80_15,,0.2,"[20, 0, 25, 16, 26, 23, 19, 27, 7, 2, 13, 11]",
linear_orbit_student,0.8,15,f80_15,,0.3333333333333333,"[21, 7, 25, 20, 26, 16, 27, 15, 2, 19, 22, 0]",
xgb_shap,0.8,15,f80_15,,0.8461538461538461,"[21, 23, 0, 16, 19, 24, 15, 18, 25, 20, 7, 1]",
xgb_pfi,0.8,15,f80_15,,0.8461538461538461,"[21, 0, 23, 16, 19, 18, 15, 20, 2, 24, 1, 28]",
tabm_pfi,0.8,15,f80_15,,0.8461538461538461,"[23, 0, 15, 16, 19, 21, 20, 2, 25, 22, 18, 9]",
deep_lasso,0.8,15,f80_15,,0.7142857142857143,"[21, 23, 25, 0, 20, 19, 16, 15, 27, 26, 24, 9]",
xgb_naive,0.8,15,f80_15,,0.5,"[18, 16, 19, 23, 21, 8, 15, 25, 4, 27, 2, 1]",
xgb_midpoint,0.8,15,f80_15,,0.5,"[18, 16, 19, 21, 23, 8, 27, 15, 25, 4, 2, 1]",
xgb_orbit,0.8,15,f80_15,,0.5,"[18, 16, 19, 21, 23, 15, 8, 27, 25, 4, 2, 1]",
xgb_orbit_student,0.8,15,f80_15,,0.5,"[21, 23, 10, 8, 25, 27, 16, 14, 18, 4, 15, 20]",
tabm_naive,0.8,15,f80_15,,0.5,"[23, 0, 20, 21, 7, 25, 1, 24, 18, 16, 17, 27]",
tabm_midpoint,0.8,15,f80_15,,0.5,"[23, 0, 20, 21, 25, 7, 1, 24, 18, 17, 27, 3]",
tabm_orbit,0.8,15,f80_15,,0.5,"[23, 0, 21, 20, 25, 7, 1, 24, 18, 17, 27, 3]",
tabm_orbit_student,0.8,15,f80_15,,0.3333333333333333,"[23, 7, 21, 25, 1, 24, 17, 20, 28, 0, 3, 4]",
lasso_pair_q20,0.8,16,f80_16,,0.5,"[20, 0, 25, 23, 16, 22, 5, 2, 15, 6, 3, 4]",
linear_orbit_student,0.8,16,f80_16,,0.5,"[20, 23, 25, 17, 22, 21, 7, 2, 26, 16, 1, 3]",
xgb_shap,0.8,16,f80_16,,0.7142857142857143,"[23, 21, 0, 19, 24, 16, 15, 25, 20, 18, 8, 7]",
xgb_pfi,0.8,16,f80_16,,0.7142857142857143,"[23, 0, 21, 19, 16, 15, 24, 18, 20, 2, 28, 25]",
tabm_pfi,0.8,16,f80_16,,0.8461538461538461,"[23, 0, 16, 15, 19, 21, 20, 2, 18, 25, 24, 9]",
deep_lasso,0.8,16,f80_16,,0.7142857142857143,"[23, 21, 25, 0, 16, 20, 15, 19, 27, 24, 26, 9]",
xgb_naive,0.8,16,f80_16,,0.5,"[23, 25, 21, 16, 24, 27, 20, 18, 15, 2, 0, 13]",
xgb_midpoint,0.8,16,f80_16,,0.5,"[23, 25, 21, 24, 16, 27, 20, 18, 15, 2, 0, 26]",
xgb_orbit,0.8,16,f80_16,,0.5,"[23, 25, 21, 16, 24, 27, 20, 0, 15, 18, 2, 8]",
xgb_orbit_student,0.8,16,f80_16,,0.4117647058823529,"[20, 10, 23, 24, 25, 21, 27, 14, 15, 12, 13, 16]",
tabm_naive,0.8,16,f80_16,,0.4117647058823529,"[20, 23, 0, 25, 21, 24, 18, 2, 27, 17, 15, 13]",
tabm_midpoint,0.8,16,f80_16,,0.4117647058823529,"[20, 23, 0, 21, 25, 24, 18, 2, 27, 17, 15, 13]",
tabm_orbit,0.8,16,f80_16,,0.4117647058823529,"[20, 23, 0, 21, 25, 24, 18, 2, 27, 17, 15, 13]",
tabm_orbit_student,0.8,16,f80_16,,0.2631578947368421,"[20, 11, 25, 23, 24, 13, 17, 14, 2, 21, 18, 0]",
lasso_pair_q20,0.8,17,f80_17,,0.4117647058823529,"[0, 25, 23, 16, 26, 28, 19, 6, 22, 7, 20, 1]",
linear_orbit_student,0.8,17,f80_17,,0.2631578947368421,"[25, 26, 0, 17, 23, 22, 16, 28, 2, 7, 20, 14]",
xgb_shap,0.8,17,f80_17,,1.0,"[23, 0, 21, 24, 16, 19, 15, 20, 18, 7, 1, 2]",
xgb_pfi,0.8,17,f80_17,,0.8461538461538461,"[23, 0, 21, 16, 19, 15, 24, 20, 18, 2, 1, 28]",
tabm_pfi,0.8,17,f80_17,,1.0,"[23, 0, 15, 16, 19, 21, 20, 18, 2, 25, 22, 24]",
deep_lasso,0.8,17,f80_17,,0.7142857142857143,"[23, 21, 25, 20, 0, 19, 15, 16, 27, 24, 26, 22]",
xgb_naive,0.8,17,f80_17,,0.5,"[18, 19, 17, 23, 0, 15, 27, 16, 21, 7, 25, 3]",
xgb_midpoint,0.8,17,f80_17,,0.5,"[18, 19, 17, 23, 0, 21, 27, 16, 15, 7, 25, 8]",
xgb_orbit,0.8,17,f80_17,,0.5,"[18, 19, 17, 23, 0, 15, 16, 27, 21, 7, 8, 25]",
xgb_orbit_student,0.8,17,f80_17,,0.4117647058823529,"[25, 26, 17, 18, 23, 3, 21, 13, 19, 8, 14, 10]",
tabm_naive,0.8,17,f80_17,,0.2631578947368421,"[23, 15, 21, 0, 25, 16, 19, 2, 7, 26, 17, 6]",
tabm_midpoint,0.8,17,f80_17,,0.3333333333333333,"[23, 21, 15, 0, 25, 19, 16, 2, 7, 26, 17, 6]",
tabm_orbit,0.8,17,f80_17,,0.3333333333333333,"[23, 21, 15, 0, 25, 19, 2, 16, 7, 26, 17, 6]",
tabm_orbit_student,0.8,17,f80_17,,0.2,"[21, 26, 25, 28, 23, 6, 7, 17, 2, 13, 15, 10]",
lasso_pair_q20,0.8,18,f80_18,,0.5,"[20, 23, 25, 16, 26, 27, 6, 4, 15, 1, 28, 2]",
linear_orbit_student,0.8,18,f80_18,,0.4117647058823529,"[25, 21, 23, 16, 2, 20, 26, 11, 22, 27, 8, 17]",
xgb_shap,0.8,18,f80_18,,0.8461538461538461,"[23, 21, 0, 16, 19, 24, 15, 20, 18, 7, 2, 25]",
xgb_pfi,0.8,18,f80_18,,1.0,"[23, 0, 21, 16, 19, 20, 15, 24, 18, 2, 1, 27]",
tabm_pfi,0.8,18,f80_18,,0.8461538461538461,"[23, 0, 15, 16, 19, 21, 20, 2, 25, 18, 24, 1]",
deep_lasso,0.8,18,f80_18,,0.8461538461538461,"[23, 21, 20, 25, 0, 19, 16, 15, 24, 27, 26, 7]",
xgb_naive,0.8,18,f80_18,,0.6,"[18, 16, 23, 21, 19, 27, 25, 2, 20, 1, 5, 26]",
xgb_midpoint,0.8,18,f80_18,,0.6,"[18, 16, 23, 21, 27, 19, 25, 2, 20, 1, 5, 26]",
xgb_orbit,0.8,18,f80_18,,0.6,"[18, 16, 23, 21, 19, 27, 25, 2, 20, 1, 5, 26]",
xgb_orbit_student,0.8,18,f80_18,,0.4117647058823529,"[25, 16, 23, 21, 27, 20, 2, 18, 5, 11, 1, 26]",
tabm_naive,0.8,18,f80_18,,0.3333333333333333,"[23, 21, 20, 25, 2, 16, 19, 26, 3, 4, 17, 28]",
tabm_midpoint,0.8,18,f80_18,,0.5,"[23, 21, 20, 25, 2, 16, 19, 26, 3, 17, 4, 27]",
tabm_orbit,0.8,18,f80_18,,0.4117647058823529,"[23, 21, 20, 25, 2, 16, 19, 26, 3, 17, 4, 28]",
tabm_orbit_student,0.8,18,f80_18,,0.3333333333333333,"[25, 28, 21, 23, 2, 20, 26, 11, 16, 17, 4, 3]",
lasso_pair_q20,0.8,19,f80_19,,0.5,"[0, 25, 23, 16, 22, 5, 19, 1, 3, 4, 6, 9]",
linear_orbit_student,0.8,19,f80_19,,0.5,"[23, 25, 22, 16, 9, 15, 21, 26, 20, 8, 0, 1]",
xgb_shap,0.8,19,f80_19,,0.7142857142857143,"[23, 21, 0, 24, 16, 19, 15, 18, 20, 27, 25, 7]",
xgb_pfi,0.8,19,f80_19,,1.0,"[23, 0, 21, 19, 16, 24, 15, 18, 20, 2, 1, 27]",
tabm_pfi,0.8,19,f80_19,,0.8461538461538461,"[23, 0, 15, 19, 16, 21, 20, 24, 2, 25, 18, 27]",
deep_lasso,0.8,19,f80_19,,0.7142857142857143,"[23, 21, 0, 19, 25, 20, 16, 27, 15, 24, 9, 26]",
xgb_naive,0.8,19,f80_19,,0.2,"[23, 18, 25, 13, 27, 3, 12, 10, 14, 29, 30, 22]",
xgb_midpoint,0.8,19,f80_19,,0.2631578947368421,"[23, 18, 25, 27, 13, 12, 3, 10, 11, 21, 14, 29]",
xgb_orbit,0.8,19,f80_19,,0.2631578947368421,"[23, 18, 25, 13, 27, 3, 12, 10, 11, 21, 14, 29]",
xgb_orbit_student,0.8,19,f80_19,,0.3333333333333333,"[23, 12, 13, 10, 25, 18, 3, 11, 27, 14, 21, 29]",
tabm_naive,0.8,19,f80_19,,0.4117647058823529,"[23, 0, 25, 9, 20, 17, 26, 6, 11, 13, 4, 1]",
tabm_midpoint,0.8,19,f80_19,,0.4117647058823529,"[23, 0, 25, 9, 20, 17, 26, 6, 4, 13, 1, 11]",
tabm_orbit,0.8,19,f80_19,,0.4117647058823529,"[23, 0, 25, 9, 20, 17, 26, 6, 4, 13, 11, 1]",
tabm_orbit_student,0.8,19,f80_19,,0.3333333333333333,"[23, 14, 25, 9, 0, 6, 17, 13, 26, 11, 4, 20]",
