method,fraction,group,half,run,J,features
copula_mvr,0.5,0,A,half_00_A,0.7142857142857143,"[0, 21, 20, 23, 16, 2, 27, 24, 25, 10, 26, 17]"
copula_mvr,0.5,0,B,half_00_B,0.7142857142857143,"[23, 0, 21, 20, 27, 16, 7, 25, 24, 17, 2, 9]"
copula_mvr,0.5,1,A,half_01_A,0.7142857142857143,"[21, 0, 20, 23, 24, 27, 17, 28, 2, 16, 26, 25]"
copula_mvr,0.5,1,B,half_01_B,0.6,"[21, 0, 23, 20, 24, 16, 27, 17, 7, 9, 15, 8]"
copula_mvr,0.5,2,A,half_02_A,0.7142857142857143,"[21, 0, 24, 20, 23, 27, 16, 9, 2, 17, 7, 30]"
copula_mvr,0.5,2,B,half_02_B,0.8461538461538461,"[0, 23, 21, 20, 24, 27, 2, 17, 16, 25, 22, 7]"
copula_mvr,0.5,3,A,half_03_A,0.6,"[21, 0, 20, 27, 23, 24, 16, 17, 2, 25, 28, 8]"
copula_mvr,0.5,3,B,half_03_B,0.7142857142857143,"[21, 0, 23, 24, 20, 16, 2, 27, 26, 17, 10, 30]"
copula_mvr,0.5,4,A,half_04_A,0.6,"[0, 20, 21, 23, 27, 2, 16, 25, 24, 7, 10, 12]"
copula_mvr,0.5,4,B,half_04_B,0.7142857142857143,"[0, 21, 23, 20, 27, 17, 24, 16, 22, 25, 7, 13]"
copula_mvr,0.5,5,A,half_05_A,0.7142857142857143,"[0, 21, 20, 23, 24, 16, 2, 27, 17, 25, 26, 9]"
copula_mvr,0.5,5,B,half_05_B,0.6,"[23, 0, 20, 21, 24, 27, 16, 7, 2, 12, 28, 25]"
copula_mvr,0.5,6,A,half_06_A,0.7142857142857143,"[21, 0, 20, 24, 27, 23, 16, 17, 2, 25, 12, 22]"
copula_mvr,0.5,6,B,half_06_B,0.7142857142857143,"[0, 23, 20, 21, 27, 16, 26, 24, 7, 2, 25, 9]"
copula_mvr,0.5,7,A,half_07_A,0.8461538461538461,"[0, 23, 20, 21, 24, 27, 16, 22, 17, 9, 2, 7]"
copula_mvr,0.5,7,B,half_07_B,0.8461538461538461,"[21, 23, 0, 24, 20, 2, 16, 27, 26, 25, 17, 7]"
copula_mvr,0.5,8,A,half_08_A,0.6,"[0, 20, 23, 21, 24, 27, 16, 2, 10, 28, 17, 29]"
copula_mvr,0.5,8,B,half_08_B,0.8461538461538461,"[21, 0, 23, 20, 27, 16, 17, 24, 25, 7, 22, 2]"
copula_mvr,0.5,9,A,half_09_A,0.7142857142857143,"[0, 23, 21, 24, 20, 16, 27, 26, 25, 2, 13, 7]"
copula_mvr,0.5,9,B,half_09_B,0.8461538461538461,"[23, 0, 21, 24, 27, 16, 20, 17, 2, 9, 22, 26]"
copula_mvr,0.5,10,A,half_10_A,0.7142857142857143,"[0, 23, 21, 20, 24, 27, 16, 17, 22, 2, 8, 9]"
copula_mvr,0.5,10,B,half_10_B,0.8461538461538461,"[21, 0, 23, 20, 27, 24, 2, 26, 16, 25, 22, 17]"
copula_mvr,0.5,11,A,half_11_A,0.8461538461538461,"[23, 0, 21, 24, 27, 2, 17, 20, 16, 22, 10, 26]"
copula_mvr,0.5,11,B,half_11_B,0.6,"[0, 21, 23, 20, 25, 16, 1, 27, 24, 17, 7, 11]"
copula_mvr,0.5,12,A,half_12_A,0.8461538461538461,"[23, 0, 24, 21, 2, 16, 27, 17, 22, 20, 26, 10]"
copula_mvr,0.5,12,B,half_12_B,0.6,"[0, 21, 23, 20, 24, 27, 8, 16, 22, 28, 25, 17]"
copula_mvr,0.5,13,A,half_13_A,0.8461538461538461,"[21, 0, 24, 23, 27, 16, 17, 20, 9, 22, 7, 2]"
copula_mvr,0.5,13,B,half_13_B,0.7142857142857143,"[0, 21, 23, 20, 24, 27, 16, 2, 8, 17, 22, 13]"
copula_mvr,0.5,14,A,half_14_A,0.7142857142857143,"[21, 0, 23, 24, 16, 26, 2, 17, 20, 25, 27, 5]"
copula_mvr,0.5,14,B,half_14_B,0.6,"[0, 23, 21, 24, 27, 20, 28, 16, 9, 7, 2, 12]"
copula_mvr,0.5,15,A,half_15_A,0.6,"[0, 23, 21, 20, 24, 27, 17, 16, 26, 9, 10, 30]"
copula_mvr,0.5,15,B,half_15_B,0.8461538461538461,"[21, 0, 20, 23, 24, 27, 16, 2, 7, 26, 17, 25]"
copula_mvr,0.5,16,A,half_16_A,0.7142857142857143,"[21, 0, 23, 20, 24, 16, 27, 17, 26, 2, 25, 8]"
copula_mvr,0.5,16,B,half_16_B,0.7142857142857143,"[21, 23, 0, 20, 27, 16, 24, 2, 17, 22, 14, 28]"
copula_mvr,0.5,17,A,half_17_A,0.8461538461538461,"[23, 0, 21, 20, 24, 27, 2, 16, 26, 25, 17, 22]"
copula_mvr,0.5,17,B,half_17_B,0.7142857142857143,"[0, 21, 24, 20, 23, 27, 16, 17, 7, 2, 10, 28]"
copula_mvr,0.5,18,A,half_18_A,0.7142857142857143,"[20, 0, 24, 23, 16, 17, 21, 2, 27, 25, 3, 7]"
copula_mvr,0.5,18,B,half_18_B,0.8461538461538461,"[0, 23, 21, 24, 27, 20, 22, 26, 17, 2, 16, 28]"
copula_mvr,0.5,19,A,half_19_A,0.7142857142857143,"[0, 23, 21, 20, 24, 27, 26, 16, 17, 2, 25, 15]"
copula_mvr,0.5,19,B,half_19_B,0.8461538461538461,"[0, 21, 23, 24, 20, 27, 16, 17, 7, 2, 22, 25]"
copula_mvr,0.5,20,A,half_20_A,0.7142857142857143,"[0, 21, 20, 24, 23, 27, 16, 22, 17, 1, 13, 2]"
copula_mvr,0.5,20,B,half_20_B,0.7142857142857143,"[23, 0, 21, 24, 20, 2, 27, 16, 9, 25, 26, 17]"
copula_mvr,0.5,21,A,half_21_A,0.7142857142857143,"[23, 0, 20, 21, 24, 27, 16, 17, 2, 22, 14, 28]"
copula_mvr,0.5,21,B,half_21_B,0.7142857142857143,"[0, 23, 21, 20, 24, 27, 16, 26, 12, 9, 22, 2]"
copula_mvr,0.5,22,A,half_22_A,0.7142857142857143,"[0, 23, 21, 20, 24, 27, 16, 2, 25, 7, 17, 6]"
copula_mvr,0.5,22,B,half_22_B,0.6,"[21, 0, 23, 24, 27, 16, 2, 20, 10, 17, 28, 9]"
copula_mvr,0.5,23,A,half_23_A,0.7142857142857143,"[23, 0, 21, 20, 27, 17, 24, 16, 8, 2, 25, 26]"
copula_mvr,0.5,23,B,half_23_B,1.0,"[0, 21, 23, 20, 24, 22, 27, 16, 26, 17, 2, 7]"
copula_mvr,0.5,24,A,half_24_A,0.7142857142857143,"[0, 21, 20, 23, 24, 27, 2, 16, 17, 8, 3, 26]"
copula_mvr,0.5,24,B,half_24_B,0.6,"[0, 20, 24, 23, 21, 27, 16, 22, 28, 7, 1, 12]"
copula_mvr,0.5,25,A,half_25_A,0.8461538461538461,"[21, 0, 24, 23, 20, 27, 16, 17, 2, 26, 7, 25]"
copula_mvr,0.5,25,B,half_25_B,0.8461538461538461,"[21, 0, 20, 24, 27, 16, 22, 23, 2, 17, 7, 3]"
copula_mvr,0.5,26,A,half_26_A,0.7142857142857143,"[0, 23, 21, 24, 27, 16, 22, 20, 2, 28, 25, 7]"
copula_mvr,0.5,26,B,half_26_B,0.8461538461538461,"[21, 0, 23, 20, 24, 27, 17, 16, 26, 2, 7, 19]"
copula_mvr,0.5,27,A,half_27_A,0.7142857142857143,"[0, 20, 21, 23, 24, 27, 16, 17, 2, 25, 26, 28]"
copula_mvr,0.5,27,B,half_27_B,0.7142857142857143,"[23, 0, 20, 21, 27, 16, 7, 25, 17, 24, 9, 2]"
copula_mvr,0.5,28,A,half_28_A,0.7142857142857143,"[21, 0, 23, 20, 27, 16, 2, 17, 25, 24, 28, 26]"
copula_mvr,0.5,28,B,half_28_B,0.7142857142857143,"[0, 21, 23, 24, 20, 22, 16, 27, 17, 9, 2, 10]"
copula_mvr,0.5,29,A,half_29_A,0.7142857142857143,"[0, 21, 23, 24, 27, 20, 2, 16, 26, 10, 17, 18]"
copula_mvr,0.5,29,B,half_29_B,0.8461538461538461,"[0, 23, 20, 21, 27, 16, 24, 7, 17, 25, 26, 22]"
copula_mvr,0.7,0,,f70_00,1.0,"[0, 21, 23, 20, 24, 27, 16, 26, 17, 2, 22, 7]"
copula_mvr,0.7,1,,f70_01,0.5,"[0, 21, 23, 20, 24, 27, 2, 16, 9, 10, 25, 12]"
copula_mvr,0.7,2,,f70_02,0.8461538461538461,"[0, 21, 20, 23, 24, 27, 17, 13, 16, 2, 7, 22]"
copula_mvr,0.7,3,,f70_03,0.8461538461538461,"[0, 23, 21, 20, 24, 27, 16, 2, 17, 7, 28, 26]"
copula_mvr,0.7,4,,f70_04,0.7142857142857143,"[0, 23, 21, 20, 24, 16, 2, 27, 17, 25, 26, 28]"
copula_mvr,0.7,5,,f70_05,0.7142857142857143,"[0, 23, 21, 20, 24, 27, 16, 2, 25, 17, 7, 28]"
copula_mvr,0.7,6,,f70_06,0.7142857142857143,"[0, 23, 21, 24, 20, 27, 17, 16, 2, 25, 7, 8]"
copula_mvr,0.7,7,,f70_07,0.8461538461538461,"[0, 23, 20, 24, 21, 27, 16, 22, 17, 2, 25, 7]"
copula_mvr,0.7,8,,f70_08,0.7142857142857143,"[0, 21, 23, 20, 27, 25, 16, 2, 26, 24, 30, 17]"
copula_mvr,0.7,9,,f70_09,0.7142857142857143,"[0, 21, 23, 24, 20, 27, 16, 17, 25, 2, 22, 8]"
copula_mvr,0.7,10,,f70_10,0.7142857142857143,"[23, 0, 21, 20, 27, 16, 22, 24, 2, 25, 17, 8]"
copula_mvr,0.7,11,,f70_11,0.7142857142857143,"[0, 23, 21, 20, 24, 27, 16, 25, 2, 17, 7, 28]"
copula_mvr,0.7,12,,f70_12,0.8461538461538461,"[23, 0, 21, 20, 27, 24, 2, 17, 16, 25, 7, 26]"
copula_mvr,0.7,13,,f70_13,0.7142857142857143,"[0, 23, 20, 21, 24, 27, 16, 17, 7, 28, 13, 26]"
copula_mvr,0.7,14,,f70_14,0.7142857142857143,"[0, 21, 23, 20, 24, 27, 16, 2, 17, 7, 8, 15]"
copula_mvr,0.7,15,,f70_15,0.7142857142857143,"[0, 20, 23, 24, 21, 27, 16, 17, 2, 9, 7, 8]"
copula_mvr,0.7,16,,f70_16,0.7142857142857143,"[0, 21, 23, 20, 24, 16, 27, 8, 28, 17, 2, 22]"
copula_mvr,0.7,17,,f70_17,0.7142857142857143,"[0, 23, 21, 20, 24, 27, 16, 2, 17, 10, 25, 26]"
copula_mvr,0.7,18,,f70_18,0.7142857142857143,"[0, 21, 23, 24, 20, 27, 16, 2, 7, 11, 17, 9]"
copula_mvr,0.7,19,,f70_19,0.8461538461538461,"[23, 0, 21, 24, 20, 27, 16, 17, 2, 7, 25, 22]"
copula_mvr,0.8,0,,f80_00,0.8461538461538461,"[0, 20, 23, 24, 21, 27, 16, 2, 17, 22, 25, 7]"
copula_mvr,0.8,1,,f80_01,0.7142857142857143,"[0, 21, 20, 24, 23, 27, 16, 2, 25, 17, 9, 26]"
copula_mvr,0.8,2,,f80_02,0.8461538461538461,"[0, 23, 21, 20, 27, 16, 17, 22, 7, 10, 24, 2]"
copula_mvr,0.8,3,,f80_03,0.7142857142857143,"[0, 21, 20, 23, 24, 27, 17, 16, 2, 25, 28, 7]"
copula_mvr,0.8,4,,f80_04,0.8461538461538461,"[0, 21, 23, 20, 27, 24, 16, 2, 25, 17, 22, 7]"
copula_mvr,0.8,5,,f80_05,1.0,"[0, 21, 23, 24, 20, 27, 16, 2, 26, 7, 17, 22]"
copula_mvr,0.8,6,,f80_06,0.8461538461538461,"[0, 23, 21, 20, 24, 27, 16, 17, 2, 7, 26, 13]"
copula_mvr,0.8,7,,f80_07,0.8461538461538461,"[0, 21, 23, 20, 24, 27, 16, 17, 2, 22, 7, 9]"
copula_mvr,0.8,8,,f80_08,0.7142857142857143,"[23, 0, 21, 20, 24, 27, 25, 16, 2, 17, 7, 12]"
copula_mvr,0.8,9,,f80_09,0.8461538461538461,"[0, 23, 20, 21, 24, 27, 16, 2, 17, 25, 22, 7]"
copula_mvr,0.8,10,,f80_10,0.7142857142857143,"[21, 0, 23, 20, 24, 27, 16, 2, 17, 25, 7, 14]"
copula_mvr,0.8,11,,f80_11,0.7142857142857143,"[0, 21, 20, 23, 24, 27, 16, 2, 10, 17, 7, 25]"
copula_mvr,0.8,12,,f80_12,0.7142857142857143,"[21, 0, 23, 20, 27, 24, 16, 2, 17, 7, 10, 25]"
copula_mvr,0.8,13,,f80_13,0.8461538461538461,"[0, 23, 24, 21, 20, 27, 16, 17, 7, 2, 26, 28]"
copula_mvr,0.8,14,,f80_14,0.8461538461538461,"[0, 20, 23, 24, 21, 27, 16, 17, 2, 7, 26, 25]"
copula_mvr,0.8,15,,f80_15,0.8461538461538461,"[0, 21, 24, 23, 20, 27, 16, 17, 2, 26, 7, 25]"
copula_mvr,0.8,16,,f80_16,0.7142857142857143,"[0, 23, 21, 20, 27, 16, 24, 25, 22, 2, 17, 8]"
copula_mvr,0.8,17,,f80_17,0.8461538461538461,"[0, 20, 23, 21, 24, 27, 16, 17, 2, 25, 26, 22]"
copula_mvr,0.8,18,,f80_18,0.8461538461538461,"[0, 21, 23, 20, 27, 16, 26, 2, 24, 17, 25, 22]"
copula_mvr,0.8,19,,f80_19,0.8461538461538461,"[0, 23, 24, 20, 21, 27, 16, 17, 26, 7, 2, 25]"
elastic_net,0.5,0,A,half_00_A,0.8461538461538461,"[21, 0, 20, 25, 23, 27, 2, 16, 1, 24, 26, 28]"
elastic_net,0.5,0,B,half_00_B,0.7142857142857143,"[23, 21, 0, 25, 16, 27, 7, 15, 26, 9, 2, 24]"
elastic_net,0.5,1,A,half_01_A,0.7142857142857143,"[21, 0, 25, 20, 27, 2, 15, 26, 28, 16, 1, 19]"
elastic_net,0.5,1,B,half_01_B,0.6,"[23, 0, 25, 20, 16, 27, 2, 24, 26, 9, 8, 7]"
elastic_net,0.5,2,A,half_02_A,0.7142857142857143,"[21, 0, 25, 27, 16, 20, 2, 15, 26, 9, 28, 24]"
elastic_net,0.5,2,B,half_02_B,0.8461538461538461,"[23, 0, 25, 20, 2, 24, 27, 16, 1, 26, 15, 7]"
elastic_net,0.5,3,A,half_03_A,0.8461538461538461,"[23, 0, 20, 25, 27, 21, 24, 16, 2, 15, 28, 1]"
elastic_net,0.5,3,B,half_03_B,0.7142857142857143,"[21, 0, 25, 23, 2, 16, 27, 20, 26, 15, 19, 3]"
elastic_net,0.5,4,A,half_04_A,0.7142857142857143,"[21, 0, 20, 25, 23, 27, 2, 16, 26, 19, 15, 28]"
elastic_net,0.5,4,B,half_04_B,1.0,"[23, 0, 21, 25, 20, 24, 27, 16, 1, 2, 15, 26]"
elastic_net,0.5,5,A,half_05_A,1.0,"[23, 0, 25, 27, 2, 20, 16, 21, 1, 15, 26, 24]"
elastic_net,0.5,5,B,half_05_B,0.7142857142857143,"[21, 0, 20, 25, 27, 24, 16, 2, 26, 7, 15, 28]"
elastic_net,0.5,6,A,half_06_A,0.7142857142857143,"[23, 0, 25, 27, 2, 20, 16, 15, 21, 1, 6, 17]"
elastic_net,0.5,6,B,half_06_B,0.7142857142857143,"[21, 0, 25, 20, 24, 27, 26, 16, 2, 7, 19, 15]"
elastic_net,0.5,7,A,half_07_A,0.6,"[21, 0, 20, 25, 27, 24, 16, 2, 9, 26, 12, 5]"
elastic_net,0.5,7,B,half_07_B,0.6,"[23, 0, 25, 2, 27, 20, 15, 16, 3, 26, 12, 28]"
elastic_net,0.5,8,A,half_08_A,0.7142857142857143,"[21, 0, 20, 25, 27, 23, 2, 16, 15, 10, 1, 28]"
elastic_net,0.5,8,B,half_08_B,0.8461538461538461,"[23, 0, 25, 21, 24, 16, 26, 20, 2, 27, 15, 9]"
elastic_net,0.5,9,A,half_09_A,0.8461538461538461,"[21, 0, 23, 25, 20, 27, 24, 26, 2, 16, 15, 7]"
elastic_net,0.5,9,B,half_09_B,0.8461538461538461,"[23, 0, 21, 25, 20, 27, 2, 16, 1, 9, 24, 15]"
elastic_net,0.5,10,A,half_10_A,0.7142857142857143,"[23, 0, 20, 21, 25, 16, 27, 15, 2, 26, 28, 19]"
elastic_net,0.5,10,B,half_10_B,1.0,"[21, 0, 23, 25, 27, 24, 2, 16, 1, 26, 20, 15]"
elastic_net,0.5,11,A,half_11_A,0.6,"[21, 0, 27, 25, 2, 16, 1, 15, 26, 17, 5, 10]"
elastic_net,0.5,11,B,half_11_B,0.7142857142857143,"[23, 0, 25, 20, 24, 16, 26, 2, 27, 15, 9, 11]"
elastic_net,0.5,12,A,half_12_A,0.7142857142857143,"[23, 0, 25, 16, 2, 20, 26, 27, 17, 24, 7, 15]"
elastic_net,0.5,12,B,half_12_B,0.7142857142857143,"[21, 0, 25, 20, 27, 2, 15, 24, 1, 16, 8, 11]"
elastic_net,0.5,13,A,half_13_A,0.8461538461538461,"[21, 0, 25, 20, 27, 26, 2, 24, 16, 23, 15, 28]"
elastic_net,0.5,13,B,half_13_B,0.7142857142857143,"[23, 0, 25, 27, 20, 21, 2, 16, 8, 11, 15, 24]"
elastic_net,0.5,14,A,half_14_A,0.7142857142857143,"[21, 0, 25, 2, 16, 27, 24, 26, 1, 5, 15, 17]"
elastic_net,0.5,14,B,half_14_B,0.6,"[23, 0, 20, 25, 27, 16, 28, 2, 15, 9, 7, 24]"
elastic_net,0.5,15,A,half_15_A,0.7142857142857143,"[23, 0, 25, 20, 27, 16, 9, 1, 2, 26, 15, 12]"
elastic_net,0.5,15,B,half_15_B,0.7142857142857143,"[21, 0, 25, 20, 2, 27, 16, 24, 26, 15, 28, 7]"
elastic_net,0.5,16,A,half_16_A,0.7142857142857143,"[21, 0, 20, 25, 27, 2, 16, 26, 15, 1, 5, 7]"
elastic_net,0.5,16,B,half_16_B,0.7142857142857143,"[23, 0, 25, 24, 20, 27, 2, 16, 15, 9, 28, 26]"
elastic_net,0.5,17,A,half_17_A,0.8461538461538461,"[21, 0, 25, 20, 2, 24, 26, 27, 16, 1, 15, 11]"
elastic_net,0.5,17,B,half_17_B,0.5,"[23, 0, 25, 20, 27, 16, 15, 2, 7, 9, 17, 28]"
elastic_net,0.5,18,A,half_18_A,0.7142857142857143,"[21, 0, 25, 20, 16, 24, 2, 27, 15, 26, 3, 28]"
elastic_net,0.5,18,B,half_18_B,0.7142857142857143,"[23, 0, 27, 25, 20, 2, 26, 1, 16, 15, 7, 22]"
elastic_net,0.5,19,A,half_19_A,0.7142857142857143,"[21, 0, 25, 24, 20, 27, 26, 2, 16, 9, 3, 15]"
elastic_net,0.5,19,B,half_19_B,0.6,"[23, 0, 20, 25, 27, 2, 16, 15, 21, 7, 5, 19]"
elastic_net,0.5,20,A,half_20_A,0.7142857142857143,"[23, 0, 20, 25, 27, 16, 24, 2, 15, 26, 3, 7]"
elastic_net,0.5,20,B,half_20_B,0.6,"[21, 0, 25, 2, 27, 1, 26, 15, 9, 16, 12, 28]"
elastic_net,0.5,21,A,half_21_A,0.7142857142857143,"[23, 0, 21, 20, 25, 27, 24, 2, 16, 15, 17, 28]"
elastic_net,0.5,21,B,half_21_B,0.7142857142857143,"[21, 23, 0, 25, 16, 27, 2, 26, 9, 12, 15, 1]"
elastic_net,0.5,22,A,half_22_A,0.6,"[21, 0, 25, 20, 2, 16, 27, 15, 26, 7, 5, 6]"
elastic_net,0.5,22,B,half_22_B,0.8461538461538461,"[23, 0, 25, 27, 24, 20, 16, 2, 26, 15, 1, 28]"
elastic_net,0.5,23,A,half_23_A,0.6,"[23, 0, 25, 27, 20, 16, 2, 15, 8, 12, 17, 24]"
elastic_net,0.5,23,B,half_23_B,0.7142857142857143,"[21, 0, 25, 20, 2, 24, 26, 16, 27, 9, 12, 1]"
elastic_net,0.5,24,A,half_24_A,0.8461538461538461,"[23, 0, 25, 2, 27, 24, 1, 16, 26, 20, 15, 17]"
elastic_net,0.5,24,B,half_24_B,0.6,"[21, 0, 20, 25, 27, 16, 12, 28, 15, 26, 13, 2]"
elastic_net,0.5,25,A,half_25_A,0.7142857142857143,"[21, 0, 25, 27, 16, 2, 26, 20, 15, 1, 9, 7]"
elastic_net,0.5,25,B,half_25_B,0.8461538461538461,"[23, 0, 20, 25, 24, 27, 2, 16, 15, 26, 21, 28]"
elastic_net,0.5,26,A,half_26_A,0.6,"[21, 23, 0, 25, 2, 27, 16, 15, 5, 9, 11, 20]"
elastic_net,0.5,26,B,half_26_B,0.7142857142857143,"[0, 21, 23, 20, 25, 24, 26, 27, 16, 19, 15, 17]"
elastic_net,0.5,27,A,half_27_A,0.7142857142857143,"[23, 0, 25, 20, 24, 16, 27, 2, 26, 15, 28, 3]"
elastic_net,0.5,27,B,half_27_B,0.6,"[21, 0, 25, 20, 27, 2, 16, 7, 15, 1, 12, 9]"
elastic_net,0.5,28,A,half_28_A,0.7142857142857143,"[21, 20, 0, 25, 27, 2, 16, 24, 15, 26, 28, 7]"
elastic_net,0.5,28,B,half_28_B,0.6,"[23, 0, 25, 27, 2, 16, 26, 15, 22, 9, 1, 19]"
elastic_net,0.5,29,A,half_29_A,0.7142857142857143,"[21, 0, 25, 27, 2, 20, 16, 1, 26, 8, 9, 15]"
elastic_net,0.5,29,B,half_29_B,0.7142857142857143,"[23, 0, 25, 20, 24, 16, 27, 15, 7, 26, 2, 19]"
elastic_net,0.7,0,,f70_00,0.8461538461538461,"[23, 0, 25, 20, 27, 2, 16, 24, 26, 15, 1, 19]"
elastic_net,0.7,1,,f70_01,0.7142857142857143,"[21, 0, 23, 25, 24, 20, 27, 2, 16, 15, 12, 9]"
elastic_net,0.7,2,,f70_02,0.8461538461538461,"[23, 0, 21, 25, 27, 20, 24, 2, 16, 1, 15, 7]"
elastic_net,0.7,3,,f70_03,1.0,"[23, 0, 25, 21, 20, 27, 24, 2, 16, 1, 26, 15]"
elastic_net,0.7,4,,f70_04,0.8461538461538461,"[21, 0, 25, 23, 20, 27, 2, 16, 15, 26, 28, 1]"
elastic_net,0.7,5,,f70_05,0.8461538461538461,"[21, 0, 25, 20, 27, 24, 23, 2, 16, 26, 15, 28]"
elastic_net,0.7,6,,f70_06,0.8461538461538461,"[0, 21, 23, 25, 20, 27, 16, 2, 15, 26, 1, 17]"
elastic_net,0.7,7,,f70_07,0.8461538461538461,"[23, 0, 25, 20, 2, 16, 27, 26, 21, 15, 9, 24]"
elastic_net,0.7,8,,f70_08,0.8461538461538461,"[21, 0, 23, 25, 20, 2, 24, 27, 16, 26, 5, 15]"
elastic_net,0.7,9,,f70_09,1.0,"[21, 0, 25, 20, 23, 27, 24, 2, 16, 1, 15, 26]"
elastic_net,0.7,10,,f70_10,0.8461538461538461,"[23, 0, 25, 20, 24, 27, 2, 16, 15, 1, 8, 26]"
elastic_net,0.7,11,,f70_11,1.0,"[21, 0, 25, 27, 16, 2, 20, 1, 24, 15, 26, 23]"
elastic_net,0.7,12,,f70_12,1.0,"[21, 0, 20, 25, 23, 27, 2, 15, 16, 24, 1, 26]"
elastic_net,0.7,13,,f70_13,0.7142857142857143,"[23, 0, 21, 25, 27, 16, 24, 20, 2, 15, 7, 17]"
elastic_net,0.7,14,,f70_14,0.7142857142857143,"[21, 0, 25, 23, 27, 2, 16, 24, 26, 7, 1, 9]"
elastic_net,0.7,15,,f70_15,0.7142857142857143,"[21, 0, 25, 20, 24, 2, 27, 16, 26, 15, 19, 9]"
elastic_net,0.7,16,,f70_16,0.7142857142857143,"[23, 0, 25, 20, 24, 27, 16, 2, 8, 15, 26, 28]"
elastic_net,0.7,17,,f70_17,0.7142857142857143,"[23, 0, 25, 20, 27, 16, 2, 24, 15, 26, 11, 28]"
elastic_net,0.7,18,,f70_18,0.7142857142857143,"[21, 0, 25, 20, 23, 2, 27, 16, 15, 11, 1, 7]"
elastic_net,0.7,19,,f70_19,1.0,"[21, 0, 25, 27, 23, 16, 2, 24, 20, 26, 15, 1]"
elastic_net,0.8,0,,f80_00,0.8461538461538461,"[23, 0, 25, 20, 27, 24, 16, 2, 26, 15, 1, 7]"
elastic_net,0.8,1,,f80_01,0.8461538461538461,"[23, 0, 21, 25, 27, 2, 20, 16, 24, 9, 15, 26]"
elastic_net,0.8,2,,f80_02,1.0,"[23, 0, 21, 25, 20, 27, 2, 16, 24, 15, 1, 26]"
elastic_net,0.8,3,,f80_03,1.0,"[21, 0, 23, 25, 27, 24, 20, 2, 16, 26, 1, 15]"
elastic_net,0.8,4,,f80_04,1.0,"[21, 0, 23, 25, 20, 27, 2, 16, 15, 1, 26, 24]"
elastic_net,0.8,5,,f80_05,0.8461538461538461,"[21, 0, 23, 25, 20, 27, 16, 2, 15, 26, 24, 28]"
elastic_net,0.8,6,,f80_06,0.8461538461538461,"[21, 0, 23, 25, 20, 27, 16, 2, 26, 24, 15, 17]"
elastic_net,0.8,7,,f80_07,0.8461538461538461,"[23, 0, 20, 25, 21, 27, 16, 2, 24, 26, 15, 9]"
elastic_net,0.8,8,,f80_08,0.8461538461538461,"[21, 0, 23, 25, 20, 27, 2, 16, 15, 26, 24, 7]"
elastic_net,0.8,9,,f80_09,1.0,"[21, 0, 25, 20, 23, 27, 16, 2, 24, 26, 15, 1]"
elastic_net,0.8,10,,f80_10,0.8461538461538461,"[23, 0, 25, 20, 27, 24, 2, 16, 26, 15, 1, 7]"
elastic_net,0.8,11,,f80_11,1.0,"[21, 0, 25, 27, 20, 2, 16, 23, 24, 15, 1, 26]"
elastic_net,0.8,12,,f80_12,1.0,"[23, 0, 21, 25, 20, 27, 2, 16, 15, 24, 26, 1]"
elastic_net,0.8,13,,f80_13,0.8461538461538461,"[23, 0, 21, 25, 27, 16, 20, 2, 24, 15, 26, 7]"
elastic_net,0.8,14,,f80_14,0.8461538461538461,"[23, 0, 21, 25, 20, 27, 16, 2, 26, 15, 24, 7]"
elastic_net,0.8,15,,f80_15,0.7142857142857143,"[21, 0, 25, 20, 27, 16, 2, 24, 26, 15, 7, 19]"
elastic_net,0.8,16,,f80_16,1.0,"[23, 0, 25, 20, 27, 2, 16, 26, 24, 21, 15, 1]"
elastic_net,0.8,17,,f80_17,0.8461538461538461,"[23, 0, 25, 20, 27, 2, 16, 24, 15, 26, 1, 7]"
elastic_net,0.8,18,,f80_18,1.0,"[21, 0, 25, 23, 20, 2, 27, 16, 26, 24, 1, 15]"
elastic_net,0.8,19,,f80_19,1.0,"[21, 0, 25, 23, 27, 16, 20, 2, 26, 24, 15, 1]"
stability_selection,0.5,0,A,half_00_A,0.4117647058823529,"[0, 20, 25, 27, 2, 16, 13, 3, 8, 17, 1, 15]"
stability_selection,0.5,0,B,half_00_B,0.6,"[0, 25, 16, 27, 7, 15, 26, 9, 2, 19, 6, 18]"
stability_selection,0.5,1,A,half_01_A,0.6,"[0, 25, 27, 2, 15, 26, 28, 19, 22, 16, 6, 17]"
stability_selection,0.5,1,B,half_01_B,0.5,"[0, 25, 16, 27, 2, 8, 7, 15, 10, 9, 4, 5]"
stability_selection,0.5,2,A,half_02_A,0.7142857142857143,"[0, 25, 27, 16, 2, 15, 28, 26, 9, 19, 17, 22]"
stability_selection,0.5,2,B,half_02_B,0.7142857142857143,"[0, 25, 20, 2, 27, 16, 26, 1, 15, 7, 9, 17]"
stability_selection,0.5,3,A,half_03_A,0.7142857142857143,"[0, 20, 25, 27, 16, 2, 15, 7, 28, 8, 9, 17]"
stability_selection,0.5,3,B,half_03_B,0.5,"[0, 25, 2, 16, 19, 7, 17, 27, 15, 3, 9, 5]"
stability_selection,0.5,4,A,half_04_A,0.7142857142857143,"[0, 25, 27, 2, 16, 19, 15, 28, 7, 4, 26, 9]"
stability_selection,0.5,4,B,half_04_B,0.5,"[0, 25, 27, 16, 2, 15, 17, 22, 7, 8, 1, 3]"
stability_selection,0.5,5,A,half_05_A,0.6,"[0, 25, 27, 2, 16, 15, 9, 6, 26, 17, 5, 7]"
stability_selection,0.5,5,B,half_05_B,0.6,"[0, 25, 27, 16, 26, 7, 15, 28, 6, 2, 18, 19]"
stability_selection,0.5,6,A,half_06_A,0.6,"[0, 25, 27, 2, 16, 15, 9, 26, 17, 14, 6, 28]"
stability_selection,0.5,6,B,half_06_B,0.7142857142857143,"[0, 25, 20, 26, 16, 2, 7, 14, 27, 19, 28, 15]"
stability_selection,0.5,7,A,half_07_A,0.5,"[0, 25, 27, 16, 24, 9, 26, 5, 15, 19, 1, 7]"
stability_selection,0.5,7,B,half_07_B,0.6,"[0, 25, 2, 27, 15, 16, 3, 1, 7, 18, 26, 28]"
stability_selection,0.5,8,A,half_08_A,0.5,"[0, 20, 25, 27, 2, 16, 10, 28, 17, 4, 15, 1]"
stability_selection,0.5,8,B,half_08_B,0.6,"[0, 25, 24, 16, 26, 15, 10, 28, 18, 27, 7, 22]"
stability_selection,0.5,9,A,half_09_A,0.6,"[0, 25, 27, 2, 26, 16, 15, 7, 19, 18, 9, 4]"
stability_selection,0.5,9,B,half_09_B,0.5,"[0, 25, 27, 2, 16, 1, 15, 3, 19, 6, 9, 28]"
stability_selection,0.5,10,A,half_10_A,0.6,"[0, 25, 16, 27, 15, 28, 19, 8, 26, 9, 17, 7]"
stability_selection,0.5,10,B,half_10_B,0.6,"[0, 25, 27, 2, 16, 26, 15, 7, 6, 8, 4, 28]"
stability_selection,0.5,11,A,half_11_A,0.5,"[0, 27, 25, 2, 16, 15, 17, 7, 22, 5, 10, 8]"
stability_selection,0.5,11,B,half_11_B,0.7142857142857143,"[0, 25, 20, 16, 26, 7, 28, 2, 15, 9, 19, 5]"
stability_selection,0.5,12,A,half_12_A,0.6,"[0, 25, 2, 16, 26, 27, 17, 7, 15, 5, 4, 28]"
stability_selection,0.5,12,B,half_12_B,0.5,"[0, 25, 27, 2, 15, 16, 8, 28, 6, 7, 13, 4]"
stability_selection,0.5,13,A,half_13_A,0.8461538461538461,"[0, 25, 27, 26, 2, 16, 15, 28, 9, 1, 20, 7]"
stability_selection,0.5,13,B,half_13_B,0.4117647058823529,"[0, 25, 27, 2, 16, 8, 15, 1, 3, 26, 19, 4]"
stability_selection,0.5,14,A,half_14_A,0.6,"[0, 25, 2, 16, 27, 26, 5, 15, 22, 28, 14, 21]"
stability_selection,0.5,14,B,half_14_B,0.7142857142857143,"[0, 20, 25, 27, 16, 28, 2, 9, 15, 7, 19, 3]"
stability_selection,0.5,15,A,half_15_A,0.6,"[0, 25, 27, 16, 9, 1, 15, 2, 26, 19, 5, 7]"
stability_selection,0.5,15,B,half_15_B,0.6,"[0, 25, 2, 27, 16, 15, 3, 17, 26, 28, 7, 8]"
stability_selection,0.5,16,A,half_16_A,0.6,"[0, 25, 27, 2, 16, 26, 15, 1, 6, 7, 28, 8]"
stability_selection,0.5,16,B,half_16_B,0.6,"[0, 25, 27, 2, 16, 9, 18, 24, 15, 26, 22, 3]"
stability_selection,0.5,17,A,half_17_A,0.5,"[21, 0, 25, 2, 26, 27, 16, 1, 15, 19, 5, 28]"
stability_selection,0.5,17,B,half_17_B,0.6,"[0, 25, 27, 16, 15, 22, 7, 9, 28, 4, 3, 6]"
stability_selection,0.5,18,A,half_18_A,0.5,"[0, 25, 16, 15, 3, 7, 2, 26, 28, 13, 8, 18]"
stability_selection,0.5,18,B,half_18_B,0.6,"[0, 27, 25, 2, 26, 7, 22, 18, 16, 28, 17, 10]"
stability_selection,0.5,19,A,half_19_A,0.5,"[0, 25, 26, 16, 9, 3, 15, 27, 2, 18, 4, 17]"
stability_selection,0.5,19,B,half_19_B,0.6,"[0, 20, 25, 27, 2, 16, 15, 7, 5, 19, 26, 17]"
stability_selection,0.5,20,A,half_20_A,0.7142857142857143,"[0, 20, 25, 27, 16, 15, 7, 22, 26, 3, 8, 2]"
stability_selection,0.5,20,B,half_20_B,0.6,"[0, 25, 2, 27, 26, 15, 16, 9, 28, 18, 1, 8]"
stability_selection,0.5,21,A,half_21_A,0.5,"[0, 25, 27, 16, 15, 7, 20, 2, 17, 6, 8, 24]"
stability_selection,0.5,21,B,half_21_B,0.5,"[0, 25, 16, 27, 2, 26, 9, 15, 19, 3, 8, 12]"
stability_selection,0.5,22,A,half_22_A,0.5,"[0, 25, 2, 16, 27, 26, 15, 7, 6, 19, 5, 4]"
stability_selection,0.5,22,B,half_22_B,0.6,"[0, 25, 27, 16, 2, 26, 1, 15, 28, 10, 5, 7]"
stability_selection,0.5,23,A,half_23_A,0.4117647058823529,"[0, 25, 27, 16, 2, 15, 8, 17, 18, 19, 5, 26]"
stability_selection,0.5,23,B,half_23_B,0.7142857142857143,"[0, 25, 2, 26, 16, 27, 1, 9, 15, 22, 7, 5]"
stability_selection,0.5,24,A,half_24_A,0.4117647058823529,"[23, 0, 25, 2, 27, 1, 16, 26, 15, 17, 18, 24]"
stability_selection,0.5,24,B,half_24_B,0.6,"[21, 0, 25, 27, 16, 28, 15, 26, 4, 20, 7, 3]"
stability_selection,0.5,25,A,half_25_A,0.7142857142857143,"[0, 25, 27, 16, 2, 15, 1, 9, 7, 6, 28, 26]"
stability_selection,0.5,25,B,half_25_B,0.7142857142857143,"[0, 20, 25, 24, 16, 15, 26, 28, 10, 22, 27, 2]"
stability_selection,0.5,26,A,half_26_A,0.6,"[0, 25, 2, 27, 16, 15, 5, 9, 7, 14, 22, 6]"
stability_selection,0.5,26,B,half_26_B,0.5,"[0, 20, 25, 24, 26, 27, 16, 19, 2, 15, 17, 3]"
stability_selection,0.5,27,A,half_27_A,0.5,"[0, 25, 16, 27, 2, 15, 28, 26, 17, 18, 6, 24]"
stability_selection,0.5,27,B,half_27_B,0.7142857142857143,"[0, 25, 27, 16, 7, 15, 9, 26, 22, 28, 14, 21]"
stability_selection,0.5,28,A,half_28_A,0.5,"[0, 25, 27, 16, 15, 7, 3, 17, 5, 20, 2, 1]"
stability_selection,0.5,28,B,half_28_B,0.6,"[0, 25, 27, 16, 26, 15, 9, 22, 19, 13, 2, 3]"
stability_selection,0.5,29,A,half_29_A,0.5,"[0, 25, 27, 2, 16, 8, 17, 26, 15, 10, 1, 9]"
stability_selection,0.5,29,B,half_29_B,0.5,"[0, 25, 20, 24, 16, 27, 15, 7, 19, 17, 22, 8]"
stability_selection,0.7,0,,f70_00,0.7142857142857143,"[0, 25, 27, 2, 16, 15, 19, 7, 26, 17, 28, 20]"
stability_selection,0.7,1,,f70_01,0.7142857142857143,"[0, 25, 27, 2, 16, 15, 9, 26, 24, 22, 28, 3]"
stability_selection,0.7,2,,f70_02,0.8461538461538461,"[0, 25, 27, 2, 16, 1, 15, 9, 7, 28, 22, 26]"
stability_selection,0.7,3,,f70_03,0.6,"[0, 25, 27, 2, 16, 1, 26, 15, 7, 28, 18, 17]"
stability_selection,0.7,4,,f70_04,0.7142857142857143,"[0, 25, 27, 2, 16, 15, 26, 7, 20, 28, 1, 6]"
stability_selection,0.7,5,,f70_05,0.7142857142857143,"[0, 25, 27, 2, 16, 26, 15, 28, 7, 20, 3, 19]"
stability_selection,0.7,6,,f70_06,0.6,"[0, 25, 27, 16, 2, 15, 26, 7, 9, 17, 19, 8]"
stability_selection,0.7,7,,f70_07,0.8461538461538461,"[0, 25, 2, 16, 27, 15, 9, 28, 6, 20, 26, 7]"
stability_selection,0.7,8,,f70_08,0.7142857142857143,"[0, 25, 20, 2, 27, 16, 5, 15, 7, 19, 26, 28]"
stability_selection,0.7,9,,f70_09,0.6,"[0, 25, 27, 24, 2, 16, 1, 15, 26, 28, 7, 8]"
stability_selection,0.7,10,,f70_10,0.6,"[0, 25, 24, 27, 16, 15, 1, 8, 28, 20, 2, 26]"
stability_selection,0.7,11,,f70_11,0.6,"[0, 25, 27, 2, 16, 15, 26, 7, 19, 9, 10, 1]"
stability_selection,0.7,12,,f70_12,0.5,"[0, 20, 25, 27, 2, 16, 15, 7, 3, 17, 8, 19]"
stability_selection,0.7,13,,f70_13,0.5,"[0, 25, 27, 16, 2, 15, 7, 1, 17, 5, 22, 19]"
stability_selection,0.7,14,,f70_14,0.5,"[0, 25, 27, 2, 16, 26, 15, 8, 19, 7, 1, 6]"
stability_selection,0.7,15,,f70_15,0.6,"[21, 0, 25, 20, 2, 27, 16, 15, 17, 28, 26, 19]"
stability_selection,0.7,16,,f70_16,0.7142857142857143,"[0, 25, 20, 16, 2, 8, 15, 26, 28, 3, 27, 22]"
stability_selection,0.7,17,,f70_17,0.7142857142857143,"[0, 25, 20, 27, 16, 15, 26, 7, 2, 3, 17, 28]"
stability_selection,0.7,18,,f70_18,0.6,"[0, 25, 2, 27, 16, 15, 7, 9, 19, 1, 22, 4]"
stability_selection,0.7,19,,f70_19,0.8461538461538461,"[0, 25, 27, 16, 2, 15, 7, 24, 26, 28, 9, 22]"
stability_selection,0.8,0,,f80_00,0.7142857142857143,"[0, 25, 27, 16, 2, 26, 15, 7, 28, 8, 20, 1]"
stability_selection,0.8,1,,f80_01,0.7142857142857143,"[0, 25, 27, 2, 16, 9, 26, 15, 22, 1, 5, 7]"
stability_selection,0.8,2,,f80_02,0.6,"[0, 25, 27, 2, 16, 15, 26, 7, 28, 17, 8, 6]"
stability_selection,0.8,3,,f80_03,0.6,"[0, 25, 27, 2, 16, 15, 7, 26, 1, 28, 17, 8]"
stability_selection,0.8,4,,f80_04,0.7142857142857143,"[0, 25, 27, 2, 16, 15, 7, 1, 26, 28, 22, 8]"
stability_selection,0.8,5,,f80_05,0.7142857142857143,"[0, 25, 27, 16, 2, 15, 26, 28, 8, 7, 9, 4]"
stability_selection,0.8,6,,f80_06,0.6,"[0, 25, 27, 16, 2, 15, 7, 8, 20, 26, 17, 1]"
stability_selection,0.8,7,,f80_07,1.0,"[0, 20, 25, 27, 16, 2, 26, 15, 9, 28, 7, 22]"
stability_selection,0.8,8,,f80_08,0.6,"[0, 25, 27, 2, 16, 15, 7, 9, 26, 8, 6, 1]"
stability_selection,0.8,9,,f80_09,0.8461538461538461,"[0, 25, 27, 16, 26, 15, 28, 7, 20, 2, 22, 8]"
stability_selection,0.8,10,,f80_10,0.8461538461538461,"[0, 25, 20, 27, 2, 16, 15, 9, 7, 24, 26, 28]"
stability_selection,0.8,11,,f80_11,0.7142857142857143,"[0, 25, 27, 16, 2, 15, 1, 26, 7, 9, 28, 19]"
stability_selection,0.8,12,,f80_12,0.6,"[0, 25, 27, 2, 16, 15, 26, 7, 28, 8, 19, 1]"
stability_selection,0.8,13,,f80_13,0.6,"[0, 25, 27, 16, 2, 15, 26, 7, 9, 17, 19, 6]"
stability_selection,0.8,14,,f80_14,0.7142857142857143,"[0, 25, 27, 16, 2, 26, 15, 7, 19, 9, 3, 28]"
stability_selection,0.8,15,,f80_15,0.7142857142857143,"[0, 25, 27, 16, 2, 26, 15, 9, 19, 8, 22, 7]"
stability_selection,0.8,16,,f80_16,0.7142857142857143,"[0, 25, 27, 2, 16, 26, 15, 28, 8, 7, 20, 1]"
stability_selection,0.8,17,,f80_17,0.7142857142857143,"[0, 25, 27, 2, 16, 15, 26, 7, 24, 28, 20, 5]"
stability_selection,0.8,18,,f80_18,0.7142857142857143,"[0, 25, 2, 27, 16, 26, 1, 15, 7, 9, 3, 22]"
stability_selection,0.8,19,,f80_19,0.6,"[0, 25, 27, 16, 2, 26, 15, 7, 17, 28, 8, 18]"
shadow_trees,0.5,0,A,half_00_A,1.0,"[21, 23, 24, 20, 0, 25, 15, 16, 19, 9, 2, 1]"
shadow_trees,0.5,0,B,half_00_B,1.0,"[21, 23, 24, 20, 15, 0, 25, 16, 19, 9, 1, 2]"
shadow_trees,0.5,1,A,half_01_A,1.0,"[24, 21, 23, 20, 25, 15, 0, 16, 19, 2, 9, 1]"
shadow_trees,0.5,1,B,half_01_B,0.8461538461538461,"[21, 23, 24, 20, 0, 25, 15, 16, 19, 9, 26, 1]"
shadow_trees,0.5,2,A,half_02_A,1.0,"[24, 21, 23, 20, 25, 15, 0, 16, 19, 9, 1, 2]"
shadow_trees,0.5,2,B,half_02_B,1.0,"[21, 23, 24, 20, 0, 25, 15, 16, 19, 9, 2, 1]"
shadow_trees,0.5,3,A,half_03_A,1.0,"[21, 23, 24, 20, 0, 25, 15, 16, 19, 9, 2, 1]"
shadow_trees,0.5,3,B,half_03_B,1.0,"[21, 23, 24, 20, 25, 0, 15, 16, 19, 9, 2, 1]"
shadow_trees,0.5,4,A,half_04_A,1.0,"[21, 24, 23, 20, 25, 0, 15, 16, 19, 2, 1, 9]"
shadow_trees,0.5,4,B,half_04_B,0.8461538461538461,"[21, 23, 24, 20, 0, 15, 25, 16, 19, 9, 2, 26]"
shadow_trees,0.5,5,A,half_05_A,1.0,"[23, 21, 24, 20, 0, 15, 25, 16, 19, 9, 2, 1]"
shadow_trees,0.5,5,B,half_05_B,0.8461538461538461,"[21, 23, 24, 20, 25, 0, 15, 16, 19, 9, 1, 26]"
shadow_trees,0.5,6,A,half_06_A,1.0,"[21, 23, 24, 20, 0, 25, 15, 16, 19, 9, 2, 1]"
shadow_trees,0.5,6,B,half_06_B,0.8461538461538461,"[21, 23, 24, 0, 20, 25, 15, 16, 19, 26, 2, 9]"
shadow_trees,0.5,7,A,half_07_A,0.8461538461538461,"[21, 23, 24, 20, 0, 25, 15, 16, 19, 9, 2, 26]"
shadow_trees,0.5,7,B,half_07_B,1.0,"[24, 23, 21, 20, 25, 15, 0, 16, 19, 2, 9, 1]"
shadow_trees,0.5,8,A,half_08_A,1.0,"[21, 24, 23, 20, 0, 25, 15, 16, 19, 2, 9, 1]"
shadow_trees,0.5,8,B,half_08_B,0.8461538461538461,"[21, 23, 24, 20, 25, 0, 15, 16, 19, 9, 2, 26]"
shadow_trees,0.5,9,A,half_09_A,0.8461538461538461,"[23, 21, 24, 20, 25, 0, 15, 16, 19, 9, 26, 2]"
shadow_trees,0.5,9,B,half_09_B,1.0,"[21, 23, 24, 20, 0, 15, 25, 16, 19, 9, 2, 1]"
shadow_trees,0.5,10,A,half_10_A,1.0,"[21, 23, 24, 20, 0, 25, 15, 16, 19, 2, 9, 1]"
shadow_trees,0.5,10,B,half_10_B,1.0,"[21, 23, 24, 25, 20, 0, 15, 16, 19, 9, 1, 2]"
shadow_trees,0.5,11,A,half_11_A,0.8461538461538461,"[21, 23, 24, 20, 0, 15, 25, 16, 19, 9, 2, 26]"
shadow_trees,0.5,11,B,half_11_B,1.0,"[21, 23, 24, 25, 20, 0, 15, 16, 19, 9, 1, 2]"
shadow_trees,0.5,12,A,half_12_A,1.0,"[23, 21, 24, 20, 25, 0, 15, 16, 19, 2, 1, 9]"
shadow_trees,0.5,12,B,half_12_B,0.7142857142857143,"[21, 23, 24, 20, 0, 25, 15, 16, 19, 9, 8, 28]"
shadow_trees,0.5,13,A,half_13_A,1.0,"[21, 24, 23, 25, 20, 0, 15, 16, 19, 9, 2, 1]"
shadow_trees,0.5,13,B,half_13_B,1.0,"[23, 21, 24, 20, 0, 15, 25, 16, 19, 2, 9, 1]"
shadow_trees,0.5,14,A,half_14_A,0.8461538461538461,"[21, 23, 24, 20, 25, 15, 0, 16, 19, 2, 9, 26]"
shadow_trees,0.5,14,B,half_14_B,1.0,"[24, 21, 23, 20, 0, 25, 15, 16, 19, 9, 2, 1]"
shadow_trees,0.5,15,A,half_15_A,0.8461538461538461,"[23, 24, 21, 0, 25, 20, 15, 16, 19, 9, 26, 2]"
shadow_trees,0.5,15,B,half_15_B,1.0,"[21, 23, 24, 20, 25, 15, 0, 16, 19, 9, 2, 1]"
shadow_trees,0.5,16,A,half_16_A,0.8461538461538461,"[21, 23, 24, 20, 0, 15, 25, 16, 19, 9, 26, 2]"
shadow_trees,0.5,16,B,half_16_B,1.0,"[23, 21, 24, 25, 20, 0, 15, 16, 19, 1, 2, 9]"
shadow_trees,0.5,17,A,half_17_A,0.8461538461538461,"[21, 23, 24, 20, 25, 0, 15, 16, 19, 26, 2, 9]"
shadow_trees,0.5,17,B,half_17_B,1.0,"[21, 23, 24, 20, 0, 25, 15, 16, 19, 9, 2, 1]"
shadow_trees,0.5,18,A,half_18_A,1.0,"[21, 23, 24, 20, 25, 0, 15, 16, 19, 9, 2, 1]"
shadow_trees,0.5,18,B,half_18_B,0.8461538461538461,"[23, 21, 24, 20, 0, 25, 15, 16, 19, 26, 9, 1]"
shadow_trees,0.5,19,A,half_19_A,0.8461538461538461,"[21, 23, 24, 20, 25, 0, 15, 16, 19, 9, 26, 2]"
shadow_trees,0.5,19,B,half_19_B,1.0,"[21, 23, 24, 20, 0, 25, 15, 16, 19, 1, 2, 9]"
shadow_trees,0.5,20,A,half_20_A,0.8461538461538461,"[21, 23, 24, 20, 0, 15, 25, 16, 19, 9, 1, 26]"
shadow_trees,0.5,20,B,half_20_B,0.8461538461538461,"[24, 21, 23, 25, 20, 0, 15, 16, 19, 2, 9, 26]"
shadow_trees,0.5,21,A,half_21_A,1.0,"[23, 21, 24, 20, 0, 25, 15, 16, 19, 2, 9, 1]"
shadow_trees,0.5,21,B,half_21_B,0.8461538461538461,"[21, 24, 23, 25, 0, 20, 15, 16, 19, 9, 26, 2]"
shadow_trees,0.5,22,A,half_22_A,1.0,"[24, 21, 23, 20, 25, 0, 15, 16, 19, 9, 2, 1]"
shadow_trees,0.5,22,B,half_22_B,0.8461538461538461,"[23, 21, 24, 20, 0, 25, 15, 16, 19, 2, 9, 26]"
shadow_trees,0.5,23,A,half_23_A,0.8461538461538461,"[24, 23, 21, 20, 25, 0, 15, 16, 19, 9, 1, 26]"
shadow_trees,0.5,23,B,half_23_B,1.0,"[21, 23, 24, 20, 0, 15, 25, 16, 19, 2, 9, 1]"
shadow_trees,0.5,24,A,half_24_A,0.8461538461538461,"[23, 21, 24, 20, 0, 25, 15, 16, 19, 9, 2, 26]"
shadow_trees,0.5,24,B,half_24_B,1.0,"[21, 24, 23, 20, 0, 25, 15, 16, 19, 9, 1, 2]"
shadow_trees,0.5,25,A,half_25_A,0.8461538461538461,"[24, 21, 23, 20, 25, 0, 15, 16, 19, 9, 2, 26]"
shadow_trees,0.5,25,B,half_25_B,1.0,"[21, 23, 24, 20, 0, 25, 15, 16, 19, 2, 1, 9]"
shadow_trees,0.5,26,A,half_26_A,1.0,"[21, 23, 24, 20, 0, 25, 15, 16, 19, 9, 2, 1]"
shadow_trees,0.5,26,B,half_26_B,0.8461538461538461,"[21, 23, 24, 20, 25, 0, 15, 16, 19, 26, 9, 1]"
shadow_trees,0.5,27,A,half_27_A,1.0,"[21, 23, 24, 20, 0, 25, 15, 16, 19, 9, 2, 1]"
shadow_trees,0.5,27,B,half_27_B,1.0,"[24, 21, 23, 20, 25, 0, 15, 16, 19, 9, 2, 1]"
shadow_trees,0.5,28,A,half_28_A,1.0,"[21, 23, 24, 20, 0, 25, 15, 16, 19, 2, 9, 1]"
shadow_trees,0.5,28,B,half_28_B,1.0,"[23, 21, 24, 20, 0, 25, 15, 16, 19, 2, 9, 1]"
shadow_trees,0.5,29,A,half_29_A,1.0,"[21, 23, 24, 20, 0, 25, 15, 16, 19, 2, 9, 1]"
shadow_trees,0.5,29,B,half_29_B,1.0,"[21, 23, 24, 20, 25, 0, 15, 16, 19, 9, 1, 2]"
shadow_trees,0.7,0,,f70_00,1.0,"[23, 21, 24, 20, 0, 25, 15, 16, 19, 2, 9, 1]"
shadow_trees,0.7,1,,f70_01,1.0,"[21, 23, 24, 25, 20, 0, 15, 16, 19, 9, 2, 1]"
shadow_trees,0.7,2,,f70_02,0.8461538461538461,"[23, 21, 24, 20, 0, 25, 15, 16, 19, 9, 2, 18]"
shadow_trees,0.7,3,,f70_03,0.8461538461538461,"[21, 23, 24, 25, 20, 0, 15, 16, 19, 2, 26, 9]"
shadow_trees,0.7,4,,f70_04,1.0,"[21, 23, 24, 20, 0, 25, 15, 16, 19, 2, 9, 1]"
shadow_trees,0.7,5,,f70_05,1.0,"[21, 23, 24, 20, 0, 25, 15, 16, 19, 9, 2, 1]"
shadow_trees,0.7,6,,f70_06,1.0,"[21, 23, 24, 20, 0, 25, 15, 16, 19, 9, 2, 1]"
shadow_trees,0.7,7,,f70_07,0.8461538461538461,"[23, 21, 24, 20, 15, 0, 25, 16, 19, 9, 2, 26]"
shadow_trees,0.7,8,,f70_08,1.0,"[21, 23, 24, 20, 0, 25, 15, 16, 19, 9, 2, 1]"
shadow_trees,0.7,9,,f70_09,1.0,"[21, 23, 24, 20, 0, 25, 15, 16, 19, 9, 2, 1]"
shadow_trees,0.7,10,,f70_10,1.0,"[23, 21, 24, 20, 0, 25, 15, 16, 19, 9, 2, 1]"
shadow_trees,0.7,11,,f70_11,1.0,"[21, 23, 24, 20, 0, 15, 25, 16, 19, 9, 2, 1]"
shadow_trees,0.7,12,,f70_12,1.0,"[21, 23, 24, 20, 0, 25, 15, 16, 19, 9, 2, 1]"
shadow_trees,0.7,13,,f70_13,0.8461538461538461,"[21, 23, 24, 20, 0, 25, 15, 16, 19, 9, 1, 18]"
shadow_trees,0.7,14,,f70_14,1.0,"[21, 23, 24, 20, 0, 25, 15, 16, 19, 9, 2, 1]"
shadow_trees,0.7,15,,f70_15,1.0,"[21, 23, 24, 20, 0, 25, 15, 16, 19, 9, 2, 1]"
shadow_trees,0.7,16,,f70_16,0.8461538461538461,"[23, 21, 24, 20, 25, 0, 15, 16, 19, 9, 2, 8]"
shadow_trees,0.7,17,,f70_17,1.0,"[24, 23, 21, 25, 0, 20, 15, 16, 19, 2, 1, 9]"
shadow_trees,0.7,18,,f70_18,1.0,"[21, 23, 24, 20, 0, 25, 15, 16, 19, 2, 9, 1]"
shadow_trees,0.7,19,,f70_19,1.0,"[21, 23, 24, 20, 0, 25, 15, 16, 19, 9, 1, 2]"
shadow_trees,0.8,0,,f80_00,1.0,"[23, 21, 24, 20, 0, 25, 15, 16, 19, 9, 2, 1]"
shadow_trees,0.8,1,,f80_01,1.0,"[21, 24, 23, 25, 20, 0, 15, 16, 19, 9, 2, 1]"
shadow_trees,0.8,2,,f80_02,1.0,"[21, 23, 24, 20, 0, 25, 15, 16, 19, 9, 2, 1]"
shadow_trees,0.8,3,,f80_03,1.0,"[21, 23, 24, 20, 0, 25, 15, 16, 19, 9, 2, 1]"
shadow_trees,0.8,4,,f80_04,1.0,"[21, 23, 24, 20, 0, 15, 25, 16, 19, 9, 2, 1]"
shadow_trees,0.8,5,,f80_05,1.0,"[21, 23, 24, 20, 0, 25, 15, 16, 19, 9, 1, 2]"
shadow_trees,0.8,6,,f80_06,1.0,"[23, 21, 24, 20, 0, 25, 15, 16, 19, 9, 2, 1]"
shadow_trees,0.8,7,,f80_07,1.0,"[21, 23, 24, 20, 0, 15, 25, 16, 19, 9, 2, 1]"
shadow_trees,0.8,8,,f80_08,1.0,"[21, 23, 24, 20, 0, 25, 15, 16, 19, 9, 2, 1]"
shadow_trees,0.8,9,,f80_09,1.0,"[21, 23, 24, 20, 0, 25, 15, 16, 19, 9, 2, 1]"
shadow_trees,0.8,10,,f80_10,1.0,"[23, 21, 24, 20, 0, 25, 15, 16, 19, 9, 1, 2]"
shadow_trees,0.8,11,,f80_11,1.0,"[21, 23, 24, 20, 0, 25, 15, 16, 19, 2, 9, 1]"
shadow_trees,0.8,12,,f80_12,1.0,"[21, 23, 24, 20, 0, 25, 15, 16, 19, 9, 2, 1]"
shadow_trees,0.8,13,,f80_13,1.0,"[21, 23, 24, 20, 0, 25, 15, 16, 19, 9, 2, 1]"
shadow_trees,0.8,14,,f80_14,1.0,"[21, 23, 24, 20, 25, 0, 15, 16, 19, 9, 2, 1]"
shadow_trees,0.8,15,,f80_15,1.0,"[21, 23, 24, 20, 0, 25, 15, 16, 19, 9, 2, 1]"
shadow_trees,0.8,16,,f80_16,0.8461538461538461,"[21, 23, 24, 20, 0, 25, 15, 16, 19, 9, 2, 26]"
shadow_trees,0.8,17,,f80_17,1.0,"[23, 21, 24, 0, 25, 20, 15, 16, 19, 2, 9, 1]"
shadow_trees,0.8,18,,f80_18,1.0,"[21, 23, 24, 20, 0, 25, 15, 16, 19, 9, 2, 1]"
shadow_trees,0.8,19,,f80_19,1.0,"[21, 23, 24, 20, 0, 25, 15, 16, 19, 9, 2, 1]"
xgboost_shap,0.5,0,A,half_00_A,0.7142857142857143,"[21, 0, 23, 16, 24, 19, 20, 15, 18, 2, 25, 28]"
xgboost_shap,0.5,0,B,half_00_B,0.8461538461538461,"[23, 21, 0, 24, 16, 15, 19, 25, 7, 1, 18, 20]"
xgboost_shap,0.5,1,A,half_01_A,0.8461538461538461,"[21, 0, 24, 16, 23, 15, 19, 20, 18, 2, 25, 7]"
xgboost_shap,0.5,1,B,half_01_B,0.6,"[23, 21, 0, 16, 19, 24, 15, 25, 20, 18, 17, 8]"
xgboost_shap,0.5,2,A,half_02_A,0.7142857142857143,"[21, 24, 0, 23, 19, 16, 15, 18, 20, 9, 27, 7]"
xgboost_shap,0.5,2,B,half_02_B,0.8461538461538461,"[23, 0, 21, 16, 15, 25, 19, 20, 2, 24, 18, 7]"
xgboost_shap,0.5,3,A,half_03_A,0.7142857142857143,"[23, 0, 21, 24, 16, 19, 15, 20, 18, 7, 25, 17]"
xgboost_shap,0.5,3,B,half_03_B,0.8461538461538461,"[21, 23, 0, 16, 19, 24, 15, 25, 18, 20, 2, 7]"
xgboost_shap,0.5,4,A,half_04_A,0.8461538461538461,"[21, 0, 24, 16, 23, 19, 25, 15, 20, 1, 18, 7]"
xgboost_shap,0.5,4,B,half_04_B,0.6,"[23, 21, 0, 16, 15, 19, 24, 20, 18, 27, 17, 25]"
xgboost_shap,0.5,5,A,half_05_A,0.8461538461538461,"[23, 0, 21, 24, 16, 19, 15, 18, 20, 2, 1, 17]"
xgboost_shap,0.5,5,B,half_05_B,0.7142857142857143,"[21, 23, 0, 16, 19, 15, 24, 25, 18, 1, 20, 27]"
xgboost_shap,0.5,6,A,half_06_A,0.8461538461538461,"[23, 0, 21, 24, 19, 16, 15, 20, 18, 25, 2, 1]"
xgboost_shap,0.5,6,B,half_06_B,0.8461538461538461,"[21, 23, 0, 16, 19, 24, 15, 20, 18, 7, 28, 2]"
xgboost_shap,0.5,7,A,half_07_A,0.6,"[21, 0, 16, 23, 19, 20, 24, 15, 18, 27, 17, 6]"
xgboost_shap,0.5,7,B,half_07_B,0.8461538461538461,"[23, 21, 0, 24, 16, 19, 15, 25, 20, 18, 7, 1]"
xgboost_shap,0.5,8,A,half_08_A,0.7142857142857143,"[23, 21, 0, 24, 19, 16, 15, 20, 18, 25, 1, 4]"
xgboost_shap,0.5,8,B,half_08_B,0.8461538461538461,"[21, 23, 0, 16, 19, 15, 24, 20, 25, 18, 7, 2]"
xgboost_shap,0.5,9,A,half_09_A,0.7142857142857143,"[21, 23, 0, 24, 19, 16, 15, 18, 25, 20, 2, 27]"
xgboost_shap,0.5,9,B,half_09_B,0.8461538461538461,"[23, 21, 0, 16, 19, 24, 15, 20, 18, 25, 1, 7]"
xgboost_shap,0.5,10,A,half_10_A,0.6,"[21, 23, 0, 16, 24, 19, 20, 15, 18, 25, 17, 27]"
xgboost_shap,0.5,10,B,half_10_B,1.0,"[23, 21, 0, 19, 24, 15, 16, 20, 1, 18, 7, 2]"
xgboost_shap,0.5,11,A,half_11_A,0.7142857142857143,"[23, 21, 0, 16, 19, 18, 24, 15, 27, 2, 20, 25]"
xgboost_shap,0.5,11,B,half_11_B,0.7142857142857143,"[23, 0, 21, 24, 16, 15, 25, 19, 20, 1, 18, 9]"
xgboost_shap,0.5,12,A,half_12_A,0.7142857142857143,"[23, 21, 0, 19, 16, 24, 15, 25, 17, 7, 2, 1]"
xgboost_shap,0.5,12,B,half_12_B,0.6,"[23, 21, 0, 24, 16, 15, 19, 20, 18, 28, 27, 8]"
xgboost_shap,0.5,13,A,half_13_A,0.7142857142857143,"[23, 21, 0, 24, 16, 19, 25, 15, 20, 18, 7, 9]"
xgboost_shap,0.5,13,B,half_13_B,0.8461538461538461,"[23, 21, 0, 16, 19, 20, 15, 24, 8, 18, 1, 2]"
xgboost_shap,0.5,14,A,half_14_A,0.8461538461538461,"[21, 23, 0, 16, 19, 24, 15, 18, 2, 7, 17, 1]"
xgboost_shap,0.5,14,B,half_14_B,0.6,"[23, 0, 21, 24, 16, 19, 20, 15, 25, 18, 9, 28]"
xgboost_shap,0.5,15,A,half_15_A,0.5,"[23, 21, 0, 16, 24, 19, 25, 15, 17, 9, 18, 27]"
xgboost_shap,0.5,15,B,half_15_B,0.8461538461538461,"[23, 21, 0, 24, 19, 16, 15, 20, 18, 2, 1, 25]"
xgboost_shap,0.5,16,A,half_16_A,0.8461538461538461,"[21, 0, 24, 16, 19, 23, 20, 15, 18, 17, 7, 1]"
xgboost_shap,0.5,16,B,half_16_B,0.7142857142857143,"[23, 0, 21, 15, 19, 24, 16, 25, 18, 2, 20, 28]"
xgboost_shap,0.5,17,A,half_17_A,0.7142857142857143,"[21, 0, 23, 16, 24, 19, 25, 15, 20, 18, 26, 2]"
xgboost_shap,0.5,17,B,half_17_B,0.8461538461538461,"[23, 21, 0, 19, 24, 16, 15, 18, 20, 1, 9, 7]"
xgboost_shap,0.5,18,A,half_18_A,0.7142857142857143,"[21, 23, 0, 16, 24, 19, 15, 25, 20, 18, 2, 17]"
xgboost_shap,0.5,18,B,half_18_B,0.8461538461538461,"[23, 0, 21, 24, 16, 19, 15, 7, 20, 27, 1, 2]"
xgboost_shap,0.5,19,A,half_19_A,0.7142857142857143,"[21, 23, 0, 24, 16, 19, 15, 18, 2, 20, 4, 28]"
xgboost_shap,0.5,19,B,half_19_B,0.8461538461538461,"[23, 21, 0, 16, 19, 24, 20, 25, 15, 7, 1, 18]"
xgboost_shap,0.5,20,A,half_20_A,0.7142857142857143,"[23, 21, 0, 19, 16, 15, 20, 24, 1, 18, 17, 28]"
xgboost_shap,0.5,20,B,half_20_B,0.7142857142857143,"[21, 0, 24, 16, 25, 23, 19, 15, 18, 2, 7, 28]"
xgboost_shap,0.5,21,A,half_21_A,0.8461538461538461,"[23, 21, 0, 19, 24, 20, 16, 15, 18, 7, 27, 2]"
xgboost_shap,0.5,21,B,half_21_B,0.7142857142857143,"[23, 21, 0, 16, 24, 19, 25, 15, 18, 1, 7, 8]"
xgboost_shap,0.5,22,A,half_22_A,0.7142857142857143,"[21, 23, 0, 24, 19, 16, 25, 20, 15, 18, 17, 7]"
xgboost_shap,0.5,22,B,half_22_B,1.0,"[23, 21, 0, 16, 24, 19, 15, 18, 1, 20, 7, 2]"
xgboost_shap,0.5,23,A,half_23_A,0.7142857142857143,"[23, 0, 21, 24, 16, 19, 15, 20, 25, 27, 18, 7]"
xgboost_shap,0.5,23,B,half_23_B,0.8461538461538461,"[21, 23, 0, 16, 19, 24, 15, 20, 2, 18, 4, 7]"
xgboost_shap,0.5,24,A,half_24_A,0.8461538461538461,"[23, 0, 21, 16, 19, 15, 25, 20, 24, 18, 2, 7]"
xgboost_shap,0.5,24,B,half_24_B,0.8461538461538461,"[21, 0, 24, 16, 19, 20, 15, 23, 18, 1, 28, 7]"
xgboost_shap,0.5,25,A,half_25_A,0.7142857142857143,"[21, 0, 24, 23, 16, 19, 15, 25, 20, 18, 7, 17]"
xgboost_shap,0.5,25,B,half_25_B,0.8461538461538461,"[23, 21, 0, 16, 19, 15, 24, 18, 20, 2, 1, 28]"
xgboost_shap,0.5,26,A,half_26_A,0.8461538461538461,"[21, 23, 0, 19, 24, 16, 15, 2, 18, 25, 20, 7]"
xgboost_shap,0.5,26,B,half_26_B,0.7142857142857143,"[23, 21, 0, 16, 19, 24, 15, 20, 1, 25, 18, 17]"
xgboost_shap,0.5,27,A,half_27_A,0.8461538461538461,"[23, 21, 0, 16, 19, 24, 15, 18, 25, 20, 2, 1]"
xgboost_shap,0.5,27,B,half_27_B,0.8461538461538461,"[21, 23, 0, 24, 16, 15, 19, 20, 7, 18, 1, 17]"
xgboost_shap,0.5,28,A,half_28_A,0.7142857142857143,"[21, 0, 23, 16, 19, 15, 20, 24, 25, 27, 18, 7]"
xgboost_shap,0.5,28,B,half_28_B,0.7142857142857143,"[23, 0, 24, 21, 16, 19, 18, 25, 15, 20, 8, 2]"
xgboost_shap,0.5,29,A,half_29_A,0.7142857142857143,"[21, 0, 16, 23, 24, 19, 15, 20, 18, 2, 28, 4]"
xgboost_shap,0.5,29,B,half_29_B,0.8461538461538461,"[23, 21, 0, 24, 16, 19, 15, 25, 20, 7, 18, 1]"
xgboost_shap,0.7,0,,f70_00,1.0,"[23, 21, 0, 16, 24, 19, 15, 20, 18, 2, 1, 7]"
xgboost_shap,0.7,1,,f70_01,0.8461538461538461,"[23, 21, 0, 24, 16, 19, 15, 18, 25, 2, 20, 1]"
xgboost_shap,0.7,2,,f70_02,0.8461538461538461,"[23, 21, 0, 19, 16, 24, 15, 20, 18, 7, 25, 1]"
xgboost_shap,0.7,3,,f70_03,0.7142857142857143,"[23, 21, 0, 16, 24, 19, 15, 18, 20, 25, 17, 7]"
xgboost_shap,0.7,4,,f70_04,0.8461538461538461,"[23, 21, 0, 24, 16, 19, 15, 25, 20, 18, 2, 1]"
xgboost_shap,0.7,5,,f70_05,1.0,"[23, 21, 0, 16, 19, 24, 15, 20, 18, 7, 1, 2]"
xgboost_shap,0.7,6,,f70_06,0.7142857142857143,"[23, 0, 21, 19, 24, 16, 15, 20, 18, 25, 7, 17]"
xgboost_shap,0.7,7,,f70_07,0.8461538461538461,"[23, 21, 0, 24, 16, 15, 19, 20, 18, 17, 7, 2]"
xgboost_shap,0.7,8,,f70_08,1.0,"[23, 21, 0, 24, 16, 19, 15, 20, 18, 1, 2, 7]"
xgboost_shap,0.7,9,,f70_09,0.6,"[23, 21, 0, 24, 16, 19, 15, 20, 18, 25, 27, 17]"
xgboost_shap,0.7,10,,f70_10,0.7142857142857143,"[23, 0, 21, 24, 16, 19, 15, 18, 20, 1, 25, 4]"
xgboost_shap,0.7,11,,f70_11,1.0,"[21, 23, 0, 24, 16, 15, 19, 20, 18, 2, 1, 7]"
xgboost_shap,0.7,12,,f70_12,1.0,"[23, 21, 0, 24, 19, 16, 15, 20, 18, 1, 7, 2]"
xgboost_shap,0.7,13,,f70_13,0.8461538461538461,"[23, 21, 0, 24, 19, 16, 15, 18, 25, 7, 20, 1]"
xgboost_shap,0.7,14,,f70_14,0.8461538461538461,"[23, 21, 0, 16, 19, 24, 15, 25, 18, 7, 20, 2]"
xgboost_shap,0.7,15,,f70_15,0.8461538461538461,"[21, 0, 23, 16, 19, 24, 15, 18, 25, 20, 1, 2]"
xgboost_shap,0.7,16,,f70_16,0.7142857142857143,"[23, 21, 0, 16, 19, 24, 15, 25, 20, 8, 18, 7]"
xgboost_shap,0.7,17,,f70_17,1.0,"[23, 0, 21, 24, 16, 19, 15, 20, 1, 18, 7, 2]"
xgboost_shap,0.7,18,,f70_18,0.8461538461538461,"[23, 21, 0, 16, 24, 19, 15, 20, 18, 2, 7, 25]"
xgboost_shap,0.7,19,,f70_19,0.7142857142857143,"[23, 21, 0, 19, 24, 16, 15, 18, 27, 20, 17, 7]"
xgboost_shap,0.8,0,,f80_00,0.8461538461538461,"[23, 21, 0, 16, 24, 19, 15, 18, 20, 25, 1, 7]"
xgboost_shap,0.8,1,,f80_01,0.7142857142857143,"[23, 21, 0, 24, 16, 19, 15, 25, 18, 20, 2, 9]"
xgboost_shap,0.8,2,,f80_02,0.8461538461538461,"[23, 21, 0, 19, 24, 16, 15, 18, 20, 25, 7, 1]"
xgboost_shap,0.8,3,,f80_03,0.7142857142857143,"[23, 21, 0, 24, 19, 16, 15, 18, 20, 1, 25, 17]"
xgboost_shap,0.8,4,,f80_04,0.8461538461538461,"[23, 0, 21, 24, 16, 19, 15, 18, 20, 25, 2, 1]"
xgboost_shap,0.8,5,,f80_05,0.8461538461538461,"[23, 21, 0, 16, 24, 19, 15, 20, 18, 7, 25, 1]"
xgboost_shap,0.8,6,,f80_06,0.8461538461538461,"[23, 0, 21, 16, 19, 24, 15, 20, 25, 18, 7, 1]"
xgboost_shap,0.8,7,,f80_07,0.7142857142857143,"[23, 21, 0, 24, 16, 19, 15, 20, 18, 17, 9, 7]"
xgboost_shap,0.8,8,,f80_08,0.8461538461538461,"[23, 21, 0, 24, 16, 19, 15, 18, 20, 7, 1, 25]"
xgboost_shap,0.8,9,,f80_09,0.7142857142857143,"[23, 21, 0, 24, 16, 19, 15, 20, 18, 25, 7, 9]"
xgboost_shap,0.8,10,,f80_10,0.8461538461538461,"[23, 0, 21, 24, 16, 19, 15, 20, 18, 1, 7, 27]"
xgboost_shap,0.8,11,,f80_11,1.0,"[21, 23, 0, 24, 19, 16, 15, 18, 20, 2, 7, 1]"
xgboost_shap,0.8,12,,f80_12,0.8461538461538461,"[23, 21, 0, 19, 24, 16, 15, 25, 18, 20, 7, 1]"
xgboost_shap,0.8,13,,f80_13,0.8461538461538461,"[23, 21, 0, 19, 24, 16, 15, 18, 25, 20, 7, 2]"
xgboost_shap,0.8,14,,f80_14,0.8461538461538461,"[23, 21, 0, 16, 24, 19, 15, 25, 18, 20, 7, 1]"
xgboost_shap,0.8,15,,f80_15,0.8461538461538461,"[21, 23, 0, 16, 19, 24, 15, 18, 25, 20, 7, 1]"
xgboost_shap,0.8,16,,f80_16,0.7142857142857143,"[23, 21, 0, 19, 24, 16, 15, 25, 20, 18, 8, 7]"
xgboost_shap,0.8,17,,f80_17,1.0,"[23, 0, 21, 24, 16, 19, 15, 20, 18, 7, 1, 2]"
xgboost_shap,0.8,18,,f80_18,0.8461538461538461,"[23, 21, 0, 16, 19, 24, 15, 20, 18, 7, 2, 25]"
xgboost_shap,0.8,19,,f80_19,0.7142857142857143,"[23, 21, 0, 24, 16, 19, 15, 18, 20, 27, 25, 7]"
deep_lasso,0.5,0,A,half_00_A,0.8461538461538461,"[0, 20, 23, 21, 25, 24, 16, 19, 27, 22, 2, 18]"
deep_lasso,0.5,0,B,half_00_B,0.7142857142857143,"[23, 21, 0, 20, 25, 24, 16, 15, 27, 7, 19, 1]"
deep_lasso,0.5,1,A,half_01_A,1.0,"[23, 0, 21, 20, 24, 25, 16, 19, 27, 15, 18, 2]"
deep_lasso,0.5,1,B,half_01_B,0.8461538461538461,"[0, 23, 21, 20, 16, 25, 15, 19, 24, 27, 18, 8]"
deep_lasso,0.5,2,A,half_02_A,1.0,"[0, 23, 21, 20, 19, 16, 25, 27, 24, 15, 18, 2]"
deep_lasso,0.5,2,B,half_02_B,0.8461538461538461,"[23, 0, 21, 20, 25, 16, 15, 24, 19, 2, 18, 9]"
deep_lasso,0.5,3,A,half_03_A,1.0,"[0, 23, 21, 20, 16, 25, 24, 27, 19, 15, 18, 2]"
deep_lasso,0.5,3,B,half_03_B,0.8461538461538461,"[23, 0, 21, 20, 25, 15, 19, 16, 24, 27, 18, 9]"
deep_lasso,0.5,4,A,half_04_A,0.7142857142857143,"[0, 23, 21, 20, 24, 25, 27, 16, 15, 2, 26, 7]"
deep_lasso,0.5,4,B,half_04_B,0.8461538461538461,"[23, 21, 0, 20, 16, 25, 15, 19, 24, 27, 18, 22]"
deep_lasso,0.5,5,A,half_05_A,0.8461538461538461,"[0, 23, 20, 21, 24, 25, 27, 16, 15, 2, 9, 19]"
deep_lasso,0.5,5,B,half_05_B,0.8461538461538461,"[23, 0, 21, 20, 25, 24, 19, 16, 27, 15, 18, 26]"
deep_lasso,0.5,6,A,half_06_A,1.0,"[23, 0, 21, 20, 25, 16, 24, 15, 19, 27, 18, 2]"
deep_lasso,0.5,6,B,half_06_B,0.8461538461538461,"[0, 23, 20, 21, 25, 24, 19, 16, 27, 15, 26, 2]"
deep_lasso,0.5,7,A,half_07_A,0.7142857142857143,"[20, 21, 0, 23, 25, 16, 19, 27, 24, 3, 26, 2]"
deep_lasso,0.5,7,B,half_07_B,0.8461538461538461,"[0, 23, 21, 20, 25, 24, 2, 15, 27, 16, 26, 19]"
deep_lasso,0.5,8,A,half_08_A,1.0,"[0, 23, 21, 20, 25, 16, 24, 19, 15, 27, 18, 2]"
deep_lasso,0.5,8,B,half_08_B,0.5,"[0, 23, 20, 21, 25, 24, 15, 26, 8, 9, 2, 22]"
deep_lasso,0.5,9,A,half_09_A,0.8461538461538461,"[23, 0, 21, 20, 25, 16, 24, 15, 19, 27, 26, 18]"
deep_lasso,0.5,9,B,half_09_B,0.8461538461538461,"[23, 0, 21, 20, 16, 19, 25, 24, 15, 27, 18, 9]"
deep_lasso,0.5,10,A,half_10_A,0.8461538461538461,"[0, 23, 20, 21, 16, 24, 25, 19, 15, 27, 18, 9]"
deep_lasso,0.5,10,B,half_10_B,0.8461538461538461,"[23, 0, 21, 20, 25, 24, 27, 16, 19, 15, 2, 26]"
deep_lasso,0.5,11,A,half_11_A,0.8461538461538461,"[23, 21, 0, 20, 24, 27, 25, 16, 19, 15, 18, 9]"
deep_lasso,0.5,11,B,half_11_B,0.8461538461538461,"[0, 23, 20, 21, 25, 16, 24, 19, 15, 27, 18, 26]"
deep_lasso,0.5,12,A,half_12_A,0.6,"[0, 23, 21, 20, 24, 25, 2, 16, 17, 27, 1, 22]"
deep_lasso,0.5,12,B,half_12_B,0.7142857142857143,"[0, 23, 21, 20, 25, 16, 15, 19, 27, 24, 8, 7]"
deep_lasso,0.5,13,A,half_13_A,0.7142857142857143,"[0, 23, 21, 20, 25, 24, 16, 19, 27, 15, 9, 7]"
deep_lasso,0.5,13,B,half_13_B,0.7142857142857143,"[23, 0, 21, 20, 16, 15, 25, 19, 27, 24, 8, 4]"
deep_lasso,0.5,14,A,half_14_A,0.8461538461538461,"[23, 21, 0, 25, 20, 16, 24, 15, 19, 27, 26, 18]"
deep_lasso,0.5,14,B,half_14_B,0.8461538461538461,"[20, 0, 23, 21, 25, 16, 19, 27, 15, 24, 18, 9]"
deep_lasso,0.5,15,A,half_15_A,0.7142857142857143,"[0, 23, 21, 20, 25, 24, 19, 15, 27, 16, 9, 22]"
deep_lasso,0.5,15,B,half_15_B,0.8461538461538461,"[23, 21, 0, 20, 16, 25, 15, 19, 24, 27, 18, 7]"
deep_lasso,0.5,16,A,half_16_A,0.8461538461538461,"[0, 20, 21, 23, 25, 24, 19, 16, 27, 15, 18, 7]"
deep_lasso,0.5,16,B,half_16_B,0.7142857142857143,"[23, 0, 21, 20, 25, 24, 22, 16, 15, 2, 27, 7]"
deep_lasso,0.5,17,A,half_17_A,0.7142857142857143,"[0, 23, 21, 20, 25, 24, 19, 27, 16, 26, 15, 22]"
deep_lasso,0.5,17,B,half_17_B,0.8461538461538461,"[23, 0, 21, 20, 15, 16, 25, 24, 19, 27, 18, 7]"
deep_lasso,0.5,18,A,half_18_A,1.0,"[0, 23, 21, 20, 25, 24, 16, 19, 15, 18, 27, 2]"
deep_lasso,0.5,18,B,half_18_B,0.7142857142857143,"[0, 23, 21, 20, 24, 25, 27, 16, 15, 22, 19, 7]"
deep_lasso,0.5,19,A,half_19_A,0.8461538461538461,"[23, 21, 0, 20, 25, 24, 16, 27, 19, 15, 18, 26]"
deep_lasso,0.5,19,B,half_19_B,0.8461538461538461,"[0, 23, 20, 21, 16, 15, 25, 19, 24, 27, 7, 18]"
deep_lasso,0.5,20,A,half_20_A,0.8461538461538461,"[23, 0, 20, 21, 16, 19, 27, 25, 15, 24, 18, 7]"
deep_lasso,0.5,20,B,half_20_B,0.7142857142857143,"[0, 23, 21, 20, 25, 24, 27, 2, 26, 15, 9, 19]"
deep_lasso,0.5,21,A,half_21_A,0.8461538461538461,"[23, 0, 21, 20, 15, 16, 25, 19, 27, 24, 18, 7]"
deep_lasso,0.5,21,B,half_21_B,0.8461538461538461,"[23, 0, 21, 16, 25, 20, 19, 24, 15, 26, 27, 18]"
deep_lasso,0.5,22,A,half_22_A,0.7142857142857143,"[0, 23, 21, 20, 25, 24, 16, 15, 2, 7, 19, 1]"
deep_lasso,0.5,22,B,half_22_B,0.7142857142857143,"[23, 0, 21, 20, 25, 24, 27, 19, 16, 15, 26, 9]"
deep_lasso,0.5,23,A,half_23_A,0.7142857142857143,"[0, 23, 20, 21, 25, 24, 27, 8, 16, 15, 19, 7]"
deep_lasso,0.5,23,B,half_23_B,0.7142857142857143,"[0, 23, 21, 20, 25, 24, 16, 15, 19, 22, 27, 7]"
deep_lasso,0.5,24,A,half_24_A,1.0,"[23, 0, 21, 20, 25, 19, 16, 15, 27, 24, 2, 18]"
deep_lasso,0.5,24,B,half_24_B,0.8461538461538461,"[0, 20, 23, 21, 24, 25, 16, 15, 27, 19, 18, 26]"
deep_lasso,0.5,25,A,half_25_A,0.8461538461538461,"[23, 0, 21, 20, 25, 24, 19, 15, 16, 27, 26, 18]"
deep_lasso,0.5,25,B,half_25_B,1.0,"[23, 0, 21, 20, 16, 25, 24, 27, 19, 15, 18, 2]"
deep_lasso,0.5,26,A,half_26_A,1.0,"[23, 21, 0, 16, 20, 25, 19, 15, 24, 18, 2, 27]"
deep_lasso,0.5,26,B,half_26_B,0.7142857142857143,"[0, 23, 20, 21, 25, 24, 27, 19, 16, 15, 26, 17]"
deep_lasso,0.5,27,A,half_27_A,0.8461538461538461,"[23, 0, 21, 20, 16, 19, 25, 24, 27, 15, 18, 26]"
deep_lasso,0.5,27,B,half_27_B,0.8461538461538461,"[0, 23, 21, 20, 25, 24, 16, 15, 19, 27, 7, 2]"
deep_lasso,0.5,28,A,half_28_A,1.0,"[20, 0, 23, 21, 16, 25, 27, 15, 19, 24, 18, 2]"
deep_lasso,0.5,28,B,half_28_B,0.6,"[0, 23, 21, 24, 25, 20, 22, 27, 9, 15, 26, 19]"
deep_lasso,0.5,29,A,half_29_A,1.0,"[23, 0, 21, 20, 24, 16, 25, 27, 2, 19, 15, 18]"
deep_lasso,0.5,29,B,half_29_B,0.7142857142857143,"[23, 21, 0, 15, 20, 16, 25, 19, 7, 27, 24, 22]"
deep_lasso,0.7,0,,f70_00,0.8461538461538461,"[23, 0, 21, 20, 25, 16, 19, 24, 15, 27, 2, 26]"
deep_lasso,0.7,1,,f70_01,1.0,"[23, 21, 0, 25, 20, 19, 15, 16, 27, 24, 2, 18]"
deep_lasso,0.7,2,,f70_02,0.7142857142857143,"[23, 0, 21, 20, 19, 25, 16, 24, 27, 15, 9, 22]"
deep_lasso,0.7,3,,f70_03,1.0,"[23, 21, 0, 25, 16, 20, 15, 19, 24, 27, 18, 2]"
deep_lasso,0.7,4,,f70_04,1.0,"[23, 0, 21, 20, 25, 19, 16, 24, 15, 27, 2, 18]"
deep_lasso,0.7,5,,f70_05,1.0,"[23, 0, 21, 20, 25, 24, 16, 27, 15, 19, 2, 18]"
deep_lasso,0.7,6,,f70_06,0.8461538461538461,"[23, 0, 21, 20, 16, 19, 25, 15, 27, 24, 18, 9]"
deep_lasso,0.7,7,,f70_07,0.7142857142857143,"[23, 21, 0, 20, 16, 25, 15, 24, 19, 27, 26, 9]"
deep_lasso,0.7,8,,f70_08,0.8461538461538461,"[0, 23, 21, 20, 24, 25, 16, 19, 15, 27, 2, 26]"
deep_lasso,0.7,9,,f70_09,0.8461538461538461,"[23, 0, 21, 20, 16, 25, 19, 15, 27, 18, 24, 22]"
deep_lasso,0.7,10,,f70_10,0.8461538461538461,"[0, 23, 21, 20, 25, 16, 24, 19, 27, 15, 18, 26]"
deep_lasso,0.7,11,,f70_11,0.8461538461538461,"[23, 21, 0, 20, 25, 16, 19, 15, 24, 27, 2, 7]"
deep_lasso,0.7,12,,f70_12,1.0,"[23, 20, 0, 21, 25, 15, 24, 16, 19, 27, 18, 2]"
deep_lasso,0.7,13,,f70_13,0.8461538461538461,"[23, 21, 0, 25, 19, 16, 20, 15, 24, 27, 22, 18]"
deep_lasso,0.7,14,,f70_14,0.8461538461538461,"[23, 21, 0, 20, 25, 16, 15, 24, 19, 27, 18, 9]"
deep_lasso,0.7,15,,f70_15,0.8461538461538461,"[21, 23, 0, 16, 20, 25, 15, 19, 24, 27, 18, 9]"
deep_lasso,0.7,16,,f70_16,0.8461538461538461,"[23, 0, 21, 20, 25, 16, 24, 15, 19, 27, 8, 2]"
deep_lasso,0.7,17,,f70_17,0.8461538461538461,"[0, 23, 21, 20, 25, 24, 16, 15, 27, 19, 26, 2]"
deep_lasso,0.7,18,,f70_18,1.0,"[0, 23, 21, 20, 25, 16, 19, 15, 24, 27, 2, 18]"
deep_lasso,0.7,19,,f70_19,1.0,"[23, 21, 0, 20, 25, 24, 16, 15, 27, 19, 18, 2]"
deep_lasso,0.8,0,,f80_00,0.8461538461538461,"[23, 21, 0, 20, 25, 19, 15, 24, 16, 27, 26, 2]"
deep_lasso,0.8,1,,f80_01,0.8461538461538461,"[0, 15, 19, 21, 23, 25, 20, 27, 2, 16, 24, 9]"
deep_lasso,0.8,2,,f80_02,0.7142857142857143,"[23, 21, 0, 20, 19, 25, 15, 16, 27, 24, 26, 9]"
deep_lasso,0.8,3,,f80_03,0.7142857142857143,"[23, 0, 21, 20, 25, 24, 27, 15, 19, 16, 26, 7]"
deep_lasso,0.8,4,,f80_04,1.0,"[23, 21, 0, 20, 19, 25, 15, 16, 24, 27, 2, 18]"
deep_lasso,0.8,5,,f80_05,0.7142857142857143,"[23, 21, 0, 20, 25, 16, 15, 24, 19, 27, 26, 9]"
deep_lasso,0.8,6,,f80_06,0.8461538461538461,"[0, 23, 21, 20, 25, 16, 19, 15, 27, 24, 2, 26]"
deep_lasso,0.8,7,,f80_07,0.7142857142857143,"[20, 23, 21, 0, 24, 25, 27, 19, 16, 26, 9, 15]"
deep_lasso,0.8,8,,f80_08,0.7142857142857143,"[23, 21, 0, 20, 25, 15, 19, 16, 27, 24, 26, 9]"
deep_lasso,0.8,9,,f80_09,0.8461538461538461,"[0, 21, 23, 20, 25, 16, 19, 27, 15, 24, 18, 7]"
deep_lasso,0.8,10,,f80_10,0.7142857142857143,"[23, 21, 20, 0, 25, 24, 27, 19, 9, 26, 16, 15]"
deep_lasso,0.8,11,,f80_11,0.7142857142857143,"[23, 21, 20, 0, 25, 19, 16, 24, 27, 15, 26, 7]"
deep_lasso,0.8,12,,f80_12,0.8461538461538461,"[23, 21, 0, 20, 25, 24, 16, 19, 15, 27, 26, 2]"
deep_lasso,0.8,13,,f80_13,0.7142857142857143,"[23, 21, 20, 0, 25, 19, 15, 16, 27, 24, 9, 26]"
deep_lasso,0.8,14,,f80_14,0.7142857142857143,"[23, 21, 0, 25, 20, 19, 16, 15, 24, 27, 26, 7]"
deep_lasso,0.8,15,,f80_15,0.7142857142857143,"[23, 21, 20, 0, 25, 19, 15, 16, 27, 24, 26, 9]"
deep_lasso,0.8,16,,f80_16,0.7142857142857143,"[23, 21, 0, 20, 25, 16, 19, 15, 24, 27, 26, 9]"
deep_lasso,0.8,17,,f80_17,0.7142857142857143,"[23, 21, 0, 20, 25, 19, 16, 15, 24, 27, 26, 7]"
deep_lasso,0.8,18,,f80_18,0.7142857142857143,"[23, 20, 21, 0, 25, 24, 16, 19, 15, 27, 26, 9]"
deep_lasso,0.8,19,,f80_19,0.7142857142857143,"[23, 21, 0, 20, 25, 19, 16, 27, 15, 24, 26, 9]"
tabm,0.5,0,A,half_00_A,0.8461538461538461,"[0, 23, 20, 16, 19, 21, 2, 15, 27, 25, 24, 18]"
tabm,0.5,0,B,half_00_B,0.7142857142857143,"[23, 0, 21, 15, 16, 19, 20, 24, 25, 7, 9, 22]"
tabm,0.5,1,A,half_01_A,0.8461538461538461,"[23, 0, 16, 19, 15, 21, 20, 2, 27, 24, 22, 25]"
tabm,0.5,1,B,half_01_B,0.8461538461538461,"[23, 0, 21, 16, 15, 20, 19, 24, 25, 2, 27, 22]"
tabm,0.5,2,A,half_02_A,0.8461538461538461,"[23, 0, 15, 19, 16, 21, 20, 27, 2, 24, 25, 18]"
tabm,0.5,2,B,half_02_B,0.8461538461538461,"[23, 0, 21, 16, 20, 15, 19, 24, 2, 25, 26, 18]"
tabm,0.5,3,A,half_03_A,0.8461538461538461,"[23, 0, 16, 19, 15, 21, 20, 24, 27, 25, 18, 2]"
tabm,0.5,3,B,half_03_B,0.8461538461538461,"[23, 0, 21, 15, 16, 19, 20, 24, 2, 25, 18, 9]"
tabm,0.5,4,A,half_04_A,0.7142857142857143,"[0, 23, 21, 16, 20, 19, 15, 2, 17, 27, 18, 24]"
tabm,0.5,4,B,half_04_B,0.7142857142857143,"[23, 0, 21, 16, 15, 19, 20, 2, 25, 24, 1, 27]"
tabm,0.5,5,A,half_05_A,0.5,"[23, 0, 16, 19, 15, 21, 2, 20, 1, 8, 17, 6]"
tabm,0.5,5,B,half_05_B,0.7142857142857143,"[23, 0, 21, 20, 16, 15, 19, 24, 27, 25, 2, 26]"
tabm,0.5,6,A,half_06_A,0.8461538461538461,"[23, 0, 21, 16, 15, 19, 20, 2, 24, 27, 25, 18]"
tabm,0.5,6,B,half_06_B,0.7142857142857143,"[23, 0, 21, 19, 16, 15, 20, 25, 24, 1, 8, 18]"
tabm,0.5,7,A,half_07_A,0.7142857142857143,"[0, 23, 16, 21, 20, 19, 15, 24, 2, 25, 3, 27]"
tabm,0.5,7,B,half_07_B,0.7142857142857143,"[0, 23, 21, 20, 16, 24, 19, 25, 27, 2, 15, 26]"
tabm,0.5,8,A,half_08_A,0.8461538461538461,"[23, 0, 21, 19, 16, 15, 20, 24, 25, 2, 22, 17]"
tabm,0.5,8,B,half_08_B,0.5,"[0, 23, 21, 20, 16, 24, 27, 2, 25, 9, 26, 1]"
tabm,0.5,9,A,half_09_A,0.7142857142857143,"[23, 0, 16, 21, 19, 15, 20, 24, 2, 25, 27, 3]"
tabm,0.5,9,B,half_09_B,0.8461538461538461,"[23, 0, 15, 21, 19, 16, 20, 2, 18, 24, 9, 25]"
tabm,0.5,10,A,half_10_A,0.8461538461538461,"[23, 0, 16, 19, 21, 15, 20, 24, 27, 25, 22, 2]"
tabm,0.5,10,B,half_10_B,0.8461538461538461,"[23, 0, 21, 15, 19, 16, 20, 2, 25, 24, 27, 18]"
tabm,0.5,11,A,half_11_A,0.7142857142857143,"[23, 0, 21, 15, 16, 19, 20, 2, 27, 22, 24, 26]"
tabm,0.5,11,B,half_11_B,0.7142857142857143,"[23, 0, 16, 21, 20, 19, 15, 24, 25, 2, 1, 9]"
tabm,0.5,12,A,half_12_A,0.5,"[0, 23, 21, 20, 24, 16, 2, 25, 27, 26, 9, 1]"
tabm,0.5,12,B,half_12_B,0.6,"[0, 23, 21, 16, 19, 20, 15, 25, 27, 2, 8, 3]"
tabm,0.5,13,A,half_13_A,1.0,"[23, 0, 21, 16, 19, 15, 20, 24, 2, 25, 18, 22]"
tabm,0.5,13,B,half_13_B,0.6,"[23, 0, 21, 16, 15, 20, 19, 2, 8, 25, 17, 27]"
tabm,0.5,14,A,half_14_A,0.8461538461538461,"[23, 0, 21, 16, 19, 15, 20, 2, 25, 24, 18, 27]"
tabm,0.5,14,B,half_14_B,0.7142857142857143,"[0, 23, 16, 20, 21, 19, 15, 24, 2, 25, 9, 27]"
tabm,0.5,15,A,half_15_A,0.7142857142857143,"[0, 23, 21, 16, 19, 20, 15, 24, 27, 9, 2, 25]"
tabm,0.5,15,B,half_15_B,0.8461538461538461,"[23, 0, 16, 15, 21, 19, 20, 2, 24, 17, 25, 18]"
tabm,0.5,16,A,half_16_A,0.7142857142857143,"[0, 23, 21, 20, 15, 16, 19, 2, 24, 27, 25, 1]"
tabm,0.5,16,B,half_16_B,0.8461538461538461,"[23, 0, 16, 21, 20, 15, 19, 24, 27, 25, 18, 22]"
tabm,0.5,17,A,half_17_A,0.6,"[0, 23, 21, 16, 20, 2, 19, 27, 15, 26, 24, 9]"
tabm,0.5,17,B,half_17_B,0.8461538461538461,"[23, 0, 15, 16, 21, 20, 19, 24, 25, 27, 2, 18]"
tabm,0.5,18,A,half_18_A,0.8461538461538461,"[23, 0, 19, 21, 16, 15, 20, 25, 2, 22, 24, 27]"
tabm,0.5,18,B,half_18_B,0.8461538461538461,"[23, 0, 21, 16, 15, 20, 19, 24, 27, 2, 18, 25]"
tabm,0.5,19,A,half_19_A,0.8461538461538461,"[23, 0, 21, 19, 16, 15, 20, 25, 2, 24, 18, 26]"
tabm,0.5,19,B,half_19_B,0.7142857142857143,"[23, 0, 16, 15, 19, 20, 21, 24, 2, 27, 9, 25]"
tabm,0.5,20,A,half_20_A,0.8461538461538461,"[23, 0, 15, 21, 19, 16, 20, 24, 18, 25, 17, 2]"
tabm,0.5,20,B,half_20_B,0.6,"[0, 23, 21, 20, 24, 16, 25, 2, 27, 19, 26, 28]"
tabm,0.5,21,A,half_21_A,0.7142857142857143,"[23, 0, 21, 20, 16, 19, 15, 27, 2, 25, 22, 14]"
tabm,0.5,21,B,half_21_B,0.8461538461538461,"[23, 0, 16, 19, 15, 21, 20, 24, 25, 2, 18, 1]"
tabm,0.5,22,A,half_22_A,0.7142857142857143,"[0, 23, 21, 20, 16, 25, 2, 24, 27, 19, 15, 1]"
tabm,0.5,22,B,half_22_B,0.8461538461538461,"[23, 0, 21, 16, 19, 15, 20, 24, 27, 25, 2, 18]"
tabm,0.5,23,A,half_23_A,0.7142857142857143,"[0, 23, 21, 20, 16, 24, 27, 25, 19, 2, 18, 26]"
tabm,0.5,23,B,half_23_B,0.7142857142857143,"[23, 0, 16, 21, 15, 19, 20, 2, 18, 9, 3, 25]"
tabm,0.5,24,A,half_24_A,0.8461538461538461,"[23, 0, 16, 21, 19, 15, 2, 20, 24, 25, 18, 27]"
tabm,0.5,24,B,half_24_B,0.8461538461538461,"[0, 23, 16, 15, 21, 19, 20, 24, 18, 25, 28, 2]"
tabm,0.5,25,A,half_25_A,0.8461538461538461,"[23, 0, 15, 16, 21, 19, 20, 2, 24, 25, 27, 18]"
tabm,0.5,25,B,half_25_B,0.6,"[0, 23, 21, 20, 16, 15, 19, 2, 27, 3, 24, 17]"
tabm,0.5,26,A,half_26_A,0.8461538461538461,"[23, 0, 16, 21, 19, 15, 20, 2, 24, 22, 25, 27]"
tabm,0.5,26,B,half_26_B,0.7142857142857143,"[23, 0, 21, 15, 19, 16, 20, 24, 25, 2, 27, 9]"
tabm,0.5,27,A,half_27_A,1.0,"[23, 0, 21, 16, 19, 20, 15, 24, 25, 2, 18, 22]"
tabm,0.5,27,B,half_27_B,0.6,"[0, 23, 21, 16, 20, 19, 15, 27, 2, 10, 25, 1]"
tabm,0.5,28,A,half_28_A,0.5,"[0, 23, 16, 21, 20, 15, 19, 27, 2, 3, 1, 7]"
tabm,0.5,28,B,half_28_B,0.6,"[0, 23, 21, 20, 24, 25, 16, 27, 2, 9, 4, 22]"
tabm,0.5,29,A,half_29_A,0.4117647058823529,"[0, 23, 21, 16, 20, 2, 27, 19, 9, 26, 17, 1]"
tabm,0.5,29,B,half_29_B,0.8461538461538461,"[23, 0, 21, 15, 16, 19, 20, 24, 25, 22, 14, 18]"
tabm,0.7,0,,f70_00,0.8461538461538461,"[23, 0, 16, 19, 21, 15, 20, 24, 2, 18, 27, 25]"
tabm,0.7,1,,f70_01,1.0,"[23, 0, 15, 21, 19, 16, 20, 2, 25, 18, 24, 22]"
tabm,0.7,2,,f70_02,1.0,"[23, 0, 21, 16, 19, 15, 20, 25, 24, 2, 22, 18]"
tabm,0.7,3,,f70_03,0.8461538461538461,"[23, 0, 16, 15, 21, 19, 20, 2, 18, 25, 3, 24]"
tabm,0.7,4,,f70_04,1.0,"[23, 0, 16, 19, 15, 21, 20, 2, 24, 25, 18, 22]"
tabm,0.7,5,,f70_05,0.8461538461538461,"[23, 0, 16, 21, 15, 19, 20, 24, 25, 2, 18, 7]"
tabm,0.7,6,,f70_06,0.8461538461538461,"[23, 0, 19, 16, 21, 15, 20, 24, 18, 27, 25, 2]"
tabm,0.7,7,,f70_07,0.8461538461538461,"[23, 0, 15, 21, 16, 19, 20, 24, 25, 2, 9, 22]"
tabm,0.7,8,,f70_08,0.8461538461538461,"[23, 0, 19, 15, 21, 16, 20, 2, 24, 27, 18, 22]"
tabm,0.7,9,,f70_09,0.8461538461538461,"[23, 0, 15, 16, 21, 19, 20, 24, 2, 25, 18, 27]"
tabm,0.7,10,,f70_10,1.0,"[23, 0, 15, 16, 19, 21, 20, 2, 18, 24, 25, 22]"
tabm,0.7,11,,f70_11,0.7142857142857143,"[23, 0, 21, 16, 19, 15, 20, 2, 24, 27, 1, 25]"
tabm,0.7,12,,f70_12,0.8461538461538461,"[23, 0, 15, 19, 16, 21, 20, 2, 24, 25, 18, 17]"
tabm,0.7,13,,f70_13,0.8461538461538461,"[23, 0, 21, 16, 19, 15, 20, 25, 24, 2, 18, 9]"
tabm,0.7,14,,f70_14,0.8461538461538461,"[23, 0, 21, 16, 15, 19, 20, 25, 24, 2, 18, 27]"
tabm,0.7,15,,f70_15,0.8461538461538461,"[23, 0, 16, 21, 19, 15, 20, 24, 2, 25, 9, 18]"
tabm,0.7,16,,f70_16,0.8461538461538461,"[23, 0, 21, 16, 15, 19, 20, 25, 24, 2, 22, 8]"
tabm,0.7,17,,f70_17,1.0,"[23, 0, 16, 21, 15, 19, 20, 24, 18, 2, 25, 22]"
tabm,0.7,18,,f70_18,0.8461538461538461,"[23, 0, 16, 19, 21, 15, 20, 25, 2, 24, 27, 18]"
tabm,0.7,19,,f70_19,0.8461538461538461,"[23, 0, 21, 19, 16, 15, 20, 24, 25, 2, 27, 18]"
tabm,0.8,0,,f80_00,0.8461538461538461,"[23, 0, 16, 19, 15, 21, 20, 24, 25, 2, 18, 27]"
tabm,0.8,1,,f80_01,0.8461538461538461,"[23, 0, 15, 21, 19, 16, 20, 2, 24, 25, 18, 9]"
tabm,0.8,2,,f80_02,1.0,"[23, 0, 19, 21, 16, 15, 20, 2, 25, 24, 18, 22]"
tabm,0.8,3,,f80_03,0.8461538461538461,"[23, 0, 21, 15, 16, 19, 20, 2, 24, 25, 18, 17]"
tabm,0.8,4,,f80_04,0.8461538461538461,"[23, 0, 16, 19, 15, 21, 20, 2, 24, 25, 18, 27]"
tabm,0.8,5,,f80_05,0.8461538461538461,"[23, 0, 16, 15, 21, 19, 20, 24, 25, 2, 18, 17]"
tabm,0.8,6,,f80_06,0.8461538461538461,"[23, 0, 21, 16, 15, 19, 20, 24, 25, 2, 18, 1]"
tabm,0.8,7,,f80_07,0.7142857142857143,"[23, 0, 15, 16, 19, 21, 20, 24, 25, 2, 9, 27]"
tabm,0.8,8,,f80_08,0.8461538461538461,"[23, 0, 15, 19, 21, 16, 20, 2, 24, 25, 22, 27]"
tabm,0.8,9,,f80_09,1.0,"[23, 0, 16, 19, 15, 21, 20, 2, 24, 18, 25, 22]"
tabm,0.8,10,,f80_10,1.0,"[23, 0, 15, 16, 21, 19, 20, 24, 25, 2, 18, 22]"
tabm,0.8,11,,f80_11,0.8461538461538461,"[23, 0, 21, 16, 15, 19, 20, 24, 2, 25, 18, 27]"
tabm,0.8,12,,f80_12,0.8461538461538461,"[23, 0, 16, 19, 21, 15, 20, 2, 24, 25, 22, 27]"
tabm,0.8,13,,f80_13,1.0,"[23, 0, 19, 16, 21, 15, 20, 24, 25, 2, 18, 22]"
tabm,0.8,14,,f80_14,1.0,"[23, 0, 15, 16, 21, 19, 20, 24, 2, 25, 18, 22]"
tabm,0.8,15,,f80_15,1.0,"[23, 0, 21, 15, 16, 19, 20, 24, 2, 25, 18, 22]"
tabm,0.8,16,,f80_16,0.8461538461538461,"[23, 0, 21, 16, 15, 19, 20, 24, 25, 2, 18, 8]"
tabm,0.8,17,,f80_17,1.0,"[23, 0, 16, 15, 19, 21, 20, 24, 25, 2, 18, 22]"
tabm,0.8,18,,f80_18,0.8461538461538461,"[23, 0, 15, 16, 19, 21, 20, 2, 24, 25, 18, 1]"
tabm,0.8,19,,f80_19,0.8461538461538461,"[23, 0, 15, 19, 16, 21, 20, 24, 25, 2, 18, 27]"
vtfs,0.5,0,A,half_00_A,0.2631578947368421,"[11, 26, 23, 10, 30, 27, 2, 12, 14, 16, 19, 17]"
vtfs,0.5,0,B,half_00_B,0.2631578947368421,"[0, 2, 4, 5, 7, 9, 14, 16, 18, 20, 21, 22]"
vtfs,0.5,1,A,half_01_A,0.2631578947368421,"[0, 2, 4, 5, 7, 9, 14, 16, 18, 20, 21, 22]"
vtfs,0.5,1,B,half_01_B,0.2,"[25, 19, 11, 12, 30, 2, 27, 14, 23, 16, 9, 10]"
vtfs,0.5,2,A,half_02_A,0.2631578947368421,"[11, 30, 23, 19, 10, 17, 2, 12, 14, 16, 27, 0]"
vtfs,0.5,2,B,half_02_B,0.2631578947368421,"[11, 26, 23, 10, 30, 27, 2, 12, 0, 20, 17, 16]"
vtfs,0.5,3,A,half_03_A,0.6,"[0, 18, 19, 23, 25, 30, 1, 2, 3, 4, 5, 6]"
vtfs,0.5,3,B,half_03_B,1.0,"[0, 1, 10, 13, 18, 19, 23, 26, 2, 3, 4, 5]"
vtfs,0.5,4,A,half_04_A,0.2631578947368421,"[0, 2, 4, 5, 7, 9, 14, 16, 18, 20, 21, 22]"
vtfs,0.5,4,B,half_04_B,0.2631578947368421,"[0, 2, 4, 5, 7, 9, 14, 16, 18, 20, 21, 22]"
vtfs,0.5,5,A,half_05_A,0.2631578947368421,"[25, 11, 12, 19, 2, 0, 30, 27, 14, 23, 9, 5]"
vtfs,0.5,5,B,half_05_B,0.2,"[25, 19, 11, 12, 30, 2, 27, 14, 23, 16, 9, 10]"
vtfs,0.5,6,A,half_06_A,0.3333333333333333,"[30, 19, 27, 2, 23, 10, 17, 20, 26, 0, 16, 25]"
vtfs,0.5,6,B,half_06_B,1.0,"[0, 1, 10, 13, 18, 19, 23, 26, 2, 3, 4, 5]"
vtfs,0.5,7,A,half_07_A,0.2631578947368421,"[11, 26, 23, 10, 30, 27, 2, 12, 14, 16, 19, 17]"
vtfs,0.5,7,B,half_07_B,0.2631578947368421,"[0, 2, 4, 5, 7, 9, 14, 16, 18, 20, 21, 22]"
vtfs,0.5,8,A,half_08_A,0.2631578947368421,"[11, 30, 23, 10, 27, 2, 12, 0, 20, 26, 17, 16]"
vtfs,0.5,8,B,half_08_B,1.0,"[0, 1, 10, 13, 18, 19, 23, 26, 2, 3, 4, 5]"
vtfs,0.5,9,A,half_09_A,0.3333333333333333,"[23, 19, 10, 30, 27, 0, 20, 17, 2, 12, 16, 13]"
vtfs,0.5,9,B,half_09_B,0.2631578947368421,"[25, 11, 12, 19, 2, 0, 30, 14, 23, 27, 20, 5]"
vtfs,0.5,10,A,half_10_A,0.2631578947368421,"[25, 19, 11, 12, 0, 30, 2, 27, 14, 23, 9, 10]"
vtfs,0.5,10,B,half_10_B,0.2631578947368421,"[0, 2, 4, 5, 7, 9, 14, 16, 18, 20, 21, 22]"
vtfs,0.5,11,A,half_11_A,0.2631578947368421,"[0, 2, 4, 5, 7, 9, 14, 16, 18, 20, 21, 22]"
vtfs,0.5,11,B,half_11_B,0.2631578947368421,"[0, 2, 4, 5, 7, 9, 14, 16, 18, 20, 21, 22]"
vtfs,0.5,12,A,half_12_A,0.2631578947368421,"[0, 2, 4, 5, 7, 9, 14, 16, 18, 20, 21, 22]"
vtfs,0.5,12,B,half_12_B,0.2631578947368421,"[0, 2, 4, 5, 7, 9, 14, 16, 18, 20, 21, 22]"
vtfs,0.5,13,A,half_13_A,0.14285714285714285,"[12, 25, 2, 27, 30, 14, 17, 9, 28, 18, 19, 20]"
vtfs,0.5,13,B,half_13_B,0.6,"[0, 18, 19, 23, 25, 30, 1, 2, 3, 4, 5, 6]"
vtfs,0.5,14,A,half_14_A,1.0,"[0, 1, 10, 13, 18, 19, 23, 26, 2, 3, 4, 5]"
vtfs,0.5,14,B,half_14_B,0.2631578947368421,"[0, 2, 4, 5, 7, 9, 14, 16, 18, 20, 21, 22]"
vtfs,0.5,15,A,half_15_A,1.0,"[0, 1, 10, 13, 18, 19, 23, 26, 2, 3, 4, 5]"
vtfs,0.5,15,B,half_15_B,0.2631578947368421,"[0, 2, 4, 5, 7, 9, 14, 16, 18, 20, 21, 22]"
vtfs,0.5,16,A,half_16_A,0.2631578947368421,"[0, 2, 4, 5, 7, 9, 14, 16, 18, 20, 21, 22]"
vtfs,0.5,16,B,half_16_B,0.2,"[25, 19, 11, 12, 30, 2, 27, 14, 23, 16, 9, 10]"
vtfs,0.5,17,A,half_17_A,0.2631578947368421,"[25, 11, 12, 19, 2, 20, 5, 10, 30, 27, 14, 23]"
vtfs,0.5,17,B,half_17_B,0.2631578947368421,"[11, 26, 23, 10, 30, 27, 2, 12, 0, 20, 17, 16]"
vtfs,0.5,18,A,half_18_A,0.6,"[0, 18, 19, 23, 25, 30, 1, 2, 3, 4, 5, 6]"
vtfs,0.5,18,B,half_18_B,0.2631578947368421,"[0, 2, 4, 5, 7, 9, 14, 16, 18, 20, 21, 22]"
vtfs,0.5,19,A,half_19_A,0.2631578947368421,"[0, 2, 4, 5, 7, 9, 14, 16, 18, 20, 21, 22]"
vtfs,0.5,19,B,half_19_B,0.2631578947368421,"[0, 2, 4, 5, 7, 9, 14, 16, 18, 20, 21, 22]"
vtfs,0.5,20,A,half_20_A,0.2631578947368421,"[25, 11, 12, 19, 2, 0, 30, 27, 14, 23, 9, 5]"
vtfs,0.5,20,B,half_20_B,0.3333333333333333,"[23, 19, 10, 30, 27, 0, 20, 3, 12, 11, 26, 17]"
vtfs,0.5,21,A,half_21_A,1.0,"[0, 1, 10, 13, 18, 19, 23, 26, 2, 3, 4, 5]"
vtfs,0.5,21,B,half_21_B,0.2631578947368421,"[0, 2, 4, 5, 7, 9, 14, 16, 18, 20, 21, 22]"
vtfs,0.5,22,A,half_22_A,0.2631578947368421,"[11, 30, 23, 19, 10, 27, 2, 12, 14, 16, 0, 20]"
vtfs,0.5,22,B,half_22_B,0.2631578947368421,"[0, 2, 4, 5, 7, 9, 14, 16, 18, 20, 21, 22]"
vtfs,0.5,23,A,half_23_A,1.0,"[0, 1, 10, 13, 18, 19, 23, 26, 2, 3, 4, 5]"
vtfs,0.5,23,B,half_23_B,0.2631578947368421,"[11, 30, 23, 19, 10, 27, 2, 12, 14, 16, 0, 20]"
vtfs,0.5,24,A,half_24_A,1.0,"[0, 1, 10, 13, 18, 19, 23, 26, 2, 3, 4, 5]"
vtfs,0.5,24,B,half_24_B,0.2631578947368421,"[0, 2, 4, 5, 7, 9, 14, 16, 18, 20, 21, 22]"
vtfs,0.5,25,A,half_25_A,0.6,"[0, 18, 19, 23, 25, 30, 1, 2, 3, 4, 5, 6]"
vtfs,0.5,25,B,half_25_B,0.2631578947368421,"[11, 30, 23, 19, 10, 27, 2, 12, 14, 16, 0, 20]"
vtfs,0.5,26,A,half_26_A,0.2631578947368421,"[0, 2, 4, 5, 7, 9, 14, 16, 18, 20, 21, 22]"
vtfs,0.5,26,B,half_26_B,0.2631578947368421,"[25, 19, 11, 12, 0, 30, 2, 27, 14, 23, 9, 10]"
vtfs,0.5,27,A,half_27_A,0.2631578947368421,"[0, 2, 4, 5, 7, 9, 14, 16, 18, 20, 21, 22]"
vtfs,0.5,27,B,half_27_B,1.0,"[0, 1, 10, 13, 18, 19, 23, 26, 2, 3, 4, 5]"
vtfs,0.5,28,A,half_28_A,0.2631578947368421,"[0, 2, 4, 5, 7, 9, 14, 16, 18, 20, 21, 22]"
vtfs,0.5,28,B,half_28_B,0.2631578947368421,"[0, 2, 4, 5, 7, 9, 14, 16, 18, 20, 21, 22]"
vtfs,0.5,29,A,half_29_A,1.0,"[0, 1, 10, 13, 18, 19, 23, 26, 2, 3, 4, 5]"
vtfs,0.5,29,B,half_29_B,0.2631578947368421,"[11, 30, 23, 19, 10, 27, 2, 12, 14, 16, 0, 20]"
vtfs,0.7,0,,f70_00,0.2631578947368421,"[0, 2, 4, 5, 7, 9, 14, 16, 18, 20, 21, 22]"
vtfs,0.7,1,,f70_01,0.2631578947368421,"[0, 2, 4, 5, 7, 9, 14, 16, 18, 20, 21, 22]"
vtfs,0.7,2,,f70_02,0.2631578947368421,"[0, 2, 4, 5, 7, 9, 14, 16, 18, 20, 21, 22]"
vtfs,0.7,3,,f70_03,0.2631578947368421,"[0, 2, 4, 5, 7, 9, 14, 16, 18, 20, 21, 22]"
vtfs,0.7,4,,f70_04,1.0,"[0, 1, 10, 13, 18, 19, 23, 26, 2, 3, 4, 5]"
vtfs,0.7,5,,f70_05,1.0,"[0, 1, 10, 13, 18, 19, 23, 26, 2, 3, 4, 5]"
vtfs,0.7,6,,f70_06,0.3333333333333333,"[23, 19, 10, 30, 27, 0, 20, 3, 12, 11, 26, 17]"
vtfs,0.7,7,,f70_07,0.2631578947368421,"[0, 2, 4, 5, 7, 9, 14, 16, 18, 20, 21, 22]"
vtfs,0.7,8,,f70_08,0.2631578947368421,"[0, 2, 4, 5, 7, 9, 14, 16, 18, 20, 21, 22]"
vtfs,0.7,9,,f70_09,0.2631578947368421,"[0, 2, 4, 5, 7, 9, 14, 16, 18, 20, 21, 22]"
vtfs,0.7,10,,f70_10,0.2631578947368421,"[11, 30, 23, 19, 10, 27, 2, 12, 14, 16, 0, 20]"
vtfs,0.7,11,,f70_11,0.2631578947368421,"[0, 2, 4, 5, 7, 9, 14, 16, 18, 20, 21, 22]"
vtfs,0.7,12,,f70_12,0.6,"[0, 18, 19, 23, 25, 30, 1, 2, 3, 4, 5, 6]"
vtfs,0.7,13,,f70_13,0.2631578947368421,"[0, 2, 4, 5, 7, 9, 14, 16, 18, 20, 21, 22]"
vtfs,0.7,14,,f70_14,0.6,"[0, 18, 19, 23, 25, 30, 1, 2, 3, 4, 5, 6]"
vtfs,0.7,15,,f70_15,0.2631578947368421,"[0, 2, 4, 5, 7, 9, 14, 16, 18, 20, 21, 22]"
vtfs,0.7,16,,f70_16,1.0,"[0, 1, 10, 13, 18, 19, 23, 26, 2, 3, 4, 5]"
vtfs,0.7,17,,f70_17,0.2,"[25, 19, 11, 12, 0, 30, 2, 27, 14, 23, 16, 9]"
vtfs,0.7,18,,f70_18,1.0,"[0, 1, 10, 13, 18, 19, 23, 26, 2, 3, 4, 5]"
vtfs,0.7,19,,f70_19,1.0,"[0, 1, 10, 13, 18, 19, 23, 26, 2, 3, 4, 5]"
vtfs,0.8,0,,f80_00,0.2631578947368421,"[0, 2, 4, 5, 7, 9, 14, 16, 18, 20, 21, 22]"
vtfs,0.8,1,,f80_01,0.2631578947368421,"[0, 2, 4, 5, 7, 9, 14, 16, 18, 20, 21, 22]"
vtfs,0.8,2,,f80_02,0.2631578947368421,"[0, 2, 4, 5, 7, 9, 14, 16, 18, 20, 21, 22]"
vtfs,0.8,3,,f80_03,0.2631578947368421,"[0, 2, 4, 5, 7, 9, 14, 16, 18, 20, 21, 22]"
vtfs,0.8,4,,f80_04,0.2631578947368421,"[0, 2, 4, 5, 7, 9, 14, 16, 18, 20, 21, 22]"
vtfs,0.8,5,,f80_05,0.6,"[0, 18, 19, 23, 25, 30, 1, 2, 3, 4, 5, 6]"
vtfs,0.8,6,,f80_06,0.2631578947368421,"[0, 2, 4, 5, 7, 9, 14, 16, 18, 20, 21, 22]"
vtfs,0.8,7,,f80_07,0.2631578947368421,"[0, 2, 4, 5, 7, 9, 14, 16, 18, 20, 21, 22]"
vtfs,0.8,8,,f80_08,0.2631578947368421,"[0, 2, 4, 5, 7, 9, 14, 16, 18, 20, 21, 22]"
vtfs,0.8,9,,f80_09,0.2631578947368421,"[0, 2, 4, 5, 7, 9, 14, 16, 18, 20, 21, 22]"
vtfs,0.8,10,,f80_10,0.6,"[0, 18, 19, 23, 25, 30, 1, 2, 3, 4, 5, 6]"
vtfs,0.8,11,,f80_11,0.2631578947368421,"[0, 2, 4, 5, 7, 9, 14, 16, 18, 20, 21, 22]"
vtfs,0.8,12,,f80_12,0.2631578947368421,"[0, 2, 4, 5, 7, 9, 14, 16, 18, 20, 21, 22]"
vtfs,0.8,13,,f80_13,0.2631578947368421,"[0, 2, 4, 5, 7, 9, 14, 16, 18, 20, 21, 22]"
vtfs,0.8,14,,f80_14,0.3333333333333333,"[30, 19, 27, 2, 23, 10, 17, 20, 26, 0, 16, 25]"
vtfs,0.8,15,,f80_15,0.2,"[25, 19, 11, 12, 30, 2, 27, 14, 23, 16, 9, 10]"
vtfs,0.8,16,,f80_16,0.2631578947368421,"[0, 2, 4, 5, 7, 9, 14, 16, 18, 20, 21, 22]"
vtfs,0.8,17,,f80_17,0.2631578947368421,"[0, 2, 4, 5, 7, 9, 14, 16, 18, 20, 21, 22]"
vtfs,0.8,18,,f80_18,0.2631578947368421,"[0, 2, 4, 5, 7, 9, 14, 16, 18, 20, 21, 22]"
vtfs,0.8,19,,f80_19,0.2631578947368421,"[0, 2, 4, 5, 7, 9, 14, 16, 18, 20, 21, 22]"
dl_jacobian,0.5,0,A,half_00_A,0.8461538461538461,"[0, 20, 23, 21, 16, 24, 26, 19, 2, 27, 18, 22]"
dl_jacobian,0.5,0,B,half_00_B,0.7142857142857143,"[23, 0, 21, 16, 15, 27, 20, 19, 24, 7, 18, 4]"
dl_jacobian,0.5,1,A,half_01_A,0.8461538461538461,"[0, 23, 21, 20, 16, 24, 27, 19, 2, 18, 26, 28]"
dl_jacobian,0.5,1,B,half_01_B,1.0,"[23, 0, 21, 16, 20, 15, 19, 27, 24, 26, 18, 2]"
dl_jacobian,0.5,2,A,half_02_A,0.8461538461538461,"[23, 0, 21, 16, 20, 27, 19, 15, 24, 18, 26, 12]"
dl_jacobian,0.5,2,B,half_02_B,1.0,"[23, 0, 21, 20, 15, 16, 19, 24, 27, 2, 18, 26]"
dl_jacobian,0.5,3,A,half_03_A,1.0,"[0, 23, 20, 21, 16, 27, 24, 19, 26, 2, 18, 15]"
dl_jacobian,0.5,3,B,half_03_B,0.8461538461538461,"[23, 0, 21, 20, 16, 15, 24, 2, 27, 19, 18, 5]"
dl_jacobian,0.5,4,A,half_04_A,1.0,"[0, 23, 21, 20, 16, 24, 19, 15, 18, 27, 2, 26]"
dl_jacobian,0.5,4,B,half_04_B,0.8461538461538461,"[23, 0, 15, 21, 16, 20, 19, 27, 24, 2, 26, 25]"
dl_jacobian,0.5,5,A,half_05_A,1.0,"[0, 23, 21, 20, 16, 15, 24, 2, 27, 19, 18, 26]"
dl_jacobian,0.5,5,B,half_05_B,0.7142857142857143,"[0, 20, 23, 21, 24, 16, 27, 26, 25, 19, 7, 2]"
dl_jacobian,0.5,6,A,half_06_A,0.8461538461538461,"[0, 23, 21, 20, 16, 24, 27, 15, 2, 18, 19, 22]"
dl_jacobian,0.5,6,B,half_06_B,0.8461538461538461,"[0, 23, 20, 21, 16, 19, 26, 15, 24, 27, 2, 9]"
dl_jacobian,0.5,7,A,half_07_A,0.8461538461538461,"[23, 0, 21, 20, 16, 27, 24, 15, 19, 26, 18, 12]"
dl_jacobian,0.5,7,B,half_07_B,0.7142857142857143,"[0, 23, 21, 20, 24, 16, 15, 27, 25, 2, 22, 19]"
dl_jacobian,0.5,8,A,half_08_A,1.0,"[0, 23, 21, 20, 16, 24, 15, 27, 19, 2, 18, 26]"
dl_jacobian,0.5,8,B,half_08_B,0.7142857142857143,"[0, 23, 21, 20, 16, 15, 24, 19, 25, 26, 27, 9]"
dl_jacobian,0.5,9,A,half_09_A,0.7142857142857143,"[23, 0, 21, 20, 16, 24, 27, 19, 15, 26, 5, 17]"
dl_jacobian,0.5,9,B,half_09_B,1.0,"[0, 23, 21, 20, 16, 24, 15, 27, 19, 2, 18, 26]"
dl_jacobian,0.5,10,A,half_10_A,0.8461538461538461,"[23, 0, 21, 20, 16, 27, 24, 19, 15, 26, 18, 22]"
dl_jacobian,0.5,10,B,half_10_B,0.8461538461538461,"[0, 23, 21, 20, 16, 24, 15, 27, 2, 19, 25, 18]"
dl_jacobian,0.5,11,A,half_11_A,1.0,"[0, 23, 21, 20, 16, 27, 24, 26, 2, 15, 19, 18]"
dl_jacobian,0.5,11,B,half_11_B,0.7142857142857143,"[0, 23, 21, 20, 16, 15, 19, 24, 2, 4, 27, 9]"
dl_jacobian,0.5,12,A,half_12_A,0.8461538461538461,"[23, 0, 21, 20, 16, 24, 2, 15, 26, 19, 25, 27]"
dl_jacobian,0.5,12,B,half_12_B,0.8461538461538461,"[0, 23, 21, 20, 16, 15, 27, 19, 24, 18, 2, 9]"
dl_jacobian,0.5,13,A,half_13_A,1.0,"[0, 23, 21, 20, 16, 26, 27, 24, 19, 18, 15, 2]"
dl_jacobian,0.5,13,B,half_13_B,0.8461538461538461,"[23, 0, 21, 20, 16, 15, 27, 24, 19, 2, 4, 18]"
dl_jacobian,0.5,14,A,half_14_A,0.8461538461538461,"[21, 23, 0, 16, 20, 24, 26, 15, 2, 19, 27, 5]"
dl_jacobian,0.5,14,B,half_14_B,0.7142857142857143,"[0, 20, 23, 21, 16, 27, 15, 24, 19, 12, 9, 2]"
dl_jacobian,0.5,15,A,half_15_A,0.8461538461538461,"[0, 23, 21, 20, 16, 26, 27, 24, 19, 15, 9, 18]"
dl_jacobian,0.5,15,B,half_15_B,1.0,"[23, 21, 20, 0, 16, 24, 19, 27, 15, 2, 18, 26]"
dl_jacobian,0.5,16,A,half_16_A,1.0,"[0, 20, 23, 21, 16, 27, 15, 19, 24, 2, 18, 26]"
dl_jacobian,0.5,16,B,half_16_B,0.8461538461538461,"[23, 21, 0, 16, 20, 15, 24, 27, 19, 2, 26, 22]"
dl_jacobian,0.5,17,A,half_17_A,0.8461538461538461,"[23, 0, 21, 20, 16, 19, 2, 26, 27, 24, 18, 5]"
dl_jacobian,0.5,17,B,half_17_B,0.8461538461538461,"[23, 0, 15, 21, 16, 20, 24, 27, 19, 18, 26, 12]"
dl_jacobian,0.5,18,A,half_18_A,0.7142857142857143,"[0, 23, 21, 20, 16, 24, 19, 2, 27, 3, 25, 18]"
dl_jacobian,0.5,18,B,half_18_B,1.0,"[23, 0, 21, 16, 15, 20, 19, 27, 24, 26, 18, 2]"
dl_jacobian,0.5,19,A,half_19_A,1.0,"[0, 23, 21, 20, 16, 24, 15, 27, 2, 18, 26, 19]"
dl_jacobian,0.5,19,B,half_19_B,0.8461538461538461,"[0, 23, 20, 21, 16, 27, 24, 15, 19, 2, 26, 7]"
dl_jacobian,0.5,20,A,half_20_A,1.0,"[23, 0, 20, 21, 15, 16, 19, 27, 26, 24, 18, 2]"
dl_jacobian,0.5,20,B,half_20_B,0.7142857142857143,"[0, 23, 21, 20, 24, 16, 2, 27, 25, 9, 15, 19]"
dl_jacobian,0.5,21,A,half_21_A,0.8461538461538461,"[23, 0, 21, 20, 15, 16, 27, 24, 19, 18, 2, 25]"
dl_jacobian,0.5,21,B,half_21_B,0.8461538461538461,"[23, 0, 16, 21, 15, 20, 19, 26, 24, 2, 18, 25]"
dl_jacobian,0.5,22,A,half_22_A,0.7142857142857143,"[0, 23, 21, 20, 16, 24, 15, 2, 27, 25, 22, 26]"
dl_jacobian,0.5,22,B,half_22_B,0.8461538461538461,"[23, 0, 21, 20, 16, 27, 19, 24, 15, 26, 2, 9]"
dl_jacobian,0.5,23,A,half_23_A,0.7142857142857143,"[0, 23, 21, 20, 16, 27, 24, 19, 15, 2, 5, 28]"
dl_jacobian,0.5,23,B,half_23_B,0.7142857142857143,"[0, 23, 20, 21, 16, 24, 19, 2, 15, 26, 22, 9]"
dl_jacobian,0.5,24,A,half_24_A,1.0,"[23, 0, 21, 20, 16, 2, 24, 15, 27, 19, 18, 26]"
dl_jacobian,0.5,24,B,half_24_B,0.8461538461538461,"[0, 23, 21, 20, 16, 15, 24, 19, 27, 26, 18, 28]"
dl_jacobian,0.5,25,A,half_25_A,1.0,"[23, 0, 15, 21, 16, 20, 19, 24, 27, 26, 2, 18]"
dl_jacobian,0.5,25,B,half_25_B,1.0,"[0, 23, 21, 20, 16, 27, 24, 19, 18, 15, 2, 26]"
dl_jacobian,0.5,26,A,half_26_A,0.8461538461538461,"[23, 0, 21, 16, 20, 24, 15, 2, 19, 27, 22, 18]"
dl_jacobian,0.5,26,B,half_26_B,0.8461538461538461,"[0, 23, 21, 20, 16, 15, 19, 27, 26, 24, 18, 17]"
dl_jacobian,0.5,27,A,half_27_A,1.0,"[23, 0, 21, 20, 16, 24, 19, 26, 27, 15, 2, 18]"
dl_jacobian,0.5,27,B,half_27_B,0.8461538461538461,"[0, 23, 15, 21, 16, 20, 19, 24, 27, 2, 18, 7]"
dl_jacobian,0.5,28,A,half_28_A,0.8461538461538461,"[0, 20, 23, 21, 16, 27, 15, 18, 19, 24, 3, 26]"
dl_jacobian,0.5,28,B,half_28_B,0.6,"[0, 23, 21, 20, 24, 22, 25, 16, 19, 2, 9, 26]"
dl_jacobian,0.5,29,A,half_29_A,0.8461538461538461,"[0, 23, 21, 20, 16, 24, 27, 2, 15, 26, 19, 9]"
dl_jacobian,0.5,29,B,half_29_B,0.8461538461538461,"[0, 23, 20, 21, 16, 15, 24, 19, 27, 22, 18, 26]"
dl_jacobian,0.7,0,,f70_00,1.0,"[23, 0, 21, 20, 16, 27, 24, 19, 15, 26, 2, 18]"
dl_jacobian,0.7,1,,f70_01,0.8461538461538461,"[23, 0, 21, 20, 16, 15, 27, 19, 24, 2, 18, 12]"
dl_jacobian,0.7,2,,f70_02,0.8461538461538461,"[0, 23, 21, 20, 16, 24, 27, 19, 15, 2, 9, 18]"
dl_jacobian,0.7,3,,f70_03,1.0,"[23, 21, 0, 15, 16, 20, 19, 27, 18, 26, 2, 24]"
dl_jacobian,0.7,4,,f70_04,0.8461538461538461,"[23, 15, 0, 21, 20, 16, 19, 24, 2, 18, 25, 27]"
dl_jacobian,0.7,5,,f70_05,1.0,"[23, 21, 0, 20, 16, 15, 24, 19, 27, 26, 18, 2]"
dl_jacobian,0.7,6,,f70_06,1.0,"[23, 0, 21, 16, 20, 15, 24, 27, 19, 18, 26, 2]"
dl_jacobian,0.7,7,,f70_07,1.0,"[23, 0, 21, 20, 16, 15, 24, 27, 19, 26, 2, 18]"
dl_jacobian,0.7,8,,f70_08,1.0,"[23, 0, 21, 20, 16, 15, 24, 19, 2, 27, 26, 18]"
dl_jacobian,0.7,9,,f70_09,0.8461538461538461,"[23, 0, 21, 15, 16, 20, 19, 27, 24, 18, 2, 25]"
dl_jacobian,0.7,10,,f70_10,1.0,"[23, 0, 21, 16, 20, 15, 27, 19, 18, 24, 2, 26]"
dl_jacobian,0.7,11,,f70_11,0.8461538461538461,"[23, 21, 0, 15, 20, 16, 27, 19, 24, 2, 26, 22]"
dl_jacobian,0.7,12,,f70_12,1.0,"[0, 23, 21, 20, 15, 16, 24, 19, 27, 2, 18, 26]"
dl_jacobian,0.7,13,,f70_13,0.8461538461538461,"[23, 0, 21, 16, 15, 20, 19, 24, 27, 18, 2, 22]"
dl_jacobian,0.7,14,,f70_14,0.8461538461538461,"[15, 23, 0, 21, 16, 24, 20, 18, 19, 27, 2, 25]"
dl_jacobian,0.7,15,,f70_15,1.0,"[23, 0, 21, 20, 16, 15, 24, 19, 27, 2, 18, 26]"
dl_jacobian,0.7,16,,f70_16,1.0,"[23, 15, 0, 21, 16, 20, 27, 24, 19, 2, 18, 26]"
dl_jacobian,0.7,17,,f70_17,1.0,"[23, 0, 21, 16, 20, 15, 24, 19, 27, 26, 18, 2]"
dl_jacobian,0.7,18,,f70_18,1.0,"[0, 23, 21, 20, 16, 15, 24, 19, 27, 2, 26, 18]"
dl_jacobian,0.7,19,,f70_19,1.0,"[23, 0, 21, 16, 20, 15, 27, 24, 19, 2, 18, 26]"
dl_jacobian,0.8,0,,f80_00,1.0,"[0, 23, 21, 20, 16, 15, 24, 27, 19, 26, 18, 2]"
dl_jacobian,0.8,1,,f80_01,0.8461538461538461,"[23, 0, 21, 15, 16, 20, 19, 27, 24, 2, 18, 25]"
dl_jacobian,0.8,2,,f80_02,0.8461538461538461,"[23, 0, 21, 15, 16, 20, 19, 24, 18, 27, 2, 25]"
dl_jacobian,0.8,3,,f80_03,1.0,"[23, 21, 0, 15, 20, 16, 19, 24, 27, 18, 2, 26]"
dl_jacobian,0.8,4,,f80_04,0.8461538461538461,"[23, 0, 15, 21, 16, 20, 19, 24, 2, 18, 27, 4]"
dl_jacobian,0.8,5,,f80_05,1.0,"[0, 23, 21, 20, 16, 24, 27, 26, 15, 19, 2, 18]"
dl_jacobian,0.8,6,,f80_06,1.0,"[0, 23, 21, 15, 20, 16, 19, 24, 18, 27, 26, 2]"
dl_jacobian,0.8,7,,f80_07,0.8461538461538461,"[23, 0, 21, 20, 15, 16, 19, 24, 27, 26, 18, 25]"
dl_jacobian,0.8,8,,f80_08,1.0,"[23, 15, 0, 21, 16, 20, 19, 24, 27, 18, 2, 26]"
dl_jacobian,0.8,9,,f80_09,1.0,"[0, 23, 21, 20, 16, 15, 24, 27, 19, 26, 18, 2]"
dl_jacobian,0.8,10,,f80_10,0.8461538461538461,"[23, 0, 21, 16, 20, 15, 19, 24, 27, 18, 2, 9]"
dl_jacobian,0.8,11,,f80_11,1.0,"[23, 21, 0, 15, 16, 20, 19, 27, 24, 26, 2, 18]"
dl_jacobian,0.8,12,,f80_12,0.8461538461538461,"[0, 23, 21, 20, 16, 24, 27, 15, 2, 19, 25, 26]"
dl_jacobian,0.8,13,,f80_13,0.8461538461538461,"[23, 0, 21, 15, 16, 20, 19, 24, 27, 18, 2, 17]"
dl_jacobian,0.8,14,,f80_14,1.0,"[0, 23, 21, 15, 16, 20, 24, 19, 27, 18, 2, 26]"
dl_jacobian,0.8,15,,f80_15,1.0,"[23, 0, 21, 15, 16, 20, 19, 24, 26, 27, 18, 2]"
dl_jacobian,0.8,16,,f80_16,1.0,"[23, 0, 15, 21, 20, 16, 24, 19, 26, 27, 18, 2]"
dl_jacobian,0.8,17,,f80_17,1.0,"[23, 0, 15, 21, 16, 20, 19, 27, 18, 24, 2, 26]"
dl_jacobian,0.8,18,,f80_18,1.0,"[23, 0, 21, 20, 15, 16, 24, 19, 26, 27, 2, 18]"
dl_jacobian,0.8,19,,f80_19,1.0,"[0, 23, 21, 20, 16, 15, 27, 24, 19, 26, 2, 18]"
dl_jacobian_lossrank,0.5,0,A,half_00_A,0.7142857142857143,"[20, 23, 0, 21, 16, 24, 19, 2, 26, 18, 27, 22]"
dl_jacobian_lossrank,0.5,0,B,half_00_B,0.7142857142857143,"[23, 21, 16, 15, 0, 27, 19, 24, 20, 7, 18, 4]"
dl_jacobian_lossrank,0.5,1,A,half_01_A,0.8461538461538461,"[23, 21, 20, 0, 16, 24, 27, 19, 15, 2, 18, 26]"
dl_jacobian_lossrank,0.5,1,B,half_01_B,0.7142857142857143,"[23, 21, 16, 15, 0, 20, 19, 24, 27, 18, 26, 7]"
dl_jacobian_lossrank,0.5,2,A,half_02_A,0.8461538461538461,"[23, 21, 16, 0, 20, 19, 15, 27, 24, 18, 12, 25]"
dl_jacobian_lossrank,0.5,2,B,half_02_B,0.8461538461538461,"[23, 21, 20, 0, 15, 16, 19, 24, 2, 27, 22, 18]"
dl_jacobian_lossrank,0.5,3,A,half_03_A,0.8461538461538461,"[23, 0, 20, 21, 16, 27, 19, 24, 26, 15, 2, 18]"
dl_jacobian_lossrank,0.5,3,B,half_03_B,0.8461538461538461,"[23, 21, 0, 16, 20, 15, 24, 19, 2, 27, 18, 26]"
dl_jacobian_lossrank,0.5,4,A,half_04_A,0.8461538461538461,"[23, 16, 21, 20, 0, 24, 19, 27, 15, 18, 2, 22]"
dl_jacobian_lossrank,0.5,4,B,half_04_B,0.8461538461538461,"[23, 15, 21, 0, 16, 20, 19, 27, 2, 24, 25, 26]"
dl_jacobian_lossrank,0.5,5,A,half_05_A,0.7142857142857143,"[23, 0, 21, 16, 20, 15, 24, 2, 27, 19, 22, 26]"
dl_jacobian_lossrank,0.5,5,B,half_05_B,0.6,"[0, 23, 20, 21, 24, 16, 27, 26, 19, 25, 12, 7]"
dl_jacobian_lossrank,0.5,6,A,half_06_A,0.8461538461538461,"[23, 21, 0, 20, 16, 24, 27, 15, 2, 22, 19, 18]"
dl_jacobian_lossrank,0.5,6,B,half_06_B,0.8461538461538461,"[23, 20, 21, 0, 16, 19, 26, 15, 24, 27, 2, 25]"
dl_jacobian_lossrank,0.5,7,A,half_07_A,0.5,"[23, 20, 21, 5, 0, 16, 26, 27, 18, 22, 19, 3]"
dl_jacobian_lossrank,0.5,7,B,half_07_B,0.7142857142857143,"[23, 0, 21, 20, 24, 16, 15, 27, 22, 25, 2, 26]"
dl_jacobian_lossrank,0.5,8,A,half_08_A,0.8461538461538461,"[23, 21, 20, 16, 0, 24, 15, 19, 27, 18, 2, 26]"
dl_jacobian_lossrank,0.5,8,B,half_08_B,0.7142857142857143,"[23, 21, 0, 16, 20, 15, 25, 24, 19, 26, 27, 22]"
dl_jacobian_lossrank,0.5,9,A,half_09_A,0.7142857142857143,"[23, 21, 0, 20, 16, 24, 15, 27, 19, 26, 5, 18]"
dl_jacobian_lossrank,0.5,9,B,half_09_B,0.8461538461538461,"[23, 21, 0, 16, 20, 24, 15, 19, 27, 2, 22, 18]"
dl_jacobian_lossrank,0.5,10,A,half_10_A,0.7142857142857143,"[23, 21, 16, 20, 0, 27, 24, 19, 15, 22, 18, 26]"
dl_jacobian_lossrank,0.5,10,B,half_10_B,0.8461538461538461,"[23, 0, 21, 20, 16, 24, 27, 15, 2, 25, 19, 26]"
dl_jacobian_lossrank,0.5,11,A,half_11_A,0.8461538461538461,"[23, 0, 21, 20, 16, 27, 24, 2, 15, 19, 26, 18]"
dl_jacobian_lossrank,0.5,11,B,half_11_B,0.8461538461538461,"[23, 16, 0, 21, 20, 15, 19, 4, 24, 25, 2, 18]"
dl_jacobian_lossrank,0.5,12,A,half_12_A,0.8461538461538461,"[23, 16, 21, 20, 0, 24, 15, 2, 26, 19, 25, 27]"
dl_jacobian_lossrank,0.5,12,B,half_12_B,0.8461538461538461,"[23, 21, 0, 16, 20, 15, 27, 19, 24, 2, 18, 9]"
dl_jacobian_lossrank,0.5,13,A,half_13_A,0.8461538461538461,"[23, 21, 20, 0, 16, 24, 27, 26, 19, 15, 18, 2]"
dl_jacobian_lossrank,0.5,13,B,half_13_B,0.7142857142857143,"[23, 21, 20, 16, 0, 15, 24, 27, 19, 2, 4, 3]"
dl_jacobian_lossrank,0.5,14,A,half_14_A,0.7142857142857143,"[23, 21, 0, 16, 20, 24, 15, 19, 26, 27, 2, 22]"
dl_jacobian_lossrank,0.5,14,B,half_14_B,0.7142857142857143,"[23, 20, 0, 16, 21, 27, 15, 24, 19, 12, 4, 2]"
dl_jacobian_lossrank,0.5,15,A,half_15_A,0.6,"[23, 0, 21, 16, 20, 27, 24, 26, 19, 15, 22, 9]"
dl_jacobian_lossrank,0.5,15,B,half_15_B,0.8461538461538461,"[23, 21, 20, 16, 24, 0, 15, 19, 2, 27, 18, 26]"
dl_jacobian_lossrank,0.5,16,A,half_16_A,0.8461538461538461,"[23, 0, 21, 20, 16, 15, 19, 27, 2, 24, 26, 18]"
dl_jacobian_lossrank,0.5,16,B,half_16_B,0.7142857142857143,"[23, 21, 16, 0, 20, 15, 24, 27, 19, 22, 2, 26]"
dl_jacobian_lossrank,0.5,17,A,half_17_A,0.6,"[23, 21, 0, 20, 16, 19, 2, 26, 27, 24, 5, 22]"
dl_jacobian_lossrank,0.5,17,B,half_17_B,0.7142857142857143,"[23, 15, 21, 0, 16, 20, 24, 27, 19, 18, 26, 12]"
dl_jacobian_lossrank,0.5,18,A,half_18_A,0.7142857142857143,"[23, 21, 0, 20, 16, 24, 19, 3, 25, 27, 2, 7]"
dl_jacobian_lossrank,0.5,18,B,half_18_B,0.8461538461538461,"[23, 21, 15, 16, 0, 20, 19, 27, 24, 26, 2, 18]"
dl_jacobian_lossrank,0.5,19,A,half_19_A,0.8461538461538461,"[23, 21, 0, 20, 16, 24, 15, 27, 18, 26, 2, 19]"
dl_jacobian_lossrank,0.5,19,B,half_19_B,0.8461538461538461,"[23, 20, 21, 0, 16, 27, 24, 15, 19, 2, 7, 18]"
dl_jacobian_lossrank,0.5,20,A,half_20_A,0.7142857142857143,"[23, 20, 21, 15, 0, 16, 27, 19, 24, 22, 26, 18]"
dl_jacobian_lossrank,0.5,20,B,half_20_B,0.7142857142857143,"[23, 0, 21, 20, 16, 24, 2, 25, 15, 27, 1, 9]"
dl_jacobian_lossrank,0.5,21,A,half_21_A,1.0,"[23, 21, 20, 15, 0, 16, 24, 27, 19, 18, 2, 25]"
dl_jacobian_lossrank,0.5,21,B,half_21_B,0.8461538461538461,"[23, 16, 21, 0, 15, 19, 20, 24, 26, 25, 2, 27]"
dl_jacobian_lossrank,0.5,22,A,half_22_A,0.8461538461538461,"[23, 0, 21, 20, 24, 16, 15, 2, 22, 25, 19, 27]"
dl_jacobian_lossrank,0.5,22,B,half_22_B,0.7142857142857143,"[23, 21, 0, 20, 27, 16, 19, 24, 15, 26, 2, 12]"
dl_jacobian_lossrank,0.5,23,A,half_23_A,0.7142857142857143,"[23, 21, 0, 20, 16, 24, 27, 19, 15, 28, 5, 2]"
dl_jacobian_lossrank,0.5,23,B,half_23_B,0.6,"[23, 21, 20, 0, 16, 24, 15, 22, 2, 19, 26, 12]"
dl_jacobian_lossrank,0.5,24,A,half_24_A,0.8461538461538461,"[23, 21, 0, 16, 20, 15, 24, 2, 19, 27, 18, 26]"
dl_jacobian_lossrank,0.5,24,B,half_24_B,0.7142857142857143,"[23, 21, 16, 20, 0, 15, 24, 19, 27, 18, 26, 28]"
dl_jacobian_lossrank,0.5,25,A,half_25_A,0.8461538461538461,"[23, 15, 21, 16, 0, 20, 19, 24, 27, 26, 18, 2]"
dl_jacobian_lossrank,0.5,25,B,half_25_B,0.8461538461538461,"[23, 21, 20, 0, 16, 27, 24, 19, 15, 2, 18, 26]"
dl_jacobian_lossrank,0.5,26,A,half_26_A,0.8461538461538461,"[23, 21, 16, 0, 20, 24, 15, 2, 22, 27, 19, 18]"
dl_jacobian_lossrank,0.5,26,B,half_26_B,0.7142857142857143,"[23, 21, 20, 0, 16, 15, 19, 27, 24, 26, 18, 9]"
dl_jacobian_lossrank,0.5,27,A,half_27_A,0.7142857142857143,"[23, 21, 20, 16, 0, 24, 19, 15, 26, 27, 3, 2]"
dl_jacobian_lossrank,0.5,27,B,half_27_B,0.8461538461538461,"[23, 15, 21, 16, 0, 19, 20, 27, 24, 2, 22, 18]"
dl_jacobian_lossrank,0.5,28,A,half_28_A,0.8461538461538461,"[23, 20, 21, 16, 0, 27, 15, 19, 3, 24, 18, 2]"
dl_jacobian_lossrank,0.5,28,B,half_28_B,0.6,"[0, 23, 21, 24, 20, 22, 19, 16, 25, 2, 9, 26]"
dl_jacobian_lossrank,0.5,29,A,half_29_A,0.8461538461538461,"[23, 21, 20, 0, 16, 24, 27, 2, 15, 26, 19, 18]"
dl_jacobian_lossrank,0.5,29,B,half_29_B,0.6,"[23, 21, 0, 20, 16, 15, 24, 19, 22, 27, 26, 7]"
dl_jacobian_lossrank,0.7,0,,f70_00,0.8461538461538461,"[23, 21, 16, 20, 0, 19, 24, 15, 27, 26, 2, 18]"
dl_jacobian_lossrank,0.7,1,,f70_01,0.7142857142857143,"[23, 21, 20, 0, 16, 15, 19, 27, 2, 24, 22, 12]"
dl_jacobian_lossrank,0.7,2,,f70_02,0.8461538461538461,"[23, 21, 0, 20, 16, 24, 19, 27, 15, 22, 2, 18]"
dl_jacobian_lossrank,0.7,3,,f70_03,1.0,"[23, 21, 15, 16, 20, 0, 19, 27, 18, 24, 2, 25]"
dl_jacobian_lossrank,0.7,4,,f70_04,1.0,"[15, 23, 21, 0, 20, 19, 16, 24, 18, 2, 25, 27]"
dl_jacobian_lossrank,0.7,5,,f70_05,0.8461538461538461,"[23, 21, 15, 16, 20, 0, 24, 19, 27, 18, 26, 2]"
dl_jacobian_lossrank,0.7,6,,f70_06,0.8461538461538461,"[23, 21, 16, 15, 0, 20, 24, 27, 19, 18, 2, 26]"
dl_jacobian_lossrank,0.7,7,,f70_07,0.7142857142857143,"[23, 21, 20, 0, 16, 15, 24, 27, 19, 26, 2, 3]"
dl_jacobian_lossrank,0.7,8,,f70_08,0.8461538461538461,"[23, 21, 20, 0, 16, 15, 19, 24, 2, 27, 18, 7]"
dl_jacobian_lossrank,0.7,9,,f70_09,1.0,"[23, 15, 21, 16, 0, 20, 19, 27, 24, 18, 2, 25]"
dl_jacobian_lossrank,0.7,10,,f70_10,0.8461538461538461,"[23, 21, 0, 15, 16, 20, 27, 19, 18, 24, 2, 26]"
dl_jacobian_lossrank,0.7,11,,f70_11,0.7142857142857143,"[23, 21, 15, 16, 20, 0, 27, 19, 24, 2, 22, 26]"
dl_jacobian_lossrank,0.7,12,,f70_12,1.0,"[23, 21, 15, 20, 0, 16, 24, 19, 27, 2, 18, 25]"
dl_jacobian_lossrank,0.7,13,,f70_13,0.8461538461538461,"[23, 21, 0, 15, 16, 19, 20, 24, 27, 22, 2, 18]"
dl_jacobian_lossrank,0.7,14,,f70_14,1.0,"[15, 23, 21, 16, 0, 24, 18, 19, 20, 2, 25, 27]"
dl_jacobian_lossrank,0.7,15,,f70_15,0.8461538461538461,"[23, 21, 20, 16, 0, 15, 24, 19, 2, 27, 18, 26]"
dl_jacobian_lossrank,0.7,16,,f70_16,0.8461538461538461,"[23, 15, 21, 16, 0, 20, 24, 27, 19, 22, 25, 2]"
dl_jacobian_lossrank,0.7,17,,f70_17,0.8461538461538461,"[23, 21, 16, 0, 15, 20, 24, 19, 27, 2, 26, 18]"
dl_jacobian_lossrank,0.7,18,,f70_18,0.8461538461538461,"[23, 21, 0, 16, 20, 15, 24, 19, 27, 2, 22, 18]"
dl_jacobian_lossrank,0.7,19,,f70_19,0.8461538461538461,"[23, 21, 16, 0, 15, 20, 27, 19, 24, 2, 18, 22]"
dl_jacobian_lossrank,0.8,0,,f80_00,0.7142857142857143,"[23, 21, 20, 15, 0, 24, 16, 27, 19, 26, 7, 2]"
dl_jacobian_lossrank,0.8,1,,f80_01,0.7142857142857143,"[16, 15, 23, 21, 19, 27, 26, 0, 20, 2, 9, 25]"
dl_jacobian_lossrank,0.8,2,,f80_02,0.7142857142857143,"[23, 21, 15, 20, 19, 24, 27, 0, 26, 7, 25, 18]"
dl_jacobian_lossrank,0.8,3,,f80_03,0.6,"[23, 21, 15, 20, 0, 19, 16, 7, 24, 27, 22, 26]"
dl_jacobian_lossrank,0.8,4,,f80_04,0.8461538461538461,"[23, 15, 21, 20, 19, 24, 0, 2, 25, 16, 5, 27]"
dl_jacobian_lossrank,0.8,5,,f80_05,0.8461538461538461,"[23, 21, 20, 0, 24, 16, 27, 15, 26, 19, 2, 25]"
dl_jacobian_lossrank,0.8,6,,f80_06,0.7142857142857143,"[23, 15, 21, 0, 20, 16, 18, 19, 24, 27, 26, 5]"
dl_jacobian_lossrank,0.8,7,,f80_07,0.7142857142857143,"[23, 21, 20, 15, 19, 26, 0, 24, 27, 16, 12, 25]"
dl_jacobian_lossrank,0.8,8,,f80_08,0.5,"[15, 23, 21, 19, 20, 0, 5, 10, 27, 9, 18, 1]"
dl_jacobian_lossrank,0.8,9,,f80_09,0.8461538461538461,"[23, 21, 16, 0, 20, 15, 24, 19, 27, 18, 26, 2]"
dl_jacobian_lossrank,0.8,10,,f80_10,0.7142857142857143,"[23, 21, 20, 15, 24, 19, 27, 25, 26, 7, 16, 0]"
dl_jacobian_lossrank,0.8,11,,f80_11,0.7142857142857143,"[15, 23, 21, 20, 0, 27, 26, 16, 19, 24, 2, 5]"
dl_jacobian_lossrank,0.8,12,,f80_12,0.8461538461538461,"[23, 21, 20, 0, 24, 16, 27, 15, 2, 19, 25, 26]"
dl_jacobian_lossrank,0.8,13,,f80_13,0.6,"[23, 21, 15, 20, 24, 19, 0, 7, 16, 27, 22, 26]"
dl_jacobian_lossrank,0.8,14,,f80_14,0.8461538461538461,"[23, 15, 21, 20, 0, 24, 19, 16, 25, 7, 27, 2]"
dl_jacobian_lossrank,0.8,15,,f80_15,0.7142857142857143,"[23, 21, 15, 0, 20, 19, 24, 16, 25, 26, 27, 9]"
dl_jacobian_lossrank,0.8,16,,f80_16,0.8461538461538461,"[23, 21, 15, 16, 20, 0, 24, 19, 26, 27, 25, 2]"
dl_jacobian_lossrank,0.8,17,,f80_17,0.6,"[23, 21, 15, 0, 20, 16, 24, 27, 26, 25, 7, 3]"
dl_jacobian_lossrank,0.8,18,,f80_18,0.7142857142857143,"[23, 21, 15, 20, 0, 24, 16, 19, 26, 27, 2, 9]"
dl_jacobian_lossrank,0.8,19,,f80_19,0.7142857142857143,"[23, 21, 20, 15, 0, 16, 27, 26, 19, 24, 9, 18]"
dl_score_only,0.5,0,A,half_00_A,0.7142857142857143,"[0, 20, 23, 21, 24, 25, 16, 19, 9, 27, 2, 17]"
dl_score_only,0.5,0,B,half_00_B,0.7142857142857143,"[0, 23, 21, 20, 25, 24, 16, 15, 27, 7, 19, 9]"
dl_score_only,0.5,1,A,half_01_A,1.0,"[0, 23, 21, 20, 24, 25, 19, 27, 16, 15, 2, 18]"
dl_score_only,0.5,1,B,half_01_B,0.8461538461538461,"[0, 23, 21, 20, 16, 25, 15, 19, 24, 27, 9, 18]"
dl_score_only,0.5,2,A,half_02_A,1.0,"[0, 23, 21, 20, 25, 16, 19, 24, 27, 15, 18, 2]"
dl_score_only,0.5,2,B,half_02_B,0.8461538461538461,"[0, 23, 21, 20, 25, 16, 24, 15, 19, 2, 9, 18]"
dl_score_only,0.5,3,A,half_03_A,0.8461538461538461,"[0, 23, 21, 20, 16, 25, 24, 19, 27, 15, 9, 18]"
dl_score_only,0.5,3,B,half_03_B,0.8461538461538461,"[0, 23, 21, 20, 25, 24, 15, 16, 19, 27, 2, 9]"
dl_score_only,0.5,4,A,half_04_A,0.8461538461538461,"[0, 23, 20, 21, 24, 25, 27, 16, 2, 15, 19, 9]"
dl_score_only,0.5,4,B,half_04_B,0.8461538461538461,"[0, 23, 21, 20, 25, 16, 15, 19, 24, 27, 18, 9]"
dl_score_only,0.5,5,A,half_05_A,0.8461538461538461,"[0, 23, 20, 21, 24, 25, 16, 9, 27, 15, 2, 19]"
dl_score_only,0.5,5,B,half_05_B,0.8461538461538461,"[0, 23, 21, 20, 25, 24, 19, 16, 27, 15, 18, 26]"
dl_score_only,0.5,6,A,half_06_A,1.0,"[0, 23, 21, 20, 25, 24, 16, 15, 19, 27, 18, 2]"
dl_score_only,0.5,6,B,half_06_B,0.8461538461538461,"[0, 23, 20, 21, 25, 24, 19, 16, 27, 15, 2, 9]"
dl_score_only,0.5,7,A,half_07_A,0.8461538461538461,"[0, 20, 21, 23, 25, 16, 24, 19, 27, 9, 15, 18]"
dl_score_only,0.5,7,B,half_07_B,0.8461538461538461,"[0, 23, 21, 20, 25, 24, 2, 16, 15, 9, 19, 27]"
dl_score_only,0.5,8,A,half_08_A,1.0,"[0, 23, 21, 20, 25, 24, 16, 19, 15, 27, 2, 18]"
dl_score_only,0.5,8,B,half_08_B,0.6,"[0, 20, 23, 21, 25, 24, 9, 15, 19, 2, 22, 8]"
dl_score_only,0.5,9,A,half_09_A,0.8461538461538461,"[0, 23, 21, 20, 25, 24, 16, 19, 15, 27, 9, 2]"
dl_score_only,0.5,9,B,half_09_B,0.8461538461538461,"[0, 23, 21, 20, 16, 25, 19, 24, 15, 27, 18, 9]"
dl_score_only,0.5,10,A,half_10_A,0.8461538461538461,"[0, 20, 23, 21, 24, 16, 25, 19, 15, 27, 9, 18]"
dl_score_only,0.5,10,B,half_10_B,0.8461538461538461,"[0, 23, 21, 20, 25, 24, 27, 16, 19, 15, 2, 9]"
dl_score_only,0.5,11,A,half_11_A,0.8461538461538461,"[0, 23, 21, 20, 24, 25, 27, 16, 19, 15, 9, 18]"
dl_score_only,0.5,11,B,half_11_B,0.7142857142857143,"[0, 23, 20, 21, 25, 24, 16, 19, 15, 9, 2, 1]"
dl_score_only,0.5,12,A,half_12_A,0.6,"[0, 20, 23, 21, 24, 25, 2, 16, 9, 17, 19, 1]"
dl_score_only,0.5,12,B,half_12_B,0.7142857142857143,"[0, 23, 21, 20, 25, 16, 19, 15, 27, 24, 7, 8]"
dl_score_only,0.5,13,A,half_13_A,0.7142857142857143,"[0, 23, 21, 20, 25, 24, 19, 16, 27, 15, 9, 7]"
dl_score_only,0.5,13,B,half_13_B,0.7142857142857143,"[0, 23, 21, 20, 16, 25, 15, 19, 27, 24, 8, 4]"
dl_score_only,0.5,14,A,half_14_A,0.8461538461538461,"[23, 21, 0, 20, 25, 24, 16, 15, 19, 27, 26, 18]"
dl_score_only,0.5,14,B,half_14_B,0.8461538461538461,"[0, 20, 23, 21, 25, 16, 19, 27, 24, 15, 9, 18]"
dl_score_only,0.5,15,A,half_15_A,0.7142857142857143,"[0, 23, 21, 20, 25, 24, 19, 16, 15, 27, 9, 22]"
dl_score_only,0.5,15,B,half_15_B,0.8461538461538461,"[23, 21, 0, 20, 16, 25, 19, 15, 24, 27, 7, 18]"
dl_score_only,0.5,16,A,half_16_A,0.8461538461538461,"[0, 20, 21, 23, 25, 24, 19, 16, 27, 15, 18, 9]"
dl_score_only,0.5,16,B,half_16_B,0.7142857142857143,"[0, 23, 21, 20, 25, 24, 22, 16, 9, 2, 15, 19]"
dl_score_only,0.5,17,A,half_17_A,0.8461538461538461,"[0, 23, 21, 20, 25, 24, 19, 16, 27, 26, 15, 2]"
dl_score_only,0.5,17,B,half_17_B,0.7142857142857143,"[0, 23, 21, 20, 25, 24, 15, 16, 19, 27, 7, 9]"
dl_score_only,0.5,18,A,half_18_A,0.8461538461538461,"[0, 23, 21, 20, 25, 24, 16, 19, 15, 9, 2, 18]"
dl_score_only,0.5,18,B,half_18_B,0.6,"[0, 23, 21, 20, 24, 25, 16, 27, 15, 9, 7, 22]"
dl_score_only,0.5,19,A,half_19_A,0.8461538461538461,"[0, 23, 21, 20, 25, 24, 16, 19, 27, 15, 18, 9]"
dl_score_only,0.5,19,B,half_19_B,0.8461538461538461,"[0, 23, 20, 21, 16, 25, 15, 19, 24, 27, 7, 18]"
dl_score_only,0.5,20,A,half_20_A,0.8461538461538461,"[0, 23, 20, 21, 19, 16, 25, 27, 15, 24, 18, 7]"
dl_score_only,0.5,20,B,half_20_B,0.8461538461538461,"[0, 23, 21, 20, 25, 24, 27, 2, 9, 19, 16, 15]"
dl_score_only,0.5,21,A,half_21_A,1.0,"[0, 23, 20, 21, 15, 25, 16, 19, 27, 24, 18, 2]"
dl_score_only,0.5,21,B,half_21_B,0.8461538461538461,"[0, 23, 21, 20, 25, 16, 24, 19, 15, 26, 27, 18]"
dl_score_only,0.5,22,A,half_22_A,0.7142857142857143,"[0, 23, 21, 20, 25, 24, 16, 15, 2, 9, 7, 19]"
dl_score_only,0.5,22,B,half_22_B,0.8461538461538461,"[0, 23, 21, 20, 25, 24, 27, 19, 16, 15, 9, 2]"
dl_score_only,0.5,23,A,half_23_A,0.7142857142857143,"[0, 23, 20, 21, 25, 24, 27, 16, 8, 15, 19, 9]"
dl_score_only,0.5,23,B,half_23_B,0.6,"[0, 23, 21, 20, 25, 24, 16, 19, 15, 9, 22, 7]"
dl_score_only,0.5,24,A,half_24_A,0.8461538461538461,"[0, 23, 21, 20, 25, 19, 16, 15, 24, 27, 2, 9]"
dl_score_only,0.5,24,B,half_24_B,0.8461538461538461,"[0, 20, 23, 21, 24, 25, 16, 19, 15, 27, 18, 7]"
dl_score_only,0.5,25,A,half_25_A,0.7142857142857143,"[0, 23, 21, 20, 25, 24, 19, 15, 16, 27, 9, 26]"
dl_score_only,0.5,25,B,half_25_B,1.0,"[0, 23, 21, 20, 16, 25, 24, 15, 27, 19, 2, 18]"
dl_score_only,0.5,26,A,half_26_A,0.8461538461538461,"[0, 23, 21, 16, 20, 25, 19, 15, 24, 18, 9, 2]"
dl_score_only,0.5,26,B,half_26_B,0.7142857142857143,"[0, 20, 23, 21, 25, 24, 16, 19, 27, 15, 26, 17]"
dl_score_only,0.5,27,A,half_27_A,0.8461538461538461,"[0, 23, 21, 20, 16, 25, 19, 24, 15, 27, 18, 26]"
dl_score_only,0.5,27,B,half_27_B,0.7142857142857143,"[0, 23, 21, 20, 25, 24, 16, 15, 19, 27, 7, 9]"
dl_score_only,0.5,28,A,half_28_A,1.0,"[0, 20, 21, 23, 16, 25, 27, 15, 24, 19, 18, 2]"
dl_score_only,0.5,28,B,half_28_B,0.7142857142857143,"[0, 23, 21, 20, 24, 25, 9, 22, 2, 16, 15, 27]"
dl_score_only,0.5,29,A,half_29_A,0.8461538461538461,"[0, 23, 21, 20, 24, 25, 16, 27, 2, 19, 15, 9]"
dl_score_only,0.5,29,B,half_29_B,0.8461538461538461,"[23, 0, 21, 20, 15, 25, 16, 19, 7, 27, 24, 18]"
dl_score_only,0.7,0,,f70_00,0.8461538461538461,"[0, 23, 21, 20, 25, 16, 19, 24, 27, 15, 2, 9]"
dl_score_only,0.7,1,,f70_01,1.0,"[0, 23, 21, 20, 25, 19, 15, 16, 27, 24, 2, 18]"
dl_score_only,0.7,2,,f70_02,0.8461538461538461,"[0, 23, 21, 20, 25, 16, 19, 24, 15, 27, 9, 18]"
dl_score_only,0.7,3,,f70_03,1.0,"[0, 23, 21, 20, 16, 25, 15, 24, 19, 27, 2, 18]"
dl_score_only,0.7,4,,f70_04,1.0,"[0, 23, 21, 20, 25, 24, 19, 16, 15, 2, 27, 18]"
dl_score_only,0.7,5,,f70_05,0.8461538461538461,"[0, 23, 21, 20, 25, 24, 16, 27, 19, 15, 2, 9]"
dl_score_only,0.7,6,,f70_06,0.8461538461538461,"[0, 23, 21, 20, 16, 25, 19, 15, 24, 27, 18, 9]"
dl_score_only,0.7,7,,f70_07,0.8461538461538461,"[0, 23, 21, 20, 25, 16, 24, 15, 19, 27, 9, 2]"
dl_score_only,0.7,8,,f70_08,0.8461538461538461,"[0, 23, 21, 20, 24, 25, 16, 19, 15, 27, 2, 9]"
dl_score_only,0.7,9,,f70_09,0.8461538461538461,"[0, 23, 21, 20, 16, 25, 19, 15, 27, 18, 24, 9]"
dl_score_only,0.7,10,,f70_10,0.8461538461538461,"[0, 23, 21, 20, 25, 24, 16, 19, 27, 15, 18, 9]"
dl_score_only,0.7,11,,f70_11,0.8461538461538461,"[0, 23, 21, 20, 25, 16, 19, 15, 24, 27, 2, 9]"
dl_score_only,0.7,12,,f70_12,0.7142857142857143,"[0, 23, 20, 21, 25, 24, 15, 16, 19, 27, 9, 17]"
dl_score_only,0.7,13,,f70_13,0.8461538461538461,"[0, 23, 21, 20, 25, 19, 16, 15, 24, 27, 18, 7]"
dl_score_only,0.7,14,,f70_14,0.8461538461538461,"[0, 23, 21, 20, 25, 16, 24, 15, 19, 27, 9, 18]"
dl_score_only,0.7,15,,f70_15,0.8461538461538461,"[21, 0, 23, 20, 16, 25, 15, 19, 24, 27, 9, 18]"
dl_score_only,0.7,16,,f70_16,0.8461538461538461,"[0, 23, 21, 20, 25, 24, 16, 15, 19, 2, 9, 27]"
dl_score_only,0.7,17,,f70_17,0.8461538461538461,"[0, 23, 21, 20, 25, 24, 16, 15, 19, 27, 2, 9]"
dl_score_only,0.7,18,,f70_18,1.0,"[0, 23, 21, 20, 25, 16, 19, 15, 24, 27, 2, 18]"
dl_score_only,0.7,19,,f70_19,0.8461538461538461,"[0, 23, 21, 20, 25, 24, 16, 15, 27, 19, 2, 9]"
dl_score_only,0.8,0,,f80_00,1.0,"[0, 23, 21, 20, 25, 16, 15, 19, 24, 27, 18, 2]"
dl_score_only,0.8,1,,f80_01,0.8461538461538461,"[0, 23, 21, 20, 25, 19, 16, 24, 15, 27, 2, 9]"
dl_score_only,0.8,2,,f80_02,0.8461538461538461,"[0, 23, 21, 20, 25, 16, 19, 15, 24, 27, 9, 2]"
dl_score_only,0.8,3,,f80_03,0.8461538461538461,"[0, 23, 21, 20, 25, 24, 16, 27, 15, 19, 9, 2]"
dl_score_only,0.8,4,,f80_04,1.0,"[0, 23, 21, 20, 25, 15, 16, 19, 24, 27, 2, 18]"
dl_score_only,0.8,5,,f80_05,0.8461538461538461,"[0, 23, 21, 20, 25, 16, 15, 24, 19, 27, 9, 2]"
dl_score_only,0.8,6,,f80_06,0.8461538461538461,"[0, 23, 21, 20, 25, 16, 19, 15, 24, 27, 18, 9]"
dl_score_only,0.8,7,,f80_07,0.8461538461538461,"[0, 20, 23, 21, 24, 25, 16, 19, 27, 9, 15, 2]"
dl_score_only,0.8,8,,f80_08,1.0,"[0, 23, 21, 20, 25, 16, 15, 19, 24, 27, 2, 18]"
dl_score_only,0.8,9,,f80_09,0.8461538461538461,"[0, 21, 23, 20, 25, 16, 19, 24, 27, 15, 18, 9]"
dl_score_only,0.8,10,,f80_10,0.7142857142857143,"[0, 23, 21, 20, 25, 24, 27, 16, 19, 9, 15, 26]"
dl_score_only,0.8,11,,f80_11,0.8461538461538461,"[0, 23, 21, 20, 25, 16, 15, 19, 24, 27, 2, 7]"
dl_score_only,0.8,12,,f80_12,0.8461538461538461,"[0, 23, 21, 20, 25, 24, 16, 15, 19, 27, 2, 9]"
dl_score_only,0.8,13,,f80_13,0.7142857142857143,"[23, 0, 21, 20, 19, 25, 16, 15, 24, 27, 9, 7]"
dl_score_only,0.8,14,,f80_14,1.0,"[0, 23, 21, 20, 25, 16, 15, 19, 24, 27, 18, 2]"
dl_score_only,0.8,15,,f80_15,0.8461538461538461,"[0, 21, 23, 20, 25, 16, 15, 19, 24, 27, 2, 9]"
dl_score_only,0.8,16,,f80_16,0.7142857142857143,"[0, 23, 21, 20, 25, 16, 15, 19, 24, 27, 26, 9]"
dl_score_only,0.8,17,,f80_17,0.8461538461538461,"[0, 23, 21, 20, 25, 16, 15, 19, 24, 27, 18, 26]"
dl_score_only,0.8,18,,f80_18,0.8461538461538461,"[0, 23, 20, 21, 25, 24, 16, 19, 15, 27, 2, 9]"
dl_score_only,0.8,19,,f80_19,0.8461538461538461,"[0, 23, 21, 20, 16, 25, 15, 19, 24, 27, 9, 18]"
tabm_budget_gate,0.5,0,A,half_00_A,0.7142857142857143,"[16, 19, 21, 23, 0, 20, 8, 18, 26, 25, 27, 24]"
tabm_budget_gate,0.5,0,B,half_00_B,0.8461538461538461,"[15, 19, 16, 0, 21, 23, 24, 27, 7, 25, 2, 18]"
tabm_budget_gate,0.5,1,A,half_01_A,0.8461538461538461,"[16, 19, 15, 21, 0, 23, 25, 20, 27, 2, 24, 28]"
tabm_budget_gate,0.5,1,B,half_01_B,0.7142857142857143,"[19, 15, 16, 0, 21, 23, 18, 20, 27, 26, 24, 8]"
tabm_budget_gate,0.5,2,A,half_02_A,0.8461538461538461,"[19, 15, 16, 21, 0, 18, 23, 27, 2, 25, 8, 24]"
tabm_budget_gate,0.5,2,B,half_02_B,0.7142857142857143,"[16, 15, 19, 21, 23, 0, 18, 2, 25, 20, 7, 26]"
tabm_budget_gate,0.5,3,A,half_03_A,0.8461538461538461,"[16, 19, 15, 21, 23, 0, 18, 24, 27, 20, 2, 9]"
tabm_budget_gate,0.5,3,B,half_03_B,0.8461538461538461,"[15, 19, 16, 21, 0, 23, 7, 27, 25, 24, 2, 20]"
tabm_budget_gate,0.5,4,A,half_04_A,0.8461538461538461,"[19, 16, 0, 15, 21, 27, 23, 24, 2, 20, 25, 1]"
tabm_budget_gate,0.5,4,B,half_04_B,0.8461538461538461,"[15, 16, 19, 21, 0, 23, 25, 20, 27, 24, 18, 3]"
tabm_budget_gate,0.5,5,A,half_05_A,0.7142857142857143,"[19, 16, 15, 21, 0, 23, 25, 2, 8, 20, 27, 9]"
tabm_budget_gate,0.5,5,B,half_05_B,0.8461538461538461,"[15, 19, 16, 21, 23, 18, 0, 20, 27, 25, 26, 24]"
tabm_budget_gate,0.5,6,A,half_06_A,1.0,"[16, 15, 19, 21, 23, 0, 2, 18, 24, 27, 20, 25]"
tabm_budget_gate,0.5,6,B,half_06_B,0.6,"[16, 19, 21, 23, 0, 20, 25, 26, 7, 2, 8, 27]"
tabm_budget_gate,0.5,7,A,half_07_A,0.8461538461538461,"[19, 16, 21, 0, 23, 20, 27, 15, 24, 18, 2, 3]"
tabm_budget_gate,0.5,7,B,half_07_B,1.0,"[16, 0, 15, 21, 23, 19, 27, 25, 20, 18, 24, 2]"
tabm_budget_gate,0.5,8,A,half_08_A,0.8461538461538461,"[19, 15, 16, 21, 0, 23, 24, 18, 20, 25, 2, 9]"
tabm_budget_gate,0.5,8,B,half_08_B,0.6,"[16, 19, 15, 0, 21, 23, 20, 25, 26, 27, 7, 22]"
tabm_budget_gate,0.5,9,A,half_09_A,0.8461538461538461,"[16, 19, 15, 21, 23, 0, 27, 2, 25, 7, 20, 24]"
tabm_budget_gate,0.5,9,B,half_09_B,0.7142857142857143,"[19, 16, 21, 18, 23, 0, 24, 15, 27, 28, 2, 9]"
tabm_budget_gate,0.5,10,A,half_10_A,0.8461538461538461,"[19, 16, 15, 21, 0, 23, 20, 27, 18, 2, 24, 8]"
tabm_budget_gate,0.5,10,B,half_10_B,0.8461538461538461,"[19, 16, 0, 21, 25, 23, 18, 27, 24, 20, 2, 9]"
tabm_budget_gate,0.5,11,A,half_11_A,0.7142857142857143,"[15, 16, 19, 21, 23, 0, 27, 8, 9, 20, 24, 2]"
tabm_budget_gate,0.5,11,B,half_11_B,0.8461538461538461,"[19, 16, 15, 0, 21, 23, 18, 25, 20, 24, 2, 26]"
tabm_budget_gate,0.5,12,A,half_12_A,0.8461538461538461,"[16, 0, 23, 21, 24, 2, 26, 18, 20, 19, 25, 27]"
tabm_budget_gate,0.5,12,B,half_12_B,0.7142857142857143,"[19, 15, 16, 21, 0, 23, 25, 8, 27, 3, 20, 24]"
tabm_budget_gate,0.5,13,A,half_13_A,0.7142857142857143,"[19, 16, 21, 0, 23, 15, 25, 18, 20, 26, 27, 9]"
tabm_budget_gate,0.5,13,B,half_13_B,0.8461538461538461,"[16, 15, 19, 21, 23, 0, 8, 24, 2, 27, 25, 20]"
tabm_budget_gate,0.5,14,A,half_14_A,0.8461538461538461,"[15, 16, 21, 23, 0, 2, 25, 19, 27, 18, 24, 26]"
tabm_budget_gate,0.5,14,B,half_14_B,0.8461538461538461,"[16, 19, 0, 21, 23, 27, 24, 20, 2, 15, 25, 28]"
tabm_budget_gate,0.5,15,A,half_15_A,0.7142857142857143,"[19, 15, 16, 21, 23, 0, 20, 24, 26, 9, 27, 25]"
tabm_budget_gate,0.5,15,B,half_15_B,0.8461538461538461,"[15, 16, 19, 21, 18, 23, 0, 2, 25, 7, 27, 24]"
tabm_budget_gate,0.5,16,A,half_16_A,0.8461538461538461,"[19, 16, 15, 21, 0, 23, 18, 27, 20, 25, 24, 8]"
tabm_budget_gate,0.5,16,B,half_16_B,0.7142857142857143,"[16, 19, 15, 23, 21, 0, 22, 25, 27, 24, 20, 26]"
tabm_budget_gate,0.5,17,A,half_17_A,0.8461538461538461,"[19, 16, 21, 0, 23, 26, 20, 25, 15, 27, 2, 24]"
tabm_budget_gate,0.5,17,B,half_17_B,0.8461538461538461,"[15, 16, 21, 0, 23, 19, 24, 25, 20, 9, 18, 2]"
tabm_budget_gate,0.5,18,A,half_18_A,0.8461538461538461,"[19, 15, 16, 21, 0, 23, 25, 28, 18, 20, 24, 27]"
tabm_budget_gate,0.5,18,B,half_18_B,0.8461538461538461,"[16, 19, 23, 0, 21, 18, 27, 25, 24, 20, 26, 2]"
tabm_budget_gate,0.5,19,A,half_19_A,0.7142857142857143,"[19, 16, 21, 18, 23, 0, 27, 25, 26, 24, 20, 28]"
tabm_budget_gate,0.5,19,B,half_19_B,0.8461538461538461,"[15, 16, 19, 21, 0, 20, 23, 24, 7, 27, 2, 25]"
tabm_budget_gate,0.5,20,A,half_20_A,0.7142857142857143,"[15, 19, 16, 21, 23, 0, 24, 20, 3, 27, 26, 18]"
tabm_budget_gate,0.5,20,B,half_20_B,1.0,"[16, 0, 21, 23, 15, 24, 25, 2, 20, 27, 18, 19]"
tabm_budget_gate,0.5,21,A,half_21_A,0.8461538461538461,"[19, 16, 15, 21, 23, 0, 18, 20, 27, 7, 24, 2]"
tabm_budget_gate,0.5,21,B,half_21_B,0.8461538461538461,"[19, 16, 15, 21, 0, 23, 20, 25, 24, 26, 2, 27]"
tabm_budget_gate,0.5,22,A,half_22_A,0.8461538461538461,"[16, 15, 19, 0, 21, 23, 24, 25, 20, 2, 27, 1]"
tabm_budget_gate,0.5,22,B,half_22_B,0.8461538461538461,"[19, 16, 21, 18, 23, 0, 27, 2, 8, 15, 24, 20]"
tabm_budget_gate,0.5,23,A,half_23_A,0.8461538461538461,"[0, 16, 19, 23, 21, 27, 20, 24, 25, 15, 18, 8]"
tabm_budget_gate,0.5,23,B,half_23_B,0.7142857142857143,"[15, 19, 16, 21, 0, 25, 23, 2, 20, 26, 24, 9]"
tabm_budget_gate,0.5,24,A,half_24_A,0.8461538461538461,"[19, 16, 15, 21, 23, 0, 24, 18, 27, 2, 25, 26]"
tabm_budget_gate,0.5,24,B,half_24_B,0.8461538461538461,"[15, 16, 19, 21, 0, 20, 23, 18, 28, 24, 25, 2]"
tabm_budget_gate,0.5,25,A,half_25_A,0.7142857142857143,"[15, 19, 16, 21, 0, 23, 26, 2, 27, 24, 17, 20]"
tabm_budget_gate,0.5,25,B,half_25_B,1.0,"[16, 19, 15, 21, 23, 0, 18, 20, 2, 24, 27, 25]"
tabm_budget_gate,0.5,26,A,half_26_A,0.8461538461538461,"[16, 15, 21, 23, 0, 18, 24, 19, 20, 2, 9, 27]"
tabm_budget_gate,0.5,26,B,half_26_B,0.7142857142857143,"[15, 19, 21, 16, 0, 23, 26, 25, 18, 20, 27, 17]"
tabm_budget_gate,0.5,27,A,half_27_A,1.0,"[19, 16, 21, 23, 0, 25, 18, 15, 20, 2, 24, 27]"
tabm_budget_gate,0.5,27,B,half_27_B,0.7142857142857143,"[15, 19, 16, 21, 23, 0, 24, 27, 7, 20, 25, 22]"
tabm_budget_gate,0.5,28,A,half_28_A,0.8461538461538461,"[15, 16, 21, 0, 20, 19, 27, 2, 23, 25, 18, 17]"
tabm_budget_gate,0.5,28,B,half_28_B,0.6,"[0, 23, 16, 21, 24, 2, 9, 1, 19, 8, 27, 15]"
tabm_budget_gate,0.5,29,A,half_29_A,0.7142857142857143,"[16, 19, 23, 21, 0, 18, 8, 2, 25, 26, 27, 20]"
tabm_budget_gate,0.5,29,B,half_29_B,0.7142857142857143,"[15, 19, 16, 21, 23, 0, 20, 17, 24, 25, 18, 7]"
tabm_budget_gate,0.7,0,,f70_00,0.8461538461538461,"[15, 16, 19, 21, 0, 23, 2, 18, 25, 20, 26, 24]"
tabm_budget_gate,0.7,1,,f70_01,1.0,"[15, 19, 16, 21, 23, 0, 25, 18, 2, 20, 27, 24]"
tabm_budget_gate,0.7,2,,f70_02,0.6,"[16, 19, 21, 18, 23, 0, 24, 25, 7, 27, 28, 8]"
tabm_budget_gate,0.7,3,,f70_03,0.8461538461538461,"[15, 16, 19, 21, 18, 0, 23, 2, 24, 7, 27, 25]"
tabm_budget_gate,0.7,4,,f70_04,1.0,"[19, 15, 21, 18, 16, 23, 0, 2, 24, 25, 20, 27]"
tabm_budget_gate,0.7,5,,f70_05,1.0,"[16, 15, 19, 21, 23, 18, 0, 24, 25, 2, 27, 20]"
tabm_budget_gate,0.7,6,,f70_06,0.8461538461538461,"[19, 15, 16, 21, 23, 0, 24, 27, 18, 20, 9, 25]"
tabm_budget_gate,0.7,7,,f70_07,0.8461538461538461,"[15, 16, 19, 21, 23, 0, 25, 18, 20, 24, 27, 8]"
tabm_budget_gate,0.7,8,,f70_08,0.8461538461538461,"[15, 19, 16, 21, 0, 23, 2, 27, 24, 7, 20, 25]"
tabm_budget_gate,0.7,9,,f70_09,0.8461538461538461,"[19, 15, 16, 21, 23, 18, 0, 20, 24, 8, 27, 25]"
tabm_budget_gate,0.7,10,,f70_10,0.7142857142857143,"[19, 16, 21, 23, 0, 18, 27, 2, 24, 25, 8, 9]"
tabm_budget_gate,0.7,11,,f70_11,0.8461538461538461,"[15, 19, 21, 16, 23, 0, 24, 18, 7, 2, 25, 27]"
tabm_budget_gate,0.7,12,,f70_12,0.8461538461538461,"[15, 19, 16, 23, 0, 21, 24, 20, 27, 25, 2, 7]"
tabm_budget_gate,0.7,13,,f70_13,0.8461538461538461,"[15, 19, 16, 21, 23, 0, 18, 24, 25, 7, 27, 20]"
tabm_budget_gate,0.7,14,,f70_14,0.8461538461538461,"[16, 19, 21, 23, 0, 18, 25, 27, 7, 24, 20, 2]"
tabm_budget_gate,0.7,15,,f70_15,0.8461538461538461,"[16, 15, 19, 21, 23, 18, 0, 9, 24, 27, 25, 2]"
tabm_budget_gate,0.7,16,,f70_16,0.8461538461538461,"[15, 19, 16, 23, 21, 0, 8, 25, 24, 27, 2, 20]"
tabm_budget_gate,0.7,17,,f70_17,0.8461538461538461,"[15, 16, 19, 18, 21, 23, 0, 24, 25, 20, 26, 2]"
tabm_budget_gate,0.7,18,,f70_18,1.0,"[15, 19, 21, 23, 0, 16, 24, 20, 25, 27, 18, 2]"
tabm_budget_gate,0.7,19,,f70_19,1.0,"[19, 15, 16, 21, 23, 0, 18, 27, 25, 20, 24, 2]"
tabm_budget_gate,0.8,0,,f80_00,1.0,"[15, 16, 19, 21, 23, 0, 18, 2, 27, 25, 24, 20]"
tabm_budget_gate,0.8,1,,f80_01,0.8461538461538461,"[16, 19, 21, 18, 23, 0, 24, 2, 20, 15, 25, 26]"
tabm_budget_gate,0.8,2,,f80_02,0.7142857142857143,"[15, 16, 19, 21, 23, 0, 18, 24, 27, 7, 9, 20]"
tabm_budget_gate,0.8,3,,f80_03,1.0,"[16, 21, 19, 18, 23, 0, 24, 2, 25, 15, 27, 20]"
tabm_budget_gate,0.8,4,,f80_04,0.8461538461538461,"[15, 19, 21, 23, 18, 16, 0, 2, 24, 25, 20, 7]"
tabm_budget_gate,0.8,5,,f80_05,1.0,"[15, 16, 19, 21, 23, 0, 18, 25, 24, 2, 27, 20]"
tabm_budget_gate,0.8,6,,f80_06,1.0,"[15, 19, 16, 21, 23, 0, 18, 20, 24, 25, 27, 2]"
tabm_budget_gate,0.8,7,,f80_07,1.0,"[15, 16, 19, 23, 21, 0, 20, 18, 27, 25, 2, 24]"
tabm_budget_gate,0.8,8,,f80_08,0.7142857142857143,"[15, 16, 19, 21, 0, 23, 24, 18, 25, 27, 7, 9]"
tabm_budget_gate,0.8,9,,f80_09,1.0,"[16, 19, 21, 18, 23, 0, 25, 15, 2, 24, 20, 27]"
tabm_budget_gate,0.8,10,,f80_10,0.8461538461538461,"[19, 16, 15, 21, 23, 18, 0, 20, 27, 24, 8, 25]"
tabm_budget_gate,0.8,11,,f80_11,0.8461538461538461,"[15, 19, 16, 21, 23, 0, 25, 7, 18, 27, 2, 24]"
tabm_budget_gate,0.8,12,,f80_12,1.0,"[19, 15, 21, 23, 0, 16, 24, 18, 20, 2, 25, 27]"
tabm_budget_gate,0.8,13,,f80_13,1.0,"[15, 19, 16, 21, 23, 0, 18, 25, 24, 2, 20, 27]"
tabm_budget_gate,0.8,14,,f80_14,0.8461538461538461,"[15, 21, 16, 18, 0, 23, 19, 25, 24, 27, 20, 7]"
tabm_budget_gate,0.8,15,,f80_15,1.0,"[15, 16, 19, 21, 18, 23, 0, 24, 2, 25, 27, 20]"
tabm_budget_gate,0.8,16,,f80_16,0.7142857142857143,"[15, 19, 16, 21, 23, 0, 25, 8, 24, 20, 26, 2]"
tabm_budget_gate,0.8,17,,f80_17,0.8461538461538461,"[15, 19, 16, 21, 23, 18, 0, 2, 25, 27, 24, 26]"
tabm_budget_gate,0.8,18,,f80_18,0.8461538461538461,"[15, 19, 16, 21, 18, 23, 0, 24, 25, 7, 20, 27]"
tabm_budget_gate,0.8,19,,f80_19,0.8461538461538461,"[15, 19, 16, 21, 23, 0, 18, 24, 25, 20, 27, 7]"
ep_regression,0.5,0,A,half_00_A,0.6,"[0, 16, 27, 2, 21, 20, 24, 28, 4, 3, 26, 10]"
ep_regression,0.5,0,B,half_00_B,0.6,"[0, 27, 16, 7, 24, 15, 21, 19, 20, 17, 2, 1]"
ep_regression,0.5,1,A,half_01_A,0.6,"[0, 15, 27, 28, 16, 21, 24, 4, 19, 7, 23, 25]"
ep_regression,0.5,1,B,half_01_B,0.6,"[0, 16, 8, 27, 26, 19, 20, 24, 15, 7, 21, 23]"
ep_regression,0.5,2,A,half_02_A,0.6,"[0, 27, 15, 16, 28, 26, 20, 7, 19, 23, 18, 24]"
ep_regression,0.5,2,B,half_02_B,0.7142857142857143,"[0, 15, 20, 16, 2, 27, 25, 26, 7, 1, 28, 18]"
ep_regression,0.5,3,A,half_03_A,0.7142857142857143,"[0, 16, 27, 15, 25, 7, 21, 2, 18, 20, 26, 23]"
ep_regression,0.5,3,B,half_03_B,0.6,"[0, 27, 19, 16, 2, 20, 26, 1, 23, 21, 25, 7]"
ep_regression,0.5,4,A,half_04_A,0.7142857142857143,"[0, 27, 16, 7, 15, 19, 2, 24, 21, 20, 26, 18]"
ep_regression,0.5,4,B,half_04_B,0.7142857142857143,"[0, 27, 15, 21, 16, 20, 25, 17, 7, 9, 26, 24]"
ep_regression,0.5,5,A,half_05_A,0.7142857142857143,"[0, 27, 16, 2, 15, 21, 9, 19, 20, 28, 7, 24]"
ep_regression,0.5,5,B,half_05_B,0.5,"[0, 16, 21, 15, 26, 27, 19, 7, 28, 9, 12, 18]"
ep_regression,0.5,6,A,half_06_A,0.5,"[0, 27, 16, 2, 15, 21, 9, 19, 4, 6, 20, 24]"
ep_regression,0.5,6,B,half_06_B,0.5,"[0, 16, 27, 19, 20, 25, 28, 26, 8, 23, 18, 7]"
ep_regression,0.5,7,A,half_07_A,0.6,"[0, 27, 16, 20, 19, 24, 2, 21, 15, 1, 7, 17]"
ep_regression,0.5,7,B,half_07_B,0.7142857142857143,"[0, 23, 27, 16, 2, 21, 7, 24, 20, 15, 25, 18]"
ep_regression,0.5,8,A,half_08_A,0.7142857142857143,"[0, 27, 16, 28, 7, 2, 20, 15, 21, 25, 18, 19]"
ep_regression,0.5,8,B,half_08_B,0.6,"[0, 26, 21, 2, 20, 24, 16, 25, 23, 27, 3, 4]"
ep_regression,0.5,9,A,half_09_A,0.7142857142857143,"[0, 27, 16, 15, 26, 2, 19, 24, 7, 20, 23, 25]"
ep_regression,0.5,9,B,half_09_B,0.5,"[0, 16, 21, 9, 28, 27, 15, 20, 26, 1, 23, 11]"
ep_regression,0.5,10,A,half_10_A,0.6,"[0, 16, 27, 25, 19, 15, 21, 26, 24, 8, 28, 23]"
ep_regression,0.5,10,B,half_10_B,0.7142857142857143,"[0, 27, 2, 15, 26, 16, 1, 21, 24, 19, 28, 7]"
ep_regression,0.5,11,A,half_11_A,0.5,"[0, 27, 15, 2, 20, 8, 24, 17, 10, 25, 9, 16]"
ep_regression,0.5,11,B,half_11_B,0.6,"[0, 25, 16, 21, 15, 10, 19, 20, 26, 27, 7, 11]"
ep_regression,0.5,12,A,half_12_A,0.7142857142857143,"[0, 20, 16, 2, 27, 7, 26, 21, 24, 17, 19, 25]"
ep_regression,0.5,12,B,half_12_B,0.6,"[0, 27, 8, 15, 16, 21, 19, 20, 25, 28, 7, 4]"
ep_regression,0.5,13,A,half_13_A,0.6,"[0, 27, 20, 16, 7, 28, 26, 19, 24, 17, 9, 21]"
ep_regression,0.5,13,B,half_13_B,0.4117647058823529,"[0, 27, 16, 2, 19, 8, 23, 20, 3, 26, 9, 15]"
ep_regression,0.5,14,A,half_14_A,0.5,"[0, 27, 16, 19, 15, 26, 21, 23, 20, 2, 5, 17]"
ep_regression,0.5,14,B,half_14_B,0.7142857142857143,"[0, 20, 27, 15, 28, 16, 19, 21, 9, 25, 7, 24]"
ep_regression,0.5,15,A,half_15_A,0.4117647058823529,"[0, 27, 16, 24, 20, 19, 15, 9, 11, 26, 1, 12]"
ep_regression,0.5,15,B,half_15_B,0.8461538461538461,"[0, 20, 27, 16, 15, 7, 24, 2, 25, 28, 13, 21]"
ep_regression,0.5,16,A,half_16_A,0.5,"[0, 27, 16, 1, 8, 19, 20, 25, 2, 26, 5, 15]"
ep_regression,0.5,16,B,half_16_B,0.7142857142857143,"[0, 27, 2, 15, 16, 26, 24, 21, 20, 23, 25, 18]"
ep_regression,0.5,17,A,half_17_A,0.6,"[0, 26, 16, 20, 27, 21, 19, 2, 25, 5, 11, 24]"
ep_regression,0.5,17,B,half_17_B,0.7142857142857143,"[0, 21, 27, 16, 15, 28, 24, 7, 9, 20, 23, 25]"
ep_regression,0.5,18,A,half_18_A,0.7142857142857143,"[0, 16, 21, 26, 15, 2, 28, 25, 19, 20, 27, 8]"
ep_regression,0.5,18,B,half_18_B,0.6,"[27, 0, 21, 7, 1, 16, 25, 2, 19, 23, 20, 15]"
ep_regression,0.5,19,A,half_19_A,0.6,"[0, 25, 16, 2, 28, 26, 18, 20, 27, 21, 3, 23]"
ep_regression,0.5,19,B,half_19_B,0.6,"[0, 2, 27, 16, 7, 20, 21, 19, 5, 25, 15, 23]"
ep_regression,0.5,20,A,half_20_A,0.4117647058823529,"[0, 27, 15, 7, 16, 12, 19, 21, 3, 18, 20, 23]"
ep_regression,0.5,20,B,half_20_B,0.6,"[0, 2, 16, 15, 18, 20, 27, 24, 26, 21, 12, 19]"
ep_regression,0.5,21,A,half_21_A,0.7142857142857143,"[0, 21, 27, 20, 16, 15, 7, 26, 28, 17, 19, 24]"
ep_regression,0.5,21,B,half_21_B,0.6,"[0, 16, 26, 19, 25, 7, 20, 27, 21, 15, 8, 9]"
ep_regression,0.5,22,A,half_22_A,0.7142857142857143,"[20, 0, 21, 27, 7, 2, 16, 25, 15, 5, 3, 24]"
ep_regression,0.5,22,B,half_22_B,0.6,"[0, 27, 21, 16, 2, 20, 28, 19, 10, 6, 7, 15]"
ep_regression,0.5,23,A,half_23_A,0.6,"[0, 27, 20, 16, 15, 8, 21, 24, 7, 1, 19, 2]"
ep_regression,0.5,23,B,half_23_B,0.7142857142857143,"[0, 26, 2, 21, 16, 20, 15, 24, 11, 9, 7, 25]"
ep_regression,0.5,24,A,half_24_A,0.6,"[0, 15, 27, 16, 21, 19, 7, 25, 23, 26, 1, 2]"
ep_regression,0.5,24,B,half_24_B,0.8461538461538461,"[0, 27, 15, 16, 7, 25, 26, 28, 21, 20, 18, 24]"
ep_regression,0.5,25,A,half_25_A,0.6,"[0, 15, 2, 21, 16, 27, 25, 1, 17, 7, 6, 26]"
ep_regression,0.5,25,B,half_25_B,0.6,"[0, 15, 16, 27, 21, 28, 20, 2, 26, 5, 18, 23]"
ep_regression,0.5,26,A,half_26_A,0.7142857142857143,"[0, 27, 16, 15, 2, 20, 25, 7, 9, 4, 28, 24]"
ep_regression,0.5,26,B,half_26_B,0.7142857142857143,"[0, 26, 21, 17, 27, 19, 16, 28, 20, 25, 15, 24]"
ep_regression,0.5,27,A,half_27_A,0.7142857142857143,"[0, 27, 15, 21, 16, 28, 26, 19, 7, 17, 20, 25]"
ep_regression,0.5,27,B,half_27_B,0.6,"[0, 27, 21, 2, 16, 7, 15, 25, 20, 9, 5, 23]"
ep_regression,0.5,28,A,half_28_A,0.7142857142857143,"[0, 27, 16, 17, 21, 28, 2, 7, 15, 24, 13, 26]"
ep_regression,0.5,28,B,half_28_B,0.6,"[0, 26, 7, 20, 23, 21, 24, 15, 9, 2, 1, 16]"
ep_regression,0.5,29,A,half_29_A,0.6,"[0, 27, 16, 15, 20, 2, 26, 25, 18, 8, 21, 1]"
ep_regression,0.5,29,B,half_29_B,0.6,"[0, 19, 27, 25, 15, 7, 16, 21, 20, 26, 17, 10]"
ep_regression,0.7,0,,f70_00,0.7142857142857143,"[0, 15, 27, 2, 16, 19, 26, 28, 20, 21, 1, 7]"
ep_regression,0.7,1,,f70_01,0.6,"[0, 15, 20, 16, 11, 21, 27, 2, 7, 19, 6, 25]"
ep_regression,0.7,2,,f70_02,0.6,"[0, 27, 15, 16, 7, 19, 10, 20, 26, 8, 28, 24]"
ep_regression,0.7,3,,f70_03,0.6,"[0, 21, 16, 7, 15, 18, 2, 25, 26, 10, 1, 27]"
ep_regression,0.7,4,,f70_04,0.7142857142857143,"[0, 2, 27, 20, 16, 28, 15, 25, 26, 19, 21, 1]"
ep_regression,0.7,5,,f70_05,0.7142857142857143,"[0, 16, 21, 20, 19, 2, 24, 27, 15, 3, 26, 28]"
ep_regression,0.7,6,,f70_06,0.6,"[0, 16, 21, 25, 7, 15, 27, 20, 26, 19, 8, 17]"
ep_regression,0.7,7,,f70_07,0.7142857142857143,"[0, 21, 16, 19, 15, 27, 20, 24, 2, 26, 8, 7]"
ep_regression,0.7,8,,f70_08,0.6,"[0, 27, 16, 5, 26, 19, 21, 20, 7, 12, 25, 28]"
ep_regression,0.7,9,,f70_09,0.6,"[0, 27, 16, 28, 20, 23, 15, 21, 9, 8, 26, 7]"
ep_regression,0.7,10,,f70_10,0.6,"[27, 0, 23, 16, 19, 8, 15, 2, 25, 7, 26, 21]"
ep_regression,0.7,11,,f70_11,0.6,"[0, 2, 16, 15, 27, 19, 26, 21, 20, 25, 9, 1]"
ep_regression,0.7,12,,f70_12,0.6,"[0, 2, 20, 16, 15, 27, 21, 7, 24, 1, 3, 17]"
ep_regression,0.7,13,,f70_13,0.5,"[0, 27, 16, 7, 25, 19, 15, 20, 21, 23, 12, 5]"
ep_regression,0.7,14,,f70_14,0.6,"[0, 16, 21, 15, 2, 26, 7, 25, 19, 8, 6, 27]"
ep_regression,0.7,15,,f70_15,0.6,"[0, 21, 26, 16, 27, 15, 19, 2, 24, 20, 23, 18]"
ep_regression,0.7,16,,f70_16,0.6,"[0, 21, 15, 16, 2, 19, 8, 27, 25, 20, 13, 24]"
ep_regression,0.7,17,,f70_17,0.7142857142857143,"[0, 15, 24, 21, 16, 11, 19, 27, 2, 20, 26, 28]"
ep_regression,0.7,18,,f70_18,0.7142857142857143,"[0, 16, 2, 27, 7, 24, 20, 21, 19, 26, 9, 15]"
ep_regression,0.7,19,,f70_19,0.5,"[0, 27, 16, 21, 15, 10, 28, 25, 23, 7, 19, 9]"
ep_regression,0.8,0,,f80_00,0.7142857142857143,"[0, 27, 21, 16, 19, 15, 1, 2, 7, 28, 24, 20]"
ep_regression,0.8,1,,f80_01,0.4117647058823529,"[0, 27, 2, 16, 21, 1, 26, 11, 19, 9, 5, 20]"
ep_regression,0.8,2,,f80_02,0.7142857142857143,"[0, 21, 27, 2, 7, 19, 16, 28, 20, 9, 25, 24]"
ep_regression,0.8,3,,f80_03,0.6,"[0, 27, 16, 7, 2, 25, 21, 26, 4, 19, 8, 15]"
ep_regression,0.8,4,,f80_04,0.7142857142857143,"[0, 16, 27, 15, 21, 7, 19, 25, 9, 28, 20, 24]"
ep_regression,0.8,5,,f80_05,0.7142857142857143,"[0, 26, 7, 19, 16, 20, 27, 15, 21, 25, 18, 28]"
ep_regression,0.8,6,,f80_06,0.6,"[0, 20, 16, 27, 2, 19, 26, 7, 25, 15, 1, 17]"
ep_regression,0.8,7,,f80_07,0.5,"[0, 21, 16, 26, 27, 15, 20, 2, 18, 12, 19, 3]"
ep_regression,0.8,8,,f80_08,0.6,"[0, 27, 16, 19, 7, 15, 21, 25, 8, 23, 20, 24]"
ep_regression,0.8,9,,f80_09,0.7142857142857143,"[0, 21, 16, 26, 20, 15, 24, 27, 9, 2, 7, 19]"
ep_regression,0.8,10,,f80_10,0.8461538461538461,"[0, 27, 15, 2, 25, 21, 16, 7, 3, 28, 20, 26]"
ep_regression,0.8,11,,f80_11,0.8461538461538461,"[0, 16, 2, 20, 15, 27, 28, 24, 21, 19, 7, 26]"
ep_regression,0.8,12,,f80_12,0.8461538461538461,"[0, 2, 15, 16, 28, 20, 21, 27, 25, 26, 7, 17]"
ep_regression,0.8,13,,f80_13,0.6,"[0, 16, 26, 15, 24, 27, 21, 20, 11, 6, 19, 2]"
ep_regression,0.8,14,,f80_14,0.7142857142857143,"[0, 27, 16, 7, 21, 26, 15, 25, 20, 2, 12, 19]"
ep_regression,0.8,15,,f80_15,0.6,"[0, 21, 16, 27, 19, 25, 20, 15, 23, 18, 2, 28]"
ep_regression,0.8,16,,f80_16,0.8461538461538461,"[0, 16, 27, 20, 7, 26, 21, 24, 15, 8, 28, 2]"
ep_regression,0.8,17,,f80_17,1.0,"[0, 21, 16, 27, 2, 26, 28, 15, 25, 7, 24, 20]"
ep_regression,0.8,18,,f80_18,0.5,"[0, 16, 27, 26, 19, 21, 2, 20, 5, 24, 23, 1]"
ep_regression,0.8,19,,f80_19,0.6,"[21, 0, 27, 16, 1, 7, 2, 15, 26, 19, 23, 25]"
ep_refresh,0.5,0,A,half_00_A,0.4117647058823529,"[25, 0, 23, 16, 17, 2, 1, 20, 12, 21, 15, 27]"
ep_refresh,0.5,0,B,half_00_B,0.4117647058823529,"[9, 20, 24, 19, 22, 25, 7, 8, 18, 23, 0, 27]"
ep_refresh,0.5,1,A,half_01_A,0.3333333333333333,"[18, 23, 0, 1, 7, 27, 6, 9, 19, 11, 21, 3]"
ep_refresh,0.5,1,B,half_01_B,0.6,"[5, 1, 21, 3, 0, 25, 11, 17, 20, 24, 23, 19]"
ep_refresh,0.5,2,A,half_02_A,0.6,"[0, 17, 2, 25, 1, 18, 5, 24, 27, 20, 23, 9]"
ep_refresh,0.5,2,B,half_02_B,0.3333333333333333,"[27, 25, 0, 24, 1, 26, 4, 16, 19, 9, 23, 28]"
ep_refresh,0.5,3,A,half_03_A,0.4117647058823529,"[0, 23, 2, 17, 25, 26, 4, 12, 9, 21, 20, 16]"
ep_refresh,0.5,3,B,half_03_B,0.3333333333333333,"[0, 3, 27, 16, 24, 4, 19, 21, 20, 23, 10, 2]"
ep_refresh,0.5,4,A,half_04_A,0.3333333333333333,"[4, 19, 0, 17, 25, 1, 21, 16, 23, 27, 26, 9]"
ep_refresh,0.5,4,B,half_04_B,0.5,"[9, 21, 23, 15, 10, 8, 4, 11, 24, 20, 28, 2]"
ep_refresh,0.5,5,A,half_05_A,0.5,"[9, 17, 0, 2, 12, 11, 27, 25, 20, 28, 8, 24]"
ep_refresh,0.5,5,B,half_05_B,0.7142857142857143,"[9, 24, 21, 0, 11, 2, 19, 1, 25, 12, 20, 23]"
ep_refresh,0.5,6,A,half_06_A,0.4117647058823529,"[25, 24, 20, 21, 18, 26, 15, 0, 19, 23, 6, 1]"
ep_refresh,0.5,6,B,half_06_B,0.5,"[0, 4, 23, 24, 9, 8, 11, 15, 3, 20, 21, 12]"
ep_refresh,0.5,7,A,half_07_A,0.2,"[0, 18, 10, 7, 22, 6, 9, 27, 3, 23, 25, 28]"
ep_refresh,0.5,7,B,half_07_B,0.3333333333333333,"[0, 20, 17, 3, 12, 15, 19, 24, 1, 16, 25, 11]"
ep_refresh,0.5,8,A,half_08_A,0.4117647058823529,"[7, 24, 21, 25, 12, 0, 27, 4, 17, 23, 9, 20]"
ep_refresh,0.5,8,B,half_08_B,0.6,"[1, 0, 27, 21, 20, 9, 2, 4, 24, 23, 25, 3]"
ep_refresh,0.5,9,A,half_09_A,0.5,"[2, 23, 25, 26, 28, 1, 11, 9, 17, 0, 13, 21]"
ep_refresh,0.5,9,B,half_09_B,0.6,"[9, 20, 2, 19, 25, 0, 1, 10, 24, 21, 23, 7]"
ep_refresh,0.5,10,A,half_10_A,0.5,"[9, 0, 21, 23, 20, 26, 15, 11, 8, 13, 1, 12]"
ep_refresh,0.5,10,B,half_10_B,0.3333333333333333,"[9, 22, 7, 10, 25, 1, 6, 20, 24, 0, 18, 12]"
ep_refresh,0.5,11,A,half_11_A,0.5,"[25, 24, 16, 8, 0, 23, 21, 20, 7, 15, 5, 18]"
ep_refresh,0.5,11,B,half_11_B,0.5,"[20, 6, 25, 17, 23, 24, 21, 13, 11, 16, 0, 9]"
ep_refresh,0.5,12,A,half_12_A,0.5,"[0, 25, 23, 6, 18, 9, 24, 28, 1, 21, 20, 27]"
ep_refresh,0.5,12,B,half_12_B,0.5,"[0, 25, 17, 13, 27, 15, 2, 1, 24, 21, 9, 23]"
ep_refresh,0.5,13,A,half_13_A,0.5,"[0, 23, 8, 12, 25, 20, 24, 27, 21, 17, 26, 1]"
ep_refresh,0.5,13,B,half_13_B,0.4117647058823529,"[25, 0, 1, 2, 17, 19, 24, 5, 21, 15, 27, 26]"
ep_refresh,0.5,14,A,half_14_A,0.4117647058823529,"[7, 24, 0, 20, 25, 1, 4, 9, 12, 23, 17, 16]"
ep_refresh,0.5,14,B,half_14_B,0.3333333333333333,"[28, 0, 24, 11, 12, 26, 16, 3, 23, 20, 9, 22]"
ep_refresh,0.5,15,A,half_15_A,0.6,"[25, 0, 5, 1, 3, 13, 23, 21, 12, 24, 20, 9]"
ep_refresh,0.5,15,B,half_15_B,0.5,"[20, 21, 23, 0, 25, 10, 24, 27, 9, 6, 2, 19]"
ep_refresh,0.5,16,A,half_16_A,0.5,"[24, 20, 11, 17, 7, 9, 18, 2, 5, 23, 21, 12]"
ep_refresh,0.5,16,B,half_16_B,0.5,"[23, 9, 17, 2, 8, 4, 7, 1, 6, 0, 20, 24]"
ep_refresh,0.5,17,A,half_17_A,0.4117647058823529,"[9, 0, 26, 23, 21, 19, 6, 10, 20, 2, 27, 8]"
ep_refresh,0.5,17,B,half_17_B,0.4117647058823529,"[6, 0, 20, 9, 3, 25, 7, 17, 1, 11, 24, 12]"
ep_refresh,0.5,18,A,half_18_A,0.5,"[23, 1, 21, 20, 25, 24, 0, 16, 28, 9, 22, 18]"
ep_refresh,0.5,18,B,half_18_B,0.7142857142857143,"[4, 0, 24, 20, 1, 25, 2, 6, 23, 21, 9, 5]"
ep_refresh,0.5,19,A,half_19_A,0.4117647058823529,"[0, 18, 9, 22, 10, 7, 16, 25, 24, 21, 23, 20]"
ep_refresh,0.5,19,B,half_19_B,0.5,"[8, 13, 0, 25, 1, 15, 24, 23, 21, 20, 4, 19]"
ep_refresh,0.5,20,A,half_20_A,0.5,"[9, 0, 20, 12, 19, 25, 28, 11, 3, 1, 5, 24]"
ep_refresh,0.5,20,B,half_20_B,0.6,"[25, 0, 4, 21, 23, 3, 24, 5, 1, 13, 8, 2]"
ep_refresh,0.5,21,A,half_21_A,0.3333333333333333,"[10, 2, 9, 0, 27, 15, 18, 20, 13, 22, 1, 25]"
ep_refresh,0.5,21,B,half_21_B,0.2631578947368421,"[26, 7, 0, 6, 25, 12, 11, 28, 22, 24, 20, 17]"
ep_refresh,0.5,22,A,half_22_A,0.6,"[0, 23, 25, 1, 2, 24, 9, 3, 22, 21, 11, 18]"
ep_refresh,0.5,22,B,half_22_B,0.4117647058823529,"[2, 0, 25, 17, 27, 24, 16, 1, 20, 22, 23, 12]"
ep_refresh,0.5,23,A,half_23_A,0.6,"[15, 0, 23, 11, 9, 24, 25, 5, 21, 20, 17, 3]"
ep_refresh,0.5,23,B,half_23_B,0.3333333333333333,"[18, 20, 12, 9, 28, 7, 3, 4, 24, 23, 21, 0]"
ep_refresh,0.5,24,A,half_24_A,0.5,"[11, 0, 23, 12, 9, 25, 7, 19, 1, 4, 20, 21]"
ep_refresh,0.5,24,B,half_24_B,0.4117647058823529,"[0, 8, 20, 25, 7, 12, 4, 19, 24, 27, 1, 21]"
ep_refresh,0.5,25,A,half_25_A,0.4117647058823529,"[25, 0, 6, 9, 5, 19, 23, 21, 20, 16, 26, 13]"
ep_refresh,0.5,25,B,half_25_B,0.5,"[1, 20, 23, 18, 0, 25, 16, 2, 12, 24, 22, 21]"
ep_refresh,0.5,26,A,half_26_A,0.6,"[9, 20, 25, 2, 6, 5, 7, 0, 24, 27, 21, 11]"
ep_refresh,0.5,26,B,half_26_B,0.2631578947368421,"[13, 21, 0, 23, 26, 3, 7, 5, 22, 2, 19, 17]"
ep_refresh,0.5,27,A,half_27_A,0.5,"[6, 25, 24, 8, 27, 26, 21, 20, 1, 0, 12, 11]"
ep_refresh,0.5,27,B,half_27_B,0.4117647058823529,"[0, 27, 26, 23, 21, 17, 7, 20, 24, 25, 4, 2]"
ep_refresh,0.5,28,A,half_28_A,0.4117647058823529,"[1, 16, 17, 26, 2, 7, 9, 0, 20, 21, 23, 12]"
ep_refresh,0.5,28,B,half_28_B,0.6,"[25, 24, 0, 23, 9, 22, 1, 4, 21, 16, 20, 11]"
ep_refresh,0.5,29,A,half_29_A,0.3333333333333333,"[0, 23, 24, 21, 22, 26, 17, 20, 25, 4, 15, 12]"
ep_refresh,0.5,29,B,half_29_B,0.4117647058823529,"[15, 0, 25, 20, 24, 9, 21, 10, 23, 17, 4, 27]"
ep_refresh,0.7,0,,f70_00,0.3333333333333333,"[5, 0, 4, 3, 24, 1, 22, 2, 13, 25, 10, 12]"
ep_refresh,0.7,1,,f70_01,0.5,"[24, 25, 13, 21, 16, 20, 6, 23, 0, 1, 2, 10]"
ep_refresh,0.7,2,,f70_02,0.6,"[18, 24, 9, 8, 16, 1, 19, 2, 0, 20, 25, 23]"
ep_refresh,0.7,3,,f70_03,0.4117647058823529,"[8, 20, 1, 26, 16, 0, 18, 24, 5, 17, 10, 25]"
ep_refresh,0.7,4,,f70_04,0.4117647058823529,"[25, 2, 0, 17, 24, 16, 15, 21, 23, 12, 11, 4]"
ep_refresh,0.7,5,,f70_05,0.5,"[25, 1, 24, 23, 16, 9, 15, 11, 20, 0, 3, 18]"
ep_refresh,0.7,6,,f70_06,0.5,"[0, 23, 24, 9, 8, 13, 1, 4, 16, 3, 20, 21]"
ep_refresh,0.7,7,,f70_07,0.5,"[21, 2, 23, 12, 11, 9, 3, 0, 7, 20, 5, 16]"
ep_refresh,0.7,8,,f70_08,0.5,"[25, 0, 20, 23, 21, 12, 11, 18, 24, 6, 15, 2]"
ep_refresh,0.7,9,,f70_09,0.5,"[0, 2, 20, 21, 4, 25, 26, 24, 23, 7, 22, 1]"
ep_refresh,0.7,10,,f70_10,0.6,"[17, 0, 21, 18, 25, 24, 1, 9, 19, 20, 23, 8]"
ep_refresh,0.7,11,,f70_11,0.5,"[0, 19, 9, 25, 11, 18, 20, 10, 7, 24, 21, 23]"
ep_refresh,0.7,12,,f70_12,0.5,"[5, 2, 25, 24, 23, 22, 4, 27, 20, 0, 1, 3]"
ep_refresh,0.7,13,,f70_13,0.5,"[27, 0, 23, 25, 1, 4, 21, 11, 20, 26, 19, 8]"
ep_refresh,0.7,14,,f70_14,0.6,"[17, 11, 2, 23, 24, 1, 3, 25, 12, 21, 20, 0]"
ep_refresh,0.7,15,,f70_15,0.4117647058823529,"[9, 12, 11, 26, 6, 0, 20, 24, 8, 23, 18, 17]"
ep_refresh,0.7,16,,f70_16,0.3333333333333333,"[15, 19, 0, 20, 21, 23, 26, 10, 16, 13, 25, 1]"
ep_refresh,0.7,17,,f70_17,0.5,"[1, 20, 21, 17, 18, 7, 3, 2, 9, 23, 0, 25]"
ep_refresh,0.7,18,,f70_18,0.2631578947368421,"[7, 9, 26, 10, 0, 27, 1, 11, 21, 4, 16, 18]"
ep_refresh,0.7,19,,f70_19,0.5,"[20, 26, 25, 6, 2, 27, 4, 9, 0, 5, 23, 21]"
ep_refresh,0.8,0,,f80_00,0.3333333333333333,"[3, 2, 23, 10, 25, 28, 1, 15, 22, 20, 0, 4]"
ep_refresh,0.8,1,,f80_01,0.4117647058823529,"[20, 0, 8, 25, 1, 27, 16, 18, 7, 24, 19, 2]"
ep_refresh,0.8,2,,f80_02,0.4117647058823529,"[24, 0, 23, 21, 27, 26, 25, 6, 9, 1, 16, 19]"
ep_refresh,0.8,3,,f80_03,0.4117647058823529,"[9, 24, 25, 6, 1, 11, 0, 27, 4, 22, 28, 20]"
ep_refresh,0.8,4,,f80_04,0.3333333333333333,"[16, 9, 0, 27, 26, 25, 12, 11, 10, 20, 7, 21]"
ep_refresh,0.8,5,,f80_05,0.5,"[25, 17, 12, 27, 24, 0, 16, 23, 20, 21, 11, 9]"
ep_refresh,0.8,6,,f80_06,0.5,"[25, 12, 8, 17, 11, 3, 1, 2, 23, 0, 20, 4]"
ep_refresh,0.8,7,,f80_07,0.3333333333333333,"[0, 1, 3, 25, 10, 24, 19, 21, 26, 13, 20, 27]"
ep_refresh,0.8,8,,f80_08,0.7142857142857143,"[25, 0, 24, 21, 20, 2, 1, 5, 10, 4, 23, 9]"
ep_refresh,0.8,9,,f80_09,0.3333333333333333,"[17, 23, 3, 9, 6, 25, 24, 7, 15, 1, 20, 12]"
ep_refresh,0.8,10,,f80_10,0.4117647058823529,"[19, 28, 0, 16, 6, 7, 24, 5, 21, 2, 23, 9]"
ep_refresh,0.8,11,,f80_11,0.6,"[1, 5, 25, 0, 11, 23, 17, 24, 20, 16, 9, 4]"
ep_refresh,0.8,12,,f80_12,0.6,"[11, 21, 1, 27, 12, 25, 16, 2, 24, 0, 20, 23]"
ep_refresh,0.8,13,,f80_13,0.5,"[4, 0, 23, 25, 1, 3, 24, 27, 20, 21, 9, 15]"
ep_refresh,0.8,14,,f80_14,0.4117647058823529,"[4, 21, 23, 1, 17, 26, 20, 12, 0, 25, 5, 3]"
ep_refresh,0.8,15,,f80_15,0.3333333333333333,"[26, 25, 0, 23, 21, 27, 18, 3, 16, 1, 4, 11]"
ep_refresh,0.8,16,,f80_16,0.3333333333333333,"[24, 0, 3, 17, 9, 25, 10, 26, 13, 20, 7, 21]"
ep_refresh,0.8,17,,f80_17,0.5,"[7, 0, 20, 21, 23, 8, 1, 27, 6, 25, 15, 24]"
ep_refresh,0.8,18,,f80_18,0.6,"[23, 18, 21, 16, 24, 9, 17, 20, 25, 0, 5, 1]"
ep_refresh,0.8,19,,f80_19,0.2631578947368421,"[27, 24, 0, 25, 4, 12, 23, 10, 1, 22, 15, 19]"
ep_dispersion,0.5,0,A,half_00_A,0.5,"[25, 0, 2, 24, 23, 17, 27, 20, 21, 19, 16, 15]"
ep_dispersion,0.5,0,B,half_00_B,0.5,"[21, 23, 27, 9, 19, 18, 20, 7, 25, 8, 4, 0]"
ep_dispersion,0.5,1,A,half_01_A,0.4117647058823529,"[6, 0, 25, 27, 12, 11, 23, 16, 24, 15, 21, 20]"
ep_dispersion,0.5,1,B,half_01_B,0.5,"[5, 19, 0, 1, 21, 23, 3, 16, 25, 20, 11, 2]"
ep_dispersion,0.5,2,A,half_02_A,0.4117647058823529,"[0, 25, 18, 21, 2, 1, 5, 20, 23, 3, 12, 17]"
ep_dispersion,0.5,2,B,half_02_B,0.4117647058823529,"[27, 0, 1, 25, 26, 16, 4, 24, 19, 12, 20, 21]"
ep_dispersion,0.5,3,A,half_03_A,0.5,"[0, 20, 25, 26, 16, 12, 19, 24, 4, 23, 21, 2]"
ep_dispersion,0.5,3,B,half_03_B,0.6,"[9, 24, 20, 21, 25, 2, 16, 3, 0, 4, 23, 19]"
ep_dispersion,0.5,4,A,half_04_A,0.6,"[4, 19, 25, 0, 17, 24, 23, 9, 21, 8, 7, 1]"
ep_dispersion,0.5,4,B,half_04_B,0.4117647058823529,"[24, 23, 0, 11, 27, 15, 20, 1, 4, 9, 21, 5]"
ep_dispersion,0.5,5,A,half_05_A,0.4117647058823529,"[17, 2, 20, 8, 9, 12, 11, 27, 7, 0, 28, 25]"
ep_dispersion,0.5,5,B,half_05_B,0.4117647058823529,"[0, 24, 2, 25, 23, 20, 9, 15, 5, 10, 4, 27]"
ep_dispersion,0.5,6,A,half_06_A,0.3333333333333333,"[1, 24, 0, 23, 25, 8, 6, 15, 17, 27, 13, 18]"
ep_dispersion,0.5,6,B,half_06_B,0.3333333333333333,"[0, 23, 20, 21, 12, 8, 4, 26, 3, 19, 9, 11]"
ep_dispersion,0.5,7,A,half_07_A,0.2631578947368421,"[0, 24, 25, 7, 10, 22, 13, 11, 20, 3, 26, 28]"
ep_dispersion,0.5,7,B,half_07_B,0.3333333333333333,"[0, 24, 23, 12, 15, 3, 25, 17, 20, 21, 11, 27]"
ep_dispersion,0.5,8,A,half_08_A,0.3333333333333333,"[25, 0, 2, 12, 27, 7, 4, 21, 3, 11, 17, 24]"
ep_dispersion,0.5,8,B,half_08_B,0.4117647058823529,"[1, 0, 25, 27, 24, 23, 19, 20, 21, 6, 12, 3]"
ep_dispersion,0.5,9,A,half_09_A,0.4117647058823529,"[28, 0, 16, 21, 11, 26, 1, 20, 10, 23, 25, 12]"
ep_dispersion,0.5,9,B,half_09_B,0.5,"[9, 20, 2, 0, 19, 25, 26, 10, 5, 1, 7, 24]"
ep_dispersion,0.5,10,A,half_10_A,0.7142857142857143,"[9, 0, 21, 20, 1, 26, 15, 25, 23, 8, 2, 24]"
ep_dispersion,0.5,10,B,half_10_B,0.4117647058823529,"[11, 20, 0, 21, 9, 7, 12, 18, 15, 23, 16, 10]"
ep_dispersion,0.5,11,A,half_11_A,0.6,"[25, 24, 23, 20, 21, 0, 7, 8, 28, 16, 15, 5]"
ep_dispersion,0.5,11,B,half_11_B,0.4117647058823529,"[20, 0, 24, 25, 9, 17, 13, 26, 6, 21, 23, 5]"
ep_dispersion,0.5,12,A,half_12_A,0.5,"[0, 9, 20, 6, 25, 24, 18, 2, 21, 10, 1, 28]"
ep_dispersion,0.5,12,B,half_12_B,0.5,"[0, 25, 13, 21, 23, 17, 27, 2, 15, 24, 20, 1]"
ep_dispersion,0.5,13,A,half_13_A,0.4117647058823529,"[0, 24, 8, 26, 1, 20, 23, 21, 27, 28, 12, 6]"
ep_dispersion,0.5,13,B,half_13_B,0.5,"[1, 25, 0, 20, 2, 19, 24, 26, 23, 21, 3, 5]"
ep_dispersion,0.5,14,A,half_14_A,0.6,"[7, 1, 4, 0, 20, 25, 17, 9, 16, 21, 24, 12]"
ep_dispersion,0.5,14,B,half_14_B,0.2631578947368421,"[12, 0, 11, 28, 16, 25, 27, 3, 20, 5, 26, 8]"
ep_dispersion,0.5,15,A,half_15_A,0.3333333333333333,"[1, 23, 21, 0, 25, 5, 24, 13, 19, 11, 17, 3]"
ep_dispersion,0.5,15,B,half_15_B,0.5,"[25, 10, 21, 20, 27, 24, 16, 18, 23, 9, 3, 0]"
ep_dispersion,0.5,16,A,half_16_A,0.5,"[7, 18, 5, 21, 17, 2, 0, 22, 24, 20, 9, 25]"
ep_dispersion,0.5,16,B,half_16_B,0.6,"[25, 0, 24, 23, 20, 2, 7, 6, 10, 21, 9, 11]"
ep_dispersion,0.5,17,A,half_17_A,0.5,"[9, 25, 0, 20, 8, 19, 26, 24, 3, 28, 23, 1]"
ep_dispersion,0.5,17,B,half_17_B,0.6,"[6, 25, 9, 24, 3, 7, 1, 0, 23, 11, 21, 20]"
ep_dispersion,0.5,18,A,half_18_A,0.5,"[21, 23, 24, 18, 25, 20, 0, 4, 1, 19, 16, 12]"
ep_dispersion,0.5,18,B,half_18_B,0.7142857142857143,"[1, 0, 25, 24, 20, 23, 21, 9, 6, 2, 4, 7]"
ep_dispersion,0.5,19,A,half_19_A,0.4117647058823529,"[9, 26, 0, 25, 18, 2, 23, 20, 19, 3, 21, 5]"
ep_dispersion,0.5,19,B,half_19_B,0.4117647058823529,"[0, 23, 21, 8, 25, 1, 26, 13, 18, 20, 3, 19]"
ep_dispersion,0.5,20,A,half_20_A,0.4117647058823529,"[9, 0, 19, 3, 12, 20, 2, 1, 28, 21, 5, 24]"
ep_dispersion,0.5,20,B,half_20_B,0.4117647058823529,"[0, 23, 27, 25, 4, 5, 21, 1, 3, 13, 20, 24]"
ep_dispersion,0.5,21,A,half_21_A,0.5,"[10, 1, 21, 2, 25, 9, 0, 27, 16, 23, 18, 6]"
ep_dispersion,0.5,21,B,half_21_B,0.4117647058823529,"[26, 24, 17, 6, 25, 28, 20, 11, 23, 0, 7, 21]"
ep_dispersion,0.5,22,A,half_22_A,0.5,"[0, 24, 21, 23, 1, 25, 11, 18, 17, 20, 9, 5]"
ep_dispersion,0.5,22,B,half_22_B,0.4117647058823529,"[0, 25, 20, 24, 22, 2, 1, 5, 16, 27, 4, 26]"
ep_dispersion,0.5,23,A,half_23_A,0.4117647058823529,"[15, 0, 23, 9, 24, 21, 25, 5, 20, 11, 27, 19]"
ep_dispersion,0.5,23,B,half_23_B,0.4117647058823529,"[24, 12, 11, 9, 3, 28, 7, 25, 18, 1, 2, 0]"
ep_dispersion,0.5,24,A,half_24_A,0.4117647058823529,"[12, 0, 23, 11, 9, 1, 4, 5, 20, 25, 7, 26]"
ep_dispersion,0.5,24,B,half_24_B,0.4117647058823529,"[0, 20, 24, 25, 12, 26, 7, 19, 4, 27, 9, 1]"
ep_dispersion,0.5,25,A,half_25_A,0.3333333333333333,"[23, 5, 9, 6, 26, 13, 0, 17, 19, 21, 16, 24]"
ep_dispersion,0.5,25,B,half_25_B,0.6,"[1, 25, 2, 20, 23, 18, 0, 24, 21, 17, 9, 12]"
ep_dispersion,0.5,26,A,half_26_A,0.2631578947368421,"[25, 9, 24, 2, 5, 6, 17, 27, 21, 28, 11, 15]"
ep_dispersion,0.5,26,B,half_26_B,0.3333333333333333,"[25, 23, 0, 26, 13, 19, 24, 1, 21, 4, 3, 10]"
ep_dispersion,0.5,27,A,half_27_A,0.5,"[6, 25, 24, 8, 12, 26, 11, 1, 23, 20, 0, 21]"
ep_dispersion,0.5,27,B,half_27_B,0.4117647058823529,"[0, 17, 25, 27, 4, 26, 3, 7, 1, 21, 23, 8]"
ep_dispersion,0.5,28,A,half_28_A,0.5,"[17, 0, 26, 12, 25, 5, 7, 16, 21, 23, 8, 1]"
ep_dispersion,0.5,28,B,half_28_B,0.5,"[25, 0, 24, 23, 4, 21, 20, 1, 9, 22, 11, 12]"
ep_dispersion,0.5,29,A,half_29_A,0.2631578947368421,"[0, 11, 27, 26, 15, 12, 9, 25, 16, 20, 13, 17]"
ep_dispersion,0.5,29,B,half_29_B,0.4117647058823529,"[0, 20, 23, 9, 27, 25, 24, 12, 17, 26, 1, 22]"
ep_dispersion,0.7,0,,f70_00,0.5,"[0, 24, 20, 23, 21, 3, 1, 25, 10, 5, 12, 2]"
ep_dispersion,0.7,1,,f70_01,0.6,"[25, 21, 24, 20, 2, 23, 16, 0, 6, 11, 27, 1]"
ep_dispersion,0.7,2,,f70_02,0.6,"[9, 20, 25, 24, 8, 27, 16, 0, 2, 26, 12, 23]"
ep_dispersion,0.7,3,,f70_03,0.4117647058823529,"[17, 0, 27, 20, 21, 8, 16, 10, 24, 23, 5, 26]"
ep_dispersion,0.7,4,,f70_04,0.5,"[25, 24, 21, 0, 23, 11, 12, 2, 16, 5, 17, 9]"
ep_dispersion,0.7,5,,f70_05,0.4117647058823529,"[16, 25, 27, 20, 1, 9, 0, 10, 24, 22, 11, 17]"
ep_dispersion,0.7,6,,f70_06,0.8461538461538461,"[9, 8, 16, 23, 0, 2, 25, 18, 24, 7, 20, 21]"
ep_dispersion,0.7,7,,f70_07,0.4117647058823529,"[12, 11, 25, 9, 27, 3, 0, 23, 2, 1, 7, 17]"
ep_dispersion,0.7,8,,f70_08,0.4117647058823529,"[0, 21, 23, 11, 25, 12, 1, 6, 18, 9, 15, 2]"
ep_dispersion,0.7,9,,f70_09,0.5,"[0, 1, 2, 4, 20, 21, 25, 5, 24, 23, 15, 3]"
ep_dispersion,0.7,10,,f70_10,0.5,"[17, 18, 0, 20, 25, 1, 24, 9, 21, 23, 19, 27]"
ep_dispersion,0.7,11,,f70_11,0.5,"[0, 25, 21, 20, 23, 2, 5, 9, 24, 27, 12, 19]"
ep_dispersion,0.7,12,,f70_12,0.4117647058823529,"[4, 9, 0, 5, 25, 22, 24, 3, 20, 23, 1, 15]"
ep_dispersion,0.7,13,,f70_13,0.4117647058823529,"[0, 23, 25, 19, 1, 22, 4, 24, 20, 3, 18, 7]"
ep_dispersion,0.7,14,,f70_14,0.2631578947368421,"[25, 2, 1, 17, 3, 19, 28, 22, 27, 21, 0, 5]"
ep_dispersion,0.7,15,,f70_15,0.6,"[7, 11, 9, 0, 17, 1, 25, 8, 24, 21, 18, 20]"
ep_dispersion,0.7,16,,f70_16,0.4117647058823529,"[0, 19, 24, 27, 20, 21, 23, 10, 28, 25, 6, 16]"
ep_dispersion,0.7,17,,f70_17,0.6,"[23, 21, 0, 17, 18, 20, 1, 3, 7, 2, 25, 24]"
ep_dispersion,0.7,18,,f70_18,0.4117647058823529,"[9, 20, 26, 7, 10, 0, 11, 25, 27, 4, 23, 16]"
ep_dispersion,0.7,19,,f70_19,0.4117647058823529,"[0, 23, 21, 25, 6, 26, 2, 27, 11, 20, 4, 1]"
ep_dispersion,0.8,0,,f80_00,0.3333333333333333,"[9, 10, 4, 25, 11, 12, 19, 20, 21, 23, 0, 3]"
ep_dispersion,0.8,1,,f80_01,0.5,"[25, 23, 1, 2, 11, 15, 27, 16, 20, 0, 26, 7]"
ep_dispersion,0.8,2,,f80_02,0.3333333333333333,"[12, 0, 9, 26, 25, 27, 6, 24, 20, 8, 11, 10]"
ep_dispersion,0.8,3,,f80_03,0.5,"[25, 24, 21, 6, 5, 0, 2, 16, 20, 23, 18, 11]"
ep_dispersion,0.8,4,,f80_04,0.5,"[25, 16, 24, 0, 21, 27, 26, 9, 12, 20, 4, 23]"
ep_dispersion,0.8,5,,f80_05,0.2,"[25, 3, 0, 27, 24, 26, 4, 21, 22, 12, 11, 17]"
ep_dispersion,0.8,6,,f80_06,0.5,"[25, 24, 23, 0, 9, 11, 12, 17, 1, 4, 16, 21]"
ep_dispersion,0.8,7,,f80_07,0.7142857142857143,"[0, 23, 20, 24, 2, 1, 18, 21, 9, 7, 4, 25]"
ep_dispersion,0.8,8,,f80_08,0.7142857142857143,"[2, 25, 24, 20, 21, 1, 0, 5, 23, 16, 10, 9]"
ep_dispersion,0.8,9,,f80_09,0.4117647058823529,"[17, 9, 0, 6, 25, 3, 24, 20, 1, 26, 8, 15]"
ep_dispersion,0.8,10,,f80_10,0.5,"[24, 23, 0, 19, 9, 16, 6, 20, 8, 21, 3, 28]"
ep_dispersion,0.8,11,,f80_11,0.4117647058823529,"[1, 25, 0, 11, 17, 5, 24, 9, 23, 21, 22, 4]"
ep_dispersion,0.8,12,,f80_12,0.6,"[25, 21, 0, 1, 16, 9, 24, 13, 19, 23, 20, 28]"
ep_dispersion,0.8,13,,f80_13,0.4117647058823529,"[9, 0, 24, 21, 23, 25, 4, 27, 17, 20, 3, 19]"
ep_dispersion,0.8,14,,f80_14,0.4117647058823529,"[1, 25, 23, 0, 21, 17, 20, 27, 12, 5, 4, 24]"
ep_dispersion,0.8,15,,f80_15,0.4117647058823529,"[26, 0, 4, 27, 9, 25, 24, 22, 23, 15, 21, 2]"
ep_dispersion,0.8,16,,f80_16,0.4117647058823529,"[17, 21, 0, 9, 3, 27, 25, 24, 22, 20, 23, 12]"
ep_dispersion,0.8,17,,f80_17,0.6,"[7, 25, 20, 24, 1, 27, 8, 0, 17, 3, 16, 21]"
ep_dispersion,0.8,18,,f80_18,0.6,"[24, 16, 21, 0, 10, 9, 8, 5, 20, 25, 12, 23]"
ep_dispersion,0.8,19,,f80_19,0.2,"[27, 23, 0, 10, 25, 4, 15, 21, 6, 5, 12, 19]"
vtfs_cardinality,0.5,0,A,half_00_A,0.3333333333333333,"[0, 1, 15, 16, 17, 22, 23, 24, 25, 26, 27, 28]"
vtfs_cardinality,0.5,0,B,half_00_B,0.5,"[0, 3, 5, 10, 12, 13, 16, 17, 21, 23, 25, 26]"
vtfs_cardinality,0.5,1,A,half_01_A,0.5,"[0, 3, 5, 10, 12, 13, 16, 17, 21, 23, 25, 26]"
vtfs_cardinality,0.5,1,B,half_01_B,0.4117647058823529,"[0, 1, 4, 13, 16, 17, 20, 22, 23, 24, 26, 30]"
vtfs_cardinality,0.5,2,A,half_02_A,0.2,"[0, 5, 10, 12, 15, 18, 19, 20, 21, 23, 27, 29]"
vtfs_cardinality,0.5,2,B,half_02_B,0.5,"[0, 1, 4, 7, 8, 16, 17, 20, 22, 23, 25, 26]"
vtfs_cardinality,0.5,3,A,half_03_A,0.5,"[0, 1, 8, 12, 16, 17, 20, 22, 23, 24, 26, 30]"
vtfs_cardinality,0.5,3,B,half_03_B,0.2,"[0, 5, 10, 12, 15, 18, 19, 20, 21, 23, 27, 29]"
vtfs_cardinality,0.5,4,A,half_04_A,0.4117647058823529,"[0, 1, 3, 6, 12, 16, 18, 19, 21, 22, 23, 25]"
vtfs_cardinality,0.5,4,B,half_04_B,0.6,"[0, 7, 8, 11, 16, 20, 21, 22, 23, 25, 26, 28]"
vtfs_cardinality,0.5,5,A,half_05_A,0.7142857142857143,"[0, 7, 8, 11, 12, 13, 16, 20, 21, 22, 23, 26]"
vtfs_cardinality,0.5,5,B,half_05_B,0.5,"[0, 3, 5, 10, 12, 13, 16, 17, 21, 23, 25, 26]"
vtfs_cardinality,0.5,6,A,half_06_A,0.4117647058823529,"[0, 1, 13, 16, 17, 20, 22, 23, 24, 26, 28, 30]"
vtfs_cardinality,0.5,6,B,half_06_B,0.7142857142857143,"[0, 7, 8, 11, 12, 13, 16, 20, 21, 22, 23, 26]"
vtfs_cardinality,0.5,7,A,half_07_A,0.2,"[0, 1, 5, 14, 15, 16, 17, 20, 23, 24, 26, 28]"
vtfs_cardinality,0.5,7,B,half_07_B,0.5,"[0, 1, 6, 8, 11, 12, 13, 16, 20, 21, 22, 23]"
vtfs_cardinality,0.5,8,A,half_08_A,0.4117647058823529,"[0, 1, 4, 5, 8, 16, 17, 20, 22, 23, 25, 26]"
vtfs_cardinality,0.5,8,B,half_08_B,0.4117647058823529,"[0, 3, 5, 10, 13, 16, 17, 21, 23, 25, 26, 27]"
vtfs_cardinality,0.5,9,A,half_09_A,0.5,"[0, 3, 5, 12, 13, 16, 17, 21, 23, 25, 26, 27]"
vtfs_cardinality,0.5,9,B,half_09_B,0.5,"[0, 1, 8, 13, 16, 17, 20, 22, 23, 24, 26, 30]"
vtfs_cardinality,0.5,10,A,half_10_A,0.4117647058823529,"[0, 1, 4, 8, 16, 17, 19, 20, 22, 23, 25, 26]"
vtfs_cardinality,0.5,10,B,half_10_B,0.7142857142857143,"[0, 7, 8, 11, 12, 13, 16, 20, 21, 22, 23, 26]"
vtfs_cardinality,0.5,11,A,half_11_A,0.6,"[0, 2, 6, 7, 13, 16, 20, 21, 22, 23, 25, 26]"
vtfs_cardinality,0.5,11,B,half_11_B,0.7142857142857143,"[0, 7, 8, 11, 12, 13, 16, 20, 21, 22, 23, 26]"
vtfs_cardinality,0.5,12,A,half_12_A,0.3333333333333333,"[0, 1, 5, 16, 17, 20, 22, 23, 24, 26, 28, 30]"
vtfs_cardinality,0.5,12,B,half_12_B,0.4117647058823529,"[0, 3, 5, 10, 13, 16, 17, 21, 23, 25, 26, 27]"
vtfs_cardinality,0.5,13,A,half_13_A,0.2,"[0, 5, 10, 12, 15, 18, 19, 20, 21, 23, 27, 29]"
vtfs_cardinality,0.5,13,B,half_13_B,0.7142857142857143,"[0, 7, 8, 11, 12, 13, 16, 20, 21, 22, 23, 26]"
vtfs_cardinality,0.5,14,A,half_14_A,0.4117647058823529,"[0, 1, 3, 6, 8, 16, 19, 22, 23, 25, 26, 27]"
vtfs_cardinality,0.5,14,B,half_14_B,0.3333333333333333,"[0, 1, 5, 16, 17, 20, 22, 23, 24, 26, 28, 30]"
vtfs_cardinality,0.5,15,A,half_15_A,0.2,"[0, 5, 10, 12, 15, 18, 19, 20, 21, 23, 27, 29]"
vtfs_cardinality,0.5,15,B,half_15_B,0.4117647058823529,"[0, 3, 4, 5, 12, 16, 17, 21, 23, 25, 26, 27]"
vtfs_cardinality,0.5,16,A,half_16_A,0.5,"[0, 4, 5, 8, 13, 16, 17, 21, 23, 25, 26, 27]"
vtfs_cardinality,0.5,16,B,half_16_B,0.2,"[0, 1, 5, 14, 15, 16, 17, 20, 23, 24, 26, 28]"
vtfs_cardinality,0.5,17,A,half_17_A,0.2,"[0, 5, 10, 12, 15, 18, 19, 20, 21, 23, 27, 29]"
vtfs_cardinality,0.5,17,B,half_17_B,0.7142857142857143,"[0, 7, 8, 11, 12, 13, 16, 20, 21, 22, 23, 26]"
vtfs_cardinality,0.5,18,A,half_18_A,0.5,"[0, 3, 5, 8, 12, 16, 17, 21, 23, 25, 26, 27]"
vtfs_cardinality,0.5,18,B,half_18_B,0.2,"[0, 5, 10, 12, 15, 18, 19, 20, 21, 23, 27, 29]"
vtfs_cardinality,0.5,19,A,half_19_A,0.5,"[0, 1, 7, 8, 16, 17, 20, 22, 23, 24, 25, 26]"
vtfs_cardinality,0.5,19,B,half_19_B,0.2,"[0, 5, 10, 12, 15, 18, 19, 20, 21, 23, 27, 29]"
vtfs_cardinality,0.5,20,A,half_20_A,0.3333333333333333,"[0, 1, 4, 15, 16, 17, 20, 22, 23, 24, 26, 30]"
vtfs_cardinality,0.5,20,B,half_20_B,0.3333333333333333,"[0, 1, 3, 8, 12, 17, 19, 21, 22, 24, 26, 27]"
vtfs_cardinality,0.5,21,A,half_21_A,0.4117647058823529,"[0, 3, 5, 12, 13, 16, 17, 21, 25, 26, 27, 28]"
vtfs_cardinality,0.5,21,B,half_21_B,0.5,"[0, 4, 5, 8, 13, 16, 17, 21, 23, 25, 26, 27]"
vtfs_cardinality,0.5,22,A,half_22_A,0.7142857142857143,"[0, 7, 8, 11, 12, 13, 16, 20, 21, 22, 23, 26]"
vtfs_cardinality,0.5,22,B,half_22_B,0.7142857142857143,"[0, 7, 8, 11, 12, 13, 16, 20, 21, 22, 23, 26]"
vtfs_cardinality,0.5,23,A,half_23_A,0.5,"[0, 3, 5, 10, 12, 13, 16, 17, 21, 23, 25, 26]"
vtfs_cardinality,0.5,23,B,half_23_B,0.3333333333333333,"[0, 1, 5, 16, 17, 20, 22, 23, 24, 26, 28, 30]"
vtfs_cardinality,0.5,24,A,half_24_A,0.4117647058823529,"[0, 1, 3, 6, 8, 12, 13, 16, 18, 19, 23, 25]"
vtfs_cardinality,0.5,24,B,half_24_B,0.7142857142857143,"[0, 7, 8, 11, 12, 13, 16, 20, 21, 22, 23, 26]"
vtfs_cardinality,0.5,25,A,half_25_A,0.4117647058823529,"[0, 1, 4, 8, 16, 17, 20, 22, 23, 24, 25, 26]"
vtfs_cardinality,0.5,25,B,half_25_B,0.5,"[0, 3, 5, 12, 13, 16, 17, 21, 23, 25, 26, 27]"
vtfs_cardinality,0.5,26,A,half_26_A,0.3333333333333333,"[0, 1, 5, 13, 16, 17, 20, 23, 24, 26, 28, 30]"
vtfs_cardinality,0.5,26,B,half_26_B,0.7142857142857143,"[0, 2, 7, 8, 12, 16, 19, 21, 22, 23, 25, 26]"
vtfs_cardinality,0.5,27,A,half_27_A,0.5,"[0, 3, 5, 8, 13, 16, 17, 21, 23, 25, 26, 27]"
vtfs_cardinality,0.5,27,B,half_27_B,0.4117647058823529,"[0, 3, 5, 10, 13, 16, 17, 21, 23, 25, 26, 27]"
vtfs_cardinality,0.5,28,A,half_28_A,0.5,"[0, 3, 5, 10, 12, 13, 16, 17, 21, 23, 25, 26]"
vtfs_cardinality,0.5,28,B,half_28_B,0.5,"[0, 3, 5, 10, 12, 13, 16, 17, 21, 23, 25, 26]"
vtfs_cardinality,0.5,29,A,half_29_A,0.4117647058823529,"[0, 3, 5, 6, 10, 13, 16, 17, 21, 23, 25, 26]"
vtfs_cardinality,0.5,29,B,half_29_B,0.5,"[0, 2, 6, 7, 13, 16, 19, 21, 23, 24, 25, 26]"
vtfs_cardinality,0.7,0,,f70_00,0.3333333333333333,"[0, 1, 9, 16, 17, 20, 22, 23, 24, 26, 28, 30]"
vtfs_cardinality,0.7,1,,f70_01,0.2,"[0, 5, 10, 12, 15, 18, 19, 20, 21, 23, 27, 29]"
vtfs_cardinality,0.7,2,,f70_02,0.5,"[0, 4, 5, 8, 13, 16, 17, 21, 23, 25, 26, 27]"
vtfs_cardinality,0.7,3,,f70_03,0.4117647058823529,"[0, 1, 4, 5, 8, 16, 17, 20, 22, 23, 25, 26]"
vtfs_cardinality,0.7,4,,f70_04,0.8461538461538461,"[0, 7, 8, 11, 12, 13, 16, 21, 22, 23, 26, 30]"
vtfs_cardinality,0.7,5,,f70_05,0.4117647058823529,"[0, 3, 5, 12, 16, 17, 21, 23, 25, 26, 27, 28]"
vtfs_cardinality,0.7,6,,f70_06,0.5,"[0, 4, 5, 8, 13, 16, 17, 21, 23, 25, 26, 27]"
vtfs_cardinality,0.7,7,,f70_07,0.5,"[0, 3, 5, 12, 13, 16, 17, 21, 23, 25, 26, 27]"
vtfs_cardinality,0.7,8,,f70_08,0.5,"[0, 3, 5, 12, 13, 16, 17, 21, 23, 25, 26, 27]"
vtfs_cardinality,0.7,9,,f70_09,0.2,"[0, 5, 10, 12, 15, 18, 19, 20, 21, 23, 27, 29]"
vtfs_cardinality,0.7,10,,f70_10,0.6,"[0, 5, 8, 12, 13, 16, 17, 21, 23, 25, 26, 27]"
vtfs_cardinality,0.7,11,,f70_11,0.6,"[0, 2, 6, 7, 13, 16, 21, 22, 23, 24, 25, 26]"
vtfs_cardinality,0.7,12,,f70_12,0.5,"[0, 1, 3, 8, 13, 16, 19, 22, 23, 25, 26, 27]"
vtfs_cardinality,0.7,13,,f70_13,0.5,"[0, 1, 8, 12, 16, 17, 20, 22, 23, 24, 26, 30]"
vtfs_cardinality,0.7,14,,f70_14,0.2631578947368421,"[0, 1, 3, 8, 12, 14, 17, 19, 21, 24, 27, 30]"
vtfs_cardinality,0.7,15,,f70_15,0.2,"[0, 5, 10, 12, 15, 18, 19, 20, 21, 23, 27, 29]"
vtfs_cardinality,0.7,16,,f70_16,0.4117647058823529,"[0, 3, 5, 10, 13, 16, 17, 21, 23, 25, 26, 27]"
vtfs_cardinality,0.7,17,,f70_17,0.4117647058823529,"[0, 1, 4, 5, 8, 16, 17, 20, 22, 23, 25, 26]"
vtfs_cardinality,0.7,18,,f70_18,0.4117647058823529,"[0, 3, 5, 10, 13, 16, 17, 21, 23, 25, 26, 27]"
vtfs_cardinality,0.7,19,,f70_19,0.5,"[0, 3, 5, 12, 13, 16, 17, 21, 23, 25, 26, 27]"
vtfs_cardinality,0.8,0,,f80_00,0.6,"[0, 5, 8, 12, 13, 16, 17, 21, 23, 25, 26, 27]"
vtfs_cardinality,0.8,1,,f80_01,0.5,"[0, 3, 5, 12, 13, 16, 17, 21, 23, 25, 26, 27]"
vtfs_cardinality,0.8,2,,f80_02,0.4117647058823529,"[0, 3, 5, 10, 13, 16, 17, 21, 23, 25, 26, 27]"
vtfs_cardinality,0.8,3,,f80_03,0.5,"[0, 4, 5, 8, 13, 16, 17, 21, 23, 25, 26, 27]"
vtfs_cardinality,0.8,4,,f80_04,0.5,"[0, 3, 5, 12, 13, 16, 17, 21, 23, 25, 26, 27]"
vtfs_cardinality,0.8,5,,f80_05,0.4117647058823529,"[0, 3, 5, 10, 13, 16, 17, 21, 23, 25, 26, 27]"
vtfs_cardinality,0.8,6,,f80_06,0.7142857142857143,"[0, 7, 8, 11, 12, 13, 16, 20, 21, 22, 23, 26]"
vtfs_cardinality,0.8,7,,f80_07,0.3333333333333333,"[0, 1, 4, 16, 17, 20, 22, 23, 24, 26, 28, 30]"
vtfs_cardinality,0.8,8,,f80_08,0.6,"[0, 5, 8, 12, 13, 16, 17, 21, 23, 25, 26, 27]"
vtfs_cardinality,0.8,9,,f80_09,0.2,"[0, 5, 10, 12, 15, 18, 19, 20, 21, 23, 27, 29]"
vtfs_cardinality,0.8,10,,f80_10,0.2,"[0, 5, 10, 12, 15, 18, 19, 20, 21, 23, 27, 29]"
vtfs_cardinality,0.8,11,,f80_11,0.7142857142857143,"[0, 7, 8, 11, 12, 13, 16, 20, 21, 22, 23, 26]"
vtfs_cardinality,0.8,12,,f80_12,0.5,"[0, 4, 5, 8, 13, 16, 17, 21, 23, 25, 26, 27]"
vtfs_cardinality,0.8,13,,f80_13,0.4117647058823529,"[0, 1, 4, 5, 8, 16, 17, 20, 22, 23, 25, 26]"
vtfs_cardinality,0.8,14,,f80_14,0.6,"[0, 6, 8, 11, 12, 13, 16, 20, 21, 22, 23, 26]"
vtfs_cardinality,0.8,15,,f80_15,0.6,"[0, 5, 8, 12, 13, 16, 17, 21, 23, 25, 26, 27]"
vtfs_cardinality,0.8,16,,f80_16,0.3333333333333333,"[0, 1, 4, 8, 16, 17, 20, 22, 23, 24, 26, 28]"
vtfs_cardinality,0.8,17,,f80_17,0.3333333333333333,"[0, 1, 4, 8, 16, 17, 20, 22, 23, 24, 28, 30]"
vtfs_cardinality,0.8,18,,f80_18,0.5,"[0, 3, 5, 12, 13, 16, 17, 21, 23, 25, 26, 27]"
vtfs_cardinality,0.8,19,,f80_19,0.6,"[0, 5, 8, 12, 13, 16, 17, 21, 23, 25, 26, 27]"
vtfs_pairrank,0.5,0,A,half_00_A,0.3333333333333333,"[0, 1, 3, 8, 16, 17, 20, 22, 23, 24, 26, 30]"
vtfs_pairrank,0.5,0,B,half_00_B,0.4117647058823529,"[0, 8, 12, 16, 17, 20, 21, 22, 23, 25, 26, 30]"
vtfs_pairrank,0.5,1,A,half_01_A,0.8461538461538461,"[0, 3, 5, 12, 13, 16, 17, 21, 23, 25, 26, 27]"
vtfs_pairrank,0.5,1,B,half_01_B,0.4117647058823529,"[0, 1, 3, 8, 16, 17, 20, 22, 23, 24, 25, 26]"
vtfs_pairrank,0.5,2,A,half_02_A,0.2631578947368421,"[0, 5, 10, 12, 15, 18, 19, 20, 21, 23, 27, 29]"
vtfs_pairrank,0.5,2,B,half_02_B,0.4117647058823529,"[0, 7, 8, 16, 17, 20, 21, 22, 23, 25, 26, 28]"
vtfs_pairrank,0.5,3,A,half_03_A,0.8461538461538461,"[0, 3, 5, 13, 16, 17, 21, 22, 23, 25, 26, 27]"
vtfs_pairrank,0.5,3,B,half_03_B,0.2631578947368421,"[0, 5, 10, 12, 15, 18, 19, 20, 21, 23, 27, 29]"
vtfs_pairrank,0.5,4,A,half_04_A,0.3333333333333333,"[0, 7, 8, 12, 16, 17, 20, 21, 22, 23, 26, 30]"
vtfs_pairrank,0.5,4,B,half_04_B,0.5,"[0, 1, 2, 3, 11, 13, 16, 23, 24, 25, 26, 27]"
vtfs_pairrank,0.5,5,A,half_05_A,0.3333333333333333,"[0, 7, 8, 11, 12, 13, 16, 20, 21, 22, 23, 26]"
vtfs_pairrank,0.5,5,B,half_05_B,0.8461538461538461,"[0, 3, 5, 13, 16, 17, 21, 22, 23, 25, 26, 27]"
vtfs_pairrank,0.5,6,A,half_06_A,0.4117647058823529,"[0, 7, 8, 16, 17, 20, 21, 22, 23, 25, 26, 28]"
vtfs_pairrank,0.5,6,B,half_06_B,0.3333333333333333,"[0, 7, 8, 11, 12, 13, 16, 20, 21, 22, 23, 26]"
vtfs_pairrank,0.5,7,A,half_07_A,0.3333333333333333,"[0, 1, 3, 8, 15, 16, 17, 20, 22, 23, 24, 26]"
vtfs_pairrank,0.5,7,B,half_07_B,0.3333333333333333,"[0, 1, 3, 4, 8, 12, 13, 17, 19, 20, 21, 26]"
vtfs_pairrank,0.5,8,A,half_08_A,0.5,"[0, 5, 7, 8, 16, 17, 20, 21, 22, 23, 25, 26]"
vtfs_pairrank,0.5,8,B,half_08_B,0.3333333333333333,"[0, 1, 3, 8, 12, 16, 19, 21, 22, 24, 26, 27]"
vtfs_pairrank,0.5,9,A,half_09_A,0.7142857142857143,"[0, 3, 4, 5, 12, 16, 17, 21, 23, 25, 26, 27]"
vtfs_pairrank,0.5,9,B,half_09_B,0.4117647058823529,"[0, 1, 3, 8, 16, 19, 22, 23, 24, 25, 26, 27]"
vtfs_pairrank,0.5,10,A,half_10_A,0.7142857142857143,"[0, 5, 13, 16, 17, 21, 22, 23, 25, 26, 27, 30]"
vtfs_pairrank,0.5,10,B,half_10_B,0.4117647058823529,"[0, 7, 8, 16, 17, 20, 21, 22, 23, 25, 26, 29]"
vtfs_pairrank,0.5,11,A,half_11_A,0.3333333333333333,"[0, 7, 8, 12, 16, 20, 21, 22, 23, 25, 26, 30]"
vtfs_pairrank,0.5,11,B,half_11_B,0.3333333333333333,"[0, 7, 8, 11, 12, 13, 16, 20, 21, 22, 23, 26]"
vtfs_pairrank,0.5,12,A,half_12_A,0.2631578947368421,"[0, 1, 15, 16, 17, 20, 22, 23, 24, 26, 28, 30]"
vtfs_pairrank,0.5,12,B,half_12_B,0.7142857142857143,"[0, 3, 4, 5, 12, 16, 17, 21, 23, 25, 26, 27]"
vtfs_pairrank,0.5,13,A,half_13_A,0.2631578947368421,"[0, 5, 10, 12, 15, 18, 19, 20, 21, 23, 27, 29]"
vtfs_pairrank,0.5,13,B,half_13_B,0.4117647058823529,"[0, 8, 12, 16, 17, 20, 21, 22, 23, 25, 26, 30]"
vtfs_pairrank,0.5,14,A,half_14_A,0.4117647058823529,"[0, 1, 2, 3, 16, 19, 22, 23, 24, 25, 26, 27]"
vtfs_pairrank,0.5,14,B,half_14_B,0.3333333333333333,"[0, 1, 5, 14, 15, 16, 17, 20, 23, 24, 26, 28]"
vtfs_pairrank,0.5,15,A,half_15_A,0.2631578947368421,"[0, 7, 8, 11, 12, 16, 20, 21, 22, 23, 26, 30]"
vtfs_pairrank,0.5,15,B,half_15_B,0.7142857142857143,"[0, 3, 4, 5, 12, 16, 17, 21, 23, 25, 26, 27]"
vtfs_pairrank,0.5,16,A,half_16_A,0.2631578947368421,"[0, 5, 10, 12, 15, 18, 19, 20, 21, 23, 27, 29]"
vtfs_pairrank,0.5,16,B,half_16_B,0.4117647058823529,"[0, 1, 3, 15, 16, 17, 20, 22, 23, 24, 25, 26]"
vtfs_pairrank,0.5,17,A,half_17_A,0.2631578947368421,"[0, 5, 10, 12, 15, 18, 19, 20, 21, 23, 27, 29]"
vtfs_pairrank,0.5,17,B,half_17_B,0.4117647058823529,"[0, 1, 3, 6, 16, 17, 20, 22, 23, 24, 25, 26]"
vtfs_pairrank,0.5,18,A,half_18_A,0.8461538461538461,"[0, 3, 5, 8, 13, 16, 17, 21, 23, 25, 26, 27]"
vtfs_pairrank,0.5,18,B,half_18_B,0.2631578947368421,"[0, 5, 10, 12, 15, 18, 19, 20, 21, 23, 27, 29]"
vtfs_pairrank,0.5,19,A,half_19_A,0.3333333333333333,"[0, 7, 8, 11, 12, 13, 16, 20, 21, 22, 23, 26]"
vtfs_pairrank,0.5,19,B,half_19_B,0.4117647058823529,"[0, 1, 3, 8, 12, 13, 16, 19, 21, 22, 23, 27]"
vtfs_pairrank,0.5,20,A,half_20_A,0.2631578947368421,"[0, 1, 4, 15, 16, 17, 20, 23, 24, 26, 28, 30]"
vtfs_pairrank,0.5,20,B,half_20_B,0.2631578947368421,"[0, 1, 12, 14, 17, 19, 21, 22, 23, 24, 27, 28]"
vtfs_pairrank,0.5,21,A,half_21_A,0.8461538461538461,"[0, 3, 5, 12, 13, 16, 17, 21, 23, 25, 26, 27]"
vtfs_pairrank,0.5,21,B,half_21_B,0.5,"[0, 1, 3, 8, 13, 16, 19, 22, 23, 25, 26, 27]"
vtfs_pairrank,0.5,22,A,half_22_A,0.3333333333333333,"[0, 7, 8, 11, 12, 13, 16, 20, 21, 22, 23, 26]"
vtfs_pairrank,0.5,22,B,half_22_B,0.3333333333333333,"[0, 7, 8, 11, 12, 13, 16, 20, 21, 22, 23, 26]"
vtfs_pairrank,0.5,23,A,half_23_A,0.3333333333333333,"[0, 7, 8, 12, 16, 17, 20, 21, 22, 23, 26, 30]"
vtfs_pairrank,0.5,23,B,half_23_B,0.3333333333333333,"[0, 7, 8, 11, 12, 13, 16, 20, 21, 22, 23, 26]"
vtfs_pairrank,0.5,24,A,half_24_A,0.8461538461538461,"[0, 3, 5, 10, 13, 16, 17, 21, 23, 25, 26, 27]"
vtfs_pairrank,0.5,24,B,half_24_B,0.3333333333333333,"[0, 7, 8, 11, 12, 13, 16, 20, 21, 22, 23, 26]"
vtfs_pairrank,0.5,25,A,half_25_A,0.4117647058823529,"[0, 8, 12, 16, 17, 20, 21, 22, 23, 25, 26, 30]"
vtfs_pairrank,0.5,25,B,half_25_B,0.5,"[0, 1, 2, 3, 11, 13, 16, 23, 24, 25, 26, 27]"
vtfs_pairrank,0.5,26,A,half_26_A,0.4117647058823529,"[0, 2, 4, 5, 8, 9, 16, 17, 20, 26, 27, 28]"
vtfs_pairrank,0.5,26,B,half_26_B,0.3333333333333333,"[0, 8, 12, 16, 17, 20, 21, 22, 23, 26, 28, 30]"
vtfs_pairrank,0.5,27,A,half_27_A,0.5,"[0, 2, 5, 8, 9, 16, 17, 21, 22, 25, 26, 28]"
vtfs_pairrank,0.5,27,B,half_27_B,0.2631578947368421,"[0, 1, 2, 8, 16, 19, 20, 21, 22, 24, 26, 27]"
vtfs_pairrank,0.5,28,A,half_28_A,0.4117647058823529,"[0, 4, 6, 8, 13, 16, 17, 20, 21, 23, 24, 26]"
vtfs_pairrank,0.5,28,B,half_28_B,0.4117647058823529,"[0, 1, 4, 8, 13, 16, 17, 19, 20, 23, 25, 26]"
vtfs_pairrank,0.5,29,A,half_29_A,0.4117647058823529,"[0, 4, 7, 8, 13, 16, 17, 20, 21, 22, 23, 26]"
vtfs_pairrank,0.5,29,B,half_29_B,0.4117647058823529,"[0, 2, 3, 7, 13, 14, 19, 21, 23, 24, 25, 26]"
vtfs_pairrank,0.7,0,,f70_00,0.5,"[0, 5, 7, 16, 17, 20, 21, 22, 23, 25, 26, 28]"
vtfs_pairrank,0.7,1,,f70_01,0.2631578947368421,"[0, 5, 10, 12, 15, 18, 19, 20, 21, 23, 27, 29]"
vtfs_pairrank,0.7,2,,f70_02,1.0,"[0, 3, 5, 9, 13, 16, 17, 21, 23, 25, 26, 27]"
vtfs_pairrank,0.7,3,,f70_03,0.4117647058823529,"[0, 1, 3, 8, 16, 17, 20, 22, 23, 24, 25, 26]"
vtfs_pairrank,0.7,4,,f70_04,0.8461538461538461,"[0, 3, 5, 13, 16, 17, 21, 23, 25, 26, 27, 30]"
vtfs_pairrank,0.7,5,,f70_05,0.4117647058823529,"[0, 1, 3, 8, 12, 16, 17, 19, 23, 25, 27, 28]"
vtfs_pairrank,0.7,6,,f70_06,0.7142857142857143,"[0, 5, 8, 13, 16, 17, 21, 23, 25, 26, 27, 28]"
vtfs_pairrank,0.7,7,,f70_07,1.0,"[0, 3, 5, 9, 13, 16, 17, 21, 23, 25, 26, 27]"
vtfs_pairrank,0.7,8,,f70_08,0.3333333333333333,"[0, 8, 12, 16, 17, 20, 21, 22, 23, 26, 28, 30]"
vtfs_pairrank,0.7,9,,f70_09,0.2631578947368421,"[0, 5, 10, 12, 15, 18, 19, 20, 21, 23, 27, 29]"
vtfs_pairrank,0.7,10,,f70_10,0.7142857142857143,"[0, 5, 8, 10, 13, 16, 17, 21, 23, 25, 26, 27]"
vtfs_pairrank,0.7,11,,f70_11,0.8461538461538461,"[0, 3, 5, 8, 13, 16, 17, 21, 23, 25, 26, 27]"
vtfs_pairrank,0.7,12,,f70_12,0.3333333333333333,"[0, 1, 3, 8, 12, 16, 19, 22, 23, 25, 27, 28]"
vtfs_pairrank,0.7,13,,f70_13,0.2631578947368421,"[0, 1, 4, 12, 16, 17, 20, 22, 23, 24, 26, 30]"
vtfs_pairrank,0.7,14,,f70_14,0.7142857142857143,"[0, 5, 8, 13, 16, 17, 21, 23, 25, 26, 27, 30]"
vtfs_pairrank,0.7,15,,f70_15,0.5,"[0, 3, 7, 16, 17, 20, 21, 22, 23, 25, 26, 28]"
vtfs_pairrank,0.7,16,,f70_16,0.7142857142857143,"[0, 3, 5, 16, 17, 21, 22, 23, 25, 26, 27, 30]"
vtfs_pairrank,0.7,17,,f70_17,0.3333333333333333,"[0, 1, 5, 15, 16, 17, 20, 22, 23, 24, 26, 28]"
vtfs_pairrank,0.7,18,,f70_18,0.3333333333333333,"[0, 4, 8, 12, 16, 17, 20, 21, 22, 23, 26, 30]"
vtfs_pairrank,0.7,19,,f70_19,0.7142857142857143,"[0, 3, 5, 12, 16, 17, 21, 23, 25, 26, 27, 28]"
vtfs_pairrank,0.8,0,,f80_00,0.8461538461538461,"[0, 3, 5, 12, 13, 16, 17, 21, 23, 25, 26, 27]"
vtfs_pairrank,0.8,1,,f80_01,0.8461538461538461,"[0, 3, 5, 10, 13, 16, 17, 21, 23, 25, 26, 27]"
vtfs_pairrank,0.8,2,,f80_02,0.5,"[0, 1, 2, 3, 11, 13, 16, 23, 24, 25, 26, 27]"
vtfs_pairrank,0.8,3,,f80_03,0.5,"[0, 3, 4, 6, 13, 16, 20, 21, 22, 23, 25, 26]"
vtfs_pairrank,0.8,4,,f80_04,0.4117647058823529,"[0, 8, 12, 16, 17, 20, 21, 22, 23, 25, 26, 30]"
vtfs_pairrank,0.8,5,,f80_05,0.4117647058823529,"[0, 8, 12, 16, 17, 20, 21, 22, 23, 25, 26, 30]"
vtfs_pairrank,0.8,6,,f80_06,0.3333333333333333,"[0, 7, 8, 11, 12, 13, 16, 20, 21, 22, 23, 26]"
vtfs_pairrank,0.8,7,,f80_07,0.4117647058823529,"[0, 1, 3, 4, 16, 17, 20, 22, 23, 24, 25, 26]"
vtfs_pairrank,0.8,8,,f80_08,0.7142857142857143,"[0, 3, 4, 5, 12, 16, 17, 21, 23, 25, 26, 27]"
vtfs_pairrank,0.8,9,,f80_09,0.2631578947368421,"[0, 5, 10, 12, 15, 18, 19, 20, 21, 23, 27, 29]"
vtfs_pairrank,0.8,10,,f80_10,1.0,"[0, 3, 5, 9, 13, 16, 17, 21, 23, 25, 26, 27]"
vtfs_pairrank,0.8,11,,f80_11,0.3333333333333333,"[0, 7, 8, 11, 12, 13, 16, 20, 21, 22, 23, 26]"
vtfs_pairrank,0.8,12,,f80_12,0.7142857142857143,"[0, 3, 5, 12, 16, 17, 19, 21, 23, 25, 26, 27]"
vtfs_pairrank,0.8,13,,f80_13,0.4117647058823529,"[0, 1, 3, 8, 16, 17, 20, 22, 23, 24, 25, 26]"
vtfs_pairrank,0.8,14,,f80_14,0.8461538461538461,"[0, 3, 5, 10, 13, 16, 17, 21, 23, 25, 26, 27]"
vtfs_pairrank,0.8,15,,f80_15,0.5,"[0, 3, 7, 16, 17, 20, 21, 22, 23, 25, 26, 28]"
vtfs_pairrank,0.8,16,,f80_16,0.2631578947368421,"[0, 1, 4, 15, 16, 17, 20, 23, 24, 26, 28, 30]"
vtfs_pairrank,0.8,17,,f80_17,0.3333333333333333,"[0, 2, 6, 16, 17, 20, 22, 23, 24, 25, 26, 30]"
vtfs_pairrank,0.8,18,,f80_18,0.4117647058823529,"[0, 1, 3, 8, 16, 17, 20, 22, 23, 24, 25, 26]"
vtfs_pairrank,0.8,19,,f80_19,0.8461538461538461,"[0, 3, 5, 10, 13, 16, 17, 21, 23, 25, 26, 27]"
random_k_search,0.5,0,A,half_00_A,0.3333333333333333,"[0, 1, 5, 14, 15, 16, 17, 20, 23, 24, 26, 28]"
random_k_search,0.5,0,B,half_00_B,0.3333333333333333,"[0, 7, 8, 11, 12, 13, 16, 20, 21, 22, 23, 26]"
random_k_search,0.5,1,A,half_01_A,1.0,"[0, 3, 4, 5, 12, 16, 17, 21, 23, 25, 26, 27]"
random_k_search,0.5,1,B,half_01_B,1.0,"[0, 3, 4, 5, 12, 16, 17, 21, 23, 25, 26, 27]"
random_k_search,0.5,2,A,half_02_A,0.3333333333333333,"[0, 5, 10, 12, 15, 18, 19, 20, 21, 23, 27, 29]"
random_k_search,0.5,2,B,half_02_B,0.2631578947368421,"[0, 3, 4, 7, 10, 16, 18, 20, 22, 24, 26, 30]"
random_k_search,0.5,3,A,half_03_A,0.2631578947368421,"[0, 3, 4, 7, 10, 16, 18, 20, 22, 24, 26, 30]"
random_k_search,0.5,3,B,half_03_B,0.3333333333333333,"[0, 5, 10, 12, 15, 18, 19, 20, 21, 23, 27, 29]"
random_k_search,0.5,4,A,half_04_A,0.3333333333333333,"[0, 7, 8, 11, 12, 13, 16, 20, 21, 22, 23, 26]"
random_k_search,0.5,4,B,half_04_B,0.2631578947368421,"[0, 3, 4, 7, 10, 16, 18, 20, 22, 24, 26, 30]"
random_k_search,0.5,5,A,half_05_A,0.3333333333333333,"[0, 7, 8, 11, 12, 13, 16, 20, 21, 22, 23, 26]"
random_k_search,0.5,5,B,half_05_B,0.2631578947368421,"[0, 3, 4, 7, 10, 16, 18, 20, 22, 24, 26, 30]"
random_k_search,0.5,6,A,half_06_A,0.3333333333333333,"[0, 7, 8, 11, 12, 13, 16, 20, 21, 22, 23, 26]"
random_k_search,0.5,6,B,half_06_B,0.3333333333333333,"[0, 7, 8, 11, 12, 13, 16, 20, 21, 22, 23, 26]"
random_k_search,0.5,7,A,half_07_A,0.3333333333333333,"[0, 1, 5, 14, 15, 16, 17, 20, 23, 24, 26, 28]"
random_k_search,0.5,7,B,half_07_B,0.3333333333333333,"[0, 7, 8, 11, 12, 13, 16, 20, 21, 22, 23, 26]"
random_k_search,0.5,8,A,half_08_A,1.0,"[0, 3, 4, 5, 12, 16, 17, 21, 23, 25, 26, 27]"
random_k_search,0.5,8,B,half_08_B,0.2631578947368421,"[0, 3, 4, 7, 10, 16, 18, 20, 22, 24, 26, 30]"
random_k_search,0.5,9,A,half_09_A,1.0,"[0, 3, 4, 5, 12, 16, 17, 21, 23, 25, 26, 27]"
random_k_search,0.5,9,B,half_09_B,0.2631578947368421,"[0, 3, 4, 7, 10, 16, 18, 20, 22, 24, 26, 30]"
random_k_search,0.5,10,A,half_10_A,0.2631578947368421,"[0, 3, 4, 7, 10, 16, 18, 20, 22, 24, 26, 30]"
random_k_search,0.5,10,B,half_10_B,0.3333333333333333,"[0, 7, 8, 11, 12, 13, 16, 20, 21, 22, 23, 26]"
random_k_search,0.5,11,A,half_11_A,0.3333333333333333,"[0, 7, 8, 11, 12, 13, 16, 20, 21, 22, 23, 26]"
random_k_search,0.5,11,B,half_11_B,0.3333333333333333,"[0, 7, 8, 11, 12, 13, 16, 20, 21, 22, 23, 26]"
random_k_search,0.5,12,A,half_12_A,0.2631578947368421,"[0, 3, 4, 7, 10, 16, 18, 20, 22, 24, 26, 30]"
random_k_search,0.5,12,B,half_12_B,1.0,"[0, 3, 4, 5, 12, 16, 17, 21, 23, 25, 26, 27]"
random_k_search,0.5,13,A,half_13_A,0.3333333333333333,"[0, 5, 10, 12, 15, 18, 19, 20, 21, 23, 27, 29]"
random_k_search,0.5,13,B,half_13_B,0.3333333333333333,"[0, 7, 8, 11, 12, 13, 16, 20, 21, 22, 23, 26]"
random_k_search,0.5,14,A,half_14_A,0.3333333333333333,"[0, 7, 8, 11, 12, 13, 16, 20, 21, 22, 23, 26]"
random_k_search,0.5,14,B,half_14_B,0.3333333333333333,"[0, 1, 5, 14, 15, 16, 17, 20, 23, 24, 26, 28]"
random_k_search,0.5,15,A,half_15_A,0.3333333333333333,"[0, 5, 10, 12, 15, 18, 19, 20, 21, 23, 27, 29]"
random_k_search,0.5,15,B,half_15_B,0.2631578947368421,"[0, 3, 4, 7, 10, 16, 18, 20, 22, 24, 26, 30]"
random_k_search,0.5,16,A,half_16_A,0.3333333333333333,"[0, 5, 10, 12, 15, 18, 19, 20, 21, 23, 27, 29]"
random_k_search,0.5,16,B,half_16_B,0.2631578947368421,"[0, 3, 4, 7, 10, 16, 18, 20, 22, 24, 26, 30]"
random_k_search,0.5,17,A,half_17_A,0.3333333333333333,"[0, 5, 10, 12, 15, 18, 19, 20, 21, 23, 27, 29]"
random_k_search,0.5,17,B,half_17_B,0.3333333333333333,"[0, 7, 8, 11, 12, 13, 16, 20, 21, 22, 23, 26]"
random_k_search,0.5,18,A,half_18_A,0.2631578947368421,"[0, 3, 4, 7, 10, 16, 18, 20, 22, 24, 26, 30]"
random_k_search,0.5,18,B,half_18_B,0.3333333333333333,"[0, 5, 10, 12, 15, 18, 19, 20, 21, 23, 27, 29]"
random_k_search,0.5,19,A,half_19_A,0.2631578947368421,"[0, 3, 4, 7, 10, 16, 18, 20, 22, 24, 26, 30]"
random_k_search,0.5,19,B,half_19_B,0.3333333333333333,"[0, 5, 10, 12, 15, 18, 19, 20, 21, 23, 27, 29]"
random_k_search,0.5,20,A,half_20_A,0.3333333333333333,"[0, 1, 5, 14, 15, 16, 17, 20, 23, 24, 26, 28]"
random_k_search,0.5,20,B,half_20_B,0.3333333333333333,"[0, 1, 3, 8, 12, 14, 17, 19, 21, 24, 27, 30]"
random_k_search,0.5,21,A,half_21_A,1.0,"[0, 3, 4, 5, 12, 16, 17, 21, 23, 25, 26, 27]"
random_k_search,0.5,21,B,half_21_B,0.3333333333333333,"[0, 7, 8, 11, 12, 13, 16, 20, 21, 22, 23, 26]"
random_k_search,0.5,22,A,half_22_A,0.3333333333333333,"[0, 7, 8, 11, 12, 13, 16, 20, 21, 22, 23, 26]"
random_k_search,0.5,22,B,half_22_B,0.2631578947368421,"[0, 3, 4, 7, 10, 16, 18, 20, 22, 24, 26, 30]"
random_k_search,0.5,23,A,half_23_A,1.0,"[0, 3, 4, 5, 12, 16, 17, 21, 23, 25, 26, 27]"
random_k_search,0.5,23,B,half_23_B,0.2631578947368421,"[0, 3, 4, 7, 10, 16, 18, 20, 22, 24, 26, 30]"
random_k_search,0.5,24,A,half_24_A,1.0,"[0, 3, 4, 5, 12, 16, 17, 21, 23, 25, 26, 27]"
random_k_search,0.5,24,B,half_24_B,0.3333333333333333,"[0, 7, 8, 11, 12, 13, 16, 20, 21, 22, 23, 26]"
random_k_search,0.5,25,A,half_25_A,1.0,"[0, 3, 4, 5, 12, 16, 17, 21, 23, 25, 26, 27]"
random_k_search,0.5,25,B,half_25_B,1.0,"[0, 3, 4, 5, 12, 16, 17, 21, 23, 25, 26, 27]"
random_k_search,0.5,26,A,half_26_A,0.2631578947368421,"[0, 3, 4, 7, 10, 16, 18, 20, 22, 24, 26, 30]"
random_k_search,0.5,26,B,half_26_B,0.3333333333333333,"[0, 7, 8, 11, 12, 13, 16, 20, 21, 22, 23, 26]"
random_k_search,0.5,27,A,half_27_A,0.3333333333333333,"[0, 7, 8, 11, 12, 13, 16, 20, 21, 22, 23, 26]"
random_k_search,0.5,27,B,half_27_B,1.0,"[0, 3, 4, 5, 12, 16, 17, 21, 23, 25, 26, 27]"
random_k_search,0.5,28,A,half_28_A,0.2631578947368421,"[0, 3, 4, 7, 10, 16, 18, 20, 22, 24, 26, 30]"
random_k_search,0.5,28,B,half_28_B,0.3333333333333333,"[0, 1, 5, 14, 15, 16, 17, 20, 23, 24, 26, 28]"
random_k_search,0.5,29,A,half_29_A,0.3333333333333333,"[0, 7, 8, 11, 12, 13, 16, 20, 21, 22, 23, 26]"
random_k_search,0.5,29,B,half_29_B,0.3333333333333333,"[0, 2, 3, 7, 13, 14, 19, 21, 23, 24, 25, 26]"
random_k_search,0.7,0,,f70_00,1.0,"[0, 3, 4, 5, 12, 16, 17, 21, 23, 25, 26, 27]"
random_k_search,0.7,1,,f70_01,0.3333333333333333,"[0, 5, 10, 12, 15, 18, 19, 20, 21, 23, 27, 29]"
random_k_search,0.7,2,,f70_02,1.0,"[0, 3, 4, 5, 12, 16, 17, 21, 23, 25, 26, 27]"
random_k_search,0.7,3,,f70_03,1.0,"[0, 3, 4, 5, 12, 16, 17, 21, 23, 25, 26, 27]"
random_k_search,0.7,4,,f70_04,0.3333333333333333,"[0, 7, 8, 11, 12, 13, 16, 20, 21, 22, 23, 26]"
random_k_search,0.7,5,,f70_05,0.2631578947368421,"[0, 3, 4, 7, 10, 16, 18, 20, 22, 24, 26, 30]"
random_k_search,0.7,6,,f70_06,1.0,"[0, 3, 4, 5, 12, 16, 17, 21, 23, 25, 26, 27]"
random_k_search,0.7,7,,f70_07,1.0,"[0, 3, 4, 5, 12, 16, 17, 21, 23, 25, 26, 27]"
random_k_search,0.7,8,,f70_08,0.3333333333333333,"[0, 7, 8, 11, 12, 13, 16, 20, 21, 22, 23, 26]"
random_k_search,0.7,9,,f70_09,0.3333333333333333,"[0, 5, 10, 12, 15, 18, 19, 20, 21, 23, 27, 29]"
random_k_search,0.7,10,,f70_10,0.3333333333333333,"[0, 1, 5, 14, 15, 16, 17, 20, 23, 24, 26, 28]"
random_k_search,0.7,11,,f70_11,0.3333333333333333,"[0, 5, 10, 12, 15, 18, 19, 20, 21, 23, 27, 29]"
random_k_search,0.7,12,,f70_12,1.0,"[0, 3, 4, 5, 12, 16, 17, 21, 23, 25, 26, 27]"
random_k_search,0.7,13,,f70_13,1.0,"[0, 3, 4, 5, 12, 16, 17, 21, 23, 25, 26, 27]"
random_k_search,0.7,14,,f70_14,0.3333333333333333,"[0, 1, 3, 8, 12, 14, 17, 19, 21, 24, 27, 30]"
random_k_search,0.7,15,,f70_15,0.3333333333333333,"[0, 5, 10, 12, 15, 18, 19, 20, 21, 23, 27, 29]"
random_k_search,0.7,16,,f70_16,1.0,"[0, 3, 4, 5, 12, 16, 17, 21, 23, 25, 26, 27]"
random_k_search,0.7,17,,f70_17,0.2631578947368421,"[0, 3, 4, 7, 10, 16, 18, 20, 22, 24, 26, 30]"
random_k_search,0.7,18,,f70_18,0.3333333333333333,"[0, 7, 8, 11, 12, 13, 16, 20, 21, 22, 23, 26]"
random_k_search,0.7,19,,f70_19,1.0,"[0, 3, 4, 5, 12, 16, 17, 21, 23, 25, 26, 27]"
random_k_search,0.8,0,,f80_00,1.0,"[0, 3, 4, 5, 12, 16, 17, 21, 23, 25, 26, 27]"
random_k_search,0.8,1,,f80_01,1.0,"[0, 3, 4, 5, 12, 16, 17, 21, 23, 25, 26, 27]"
random_k_search,0.8,2,,f80_02,0.3333333333333333,"[0, 7, 8, 11, 12, 13, 16, 20, 21, 22, 23, 26]"
random_k_search,0.8,3,,f80_03,1.0,"[0, 3, 4, 5, 12, 16, 17, 21, 23, 25, 26, 27]"
random_k_search,0.8,4,,f80_04,0.3333333333333333,"[0, 7, 8, 11, 12, 13, 16, 20, 21, 22, 23, 26]"
random_k_search,0.8,5,,f80_05,1.0,"[0, 3, 4, 5, 12, 16, 17, 21, 23, 25, 26, 27]"
random_k_search,0.8,6,,f80_06,0.3333333333333333,"[0, 7, 8, 11, 12, 13, 16, 20, 21, 22, 23, 26]"
random_k_search,0.8,7,,f80_07,1.0,"[0, 3, 4, 5, 12, 16, 17, 21, 23, 25, 26, 27]"
random_k_search,0.8,8,,f80_08,1.0,"[0, 3, 4, 5, 12, 16, 17, 21, 23, 25, 26, 27]"
random_k_search,0.8,9,,f80_09,0.3333333333333333,"[0, 5, 10, 12, 15, 18, 19, 20, 21, 23, 27, 29]"
random_k_search,0.8,10,,f80_10,0.3333333333333333,"[0, 5, 10, 12, 15, 18, 19, 20, 21, 23, 27, 29]"
random_k_search,0.8,11,,f80_11,0.3333333333333333,"[0, 7, 8, 11, 12, 13, 16, 20, 21, 22, 23, 26]"
random_k_search,0.8,12,,f80_12,0.3333333333333333,"[0, 7, 8, 11, 12, 13, 16, 20, 21, 22, 23, 26]"
random_k_search,0.8,13,,f80_13,1.0,"[0, 3, 4, 5, 12, 16, 17, 21, 23, 25, 26, 27]"
random_k_search,0.8,14,,f80_14,0.3333333333333333,"[0, 7, 8, 11, 12, 13, 16, 20, 21, 22, 23, 26]"
random_k_search,0.8,15,,f80_15,0.3333333333333333,"[0, 7, 8, 11, 12, 13, 16, 20, 21, 22, 23, 26]"
random_k_search,0.8,16,,f80_16,0.3333333333333333,"[0, 1, 5, 14, 15, 16, 17, 20, 23, 24, 26, 28]"
random_k_search,0.8,17,,f80_17,0.3333333333333333,"[0, 7, 8, 11, 12, 13, 16, 20, 21, 22, 23, 26]"
random_k_search,0.8,18,,f80_18,0.3333333333333333,"[0, 7, 8, 11, 12, 13, 16, 20, 21, 22, 23, 26]"
random_k_search,0.8,19,,f80_19,1.0,"[0, 3, 4, 5, 12, 16, 17, 21, 23, 25, 26, 27]"
