scene,rule,metric,candidate,comparator,mean,sd,se,ci_low,ci_high,n,p_two_sided,holm_p
global_null,native,FDP,xgb_sko_quad_scale,xgb_sko_ridge,0.02,0.19999999999999998,0.019999999999999997,-0.019684339030173647,0.059684339030173644,100,0.31974847413930163,1.0
global_null,native,FDP,xgb_sko_quad_scale,xgb_sko_quad,0.01,0.26571800956288344,0.026571800956288343,-0.04272421788958195,0.06272421788958195,100,0.7074703580131824,1.0
global_null,native,FDP,xgb_sko_quad_scale,xgb_sko_scale,0.03,0.22270150335361363,0.022270150335361363,-0.014188809808070794,0.0741888098080708,100,0.18102514023295704,1.0
global_null,native,FDP,tabm_sko_quad_scale,tabm_sko_ridge,-0.01,0.22450844172110854,0.022450844172110854,-0.05454734558198228,0.034547345581982275,100,0.6569905055563484,1.0
global_null,native,FDP,tabm_sko_quad_scale,tabm_sko_quad,0.01,0.17378728435078392,0.017378728435078393,-0.02448316755654851,0.04448316755654851,100,0.5663155080996355,1.0
global_null,native,FDP,tabm_sko_quad_scale,tabm_sko_scale,0.0,0.1421338109037403,0.01421338109037403,-0.028202431697773114,0.028202431697773114,100,1.0,1.0
global_null,native,FDP,tabm_sko_quad_scale,tabm_orbit,0.0,0.24618298195866548,0.02461829819586655,-0.04884804459753403,0.04884804459753403,100,1.0,1.0
global_null,native,FDP,tabm_sko_quad_scale,tabm_orbit_student,-0.02,0.2835560621888384,0.02835560621888384,-0.07626367452981433,0.03626367452981434,100,0.48226247077230866,1.0
global_null,native,rmse,xgb_sko_quad_scale,xgb_sko_ridge,0.000411229616013864,0.00499460644253853,0.0004994606442538529,-0.0005798086609260786,0.0014022678929538066,100,0.4122894516609086,1.0
global_null,native,rmse,xgb_sko_quad_scale,xgb_sko_quad,7.50528682394691e-05,0.0071539149922854916,0.0007153914992285491,-0.0013444390714950287,0.001494544807973967,100,0.9166582148881577,1.0
global_null,native,rmse,xgb_sko_quad_scale,xgb_sko_scale,0.0007247159975402972,0.005166202177939305,0.0005166202177939304,-0.0003003705960985272,0.0017498025911791217,100,0.163804146977144,1.0
global_null,native,rmse,tabm_sko_quad_scale,tabm_sko_ridge,-0.0005546079583250607,0.004960927575029023,0.0004960927575029023,-0.0015389636172830057,0.00042974770063288425,100,0.2662929778009544,1.0
global_null,native,rmse,tabm_sko_quad_scale,tabm_sko_quad,3.3415126021305585e-05,0.0028913512809559654,0.00028913512809559656,-0.0005402916964226116,0.0006071219484652227,100,0.9082280381431285,1.0
global_null,native,rmse,tabm_sko_quad_scale,tabm_sko_scale,-0.00011544556491060342,0.002916030830111536,0.0002916030830111536,-0.000694049345333528,0.0004631582155123211,100,0.693030964994988,1.0
global_null,native,rmse,tabm_sko_quad_scale,tabm_orbit,2.0746035674344966e-05,0.0032901110124072225,0.0003290111012407222,-0.0006320833686420355,0.0006735754399907254,100,0.9498492623338598,1.0
global_null,native,rmse,tabm_sko_quad_scale,tabm_orbit_student,-0.0008040324196810955,0.006096277433573527,0.0006096277433573526,-0.0020136661221607393,0.00040560128279854826,100,0.1902482955627092,1.0
global_null,native10,FDP,xgb_sko_quad_scale,xgb_sko_ridge,-0.01,0.09999999999999999,0.009999999999999998,-0.029842169515086822,0.009842169515086823,100,0.31974847413930163,1.0
global_null,native10,FDP,xgb_sko_quad_scale,xgb_sko_quad,0.0,0.0,0.0,0.0,0.0,100,1.0,1.0
global_null,native10,FDP,xgb_sko_quad_scale,xgb_sko_scale,0.0,0.0,0.0,0.0,0.0,100,1.0,1.0
global_null,native10,FDP,tabm_sko_quad_scale,tabm_sko_ridge,0.0,0.0,0.0,0.0,0.0,100,1.0,1.0
global_null,native10,FDP,tabm_sko_quad_scale,tabm_sko_quad,0.0,0.0,0.0,0.0,0.0,100,1.0,1.0
global_null,native10,FDP,tabm_sko_quad_scale,tabm_sko_scale,0.0,0.0,0.0,0.0,0.0,100,1.0,1.0
global_null,native10,FDP,tabm_sko_quad_scale,tabm_orbit,-0.01,0.09999999999999999,0.009999999999999998,-0.029842169515086822,0.009842169515086823,100,0.31974847413930163,1.0
global_null,native10,FDP,tabm_sko_quad_scale,tabm_orbit_student,-0.01,0.09999999999999999,0.009999999999999998,-0.029842169515086822,0.009842169515086823,100,0.31974847413930163,1.0
global_null,top12,FDP,xgb_sko_quad_scale,xgb_sko_ridge,0.0,0.0,0.0,0.0,0.0,100,1.0,1.0
global_null,top12,FDP,xgb_sko_quad_scale,xgb_sko_quad,0.0,0.0,0.0,0.0,0.0,100,1.0,1.0
global_null,top12,FDP,xgb_sko_quad_scale,xgb_sko_scale,0.0,0.0,0.0,0.0,0.0,100,1.0,1.0
global_null,top12,FDP,tabm_sko_quad_scale,tabm_sko_ridge,0.0,0.0,0.0,0.0,0.0,100,1.0,1.0
global_null,top12,FDP,tabm_sko_quad_scale,tabm_sko_quad,0.0,0.0,0.0,0.0,0.0,100,1.0,1.0
global_null,top12,FDP,tabm_sko_quad_scale,tabm_sko_scale,0.0,0.0,0.0,0.0,0.0,100,1.0,1.0
global_null,top12,FDP,tabm_sko_quad_scale,tabm_orbit,0.0,0.0,0.0,0.0,0.0,100,1.0,1.0
global_null,top12,FDP,tabm_sko_quad_scale,tabm_orbit_student,0.0,0.0,0.0,0.0,0.0,100,1.0,1.0
global_null,top12,FDP,tabm_sko_quad_scale,xgb_shap,0.0,0.0,0.0,0.0,0.0,100,1.0,1.0
global_null,top12,rmse,xgb_sko_quad_scale,xgb_sko_ridge,-0.0005622620914464916,0.008453184373238111,0.0008453184373238111,-0.0022395572642072274,0.0011150330813142445,100,0.5075022686943773,1.0
global_null,top12,rmse,xgb_sko_quad_scale,xgb_sko_quad,0.0002853724502028787,0.00766791485760612,0.000766791485760612,-0.0012361082141158564,0.001806853114521614,100,0.7105659532083861,1.0
global_null,top12,rmse,xgb_sko_quad_scale,xgb_sko_scale,0.00038506325777822205,0.008521786152930283,0.0008521786152930283,-0.001305843996399401,0.0020759705119558452,100,0.6523601008319186,1.0
global_null,top12,rmse,tabm_sko_quad_scale,tabm_sko_ridge,0.00019142061575876278,0.00826992880911101,0.000826992880911101,-0.001449512677322045,0.0018323539088395708,100,0.8174306420000792,1.0
global_null,top12,rmse,tabm_sko_quad_scale,tabm_sko_quad,-0.0001864498085564381,0.006835904840644566,0.0006835904840644567,-0.0015428416349271591,0.0011699420178142828,100,0.7856129405199914,1.0
global_null,top12,rmse,tabm_sko_quad_scale,tabm_sko_scale,3.556209943118782e-05,0.008134068419994213,0.0008134068419994213,-0.0015784135449372087,0.0016495377437995842,100,0.9652157042665731,1.0
global_null,top12,rmse,tabm_sko_quad_scale,tabm_orbit,-0.0001893115757791086,0.010154613050651117,0.0010154613050651117,-0.002204207110890433,0.0018255839593322156,100,0.8524897315529334,1.0
global_null,top12,rmse,tabm_sko_quad_scale,tabm_orbit_student,0.0004499456442349126,0.010208848814210036,0.0010208848814210036,-0.0015757114430195742,0.0024756027314893994,100,0.6603615679288046,1.0
global_null,top12,rmse,tabm_sko_quad_scale,xgb_shap,-0.0015028084552731824,0.010191110393336316,0.0010191110393336317,-0.003524945854988606,0.0005193289444422413,100,0.14348595916194942,1.0
global_null,top8,FDP,xgb_sko_quad_scale,xgb_sko_ridge,0.0,0.0,0.0,0.0,0.0,100,1.0,1.0
global_null,top8,FDP,xgb_sko_quad_scale,xgb_sko_quad,0.0,0.0,0.0,0.0,0.0,100,1.0,1.0
global_null,top8,FDP,xgb_sko_quad_scale,xgb_sko_scale,0.0,0.0,0.0,0.0,0.0,100,1.0,1.0
global_null,top8,FDP,tabm_sko_quad_scale,tabm_sko_ridge,0.0,0.0,0.0,0.0,0.0,100,1.0,1.0
global_null,top8,FDP,tabm_sko_quad_scale,tabm_sko_quad,0.0,0.0,0.0,0.0,0.0,100,1.0,1.0
global_null,top8,FDP,tabm_sko_quad_scale,tabm_sko_scale,0.0,0.0,0.0,0.0,0.0,100,1.0,1.0
global_null,top8,FDP,tabm_sko_quad_scale,tabm_orbit,0.0,0.0,0.0,0.0,0.0,100,1.0,1.0
global_null,top8,FDP,tabm_sko_quad_scale,tabm_orbit_student,0.0,0.0,0.0,0.0,0.0,100,1.0,1.0
global_null,top8,FDP,tabm_sko_quad_scale,xgb_shap,0.0,0.0,0.0,0.0,0.0,100,1.0,1.0
high_correlation,native,FDP,xgb_sko_quad_scale,xgb_sko_ridge,0.0067316694743165305,0.15989580338586268,0.015989580338586266,-0.024995126881016284,0.038458465829649346,100,0.6746650905604836,1.0
high_correlation,native,FDP,xgb_sko_quad_scale,xgb_sko_quad,-0.0033481526643291343,0.17235286394950952,0.017235286394950953,-0.03754670009329779,0.03085039476463952,100,0.8463691915207652,1.0
high_correlation,native,FDP,xgb_sko_quad_scale,xgb_sko_scale,0.004838778868190636,0.1622759901258872,0.01622759901258872,-0.027360298174873465,0.03703785591125473,100,0.766189126189315,1.0
high_correlation,native,FDP,tabm_sko_quad_scale,tabm_sko_ridge,-0.019865759784877427,0.12140920012872189,0.012140920012872189,-0.043955979081329435,0.004224459511574585,100,0.104959514265437,0.5326323218713098
high_correlation,native,FDP,tabm_sko_quad_scale,tabm_sko_quad,-0.008086432902609372,0.0905240607232587,0.00905240607232587,-0.026048370483258497,0.009875504678039755,100,0.37386771454914247,1.0
high_correlation,native,FDP,tabm_sko_quad_scale,tabm_sko_scale,-0.02657313356578063,0.10854174436487347,0.010854174436487347,-0.04811017047729103,-0.005036096654270232,100,0.016117056827681043,0.12893645462144834
high_correlation,native,FDP,tabm_sko_quad_scale,tabm_orbit,-0.03431363731441129,0.19346919338385998,0.019346919338385997,-0.07270212262510793,0.004074847996285352,100,0.07920472289822726,0.5326323218713098
high_correlation,native,FDP,tabm_sko_quad_scale,tabm_orbit_student,-0.04298570084599495,0.2397946252988278,0.02397946252988278,-0.09056615688585565,0.004594755193865742,100,0.0760903316959014,0.5326323218713098
high_correlation,native,power,xgb_sko_quad_scale,xgb_sko_ridge,0.009999999999999997,0.2564323999762428,0.02564323999762428,-0.04088175149489157,0.06088175149489156,100,0.6973991774120936,1.0
high_correlation,native,power,xgb_sko_quad_scale,xgb_sko_quad,-0.01499999999999999,0.26718699236468996,0.026718699236468996,-0.06801569594726387,0.03801569594726389,100,0.5757904091396696,1.0
high_correlation,native,power,xgb_sko_quad_scale,xgb_sko_scale,-0.03299999999999999,0.20795055744920318,0.02079505574492032,-0.07426190211663891,0.00826190211663893,100,0.11572070100037361,0.46288280400149445
high_correlation,native,power,tabm_sko_quad_scale,tabm_sko_ridge,-0.033,0.16333333333333333,0.01633333333333333,-0.06540887687464181,-0.0005911231253581881,100,0.046042124507727177,0.27625274704636305
high_correlation,native,power,tabm_sko_quad_scale,tabm_sko_quad,0.007999999999999998,0.11071849826738918,0.011071849826738919,-0.013968952110773836,0.029968952110773835,100,0.4716579013505551,1.0
high_correlation,native,power,tabm_sko_quad_scale,tabm_sko_scale,-0.03899999999999999,0.19740488055944025,0.019740488055944024,-0.07816941103165881,0.00016941103165882265,100,0.0509798942391109,0.27625274704636305
high_correlation,native,power,tabm_sko_quad_scale,tabm_orbit,-0.087,0.29700695499117746,0.029700695499117746,-0.14593262348094707,-0.028067376519052924,100,0.004217915420399872,0.029525407942799106
high_correlation,native,power,tabm_sko_quad_scale,tabm_orbit_student,0.18000000000000005,0.36954790834972473,0.036954790834972474,0.10667367758578995,0.25332632241421016,100,4.219491175639036e-06,3.375592940511229e-05
high_correlation,native,rmse,xgb_sko_quad_scale,xgb_sko_ridge,-0.003645673132383388,0.16837818255268272,0.016837818255268273,-0.03705555754090905,0.02976421127614227,100,0.8290303431185886,1.0
high_correlation,native,rmse,xgb_sko_quad_scale,xgb_sko_quad,0.020517627102008888,0.18253290982691858,0.018253290982691857,-0.015700862286668876,0.05673611649068665,100,0.26370963091288985,0.7911288927386695
high_correlation,native,rmse,xgb_sko_quad_scale,xgb_sko_scale,0.023095667450294864,0.13063630981185265,0.013063630981185265,-0.0028254105908269433,0.04901674549141667,100,0.08015229197484905,0.4809137518490943
high_correlation,native,rmse,tabm_sko_quad_scale,tabm_sko_ridge,0.014681104379863537,0.10798656845534566,0.010798656845534566,-0.006745773586571427,0.0361079823462985,100,0.17706707288921125,0.708268291556845
high_correlation,native,rmse,tabm_sko_quad_scale,tabm_sko_quad,-0.005286037962854665,0.08032388691626467,0.008032388691626468,-0.02122403976588655,0.01065196384017722,100,0.5120074580002365,1.0
high_correlation,native,rmse,tabm_sko_quad_scale,tabm_sko_scale,0.01955638284531713,0.12507843543733815,0.012507843543733816,-0.005261892340977941,0.044374658031612196,100,0.12111915619014359,0.605595780950718
high_correlation,native,rmse,tabm_sko_quad_scale,tabm_orbit,0.04827769841044022,0.16671484287472876,0.016671484287472876,0.015197856680425885,0.08135754014045454,100,0.004653955934198742,0.0325776915393912
high_correlation,native,rmse,tabm_sko_quad_scale,tabm_orbit_student,-0.0756484766493344,0.20343935445241126,0.020343935445241126,-0.11601525822018019,-0.03528169507848861,100,0.00033239184019479435,0.002659134721558355
high_correlation,native10,FDP,xgb_sko_quad_scale,xgb_sko_ridge,-0.01047369297369297,0.11224543419963409,0.01122454341996341,-0.03274562230052961,0.01179823635314367,100,0.35303524284761323,1.0
high_correlation,native10,FDP,xgb_sko_quad_scale,xgb_sko_quad,-0.00627039627039627,0.1033103891886796,0.01033103891886796,-0.02676941881991001,0.014228626279117473,100,0.5452753568345488,1.0
high_correlation,native10,FDP,xgb_sko_quad_scale,xgb_sko_scale,-0.019273643023643025,0.11066165095026867,0.011066165095026868,-0.04123131539338903,0.002684029346102977,100,0.08467170613163318,0.5927019429214322
high_correlation,native10,FDP,tabm_sko_quad_scale,tabm_sko_ridge,-0.007723628796384212,0.1061451213816586,0.01061451213816586,-0.028785123712927584,0.01333786612015916,100,0.4685464809091211,1.0
high_correlation,native10,FDP,tabm_sko_quad_scale,tabm_sko_quad,-0.0051573426573426565,0.08722270410037411,0.008722270410037411,-0.022464219460581476,0.012149534145896161,100,0.5556775407973924,1.0
high_correlation,native10,FDP,tabm_sko_quad_scale,tabm_sko_scale,-0.005653013653013651,0.08665188489383002,0.008665188489383002,-0.022846627541665318,0.011540600235638014,100,0.5156666524949325,1.0
high_correlation,native10,FDP,tabm_sko_quad_scale,tabm_orbit,-0.029099470790647248,0.14838845492149036,0.014838845492149037,-0.05854295955698757,0.0003440179756930735,100,0.05268465805887681,0.42147726447101447
high_correlation,native10,FDP,tabm_sko_quad_scale,tabm_orbit_student,0.0064931734931734965,0.14785147849352392,0.014785147849352392,-0.022843767500073664,0.03583011448642066,100,0.661496392012749,1.0
high_correlation,native10,power,xgb_sko_quad_scale,xgb_sko_ridge,0.012000000000000002,0.46172272933859215,0.04617227293385921,-0.079615806645049,0.10361580664504899,100,0.7954835485023771,1.0
high_correlation,native10,power,xgb_sko_quad_scale,xgb_sko_quad,0.023000000000000007,0.39819161926962454,0.03981916192696246,-0.056009856090348045,0.10200985609034806,100,0.564837932280385,1.0
high_correlation,native10,power,xgb_sko_quad_scale,xgb_sko_scale,-0.021,0.41226033747934787,0.041226033747934786,-0.10280139500612123,0.06080139500612122,100,0.6116146502061205,1.0
high_correlation,native10,power,tabm_sko_quad_scale,tabm_sko_ridge,-0.066,0.45665007711517247,0.04566500771151725,-0.15660928239196725,0.024609282391967233,100,0.15152943741028338,0.9091766244617003
high_correlation,native10,power,tabm_sko_quad_scale,tabm_sko_quad,-0.034999999999999996,0.36580477213006846,0.03658047721300685,-0.10758360298032527,0.03758360298032528,100,0.3410016478190333,1.0
high_correlation,native10,power,tabm_sko_quad_scale,tabm_sko_scale,-0.006999999999999994,0.43140714089143356,0.043140714089143356,-0.0926005361958677,0.07860053619586771,100,0.8714320554263477,1.0
high_correlation,native10,power,tabm_sko_quad_scale,tabm_orbit,-0.13699999999999998,0.508643472206399,0.050864347220639906,-0.23792589998261723,-0.03607410001738273,100,0.008307035417882493,0.05814924792517745
high_correlation,native10,power,tabm_sko_quad_scale,tabm_orbit_student,0.21099999999999997,0.4911119109642008,0.04911119109642008,0.11355274211770096,0.308447257882299,100,4.0628932750410057e-05,0.00032503146200328045
high_correlation,top12,FDP,xgb_sko_quad_scale,xgb_sko_ridge,0.009166666666666668,0.07574452749583155,0.007574452749583155,-0.005862690877457779,0.024196024210791117,100,0.22908052433462786,0.9163220973385114
high_correlation,top12,FDP,xgb_sko_quad_scale,xgb_sko_quad,-0.006666666666666665,0.056407607481776624,0.005640760748177662,-0.017859159762605582,0.004525826429272251,100,0.2400869146782734,0.9163220973385114
high_correlation,top12,FDP,xgb_sko_quad_scale,xgb_sko_scale,0.00666666666666667,0.07554515674132066,0.007554515674132066,-0.008323131394384219,0.02165646472771756,100,0.3796580634967882,0.9163220973385114
high_correlation,top12,FDP,tabm_sko_quad_scale,tabm_sko_ridge,0.014999999999999998,0.054767132778448115,0.005476713277844812,0.0041330126755476405,0.025866987324452355,100,0.007312375744493311,0.05118663021145318
high_correlation,top12,FDP,tabm_sko_quad_scale,tabm_sko_quad,0.011666666666666667,0.0459040623530889,0.00459040623530889,0.0025583048002556126,0.020775028533077722,100,0.01258845837320863,0.07553075023925178
high_correlation,top12,FDP,tabm_sko_quad_scale,tabm_sko_scale,0.01416666666666667,0.058092335263665223,0.005809233526366522,0.002639887028377655,0.025693446304955684,100,0.01652370346571571,0.08261851732857856
high_correlation,top12,FDP,tabm_sko_quad_scale,tabm_orbit,0.03250000000000003,0.07574452749583155,0.007574452749583155,0.017470642455875582,0.047529357544124476,100,4.150719576134208e-05,0.00033205756609073665
high_correlation,top12,FDP,tabm_sko_quad_scale,tabm_orbit_student,-0.05083333333333332,0.08775715778775775,0.008775715778775775,-0.06824625734320243,-0.03342040932346421,100,8.224643068289806e-08,7.402178761460825e-07
high_correlation,top12,FDP,tabm_sko_quad_scale,xgb_shap,0.007500000000000015,0.09482617448259403,0.009482617448259404,-0.011315570285508303,0.026315570285508336,100,0.43088087336503056,0.9163220973385114
high_correlation,top12,power,xgb_sko_quad_scale,xgb_sko_ridge,-0.011000000000000001,0.09089343299499786,0.009089343299499786,-0.029035229052949335,0.007035229052949335,100,0.22908052433462786,0.9163220973385114
high_correlation,top12,power,xgb_sko_quad_scale,xgb_sko_quad,0.007999999999999997,0.06768912897813195,0.0067689128978131955,-0.005430991715126706,0.021430991715126697,100,0.24008691467827356,0.9163220973385114
high_correlation,top12,power,xgb_sko_quad_scale,xgb_sko_scale,-0.008000000000000005,0.09065418808958481,0.00906541880895848,-0.025987757673261072,0.009987757673261063,100,0.3796580634967882,0.9163220973385114
high_correlation,top12,power,tabm_sko_quad_scale,tabm_sko_ridge,-0.01799999999999999,0.06572055933413774,0.0065720559334137745,-0.03104038478934282,-0.004959615210657162,100,0.007312375744493345,0.051186630211453414
high_correlation,top12,power,tabm_sko_quad_scale,tabm_sko_quad,-0.013999999999999997,0.05508487482370668,0.005508487482370668,-0.024930034239693262,-0.0030699657603067317,100,0.012588458373208638,0.07553075023925182
high_correlation,top12,power,tabm_sko_quad_scale,tabm_sko_scale,-0.016999999999999998,0.06971080231639827,0.006971080231639827,-0.030832135565946817,-0.0031678644340531782,100,0.016523703465715734,0.08261851732857867
high_correlation,top12,power,tabm_sko_quad_scale,tabm_orbit,-0.03899999999999999,0.09089343299499783,0.009089343299499782,-0.05703522905294932,-0.020964770947050664,100,4.150719576134247e-05,0.00033205756609073974
high_correlation,top12,power,tabm_sko_quad_scale,tabm_orbit_student,0.061,0.1053085893453093,0.01053085893453093,0.040104491188157065,0.08189550881184293,100,8.224643068289806e-08,7.402178761460825e-07
high_correlation,top12,power,tabm_sko_quad_scale,xgb_shap,-0.009000000000000006,0.11379140937911282,0.011379140937911283,-0.031578684342609985,0.01357868434260997,100,0.430880873365031,0.9163220973385114
high_correlation,top12,rmse,xgb_sko_quad_scale,xgb_sko_ridge,-0.00011529787630758958,0.014249778817650773,0.0014249778817650772,-0.002942763144830791,0.0027121673922156117,100,0.9356752473008859,1.0
high_correlation,top12,rmse,xgb_sko_quad_scale,xgb_sko_quad,-0.0010354452547746873,0.010395308855948792,0.0010395308855948792,-0.0030981000595888797,0.0010272095500395051,100,0.3216446449601825,1.0
high_correlation,top12,rmse,xgb_sko_quad_scale,xgb_sko_scale,-0.0013455508491135016,0.01537560176222271,0.001537560176222271,-0.004396403814738409,0.001705302116511406,100,0.38362639915234065,1.0
high_correlation,top12,rmse,tabm_sko_quad_scale,tabm_sko_ridge,0.0007324470269338423,0.010513448599407477,0.0010513448599407476,-0.001353649266042111,0.0028185433199097954,100,0.48763800373032373,1.0
high_correlation,top12,rmse,tabm_sko_quad_scale,tabm_sko_quad,0.0010559107124290712,0.007798433432574009,0.0007798433432574009,-0.000491467668783468,0.0026032890936416105,100,0.17881802042706496,1.0
high_correlation,top12,rmse,tabm_sko_quad_scale,tabm_sko_scale,0.0007477283417446312,0.010760623871057133,0.0010760623871057134,-0.0013874128876314234,0.002882869571120686,100,0.488761609970606,1.0
high_correlation,top12,rmse,tabm_sko_quad_scale,tabm_orbit,0.002874373386758484,0.012338719438239082,0.0012338719438239082,0.0004261037598321162,0.005322643013684852,100,0.021860998250973356,0.1530269877568135
high_correlation,top12,rmse,tabm_sko_quad_scale,tabm_orbit_student,-0.009032678683060538,0.020653071805998922,0.0020653071805998924,-0.01313069620087945,-0.004934661165241627,100,3.0262968452851793e-05,0.0002723667160756661
high_correlation,top12,rmse,tabm_sko_quad_scale,xgb_shap,0.004524999657281628,0.01221519536830036,0.001221519536830036,0.0021012398857044355,0.00694875942885882,100,0.0003490072928224933,0.0027920583425799462
high_correlation,top8,FDP,xgb_sko_quad_scale,xgb_sko_ridge,0.0075,0.1078075820500337,0.01078075820500337,-0.013891363180484007,0.028891363180484006,100,0.488256690003796,1.0
high_correlation,top8,FDP,xgb_sko_quad_scale,xgb_sko_quad,0.0,0.08333333333333333,0.008333333333333333,-0.016535141262572356,0.016535141262572356,100,1.0,1.0
high_correlation,top8,FDP,xgb_sko_quad_scale,xgb_sko_scale,0.01875,0.09295750902884868,0.009295750902884868,0.00030521348149370117,0.0371947865185063,100,0.04639767666679667,0.27838606000078003
high_correlation,top8,FDP,tabm_sko_quad_scale,tabm_sko_ridge,0.0,0.05618332187193684,0.0056183321871936835,-0.01114798996503656,0.01114798996503656,100,1.0,1.0
high_correlation,top8,FDP,tabm_sko_quad_scale,tabm_sko_quad,0.005,0.046736960046021764,0.004673696004602176,-0.0042736268385300405,0.014273626838530042,100,0.28730305647814686,1.0
high_correlation,top8,FDP,tabm_sko_quad_scale,tabm_sko_scale,0.0025,0.05324092372973969,0.0053240923729739684,-0.008064154337853036,0.013064154337853037,100,0.6396994233271646,1.0
high_correlation,top8,FDP,tabm_sko_quad_scale,tabm_orbit,0.02125,0.08152391667418213,0.008152391667418213,0.005073886258170648,0.03742611374182936,100,0.010556867303158387,0.07389807112210871
high_correlation,top8,FDP,tabm_sko_quad_scale,tabm_orbit_student,-0.105,0.11612428034157407,0.011612428034157407,-0.12804157655354978,-0.08195842344645021,100,1.3421783246691978e-14,1.207960492202278e-13
high_correlation,top8,FDP,tabm_sko_quad_scale,xgb_shap,-0.03625,0.1155452051988504,0.01155452051988504,-0.05917667548211081,-0.013323324517889184,100,0.0022461415538358354,0.017969132430686683
high_correlation,top8,power,xgb_sko_quad_scale,xgb_sko_ridge,-0.006,0.086246065640027,0.0086246065640027,-0.02311309054438721,0.011113090544387213,100,0.48825669000379623,1.0
high_correlation,top8,power,xgb_sko_quad_scale,xgb_sko_quad,2.220446049250313e-18,0.06666666666666668,0.006666666666666668,-0.013228113010057885,0.013228113010057888,100,0.9999999999999998,1.0
high_correlation,top8,power,xgb_sko_quad_scale,xgb_sko_scale,-0.015,0.07436600722307898,0.007436600722307898,-0.029755829214805046,-0.00024417078519495435,100,0.04639767666679682,0.2783860600007809
high_correlation,top8,power,tabm_sko_quad_scale,tabm_sko_ridge,1.1102230246251566e-18,0.04494665749754949,0.004494665749754949,-0.008918391972029252,0.008918391972029255,100,0.9999999999999998,1.0
high_correlation,top8,power,tabm_sko_quad_scale,tabm_sko_quad,-0.004,0.037389568036817415,0.0037389568036817417,-0.011418901470824035,0.0034189014708240336,100,0.2873030564781471,1.0
high_correlation,top8,power,tabm_sko_quad_scale,tabm_sko_scale,-0.0019999999999999996,0.042592738983791775,0.0042592738983791775,-0.010451323470282435,0.006451323470282435,100,0.6396994233271649,1.0
high_correlation,top8,power,tabm_sko_quad_scale,tabm_orbit,-0.017000000000000008,0.0652191333393457,0.00652191333393457,-0.02994089099346349,-0.0040591090065365265,100,0.010556867303158338,0.07389807112210836
high_correlation,top8,power,tabm_sko_quad_scale,tabm_orbit_student,0.08400000000000002,0.09289942427325927,0.009289942427325927,0.0655667387571602,0.10243326124283984,100,1.3421783246691978e-14,1.207960492202278e-13
high_correlation,top8,power,tabm_sko_quad_scale,xgb_shap,0.029000000000000022,0.09243616415908033,0.009243616415908033,0.01065865961431137,0.04734134038568867,100,0.0022461415538358237,0.01796913243068659
linear_sparse,native,FDP,xgb_sko_quad_scale,xgb_sko_ridge,-0.01046266233766234,0.19238033812817038,0.019238033812817038,-0.04863509514275112,0.02770977046742644,100,0.5877653258177149,1.0
linear_sparse,native,FDP,xgb_sko_quad_scale,xgb_sko_quad,0.011893037518037514,0.16158599352011216,0.016158599352011215,-0.02016912922886035,0.04395520426493538,100,0.46345943859869243,1.0
linear_sparse,native,FDP,xgb_sko_quad_scale,xgb_sko_scale,-0.0322718253968254,0.18534418707324288,0.018534418707324286,-0.0690481331822579,0.004504482388607095,100,0.08475790751277992,0.6780632601022394
linear_sparse,native,FDP,tabm_sko_quad_scale,tabm_sko_ridge,0.0191092621146969,0.1619575921233421,0.01619575921233421,-0.013026637856969552,0.05124516208636335,100,0.24087022822838183,1.0
linear_sparse,native,FDP,tabm_sko_quad_scale,tabm_sko_quad,0.015980053646866138,0.141280395554566,0.014128039555456601,-0.012053041930656042,0.044013149224388315,100,0.26075070769694314,1.0
linear_sparse,native,FDP,tabm_sko_quad_scale,tabm_sko_scale,0.020378756509191298,0.17043486007946385,0.017043486007946383,-0.013439217340576966,0.05419673035895956,100,0.23467298883636317,1.0
linear_sparse,native,FDP,tabm_sko_quad_scale,tabm_orbit,0.014012602238625261,0.2883290152847485,0.028832901528474852,-0.043198129735355154,0.07122333421260567,100,0.6280457665972989,1.0
linear_sparse,native,FDP,tabm_sko_quad_scale,tabm_orbit_student,0.0034667336335461375,0.26895738988260864,0.026895738988260864,-0.049900247590314056,0.056833714857406334,100,0.89770201468237,1.0
linear_sparse,native,power,xgb_sko_quad_scale,xgb_sko_ridge,0.0,0.0,0.0,0.0,0.0,100,1.0,1.0
linear_sparse,native,power,xgb_sko_quad_scale,xgb_sko_quad,0.0,0.0,0.0,0.0,0.0,100,1.0,1.0
linear_sparse,native,power,xgb_sko_quad_scale,xgb_sko_scale,0.0,0.0,0.0,0.0,0.0,100,1.0,1.0
linear_sparse,native,power,tabm_sko_quad_scale,tabm_sko_ridge,0.0,0.0,0.0,0.0,0.0,100,1.0,1.0
linear_sparse,native,power,tabm_sko_quad_scale,tabm_sko_quad,0.0,0.0,0.0,0.0,0.0,100,1.0,1.0
linear_sparse,native,power,tabm_sko_quad_scale,tabm_sko_scale,0.0,0.0,0.0,0.0,0.0,100,1.0,1.0
linear_sparse,native,power,tabm_sko_quad_scale,tabm_orbit,0.0,0.0,0.0,0.0,0.0,100,1.0,1.0
linear_sparse,native,power,tabm_sko_quad_scale,tabm_orbit_student,0.03,0.1714466079977653,0.01714466079977653,-0.0040187265867829974,0.064018726586783,100,0.083248625244961,0.665989001959688
linear_sparse,native,rmse,xgb_sko_quad_scale,xgb_sko_ridge,0.00023388482292040048,0.004703571558241329,0.0004703571558241329,-0.000699405818929255,0.0011671754647700559,100,0.6201157317374985,1.0
linear_sparse,native,rmse,xgb_sko_quad_scale,xgb_sko_quad,0.0004632493212915012,0.003888192578647125,0.0003888192578647125,-0.000308252441236687,0.0012347510838196895,100,0.23633493060565963,1.0
linear_sparse,native,rmse,xgb_sko_quad_scale,xgb_sko_scale,-0.0005804179739471205,0.005067666845306732,0.0005067666845306732,-0.001585953019852735,0.0004251170719584942,100,0.25483133056516255,1.0
linear_sparse,native,rmse,tabm_sko_quad_scale,tabm_sko_ridge,0.00034407150272456553,0.004963909430126557,0.0004963909430126557,-0.0006408758209765263,0.0013290188264256575,100,0.48984074631902896,1.0
linear_sparse,native,rmse,tabm_sko_quad_scale,tabm_sko_quad,0.00022529041413147266,0.004067589772085876,0.0004067589772085876,-0.0005818076436241408,0.0010323884718870862,100,0.5809186680306702,1.0
linear_sparse,native,rmse,tabm_sko_quad_scale,tabm_sko_scale,0.00017886310530629613,0.004973102400531955,0.0004973102400531955,-0.0008079083031661065,0.0011656345137786986,100,0.7198667137615338,1.0
linear_sparse,native,rmse,tabm_sko_quad_scale,tabm_orbit,0.0004651764819349158,0.0073619563425197,0.00073619563425197,-0.0009955953751745292,0.001925948339044361,100,0.5289313249584191,1.0
linear_sparse,native,rmse,tabm_sko_quad_scale,tabm_orbit_student,-0.013266927749871234,0.08144057205550216,0.008144057205550215,-0.029426504111180404,0.0028926486114379344,100,0.10648439617679373,0.8518751694143498
linear_sparse,native10,FDP,xgb_sko_quad_scale,xgb_sko_ridge,-0.005530303030303029,0.0947549868189598,0.00947549868189598,-0.02433174813891921,0.013271142078313154,100,0.560788284068511,1.0
linear_sparse,native10,FDP,xgb_sko_quad_scale,xgb_sko_quad,0.0008333333333333337,0.1267387487618149,0.01267387487618149,-0.024314384037285985,0.025981050703952655,100,0.947707823594885,1.0
linear_sparse,native10,FDP,xgb_sko_quad_scale,xgb_sko_scale,-0.0011538461538461553,0.13518115956800725,0.013518115956800724,-0.02797672098779017,0.02566902868009786,100,0.9321511149439481,1.0
linear_sparse,native10,FDP,tabm_sko_quad_scale,tabm_sko_ridge,0.033671328671328674,0.15197629386263417,0.015197629386263418,0.0035159348203583005,0.06382672252229904,100,0.029012483409573946,0.23209986727659157
linear_sparse,native10,FDP,tabm_sko_quad_scale,tabm_sko_quad,-0.0016261312217194569,0.10457124162501767,0.010457124162501767,-0.022375334248986502,0.019123071805547585,100,0.8767401323258495,1.0
linear_sparse,native10,FDP,tabm_sko_quad_scale,tabm_sko_scale,-0.0029953379953379946,0.09587129625325164,0.009587129625325163,-0.02201828311421927,0.016027607123543283,100,0.7553684285372193,1.0
linear_sparse,native10,FDP,tabm_sko_quad_scale,tabm_orbit,0.012762237762237762,0.18745268181972444,0.018745268181972443,-0.02443244112500831,0.04995691664948383,100,0.4975718518108021,1.0
linear_sparse,native10,FDP,tabm_sko_quad_scale,tabm_orbit_student,0.022004662004662,0.17500630504476838,0.01750063050447684,-0.012720385704410891,0.056729709713734894,100,0.21157996201632576,1.0
linear_sparse,native10,power,xgb_sko_quad_scale,xgb_sko_ridge,-0.01,0.17378728435078386,0.017378728435078386,-0.0444831675565485,0.024483167556548495,100,0.5663155080996354,1.0
linear_sparse,native10,power,xgb_sko_quad_scale,xgb_sko_quad,0.0,0.24618298195866548,0.02461829819586655,-0.04884804459753403,0.04884804459753403,100,1.0,1.0
linear_sparse,native10,power,xgb_sko_quad_scale,xgb_sko_scale,0.0,0.24618298195866548,0.02461829819586655,-0.04884804459753403,0.04884804459753403,100,1.0,1.0
linear_sparse,native10,power,tabm_sko_quad_scale,tabm_sko_ridge,0.06,0.2777979790634143,0.02777979790634143,0.004878854084751916,0.11512114591524808,100,0.033199247830291496,0.26559398264233197
linear_sparse,native10,power,tabm_sko_quad_scale,tabm_sko_quad,0.0,0.20100756305184242,0.020100756305184243,-0.03988426139889161,0.03988426139889161,100,1.0,1.0
linear_sparse,native10,power,tabm_sko_quad_scale,tabm_sko_scale,-0.01,0.17378728435078386,0.017378728435078386,-0.0444831675565485,0.024483167556548495,100,0.5663155080996354,1.0
linear_sparse,native10,power,tabm_sko_quad_scale,tabm_orbit,0.02,0.34757456870156767,0.034757456870156765,-0.048966335113096976,0.08896633511309698,100,0.5663155080996354,1.0
linear_sparse,native10,power,tabm_sko_quad_scale,tabm_orbit_student,0.04,0.31526804372460493,0.03152680437246049,-0.022556019662734163,0.10255601966273417,100,0.2075011784175626,1.0
linear_sparse,top12,FDP,xgb_sko_quad_scale,xgb_sko_ridge,0.0,0.0,0.0,0.0,0.0,100,1.0,1.0
linear_sparse,top12,FDP,xgb_sko_quad_scale,xgb_sko_quad,0.0,0.0,0.0,0.0,0.0,100,1.0,1.0
linear_sparse,top12,FDP,xgb_sko_quad_scale,xgb_sko_scale,0.0,0.0,0.0,0.0,0.0,100,1.0,1.0
linear_sparse,top12,FDP,tabm_sko_quad_scale,tabm_sko_ridge,0.0,0.0,0.0,0.0,0.0,100,1.0,1.0
linear_sparse,top12,FDP,tabm_sko_quad_scale,tabm_sko_quad,0.0,0.0,0.0,0.0,0.0,100,1.0,1.0
linear_sparse,top12,FDP,tabm_sko_quad_scale,tabm_sko_scale,0.0,0.0,0.0,0.0,0.0,100,1.0,1.0
linear_sparse,top12,FDP,tabm_sko_quad_scale,tabm_orbit,0.0,0.0,0.0,0.0,0.0,100,1.0,1.0
linear_sparse,top12,FDP,tabm_sko_quad_scale,tabm_orbit_student,0.0,0.0,0.0,0.0,0.0,100,1.0,1.0
linear_sparse,top12,FDP,tabm_sko_quad_scale,xgb_shap,0.0,0.0,0.0,0.0,0.0,100,1.0,1.0
linear_sparse,top12,power,xgb_sko_quad_scale,xgb_sko_ridge,0.0,0.0,0.0,0.0,0.0,100,1.0,1.0
linear_sparse,top12,power,xgb_sko_quad_scale,xgb_sko_quad,0.0,0.0,0.0,0.0,0.0,100,1.0,1.0
linear_sparse,top12,power,xgb_sko_quad_scale,xgb_sko_scale,0.0,0.0,0.0,0.0,0.0,100,1.0,1.0
linear_sparse,top12,power,tabm_sko_quad_scale,tabm_sko_ridge,0.0,0.0,0.0,0.0,0.0,100,1.0,1.0
linear_sparse,top12,power,tabm_sko_quad_scale,tabm_sko_quad,0.0,0.0,0.0,0.0,0.0,100,1.0,1.0
linear_sparse,top12,power,tabm_sko_quad_scale,tabm_sko_scale,0.0,0.0,0.0,0.0,0.0,100,1.0,1.0
linear_sparse,top12,power,tabm_sko_quad_scale,tabm_orbit,0.0,0.0,0.0,0.0,0.0,100,1.0,1.0
linear_sparse,top12,power,tabm_sko_quad_scale,tabm_orbit_student,0.0,0.0,0.0,0.0,0.0,100,1.0,1.0
linear_sparse,top12,power,tabm_sko_quad_scale,xgb_shap,0.0,0.0,0.0,0.0,0.0,100,1.0,1.0
linear_sparse,top12,rmse,xgb_sko_quad_scale,xgb_sko_ridge,-9.797827981937068e-05,0.00514229583438367,0.000514229583438367,-0.001118321336245027,0.0009223647766062857,100,0.8492807788819748,1.0
linear_sparse,top12,rmse,xgb_sko_quad_scale,xgb_sko_quad,0.0007393896578007619,0.0048356371246625505,0.00048356371246625505,-0.00022010565760925184,0.0016988849732107758,100,0.12944279720639065,1.0
linear_sparse,top12,rmse,xgb_sko_quad_scale,xgb_sko_scale,0.0006168763520153275,0.005215094603985787,0.0005215094603985787,-0.00041791155967967834,0.0016516642637103333,100,0.2396947605855917,1.0
linear_sparse,top12,rmse,tabm_sko_quad_scale,tabm_sko_ridge,1.8322642566892532e-05,0.005346991932864155,0.0005346991932864154,-0.0010426365607100305,0.0010792818458438156,100,0.9727330782514335,1.0
linear_sparse,top12,rmse,tabm_sko_quad_scale,tabm_sko_quad,6.635721899783898e-05,0.004418481415691478,0.0004418481415691478,-0.0008103653534962724,0.0009430797914919502,100,0.8809273258047061,1.0
linear_sparse,top12,rmse,tabm_sko_quad_scale,tabm_sko_scale,-4.803733626742246e-05,0.0044010013954516505,0.00044010013954516505,-0.0009212914935142757,0.0008252168209794308,100,0.9133037228870323,1.0
linear_sparse,top12,rmse,tabm_sko_quad_scale,tabm_orbit,-0.000141021776143615,0.005793625956904969,0.0005793625956904969,-0.00129060285958277,0.0010085593072955402,100,0.8081926199404241,1.0
linear_sparse,top12,rmse,tabm_sko_quad_scale,tabm_orbit_student,-0.00014613647636011363,0.005722931920841406,0.0005722931920841407,-0.0012816903293264804,0.000989417376606253,100,0.7989806392949115,1.0
linear_sparse,top12,rmse,tabm_sko_quad_scale,xgb_shap,-0.0011236459153869793,0.005207621867262095,0.0005207621867262095,-0.0021569510739938543,-9.034075678010446e-05,100,0.03337065265471514,0.3003358738924362
linear_sparse,top8,FDP,xgb_sko_quad_scale,xgb_sko_ridge,0.0,0.0,0.0,0.0,0.0,100,1.0,1.0
linear_sparse,top8,FDP,xgb_sko_quad_scale,xgb_sko_quad,0.0,0.0,0.0,0.0,0.0,100,1.0,1.0
linear_sparse,top8,FDP,xgb_sko_quad_scale,xgb_sko_scale,0.0,0.0,0.0,0.0,0.0,100,1.0,1.0
linear_sparse,top8,FDP,tabm_sko_quad_scale,tabm_sko_ridge,0.0,0.0,0.0,0.0,0.0,100,1.0,1.0
linear_sparse,top8,FDP,tabm_sko_quad_scale,tabm_sko_quad,0.0,0.0,0.0,0.0,0.0,100,1.0,1.0
linear_sparse,top8,FDP,tabm_sko_quad_scale,tabm_sko_scale,0.0,0.0,0.0,0.0,0.0,100,1.0,1.0
linear_sparse,top8,FDP,tabm_sko_quad_scale,tabm_orbit,0.0,0.0,0.0,0.0,0.0,100,1.0,1.0
linear_sparse,top8,FDP,tabm_sko_quad_scale,tabm_orbit_student,0.0,0.0,0.0,0.0,0.0,100,1.0,1.0
linear_sparse,top8,FDP,tabm_sko_quad_scale,xgb_shap,0.0,0.0,0.0,0.0,0.0,100,1.0,1.0
linear_sparse,top8,power,xgb_sko_quad_scale,xgb_sko_ridge,0.0,0.0,0.0,0.0,0.0,100,1.0,1.0
linear_sparse,top8,power,xgb_sko_quad_scale,xgb_sko_quad,0.0,0.0,0.0,0.0,0.0,100,1.0,1.0
linear_sparse,top8,power,xgb_sko_quad_scale,xgb_sko_scale,0.0,0.0,0.0,0.0,0.0,100,1.0,1.0
linear_sparse,top8,power,tabm_sko_quad_scale,tabm_sko_ridge,0.0,0.0,0.0,0.0,0.0,100,1.0,1.0
linear_sparse,top8,power,tabm_sko_quad_scale,tabm_sko_quad,0.0,0.0,0.0,0.0,0.0,100,1.0,1.0
linear_sparse,top8,power,tabm_sko_quad_scale,tabm_sko_scale,0.0,0.0,0.0,0.0,0.0,100,1.0,1.0
linear_sparse,top8,power,tabm_sko_quad_scale,tabm_orbit,0.0,0.0,0.0,0.0,0.0,100,1.0,1.0
linear_sparse,top8,power,tabm_sko_quad_scale,tabm_orbit_student,0.0,0.0,0.0,0.0,0.0,100,1.0,1.0
linear_sparse,top8,power,tabm_sko_quad_scale,xgb_shap,0.0,0.0,0.0,0.0,0.0,100,1.0,1.0
misspecified_t,native,FDP,xgb_sko_quad_scale,xgb_sko_ridge,0.10666082202111614,0.17714478725519897,0.017714478725519896,0.07151145304679964,0.14181019099543263,100,2.9506763897726355e-08,2.3605411118181084e-07
misspecified_t,native,FDP,xgb_sko_quad_scale,xgb_sko_quad,0.0333474825827767,0.16173773486487877,0.016173773486487877,0.001255207061025769,0.06543975810452762,100,0.04184447383281676,0.08368894766563352
misspecified_t,native,FDP,xgb_sko_quad_scale,xgb_sko_scale,0.09911915535444947,0.17818026078507343,0.017818026078507344,0.06376432596705142,0.13447398474184752,100,2.2623601640831723e-07,1.5836521148582207e-06
misspecified_t,native,FDP,tabm_sko_quad_scale,tabm_sko_ridge,0.07839407324701443,0.19441997822607965,0.019441997822607963,0.03981693159620081,0.11697121489782805,100,0.00010871646507373794,0.0005435823253686897
misspecified_t,native,FDP,tabm_sko_quad_scale,tabm_sko_quad,-0.014827621724680546,0.16653300579701177,0.01665330057970118,-0.047871383033493,0.01821613958413191,100,0.37542517215117155,0.37542517215117155
misspecified_t,native,FDP,tabm_sko_quad_scale,tabm_sko_scale,0.07940922476216594,0.16879137115796922,0.016879137115796923,0.04591735477016231,0.11290109475416957,100,8.261945661718138e-06,4.957167397030883e-05
misspecified_t,native,FDP,tabm_sko_quad_scale,tabm_orbit,-0.05518323343323343,0.24359359455797946,0.024359359455797945,-0.10351748739332103,-0.006848979473145833,100,0.02566774001727253,0.07700322005181759
misspecified_t,native,FDP,tabm_sko_quad_scale,tabm_orbit_student,-0.07842743273238628,0.294124781123391,0.029412478112339102,-0.13678817038876762,-0.020066695076004934,100,0.00895416573340789,0.03581666293363156
misspecified_t,native,power,xgb_sko_quad_scale,xgb_sko_ridge,0.273,0.3372062882095777,0.03372062882095777,0.20609095667792338,0.33990904332207666,100,1.4948155614978894e-12,1.1958524491983115e-11
misspecified_t,native,power,xgb_sko_quad_scale,xgb_sko_quad,0.063,0.2963259875695868,0.02963259875695868,0.004202495229187468,0.12179750477081253,100,0.035987395557885764,0.10796218667365728
misspecified_t,native,power,xgb_sko_quad_scale,xgb_sko_scale,0.26400000000000007,0.3451013611896503,0.03451013611896503,0.1955244029138776,0.3324755970861225,100,1.3386830947687763e-11,9.370781663381435e-11
misspecified_t,native,power,tabm_sko_quad_scale,tabm_sko_ridge,0.18100000000000002,0.28663671443240846,0.028663671443240845,0.12412505722984618,0.23787494277015386,100,7.727577113810062e-09,4.636546268286037e-08
misspecified_t,native,power,tabm_sko_quad_scale,tabm_sko_quad,-0.020000000000000007,0.2309401076758503,0.02309401076758503,-0.06582352764336627,0.02582352764336625,100,0.38857017427549867,0.38857017427549867
misspecified_t,native,power,tabm_sko_quad_scale,tabm_sko_scale,0.17500000000000004,0.27974555538484563,0.027974555538484564,0.11949241268961787,0.23050758731038223,100,1.0133202871837834e-08,5.0666014359189175e-08
misspecified_t,native,power,tabm_sko_quad_scale,tabm_orbit,-0.19699999999999998,0.33678665728507196,0.033678665728507196,-0.26382577944269847,-0.1301742205573015,100,6.3827094541694e-08,2.55308378166776e-07
misspecified_t,native,power,tabm_sko_quad_scale,tabm_orbit_student,-0.07400000000000001,0.38392444542901905,0.0383924445429019,-0.15017893927188297,0.0021789392718829653,100,0.05678827831623861,0.11357655663247722
misspecified_t,native,rmse,xgb_sko_quad_scale,xgb_sko_ridge,-0.10634535601692063,0.12794229153402453,0.012794229153402453,-0.13173188238458836,-0.08095882964925291,100,5.127184108127413e-13,4.101747286501931e-12
misspecified_t,native,rmse,xgb_sko_quad_scale,xgb_sko_quad,-0.017676381527854956,0.10976195280388976,0.010976195280388975,-0.03945553426627236,0.0041027712105624475,100,0.11048827383040301,0.2696473028150427
misspecified_t,native,rmse,xgb_sko_quad_scale,xgb_sko_scale,-0.09713654414079195,0.12478880464019511,0.012478880464019512,-0.12189735029335,-0.0723757379882339,100,6.941797398737353e-12,4.8592581791161466e-11
misspecified_t,native,rmse,tabm_sko_quad_scale,tabm_sko_ridge,-0.07798632693224895,0.12624112539279797,0.012624112539279798,-0.10303530503044125,-0.05293734883405666,100,1.4491383576563758e-08,8.694830145938255e-08
misspecified_t,native,rmse,tabm_sko_quad_scale,tabm_sko_quad,-0.0037397517826747175,0.09958127760481508,0.009958127760481508,-0.02349883769031132,0.016019334124961888,100,0.708056649931391,0.708056649931391
misspecified_t,native,rmse,tabm_sko_quad_scale,tabm_sko_scale,-0.07356491257988772,0.12129825398315502,0.012129825398315502,-0.0976331177540659,-0.049496707405709536,100,2.4211531495507036e-08,9.78350959988869e-08
misspecified_t,native,rmse,tabm_sko_quad_scale,tabm_orbit,0.08536097200741768,0.1396682877811087,0.013966828778110871,0.05764775358707079,0.11307419042776458,100,1.956701919977738e-08,9.78350959988869e-08
misspecified_t,native,rmse,tabm_sko_quad_scale,tabm_orbit_student,0.028392214370721276,0.16576638417009962,0.016576638417009962,-0.00449943257533995,0.0612838613167825,100,0.0898824342716809,0.2696473028150427
misspecified_t,native10,FDP,xgb_sko_quad_scale,xgb_sko_ridge,0.025989441930618397,0.09333366427232428,0.00933336642723243,0.007470018051061782,0.04450886581017501,100,0.006422350940744758,0.05137880752595807
misspecified_t,native10,FDP,xgb_sko_quad_scale,xgb_sko_quad,0.014976621417797889,0.09334692297301042,0.009334692297301042,-0.0035454332756243677,0.03349867611122015,100,0.11181048569501162,0.504041627011276
misspecified_t,native10,FDP,xgb_sko_quad_scale,xgb_sko_scale,0.025989441930618397,0.09333366427232428,0.00933336642723243,0.007470018051061782,0.04450886581017501,100,0.006422350940744758,0.05137880752595807
misspecified_t,native10,FDP,tabm_sko_quad_scale,tabm_sko_ridge,0.010923076923076924,0.0646935923639521,0.00646935923639521,-0.001913535339177718,0.023759689185331567,100,0.09447592018013863,0.504041627011276
misspecified_t,native10,FDP,tabm_sko_quad_scale,tabm_sko_quad,-0.014248376623376621,0.10802511026848706,0.010802511026848706,-0.03568290212170929,0.007186148874956048,100,0.19021609418384128,0.504041627011276
misspecified_t,native10,FDP,tabm_sko_quad_scale,tabm_sko_scale,0.004923076923076923,0.08898124423356943,0.008898124423356944,-0.012732732394381347,0.022578886240535192,100,0.581324949362925,0.581324949362925
misspecified_t,native10,FDP,tabm_sko_quad_scale,tabm_orbit,-0.020834498834498835,0.11956468727461372,0.011956468727461372,-0.044558726763711136,0.002889729094713467,100,0.08452112587493261,0.504041627011276
misspecified_t,native10,FDP,tabm_sko_quad_scale,tabm_orbit_student,-0.021599234099234095,0.12374502650622081,0.012374502650622081,-0.04615293202508755,0.002954463826619364,100,0.08400693783521265,0.504041627011276
misspecified_t,native10,power,xgb_sko_quad_scale,xgb_sko_ridge,0.065,0.22400171355765938,0.022400171355765938,0.020553200279189998,0.10944679972081,100,0.0045735155126045614,0.03658812410083649
misspecified_t,native10,power,xgb_sko_quad_scale,xgb_sko_quad,0.04300000000000001,0.21189620100417092,0.02118962010041709,0.0009551966007233029,0.08504480339927672,100,0.04511221899078781,0.2706733139447268
misspecified_t,native10,power,xgb_sko_quad_scale,xgb_sko_scale,0.065,0.22400171355765938,0.022400171355765938,0.020553200279189998,0.10944679972081,100,0.0045735155126045614,0.03658812410083649
misspecified_t,native10,power,tabm_sko_quad_scale,tabm_sko_ridge,0.023,0.13473130761825647,0.013473130761825648,-0.003733614447507541,0.04973361444750754,100,0.0909378220964956,0.454689110482478
misspecified_t,native10,power,tabm_sko_quad_scale,tabm_sko_quad,-0.018,0.13586981291150016,0.013586981291150015,-0.04495951859773119,0.00895951859773119,100,0.1882881412640241,0.662095024499609
misspecified_t,native10,power,tabm_sko_quad_scale,tabm_sko_scale,0.019,0.14120334216435473,0.014120334216435474,-0.009017806513219342,0.04701780651321934,100,0.18151262728259618,0.662095024499609
misspecified_t,native10,power,tabm_sko_quad_scale,tabm_orbit,-0.029000000000000005,0.2075810660679316,0.020758106606793163,-0.07018858701042338,0.012188587010423371,100,0.16552375612490225,0.662095024499609
misspecified_t,native10,power,tabm_sko_quad_scale,tabm_orbit_student,-0.021,0.18871976980473326,0.018871976980473326,-0.058446096633136824,0.016446096633136818,100,0.2685057760920477,0.662095024499609
misspecified_t,top12,FDP,xgb_sko_quad_scale,xgb_sko_ridge,-0.16499999999999995,0.13811907873358134,0.013811907873358134,-0.1924058217349934,-0.1375941782650065,100,6.686354359841568e-21,5.3490834878732546e-20
misspecified_t,top12,FDP,xgb_sko_quad_scale,xgb_sko_quad,-0.02666666666666667,0.09392310057461276,0.009392310057461276,-0.04530304749650682,-0.008030285836826516,100,0.005488865353483701,0.010977730706967403
misspecified_t,top12,FDP,xgb_sko_quad_scale,xgb_sko_scale,-0.14166666666666666,0.14039586488805697,0.014039586488805697,-0.1695242521699272,-0.11380908116340613,100,6.943603687458259e-17,4.860522581220781e-16
misspecified_t,top12,FDP,tabm_sko_quad_scale,tabm_sko_ridge,-0.10833333333333332,0.12674151607403641,0.012674151607403641,-0.13348159979873464,-0.083185066867932,100,1.5886252812806844e-13,7.943126406403422e-13
misspecified_t,top12,FDP,tabm_sko_quad_scale,tabm_sko_quad,0.0016666666666666674,0.09096378825890429,0.00909637882589043,-0.016382522397009772,0.019715855730343106,100,0.854997695146794,0.854997695146794
misspecified_t,top12,FDP,tabm_sko_quad_scale,tabm_sko_scale,-0.10999999999999999,0.11837375418145842,0.011837375418145842,-0.13348792096605716,-0.08651207903394283,100,3.820459715137044e-15,2.2922758290822263e-14
misspecified_t,top12,FDP,tabm_sko_quad_scale,tabm_orbit,0.06666666666666667,0.12309149097933274,0.012309149097933274,0.04224264436789965,0.09109068896543368,100,4.2773102660675966e-07,1.7109241064270386e-06
misspecified_t,top12,FDP,tabm_sko_quad_scale,tabm_orbit_student,0.05333333333333334,0.12675258471875198,0.012675258471875197,0.02818287060868453,0.07848379605798214,100,5.678156295678055e-05,0.00017034468887034164
misspecified_t,top12,FDP,tabm_sko_quad_scale,xgb_shap,0.2958333333333334,0.12611734065510954,0.012611734065510954,0.27080891681262703,0.32085774985403975,100,3.223894185522612e-42,2.9015047669703505e-41
misspecified_t,top12,power,xgb_sko_quad_scale,xgb_sko_ridge,0.19800000000000004,0.1657428944802976,0.01657428944802976,0.1651130139180079,0.23088698608199218,100,6.686354359841425e-21,5.34908348787314e-20
misspecified_t,top12,power,xgb_sko_quad_scale,xgb_sko_quad,0.032,0.11270772068953532,0.011270772068953532,0.009636343004191816,0.05436365699580818,100,0.005488865353483709,0.010977730706967418
misspecified_t,top12,power,xgb_sko_quad_scale,xgb_sko_scale,0.17,0.16847503786566836,0.016847503786566836,0.13657089739608738,0.20342910260391264,100,6.943603687458259e-17,4.860522581220781e-16
misspecified_t,top12,power,tabm_sko_quad_scale,tabm_sko_ridge,0.12999999999999998,0.15208981928884371,0.015208981928884372,0.09982208024151838,0.16017791975848156,100,1.5886252812807132e-13,7.943126406403566e-13
misspecified_t,top12,power,tabm_sko_quad_scale,tabm_sko_quad,-0.0019999999999999935,0.10915654591068516,0.010915654591068516,-0.02365902687641172,0.01965902687641173,100,0.8549976951467945,0.8549976951467945
misspecified_t,top12,power,tabm_sko_quad_scale,tabm_sko_scale,0.132,0.14204850501775013,0.014204850501775012,0.10381449484073141,0.1601855051592686,100,3.820459715137044e-15,2.2922758290822263e-14
misspecified_t,top12,power,tabm_sko_quad_scale,tabm_orbit,-0.08,0.1477097891751993,0.01477097891751993,-0.10930882675852042,-0.05069117324147958,100,4.277310266067612e-07,1.7109241064270448e-06
misspecified_t,top12,power,tabm_sko_quad_scale,tabm_orbit_student,-0.064,0.15210310166250238,0.015210310166250237,-0.09418055526957857,-0.033819444730421436,100,5.6781562956780765e-05,0.0001703446888703423
misspecified_t,top12,power,tabm_sko_quad_scale,xgb_shap,-0.3550000000000001,0.15134080878613146,0.015134080878613145,-0.38502929982484774,-0.32497070017515245,100,3.223894185522612e-42,2.9015047669703505e-41
misspecified_t,top12,rmse,xgb_sko_quad_scale,xgb_sko_ridge,-0.062262707392633426,0.061159644267515,0.0061159644267515,-0.07439810768301784,-0.05012730710224902,100,4.422697861891613e-17,3.980428075702452e-16
misspecified_t,top12,rmse,xgb_sko_quad_scale,xgb_sko_quad,-0.006519673992811468,0.034661551423951636,0.0034661551423951636,-0.013397277782910944,0.00035792979728800807,100,0.06291708212874537,0.12583416425749075
misspecified_t,top12,rmse,xgb_sko_quad_scale,xgb_sko_scale,-0.061203846400118084,0.06726587455875899,0.006726587455875899,-0.07455085525587271,-0.04785683754436346,100,1.009897746211002e-14,6.059386477266012e-14
misspecified_t,top12,rmse,tabm_sko_quad_scale,tabm_sko_ridge,-0.0663713541316796,0.06813811804427412,0.006813811804427412,-0.07989143501841445,-0.05285127324494477,100,4.024644031459933e-16,3.2197152251679464e-15
misspecified_t,top12,rmse,tabm_sko_quad_scale,tabm_sko_quad,-0.0006022683643881265,0.03935289198049587,0.003935289198049587,-0.008410735900247126,0.007206199171470873,100,0.878675888888627,0.878675888888627
misspecified_t,top12,rmse,tabm_sko_quad_scale,tabm_sko_scale,-0.05935777817248956,0.06482188014479884,0.006482188014479884,-0.07221984551368696,-0.04649571083129216,100,7.540810752643991e-15,5.278567526850794e-14
misspecified_t,top12,rmse,tabm_sko_quad_scale,tabm_orbit,0.01929178134768992,0.04092638675559579,0.004092638675559579,0.011171098311244559,0.02741246438413528,100,7.963134288711146e-06,3.1852537154844584e-05
misspecified_t,top12,rmse,tabm_sko_quad_scale,tabm_orbit_student,0.011571543636021754,0.040624649705918114,0.004062464970591812,0.0035107317764632596,0.019632355495580248,100,0.005344443631829937,0.016033330895489813
misspecified_t,top12,rmse,tabm_sko_quad_scale,xgb_shap,0.03679433408664026,0.042284497343048406,0.0042284497343048405,0.028404172445230212,0.04518449572805031,100,7.368177172826399e-14,3.6840885864131997e-13
misspecified_t,top8,FDP,xgb_sko_quad_scale,xgb_sko_ridge,-0.2075,0.17245626000862252,0.01724562600086225,-0.24171906345028976,-0.17328093654971022,100,4.3823948926873374e-21,3.50591591414987e-20
misspecified_t,top8,FDP,xgb_sko_quad_scale,xgb_sko_quad,-0.02875,0.1189906519543668,0.01189906519543668,-0.05236032686789244,-0.005139673132107565,100,0.01751787893917264,0.052553636817517915
misspecified_t,top8,FDP,xgb_sko_quad_scale,xgb_sko_scale,-0.17875,0.18655485693614263,0.018655485693614263,-0.21576653095189713,-0.14173346904810286,100,8.949749137350256e-16,4.474874568675128e-15
misspecified_t,top8,FDP,tabm_sko_quad_scale,tabm_sko_ridge,-0.17125,0.164431028493144,0.0164431028493144,-0.20387668340901038,-0.13862331659098964,100,1.3648347085450054e-17,8.189008251270032e-17
misspecified_t,top8,FDP,tabm_sko_quad_scale,tabm_sko_quad,-0.0025,0.10949263154950822,0.010949263154950822,-0.02422571355858286,0.019225713558582862,100,0.8198638652626454,0.8198638652626454
misspecified_t,top8,FDP,tabm_sko_quad_scale,tabm_sko_scale,-0.17,0.16139386542858378,0.01613938654285838,-0.20202404436529073,-0.1379759556347093,100,7.534622480980646e-18,5.274235736686452e-17
misspecified_t,top8,FDP,tabm_sko_quad_scale,tabm_orbit,0.095,0.16391670710664874,0.016391670710664875,0.06247536911235038,0.12752463088764962,100,8.111088159418236e-08,3.2444352637672944e-07
misspecified_t,top8,FDP,tabm_sko_quad_scale,tabm_orbit_student,0.035,0.16579316553276174,0.016579316553276175,0.0021030390505609106,0.06789696094943909,100,0.037285673257702295,0.07457134651540459
misspecified_t,top8,FDP,tabm_sko_quad_scale,xgb_shap,0.3475,0.17094877843519343,0.017094877843519343,0.3135800535989187,0.38141994640108123,100,4.117482499069297e-37,3.705734249162367e-36
misspecified_t,top8,power,xgb_sko_quad_scale,xgb_sko_ridge,0.166,0.13796500800689798,0.013796500800689799,0.1386247492397682,0.19337525076023182,100,4.382394892687306e-21,3.5059159141498447e-20
misspecified_t,top8,power,xgb_sko_quad_scale,xgb_sko_quad,0.02299999999999999,0.09519252156349345,0.009519252156349346,0.004111738505686035,0.04188826149431395,100,0.017517878939172712,0.05255363681751814
misspecified_t,top8,power,xgb_sko_quad_scale,xgb_sko_scale,0.14299999999999996,0.1492438855489141,0.01492438855489141,0.11338677523848226,0.17261322476151766,100,8.949749137350354e-16,4.4748745686751776e-15
misspecified_t,top8,power,tabm_sko_quad_scale,tabm_sko_ridge,0.13699999999999998,0.13154482279451518,0.013154482279451518,0.1108986532727917,0.16310134672720827,100,1.3648347085450054e-17,8.189008251270032e-17
misspecified_t,top8,power,tabm_sko_quad_scale,tabm_sko_quad,0.001999999999999999,0.08759410523960658,0.008759410523960658,-0.015380570846866292,0.01938057084686629,100,0.8198638652626455,0.8198638652626455
misspecified_t,top8,power,tabm_sko_quad_scale,tabm_sko_scale,0.136,0.12911509234286697,0.012911509234286698,0.11038076450776746,0.16161923549223256,100,7.53462248098043e-18,5.274235736686301e-17
misspecified_t,top8,power,tabm_sko_quad_scale,tabm_orbit,-0.07599999999999998,0.13113336568531897,0.013113336568531897,-0.10201970471011967,-0.049980295289880294,100,8.111088159418236e-08,3.2444352637672944e-07
misspecified_t,top8,power,tabm_sko_quad_scale,tabm_orbit_student,-0.027999999999999994,0.13263453242620937,0.013263453242620937,-0.054317568759551266,-0.001682431240448725,100,0.037285673257702295,0.07457134651540459
misspecified_t,top8,power,tabm_sko_quad_scale,xgb_shap,-0.278,0.1367590227481547,0.013675902274815471,-0.30513595712086505,-0.250864042879135,100,4.117482499069179e-37,3.705734249162262e-36
mixed_copula,native,FDP,xgb_sko_quad_scale,xgb_sko_ridge,0.11984282465900113,0.142134482647183,0.014213448264718301,0.09164025967275541,0.14804538964524686,100,2.8291479855277825e-13,1.9804035898694475e-12
mixed_copula,native,FDP,xgb_sko_quad_scale,xgb_sko_quad,0.036578837828837835,0.1346193685732589,0.01346193685732589,0.009867434516392281,0.06329024114128338,100,0.007772322189059619,0.031089288756238478
mixed_copula,native,FDP,xgb_sko_quad_scale,xgb_sko_scale,0.09366804110921757,0.15267636716473465,0.015267636716473465,0.06337373752691455,0.12396234469152059,100,1.7591668762556098e-08,8.79583438127805e-08
mixed_copula,native,FDP,tabm_sko_quad_scale,tabm_sko_ridge,0.15177438084791026,0.14653238335075044,0.014653238335075045,0.12269917694895749,0.18084958474686302,100,1.8161093583167227e-17,1.4528874866533781e-16
mixed_copula,native,FDP,tabm_sko_quad_scale,tabm_sko_quad,0.03461301443654385,0.13214635142731193,0.013214635142731194,0.008392311378334252,0.06083371749475344,100,0.010196791188840103,0.031089288756238478
mixed_copula,native,FDP,tabm_sko_quad_scale,tabm_sko_scale,0.12192012399365341,0.1571539938850141,0.01571539938850141,0.09073736212725973,0.1531028858600471,100,7.888335535924627e-12,4.7330013215547765e-11
mixed_copula,native,FDP,tabm_sko_quad_scale,tabm_orbit,0.012479376832318024,0.16799721442056334,0.016799721442056333,-0.02085491523363404,0.045813668898270085,100,0.4593422131454893,0.8771546596404831
mixed_copula,native,FDP,tabm_sko_quad_scale,tabm_orbit_student,0.013760921483057716,0.17693486396211738,0.01769348639621174,-0.021346794155593887,0.048868637121709316,100,0.43857732982024156,0.8771546596404831
mixed_copula,native,power,xgb_sko_quad_scale,xgb_sko_ridge,0.8250000000000002,0.21385117075275328,0.02138511707527533,0.782567288189241,0.8674327118107593,100,1.8548848513505442e-61,1.4839078810804354e-60
mixed_copula,native,power,xgb_sko_quad_scale,xgb_sko_quad,0.151,0.24432756618105866,0.024432756618105865,0.10252011014626838,0.1994798898537316,100,1.4316429553670569e-08,5.7265718214682275e-08
mixed_copula,native,power,xgb_sko_quad_scale,xgb_sko_scale,0.623,0.34226075475056184,0.034226075475056184,0.5550880408587779,0.690911959141222,100,2.3401263702741086e-33,1.4040758221644652e-32
mixed_copula,native,power,tabm_sko_quad_scale,tabm_sko_ridge,0.811,0.2940126431693616,0.02940126431693616,0.7526615129465479,0.8693384870534522,100,2.874626657247615e-48,2.0122386600733304e-47
mixed_copula,native,power,tabm_sko_quad_scale,tabm_sko_quad,0.036000000000000004,0.14391355429948602,0.014391355429948603,0.007444428600709461,0.06455557139929055,100,0.014006710651167233,0.014006710651167233
mixed_copula,native,power,tabm_sko_quad_scale,tabm_sko_scale,0.5430000000000001,0.3731533657136625,0.03731533657136625,0.4689582766238434,0.6170417233761569,100,2.4766865987868954e-26,1.2383432993934477e-25
mixed_copula,native,power,tabm_sko_quad_scale,tabm_orbit,-0.077,0.17687237880414902,0.017687237880414902,-0.11209531722768576,-0.041904682772314246,100,3.268730337031808e-05,9.806191011095423e-05
mixed_copula,native,power,tabm_sko_quad_scale,tabm_orbit_student,0.08300000000000002,0.2745262218161436,0.027452622181614362,0.02852804170387753,0.13747195829612252,100,0.003183023288092455,0.00636604657618491
mixed_copula,native,rmse,xgb_sko_quad_scale,xgb_sko_ridge,-0.32165906247064074,0.09169208251771543,0.009169208251771543,-0.33985276091571914,-0.30346536402556235,100,1.1987553080905444e-57,9.590042464724356e-57
mixed_copula,native,rmse,xgb_sko_quad_scale,xgb_sko_quad,-0.05209125422308496,0.0967934901838114,0.00967934901838114,-0.07129718262492574,-0.03288532582124417,100,4.95836901708563e-07,1.983347606834252e-06
mixed_copula,native,rmse,xgb_sko_quad_scale,xgb_sko_scale,-0.24337653958237948,0.13831310138585648,0.013831310138585648,-0.27082085962093505,-0.21593221954382394,100,3.0581636938465557e-32,1.8348982163079335e-31
mixed_copula,native,rmse,tabm_sko_quad_scale,tabm_sko_ridge,-0.31381088080214786,0.11623538490232878,0.011623538490232878,-0.3368745029109816,-0.29074725869331414,100,1.8815421568803493e-47,1.3170795098162446e-46
mixed_copula,native,rmse,tabm_sko_quad_scale,tabm_sko_quad,-0.009543207006608623,0.049076560121158914,0.0049076560121158914,-0.019281061258022474,0.0001946472448052291,100,0.05466638122738555,0.09412171489033115
mixed_copula,native,rmse,tabm_sko_quad_scale,tabm_sko_scale,-0.21091365316382255,0.15162697753954646,0.015162697753954646,-0.240999735077822,-0.1808275712498231,100,5.036095011654597e-25,2.5180475058272986e-24
mixed_copula,native,rmse,tabm_sko_quad_scale,tabm_orbit,0.023751139277309662,0.06268241150893293,0.0062682411508932934,0.011313588929562895,0.03618868962505643,100,0.0002597452161832604,0.0007792356485497812
mixed_copula,native,rmse,tabm_sko_quad_scale,tabm_orbit_student,-0.018915752711468826,0.09406861212844933,0.009406861212844933,-0.03758100619048527,-0.0002504992324523815,100,0.047060857445165576,0.09412171489033115
mixed_copula,native10,FDP,xgb_sko_quad_scale,xgb_sko_ridge,0.052504995004995,0.08376095774269918,0.008376095774269917,0.03588500378222839,0.06912498622776161,100,9.556956119383059e-09,5.7341736716298355e-08
mixed_copula,native10,FDP,xgb_sko_quad_scale,xgb_sko_quad,0.02123376623376623,0.07042488505358387,0.007042488505358387,0.007259941160629073,0.03520759130690339,100,0.0032637539765771424,0.01305501590630857
mixed_copula,native10,FDP,xgb_sko_quad_scale,xgb_sko_scale,0.044444388944388936,0.08499975998873663,0.008499975998873662,0.027578592480006867,0.061310185408771006,100,9.520747687044788e-07,4.760373843522394e-06
mixed_copula,native10,FDP,tabm_sko_quad_scale,tabm_sko_ridge,0.06671794871794871,0.09444641419540341,0.00944464141954034,0.04797773111237574,0.08545816632352168,100,2.2787015043380043e-10,1.8229612034704034e-09
mixed_copula,native10,FDP,tabm_sko_quad_scale,tabm_sko_quad,0.012284382284382285,0.09618259944547797,0.009618259944547796,-0.006800332141606417,0.03136909671037098,100,0.20452110533987278,0.6135633160196183
mixed_copula,native10,FDP,tabm_sko_quad_scale,tabm_sko_scale,0.061263403263403265,0.09003294443689643,0.009003294443689643,0.04339891380881034,0.0791278927179962,100,7.836215481186717e-10,5.485350836830702e-09
mixed_copula,native10,FDP,tabm_sko_quad_scale,tabm_orbit,0.002559842118665656,0.1267908106239316,0.01267908106239316,-0.02259820545488757,0.027717889692218882,100,0.8404131540862977,1.0
mixed_copula,native10,FDP,tabm_sko_quad_scale,tabm_orbit_student,0.006537545787545792,0.13590761062611237,0.013590761062611237,-0.020429472696791583,0.03350456427188317,100,0.6315575508542561,1.0
mixed_copula,native10,power,xgb_sko_quad_scale,xgb_sko_ridge,0.431,0.48004524197562287,0.048004524197562286,0.33574860933808814,0.5262513906619118,100,1.846788160294624e-14,1.1080728961767744e-13
mixed_copula,native10,power,xgb_sko_quad_scale,xgb_sko_quad,0.18299999999999997,0.46145466087190407,0.046145466087190404,0.09143738395452772,0.2745626160454722,100,0.00013842655041090493,0.0004152796512327148
mixed_copula,native10,power,xgb_sko_quad_scale,xgb_sko_scale,0.39399999999999996,0.47456944867549317,0.04745694486754932,0.29983512552699565,0.4881648744730043,100,5.380469037089221e-13,2.6902345185446103e-12
mixed_copula,native10,power,tabm_sko_quad_scale,tabm_sko_ridge,0.47600000000000003,0.4801346612454604,0.04801346612454604,0.3807308666149879,0.5712691333850122,100,1.686052348732997e-16,1.3488418789863977e-15
mixed_copula,native10,power,tabm_sko_quad_scale,tabm_sko_quad,0.09,0.4821039747028046,0.048210397470280456,-0.005659887899501795,0.18565988789950177,100,0.06488635494897813,0.06488635494897813
mixed_copula,native10,power,tabm_sko_quad_scale,tabm_sko_scale,0.449,0.4793714318740424,0.04793714318740424,0.35388230788065356,0.5441176921193465,100,2.637367351696848e-15,1.8461571461877936e-14
mixed_copula,native10,power,tabm_sko_quad_scale,tabm_orbit,-0.25500000000000006,0.5798597879982484,0.057985978799824846,-0.3700567620844356,-0.1399432379155645,100,2.7586617318124996e-05,0.00011034646927249999
mixed_copula,native10,power,tabm_sko_quad_scale,tabm_orbit_student,0.149,0.6501740248781572,0.06501740248781572,0.019991367840613228,0.27800863215938676,100,0.024041594929184642,0.048083189858369284
mixed_copula,top12,FDP,xgb_sko_quad_scale,xgb_sko_ridge,-0.27666666666666667,0.1195530396641143,0.01195530396641143,-0.3003885834572592,-0.2529447498760741,100,1.0029234644509969e-41,9.026311180058972e-41
mixed_copula,top12,FDP,xgb_sko_quad_scale,xgb_sko_quad,-0.04083333333333333,0.07056668964880684,0.007056668964880684,-0.05483529551463481,-0.026831371152031852,100,8.447392728274326e-08,3.37895709130973e-07
mixed_copula,top12,FDP,xgb_sko_quad_scale,xgb_sko_scale,-0.155,0.11300159410096954,0.011300159410096954,-0.17742196785626474,-0.13257803214373526,100,1.2603004090683307e-24,7.561802454409985e-24
mixed_copula,top12,FDP,tabm_sko_quad_scale,tabm_sko_ridge,-0.2458333333333334,0.11134760185991933,0.011134760185991934,-0.26792711324536256,-0.22373955342130425,100,5.003094333988352e-40,4.002475467190682e-39
mixed_copula,top12,FDP,tabm_sko_quad_scale,tabm_sko_quad,-0.0175,0.058381413566786104,0.00583814135667861,-0.029084139045225596,-0.005915860954774406,100,0.0034409597700909324,0.006881919540181865
mixed_copula,top12,FDP,tabm_sko_quad_scale,tabm_sko_scale,-0.16333333333333336,0.10252152055704619,0.010252152055704618,-0.18367582723170706,-0.14299083943495966,100,4.4994642766697947e-29,3.1496249936688562e-28
mixed_copula,top12,FDP,tabm_sko_quad_scale,tabm_orbit,0.039166666666666704,0.07345012890790664,0.007345012890790664,0.024592567579710074,0.05374076575362333,100,6.124541366440665e-07,1.8373624099321994e-06
mixed_copula,top12,FDP,tabm_sko_quad_scale,tabm_orbit_student,-0.0024999999999999775,0.07897260460652762,0.007897260460652762,-0.018169878076506458,0.013169878076506502,100,0.7522398748985354,0.7522398748985354
mixed_copula,top12,FDP,tabm_sko_quad_scale,xgb_shap,0.06500000000000004,0.0676070045979488,0.00676070045979488,0.051585303543602495,0.07841469645639759,100,7.591823455207696e-16,3.795911727603848e-15
mixed_copula,top12,power,xgb_sko_quad_scale,xgb_sko_ridge,0.33199999999999996,0.1434636475969372,0.01434636475969372,0.3035336998512889,0.360466300148711,100,1.0029234644510254e-41,9.026311180059229e-41
mixed_copula,top12,power,xgb_sko_quad_scale,xgb_sko_quad,0.048999999999999995,0.0846800275785682,0.00846800275785682,0.03219764538243822,0.06580235461756177,100,8.447392728274232e-08,3.3789570913096927e-07
mixed_copula,top12,power,xgb_sko_quad_scale,xgb_sko_scale,0.18600000000000008,0.13560191292116344,0.013560191292116344,0.1590936385724824,0.21290636142751776,100,1.2603004090683036e-24,7.561802454409822e-24
mixed_copula,top12,power,tabm_sko_quad_scale,tabm_sko_ridge,0.295,0.13361712223190317,0.013361712223190316,0.268487464105565,0.32151253589443496,100,5.003094333988352e-40,4.002475467190682e-39
mixed_copula,top12,power,tabm_sko_quad_scale,tabm_sko_quad,0.021,0.07005769628014333,0.007005769628014333,0.007099033145729284,0.034900966854270715,100,0.003440959770090932,0.006881919540181864
mixed_copula,top12,power,tabm_sko_quad_scale,tabm_sko_scale,0.19600000000000006,0.12302582466845545,0.012302582466845544,0.17158900732195162,0.2204109926780485,100,4.4994642766697947e-29,3.1496249936688562e-28
mixed_copula,top12,power,tabm_sko_quad_scale,tabm_orbit,-0.046999999999999986,0.08814015468948797,0.008814015468948796,-0.06448891890434794,-0.029511081095652033,100,6.124541366440832e-07,1.8373624099322498e-06
mixed_copula,top12,power,tabm_sko_quad_scale,tabm_orbit_student,0.0029999999999999983,0.0947671255278331,0.00947671255278331,-0.015803853691807767,0.021803853691807765,100,0.7522398748985333,0.7522398748985333
mixed_copula,top12,power,tabm_sko_quad_scale,xgb_shap,-0.07799999999999999,0.08112840551753857,0.008112840551753858,-0.09409763574767704,-0.06190236425232293,100,7.591823455208185e-16,3.7959117276040924e-15
mixed_copula,top12,rmse,xgb_sko_quad_scale,xgb_sko_ridge,-0.13627982275928427,0.06513413657773852,0.006513413657773852,-0.1492038485512273,-0.12335579696734122,100,4.034244504743156e-38,3.2273956037945246e-37
mixed_copula,top12,rmse,xgb_sko_quad_scale,xgb_sko_quad,-0.01828052223141292,0.03269996439823809,0.003269996439823809,-0.024768904598684364,-0.011792139864141477,100,2.00598448415208e-07,8.02393793660832e-07
mixed_copula,top12,rmse,xgb_sko_quad_scale,xgb_sko_scale,-0.07901157193709767,0.060042697767256056,0.006004269776725605,-0.09092534580950787,-0.06709779806468746,100,1.8134387715490243e-23,1.0880632629294147e-22
mixed_copula,top12,rmse,tabm_sko_quad_scale,tabm_sko_ridge,-0.12576336055589463,0.056870327772254474,0.005687032777225447,-0.13704766739625085,-0.11447905371553839,100,4.373261757286058e-40,3.935935581557452e-39
mixed_copula,top12,rmse,tabm_sko_quad_scale,tabm_sko_quad,-0.007162741615937578,0.02708506131419723,0.002708506131419723,-0.012537005395165796,-0.00178847783670936,100,0.009513732983838863,0.019027465967677726
mixed_copula,top12,rmse,tabm_sko_quad_scale,tabm_sko_scale,-0.08208766802678522,0.057571826144665314,0.005757182614466531,-0.09351116736334078,-0.07066416869022965,100,9.759152996246777e-26,6.831407097372744e-25
mixed_copula,top12,rmse,tabm_sko_quad_scale,tabm_orbit,0.011583812441626208,0.02496284839520134,0.002496284839520134,0.006630641747256227,0.01653698313599619,100,1.0670634167313092e-05,3.201190250193927e-05
mixed_copula,top12,rmse,tabm_sko_quad_scale,tabm_orbit_student,0.0025842142466769038,0.027011658863494336,0.0027011658863494337,-0.0027754848938546183,0.007943913387208425,100,0.34104748154967257,0.34104748154967257
mixed_copula,top12,rmse,tabm_sko_quad_scale,xgb_shap,0.017137727207894783,0.024195869079443526,0.0024195869079443526,0.012336741849503119,0.021938712566286447,100,2.082478005123452e-10,1.041239002561726e-09
mixed_copula,top8,FDP,xgb_sko_quad_scale,xgb_sko_ridge,-0.29125,0.1732187485478545,0.01732187485478545,-0.3256203577187773,-0.25687964228122273,100,9.012130977258128e-31,7.209704781806502e-30
mixed_copula,top8,FDP,xgb_sko_quad_scale,xgb_sko_quad,-0.0275,0.07012794944192574,0.007012794944192574,-0.041414906605721294,-0.013585093394278708,100,0.00016238686029206237,0.0006495474411682495
mixed_copula,top8,FDP,xgb_sko_quad_scale,xgb_sko_scale,-0.13875,0.14639502220107256,0.014639502220107256,-0.16779794846678583,-0.1097020515332142,100,1.507825543390149e-15,9.046953260340895e-15
mixed_copula,top8,FDP,tabm_sko_quad_scale,tabm_sko_ridge,-0.2525,0.1329302619626342,0.013293026196263418,-0.2788762479154749,-0.22612375208452515,100,8.728738937695201e-35,7.85586504392568e-34
mixed_copula,top8,FDP,tabm_sko_quad_scale,tabm_sko_quad,-0.0125,0.04529644220871742,0.004529644220871742,-0.02148779684735705,-0.0035122031526429506,100,0.006895621868115741,0.006895621868115741
mixed_copula,top8,FDP,tabm_sko_quad_scale,tabm_sko_scale,-0.15125,0.12848058258355657,0.012848058258355657,-0.17674333499020042,-0.12575666500979957,100,1.5775050410882898e-20,1.104253528761803e-19
mixed_copula,top8,FDP,tabm_sko_quad_scale,tabm_orbit,0.0175,0.056239477130204434,0.005623947713020444,0.00634086761342635,0.028659132386573652,100,0.002431109281885533,0.004862218563771066
mixed_copula,top8,FDP,tabm_sko_quad_scale,tabm_orbit_student,-0.04,0.08498365855987976,0.008498365855987976,-0.05686260159157394,-0.023137398408426064,100,8.189207550237658e-06,4.094603775118829e-05
mixed_copula,top8,FDP,tabm_sko_quad_scale,xgb_shap,0.01875,0.054399267486155575,0.005439926748615558,0.007956005130431498,0.0295439948695685,100,0.0008341994770978713,0.0025025984312936136
mixed_copula,top8,power,xgb_sko_quad_scale,xgb_sko_ridge,0.23300000000000007,0.1385749988382836,0.013857499883828358,0.20550371382497823,0.2604962861750219,100,9.012130977257996e-31,7.209704781806397e-30
mixed_copula,top8,power,xgb_sko_quad_scale,xgb_sko_quad,0.02200000000000001,0.05610235955354061,0.0056102359553540605,0.010868074715422973,0.03313192528457705,100,0.00016238686029206189,0.0006495474411682475
mixed_copula,top8,power,xgb_sko_quad_scale,xgb_sko_scale,0.11100000000000003,0.11711601776085806,0.011711601776085805,0.08776164122657137,0.13423835877342868,100,1.5078255433901166e-15,9.046953260340699e-15
mixed_copula,top8,power,tabm_sko_quad_scale,tabm_sko_ridge,0.20200000000000007,0.10634420957010732,0.010634420957010731,0.18089900166762019,0.22310099833237995,100,8.728738937694829e-35,7.855865043925345e-34
mixed_copula,top8,power,tabm_sko_quad_scale,tabm_sko_quad,0.010000000000000004,0.036237153766973944,0.003623715376697394,0.0028097625221143625,0.017190237477885645,100,0.006895621868115734,0.006895621868115734
mixed_copula,top8,power,tabm_sko_quad_scale,tabm_sko_scale,0.12100000000000005,0.10278446606684527,0.010278446606684527,0.10060533200783972,0.14139466799216038,100,1.5775050410882558e-20,1.1042535287617791e-19
mixed_copula,top8,power,tabm_sko_quad_scale,tabm_orbit,-0.014000000000000007,0.04499158170416358,0.004499158170416358,-0.022927305909258934,-0.005072694090741079,100,0.0024311092818855395,0.004862218563771079
mixed_copula,top8,power,tabm_sko_quad_scale,tabm_orbit_student,0.03200000000000003,0.06798692684790383,0.0067986926847903835,0.018509918726740873,0.04549008127325918,100,8.189207550237614e-06,4.094603775118807e-05
mixed_copula,top8,power,tabm_sko_quad_scale,xgb_shap,-0.015000000000000008,0.043519413988924484,0.004351941398892448,-0.023635195895654812,-0.0063648041043452026,100,0.0008341994770978698,0.0025025984312936093
nonlinear_strong,native,FDP,xgb_sko_quad_scale,xgb_sko_ridge,0.1255695562607327,0.15222969558058042,0.015222969558058042,0.0953638820113333,0.15577523051013212,100,7.018048865982947e-13,5.614439092786357e-12
nonlinear_strong,native,FDP,xgb_sko_quad_scale,xgb_sko_quad,0.025359015984015985,0.14072103120120638,0.014072103120120638,-0.0025630895703056093,0.053281121538337584,100,0.07457658468911989,0.22372975406735968
nonlinear_strong,native,FDP,xgb_sko_quad_scale,xgb_sko_scale,0.07981012125129774,0.16096087574966608,0.016096087574966608,0.047871991432080714,0.11174825107051478,100,2.9469706619740812e-06,1.4734853309870407e-05
nonlinear_strong,native,FDP,tabm_sko_quad_scale,tabm_sko_ridge,0.11302282521400167,0.14683694050477686,0.014683694050477685,0.08388719056827666,0.1421584598597267,100,1.0625983651218881e-11,7.438188555853216e-11
nonlinear_strong,native,FDP,tabm_sko_quad_scale,tabm_sko_quad,0.018752871311694844,0.12801955592646436,0.012801955592646436,-0.0066489859876955985,0.044154728611085284,100,0.14613195470657095,0.22578624252508064
nonlinear_strong,native,FDP,tabm_sko_quad_scale,tabm_sko_scale,0.09622966004583652,0.14654776058582883,0.014654776058582883,0.06715140496983277,0.12530791512184028,100,2.4012817973196858e-09,1.4407690783918115e-08
nonlinear_strong,native,FDP,tabm_sko_quad_scale,tabm_orbit,-0.04189781675153191,0.21451445966748206,0.021451445966748205,-0.08446213947312625,0.0006665059700624379,100,0.053625409312427985,0.21450163724971194
nonlinear_strong,native,FDP,tabm_sko_quad_scale,tabm_orbit_student,-0.03554275952805364,0.222209758496248,0.022220975849624798,-0.07963399648794423,0.008548477431836933,100,0.11289312126254032,0.22578624252508064
nonlinear_strong,native,power,xgb_sko_quad_scale,xgb_sko_ridge,0.7780000000000001,0.2776452208968645,0.02776452208968645,0.722909164619107,0.8330908353808932,100,7.211545309800277e-49,5.769236247840222e-48
nonlinear_strong,native,power,xgb_sko_quad_scale,xgb_sko_quad,0.094,0.14342139648496305,0.014342139648496306,0.06554208338854885,0.12245791661145115,100,2.5436154461390883e-09,1.0174461784556353e-08
nonlinear_strong,native,power,xgb_sko_quad_scale,xgb_sko_scale,0.513,0.3844594788909371,0.03844594788909371,0.4367148984816408,0.5892851015183592,100,7.486111417218946e-24,3.743055708609473e-23
nonlinear_strong,native,power,tabm_sko_quad_scale,tabm_sko_ridge,0.7370000000000002,0.31515748828838325,0.03151574882883833,0.6744659169343293,0.7995340830656711,100,4.171809142676538e-42,2.920266399873576e-41
nonlinear_strong,native,power,tabm_sko_quad_scale,tabm_sko_quad,0.01,0.1714466079977653,0.01714466079977653,-0.024018726586782994,0.044018726586783,100,0.5610366225996918,0.5610366225996918
nonlinear_strong,native,power,tabm_sko_quad_scale,tabm_sko_scale,0.546,0.3841348668886957,0.03841348668886957,0.4697793085453919,0.6222206914546082,100,1.2029084757323859e-25,7.217450854394315e-25
nonlinear_strong,native,power,tabm_sko_quad_scale,tabm_orbit,-0.099,0.20913240694919485,0.020913240694919486,-0.14049640669784047,-0.05750359330215954,100,7.347129505689264e-06,2.2041388517067792e-05
nonlinear_strong,native,power,tabm_sko_quad_scale,tabm_orbit_student,0.07200000000000001,0.29952150392439486,0.029952150392439487,0.012568435457184134,0.13143156454281588,100,0.01808485225962795,0.0361697045192559
nonlinear_strong,native,rmse,xgb_sko_quad_scale,xgb_sko_ridge,-0.29124799143447233,0.10337240749775353,0.010337240749775354,-0.3117593197620029,-0.2707366631069418,100,4.4604583831537386e-49,3.568366706522991e-48
nonlinear_strong,native,rmse,xgb_sko_quad_scale,xgb_sko_quad,-0.029542869530849645,0.05283846394786491,0.005283846394786491,-0.04002716711655304,-0.01905857194514625,100,1.9990845197573422e-07,7.996338079029369e-07
nonlinear_strong,native,rmse,xgb_sko_quad_scale,xgb_sko_scale,-0.193859887991563,0.14391398755091264,0.014391398755091264,-0.22241554535733604,-0.16530423062578997,100,4.073244524547778e-24,2.0366222622738888e-23
nonlinear_strong,native,rmse,tabm_sko_quad_scale,tabm_sko_ridge,-0.2773488367067331,0.11714928784672542,0.011714928784672542,-0.3005937969869974,-0.2541038764264688,100,1.4807864020342806e-42,1.0365504814239964e-41
nonlinear_strong,native,rmse,tabm_sko_quad_scale,tabm_sko_quad,-0.001588013598893846,0.06498755124923974,0.006498755124923974,-0.014482953681471924,0.01130692648368423,100,0.8074603839255006,0.8074603839255006
nonlinear_strong,native,rmse,tabm_sko_quad_scale,tabm_sko_scale,-0.20168386850916145,0.14476200476408455,0.014476200476408454,-0.23040779088788918,-0.17295994613043372,100,4.5369342881535585e-25,2.722160572892135e-24
nonlinear_strong,native,rmse,tabm_sko_quad_scale,tabm_orbit,0.03012682054554734,0.07955272716117914,0.007955272716117914,0.014341833568351652,0.04591180752274303,100,0.00026166570121454613,0.0007849971036436383
nonlinear_strong,native,rmse,tabm_sko_quad_scale,tabm_orbit_student,-0.013054568048374007,0.11407280892668265,0.011407280892668265,-0.03568908816622748,0.009579952069479461,100,0.255214396870273,0.510428793740546
nonlinear_strong,native10,FDP,xgb_sko_quad_scale,xgb_sko_ridge,0.07032456432456433,0.10773653623253146,0.010773653623253146,0.04894729817562249,0.09170183047350616,100,2.8806104172627074e-09,2.304488333810166e-08
nonlinear_strong,native10,FDP,xgb_sko_quad_scale,xgb_sko_quad,0.030030427089250616,0.1046734842921514,0.01046734842921514,0.009260936898654152,0.050799917279847076,100,0.00503431315373269,0.02013725261493076
nonlinear_strong,native10,FDP,xgb_sko_quad_scale,xgb_sko_scale,0.05905183705183705,0.10657988400062961,0.01065798840006296,0.037904075799449224,0.08019959830422488,100,2.4927877301963747e-07,1.7449514111374623e-06
nonlinear_strong,native10,FDP,tabm_sko_quad_scale,tabm_sko_ridge,0.04607831057831057,0.0978851151870711,0.00978851151870711,0.026655780092853923,0.06550084106376722,100,8.16956868469046e-06,4.901741210814276e-05
nonlinear_strong,native10,FDP,tabm_sko_quad_scale,tabm_sko_quad,0.008207348207348206,0.062333072276830305,0.006233307227683031,-0.004160885657782056,0.02057558207247847,100,0.19098171358266552,0.38196342716533105
nonlinear_strong,native10,FDP,tabm_sko_quad_scale,tabm_sko_scale,0.041229825729825725,0.09255483978197816,0.009255483978197816,0.0228649375258686,0.05959471393378285,100,2.212998705932637e-05,0.00011064993529663185
nonlinear_strong,native10,FDP,tabm_sko_quad_scale,tabm_orbit,-0.03451401376401375,0.12587777340062994,0.012587777340062995,-0.05949089494398362,-0.00953713258404388,100,0.007250712167064289,0.021752136501192867
nonlinear_strong,native10,FDP,tabm_sko_quad_scale,tabm_orbit_student,-0.012838272838272838,0.14486821109761452,0.014486821109761452,-0.041583268857735334,0.01590672318118966,100,0.37765545854537397,0.38196342716533105
nonlinear_strong,native10,power,xgb_sko_quad_scale,xgb_sko_ridge,0.57,0.4793724854411022,0.047937248544110224,0.4748820988300915,0.6651179011699084,100,8.79708791243796e-21,7.037670329950369e-20
nonlinear_strong,native10,power,xgb_sko_quad_scale,xgb_sko_quad,0.27,0.47279525540698225,0.047279525540698225,0.17618716396285888,0.36381283603714115,100,1.1817946728232318e-07,4.727178691292927e-07
nonlinear_strong,native10,power,xgb_sko_quad_scale,xgb_sko_scale,0.467,0.5342898619341907,0.05342898619341907,0.3609852998930945,0.5730147001069055,100,6.065382459725813e-14,3.514826098373313e-13
nonlinear_strong,native10,power,tabm_sko_quad_scale,tabm_sko_ridge,0.445,0.4843771383139507,0.04843771383139507,0.3488890671234193,0.5411109328765806,100,6.487600388215854e-15,4.5413202717510977e-14
nonlinear_strong,native10,power,tabm_sko_quad_scale,tabm_sko_quad,0.092,0.43500377334947665,0.04350037733494767,0.005685813894972747,0.17831418610502725,100,0.03694715579857503,0.03694715579857503
nonlinear_strong,native10,power,tabm_sko_quad_scale,tabm_sko_scale,0.419,0.47899199714956964,0.047899199714956965,0.3239575959618825,0.5140424040381175,100,5.858043497288855e-14,3.514826098373313e-13
nonlinear_strong,native10,power,tabm_sko_quad_scale,tabm_orbit,-0.24799999999999997,0.5696853641628984,0.056968536416289836,-0.361037935659842,-0.13496206434015798,100,3.270497754466448e-05,9.811493263399345e-05
nonlinear_strong,native10,power,tabm_sko_quad_scale,tabm_orbit_student,0.18,0.5342794638150951,0.05342794638150951,0.07398736310551184,0.28601263689448814,100,0.0010760940848412118,0.0021521881696824237
nonlinear_strong,top12,FDP,xgb_sko_quad_scale,xgb_sko_ridge,-0.26583333333333337,0.1206132618021705,0.01206132618021705,-0.28976562119779553,-0.24190104546887123,100,5.7635672931784e-40,4.61085383454272e-39
nonlinear_strong,top12,FDP,xgb_sko_quad_scale,xgb_sko_quad,-0.04083333333333333,0.06432656407923698,0.006432656407923698,-0.053597119221166487,-0.02806954744550018,100,6.630319774370973e-09,2.6521279097483893e-08
nonlinear_strong,top12,FDP,xgb_sko_quad_scale,xgb_sko_scale,-0.15666666666666668,0.11378105266751555,0.011378105266751554,-0.17924329601300534,-0.134090037320328,100,9.820396654763864e-25,5.892237992858318e-24
nonlinear_strong,top12,FDP,tabm_sko_quad_scale,tabm_sko_ridge,-0.2266666666666667,0.1026309352312557,0.01026309352312557,-0.24703087081017144,-0.20630246252316198,100,4.863107994545149e-40,4.3767971950906344e-39
nonlinear_strong,top12,FDP,tabm_sko_quad_scale,tabm_sko_quad,-0.015,0.05214264299836764,0.0052142642998367645,-0.02534623161338266,-0.004653768386617338,100,0.004921577485283168,0.009843154970566335
nonlinear_strong,top12,FDP,tabm_sko_quad_scale,tabm_sko_scale,-0.16,0.09302257066539633,0.009302257066539633,-0.17845769615871937,-0.14154230384128064,100,1.6793372403371096e-31,1.1755360682359767e-30
nonlinear_strong,top12,FDP,tabm_sko_quad_scale,tabm_orbit,0.03833333333333337,0.07341669580786482,0.007341669580786482,0.02376586809876119,0.052900798567905555,100,9.824967311127865e-07,2.9474901933383596e-06
nonlinear_strong,top12,FDP,tabm_sko_quad_scale,tabm_orbit_student,-0.023333333333333317,0.09180812470617782,0.00918081247061778,-0.04155005706615543,-0.005116609600511208,100,0.012588458373208714,0.012588458373208714
nonlinear_strong,top12,FDP,tabm_sko_quad_scale,xgb_shap,0.06500000000000006,0.0754522466622092,0.00754522466622092,0.050028637314343066,0.07997136268565705,100,1.1367670597751221e-13,5.683835298875611e-13
nonlinear_strong,top12,power,xgb_sko_quad_scale,xgb_sko_ridge,0.319,0.14473591416260462,0.014473591416260461,0.2902812545626454,0.3477187454373546,100,5.763567293178482e-40,4.610853834542786e-39
nonlinear_strong,top12,power,xgb_sko_quad_scale,xgb_sko_quad,0.048999999999999995,0.07719187689508436,0.007719187689508436,0.03368345693460022,0.06431654306539977,100,6.630319774370973e-09,2.6521279097483893e-08
nonlinear_strong,top12,power,xgb_sko_quad_scale,xgb_sko_scale,0.188,0.13653726320101867,0.013653726320101867,0.1609080447843936,0.2150919552156064,100,9.820396654764005e-25,5.892237992858403e-24
nonlinear_strong,top12,power,tabm_sko_quad_scale,tabm_sko_ridge,0.272,0.12315712227750684,0.012315712227750684,0.24756295502779435,0.2964370449722057,100,4.8631079945452175e-40,4.376797195090696e-39
nonlinear_strong,top12,power,tabm_sko_quad_scale,tabm_sko_quad,0.018,0.06257117159804117,0.0062571171598041165,0.005584522063940807,0.030415477936059192,100,0.004921577485283168,0.009843154970566335
nonlinear_strong,top12,power,tabm_sko_quad_scale,tabm_sko_scale,0.19200000000000006,0.1116270847984756,0.011162708479847561,0.1698507646095368,0.21414923539046332,100,1.6793372403371096e-31,1.1755360682359767e-30
nonlinear_strong,top12,power,tabm_sko_quad_scale,tabm_orbit,-0.045999999999999985,0.08810003496943779,0.008810003496943778,-0.0634809582814866,-0.02851904171851337,100,9.824967311128153e-07,2.947490193338446e-06
nonlinear_strong,top12,power,tabm_sko_quad_scale,tabm_orbit_student,0.027999999999999994,0.11016974964741334,0.011016974964741334,0.006139931520613467,0.049860068479386524,100,0.01258845837320863,0.01258845837320863
nonlinear_strong,top12,power,tabm_sko_quad_scale,xgb_shap,-0.078,0.09054269599465105,0.009054269599465104,-0.09596563522278839,-0.06003436477721161,100,1.1367670597751797e-13,5.683835298875899e-13
nonlinear_strong,top12,rmse,xgb_sko_quad_scale,xgb_sko_ridge,-0.12519926133324744,0.06361361086426182,0.006361361086426182,-0.13782158183560195,-0.11257694083089291,100,5.3868095234130745e-36,4.3094476187304596e-35
nonlinear_strong,top12,rmse,xgb_sko_quad_scale,xgb_sko_quad,-0.014111339396921394,0.025860186676398153,0.0025860186676398152,-0.019242561474170215,-0.008980117319672574,100,3.587135505058679e-07,1.4348542020234716e-06
nonlinear_strong,top12,rmse,xgb_sko_quad_scale,xgb_sko_scale,-0.07331166856713811,0.05821241822278136,0.005821241822278136,-0.08486227526973368,-0.06176106186454254,100,2.8019762347161745e-22,1.6811857408297048e-21
nonlinear_strong,top12,rmse,tabm_sko_quad_scale,tabm_sko_ridge,-0.11023337135858577,0.05463929041621486,0.005463929041621486,-0.12107499198481171,-0.09939175073235983,100,7.531659621387662e-37,6.778493659248896e-36
nonlinear_strong,top12,rmse,tabm_sko_quad_scale,tabm_sko_quad,-0.005497867021949753,0.024469047036415097,0.00244690470364151,-0.010353056813641567,-0.0006426772302579398,100,0.02686912859223038,0.05373825718446076
nonlinear_strong,top12,rmse,tabm_sko_quad_scale,tabm_sko_scale,-0.07441529949412323,0.053290831074448486,0.005329083107444848,-0.08498935653191386,-0.0638412424563326,100,3.901878565820478e-25,2.7313149960743347e-24
nonlinear_strong,top12,rmse,tabm_sko_quad_scale,tabm_orbit,0.013097228628467916,0.02439068775259968,0.002439068775259968,0.008257587018701565,0.017936870238234266,100,5.218863492773907e-07,1.565659047832172e-06
nonlinear_strong,top12,rmse,tabm_sko_quad_scale,tabm_orbit_student,-0.0006028751322837255,0.029804017683718383,0.002980401768371838,-0.0065166388433935815,0.00531088857882613,100,0.8401130792731786,0.8401130792731786
nonlinear_strong,top12,rmse,tabm_sko_quad_scale,xgb_shap,0.019056600070460967,0.029052262834419158,0.0029052262834419157,0.013292000830886948,0.024821199310034986,100,2.4813230472602947e-09,1.2406615236301473e-08
nonlinear_strong,top8,FDP,xgb_sko_quad_scale,xgb_sko_ridge,-0.25125,0.1633138129955685,0.01633138129955685,-0.2836550036161326,-0.21884499638386737,100,5.340627569871805e-28,4.806564812884624e-27
nonlinear_strong,top8,FDP,xgb_sko_quad_scale,xgb_sko_quad,-0.01375,0.04665245995874194,0.004665245995874194,-0.02300686018797158,-0.004493139812028419,100,0.003997626916755842,0.007995253833511684
nonlinear_strong,top8,FDP,xgb_sko_quad_scale,xgb_sko_scale,-0.1125,0.1311612855543999,0.01311612855543999,-0.13852524461787113,-0.08647475538212888,100,1.370438257611218e-13,8.222629545667308e-13
nonlinear_strong,top8,FDP,tabm_sko_quad_scale,tabm_sko_ridge,-0.21375,0.13909769657301732,0.013909769657301733,-0.2413500007455992,-0.1861499992544008,100,5.78645890196076e-28,4.806564812884624e-27
nonlinear_strong,top8,FDP,tabm_sko_quad_scale,tabm_sko_quad,0.0025,0.056127110430277134,0.005612711043027714,-0.008636836395495569,0.01363683639549557,100,0.6569905055563484,0.6569905055563484
nonlinear_strong,top8,FDP,tabm_sko_quad_scale,tabm_sko_scale,-0.1225,0.11092471739559642,0.011092471739559642,-0.14450987045976524,-0.10049012954023476,100,5.876486111688303e-19,4.113540278181812e-18
nonlinear_strong,top8,FDP,tabm_sko_quad_scale,tabm_orbit,0.02625,0.07171906118580847,0.007171906118580847,0.012019382304883041,0.04048061769511696,100,0.00040658071664487737,0.0016263228665795095
nonlinear_strong,top8,FDP,tabm_sko_quad_scale,tabm_orbit_student,-0.04625,0.10608833511977106,0.010608833511977106,-0.06730022729019837,-0.025199772709801633,100,3.1926178302919195e-05,0.00015963089151459597
nonlinear_strong,top8,FDP,tabm_sko_quad_scale,xgb_shap,0.02875,0.08305825812298402,0.008305825812298401,0.012269439626959137,0.045230560373040865,100,0.000794660616882932,0.002383981850648796
nonlinear_strong,top8,power,xgb_sko_quad_scale,xgb_sko_ridge,0.2010000000000001,0.13065105039645478,0.013065105039645478,0.175075997107094,0.22692400289290618,100,5.340627569871538e-28,4.8065648128843845e-27
nonlinear_strong,top8,power,xgb_sko_quad_scale,xgb_sko_quad,0.011000000000000008,0.03732196796699358,0.003732196796699358,0.0035945118496227366,0.018405488150377278,100,0.00399762691675585,0.0079952538335117
nonlinear_strong,top8,power,xgb_sko_quad_scale,xgb_sko_scale,0.09000000000000005,0.10492902844351992,0.010492902844351993,0.06917980430570315,0.11082019569429695,100,1.3704382576111885e-13,8.222629545667132e-13
nonlinear_strong,top8,power,tabm_sko_quad_scale,tabm_sko_ridge,0.1710000000000001,0.11127815725841383,0.011127815725841383,0.14891999940352074,0.19308000059647945,100,5.786458901960387e-28,4.8065648128843845e-27
nonlinear_strong,top8,power,tabm_sko_quad_scale,tabm_sko_quad,-0.0019999999999999974,0.04490168834422173,0.004490168834422173,-0.010909469116396456,0.0069094691163964625,100,0.656990505556349,0.656990505556349
nonlinear_strong,top8,power,tabm_sko_quad_scale,tabm_sko_scale,0.09800000000000003,0.08873977391647715,0.008873977391647716,0.08039210363218782,0.11560789636781224,100,5.876486111688262e-19,4.113540278181783e-18
nonlinear_strong,top8,power,tabm_sko_quad_scale,tabm_orbit,-0.021000000000000008,0.05737524894864678,0.005737524894864678,-0.032384494156093575,-0.009615505843906441,100,0.00040658071664487536,0.0016263228665795014
nonlinear_strong,top8,power,tabm_sko_quad_scale,tabm_orbit_student,0.037000000000000026,0.08487066809581686,0.008487066809581686,0.02015981816784133,0.05384018183215872,100,3.19261783029189e-05,0.00015963089151459453
nonlinear_strong,top8,power,tabm_sko_quad_scale,xgb_shap,-0.02300000000000001,0.06644660649838724,0.006644660649838724,-0.0361844482984327,-0.009815551701567315,100,0.000794660616882932,0.002383981850648796
nonlinear_weak,native,FDP,xgb_sko_quad_scale,xgb_sko_ridge,0.08056206320912203,0.1456412203639401,0.014564122036394008,0.05166368538066788,0.10946044103757618,100,2.593282655895511e-07,1.5559695935373066e-06
nonlinear_weak,native,FDP,xgb_sko_quad_scale,xgb_sko_quad,0.008237951862951863,0.12381120221540037,0.012381120221540037,-0.016328876759294817,0.03280478048519854,100,0.5073648836602772,0.5073648836602772
nonlinear_weak,native,FDP,xgb_sko_quad_scale,xgb_sko_scale,0.07462266926972809,0.14522063210714117,0.014522063210714118,0.04580774527614853,0.10343759326330765,100,1.3926531960616651e-06,6.963265980308326e-06
nonlinear_weak,native,FDP,tabm_sko_quad_scale,tabm_sko_ridge,0.09449839999182102,0.15037647246932767,0.015037647246932767,0.06466044541364915,0.1243363545699929,100,8.892026427216176e-09,7.11362114177294e-08
nonlinear_weak,native,FDP,tabm_sko_quad_scale,tabm_sko_quad,0.020030867524288575,0.12366984114774283,0.012366984114774283,-0.004507911995285156,0.04456964704386231,100,0.10847691439622119,0.21695382879244238
nonlinear_weak,native,FDP,tabm_sko_quad_scale,tabm_sko_scale,0.08636744761086866,0.15410016393846807,0.015410016393846806,0.05579063185917113,0.11694426336256619,100,1.8846624586560253e-07,1.3192637210592178e-06
nonlinear_weak,native,FDP,tabm_sko_quad_scale,tabm_orbit,-0.06028168131031908,0.18588158508507763,0.018588158508507764,-0.09716462052023053,-0.02339874210040762,100,0.0016126587622785162,0.006450635049114065
nonlinear_weak,native,FDP,tabm_sko_quad_scale,tabm_orbit_student,-0.041287365168944115,0.2031140771200675,0.02031140771200675,-0.08158960466011209,-0.0009851256777761372,100,0.044758414975336815,0.13427524492601045
nonlinear_weak,native,power,xgb_sko_quad_scale,xgb_sko_ridge,0.512,0.3485264797267305,0.034852647972673054,0.4428447850876574,0.5811552149123426,100,1.2993097933552777e-26,1.0394478346842222e-25
nonlinear_weak,native,power,xgb_sko_quad_scale,xgb_sko_quad,0.11599999999999998,0.2936086861897322,0.029360868618973218,0.057741666775213994,0.17425833322478596,100,0.0001460691382014385,0.0004382074146043155
nonlinear_weak,native,power,xgb_sko_quad_scale,xgb_sko_scale,0.3899999999999999,0.3343922574136277,0.03343922574136277,0.3236493214386624,0.45635067856133743,100,2.707381471440157e-20,1.3536907357200786e-19
nonlinear_weak,native,power,tabm_sko_quad_scale,tabm_sko_ridge,0.441,0.3284782790352808,0.03284782790352808,0.37582278305357963,0.5061772169464204,100,5.0512598756173534e-24,3.5358819129321475e-23
nonlinear_weak,native,power,tabm_sko_quad_scale,tabm_sko_quad,0.044,0.26335826502613463,0.026335826502613464,-0.008255993378477267,0.09625599337847726,100,0.09793400628521443,0.09793400628521443
nonlinear_weak,native,power,tabm_sko_quad_scale,tabm_sko_scale,0.40900000000000003,0.33336211996911563,0.033336211996911565,0.34285372305664097,0.4751462769433591,100,1.3696994596773405e-21,8.218196758064042e-21
nonlinear_weak,native,power,tabm_sko_quad_scale,tabm_orbit,-0.24600000000000002,0.3373754914367999,0.03373754914367999,-0.3129426169132471,-0.17905738308675295,100,7.633988105553425e-11,3.05359524222137e-10
nonlinear_weak,native,power,tabm_sko_quad_scale,tabm_orbit_student,0.08399999999999999,0.3991708578257859,0.03991708578257859,0.00479584173538132,0.16320415826461865,100,0.03787979226214718,0.07575958452429436
nonlinear_weak,native,rmse,xgb_sko_quad_scale,xgb_sko_ridge,-0.12883650213223324,0.09253219749307123,0.009253219749307123,-0.14719689761484336,-0.11047610664962312,100,4.726976637242022e-25,3.781581309793617e-24
nonlinear_weak,native,rmse,xgb_sko_quad_scale,xgb_sko_quad,-0.030852256878915466,0.07733273674136559,0.00773327367413656,-0.04619674959379306,-0.015507764164037872,100,0.00012698169465795778,0.00038094508397387337
nonlinear_weak,native,rmse,xgb_sko_quad_scale,xgb_sko_scale,-0.09795030411452185,0.08797284265366082,0.008797284265366082,-0.11540602468110184,-0.08049458354794187,100,3.74048170300929e-19,1.8702408515046448e-18
nonlinear_weak,native,rmse,tabm_sko_quad_scale,tabm_sko_ridge,-0.1201050487197612,0.08976107883306862,0.008976107883306862,-0.1379155941403894,-0.102294503299133,100,6.26624097289279e-24,4.386368681024953e-23
nonlinear_weak,native,rmse,tabm_sko_quad_scale,tabm_sko_quad,-0.01276621412262452,0.07195233176238437,0.007195233176238438,-0.02704311776097449,0.0015106895157254493,100,0.07909434718404201,0.15818869436808403
nonlinear_weak,native,rmse,tabm_sko_quad_scale,tabm_sko_scale,-0.10875348577778951,0.08959908623975374,0.008959908623975374,-0.12653188835345028,-0.09097508320212874,100,2.6060777494425862e-21,1.563646649665552e-20
nonlinear_weak,native,rmse,tabm_sko_quad_scale,tabm_orbit,0.057078259530550124,0.08163559322458845,0.008163559322458845,0.04087998673828055,0.07327653232281969,100,3.2186105259128563e-10,1.2874442103651425e-09
nonlinear_weak,native,rmse,tabm_sko_quad_scale,tabm_orbit_student,-0.017485622836113643,0.10123559463390282,0.010123559463390282,-0.03757296113297878,0.002601715460751497,100,0.08724667614231822,0.15818869436808403
nonlinear_weak,native10,FDP,xgb_sko_quad_scale,xgb_sko_ridge,0.027000000000000003,0.06787328757941714,0.006787328757941714,0.013532467223029681,0.04046753277697032,100,0.00013240968735856676,0.0010592774988685341
nonlinear_weak,native10,FDP,xgb_sko_quad_scale,xgb_sko_quad,0.012792207792207792,0.07289782076966864,0.007289782076966863,-0.0016723013777140312,0.027256716962129616,100,0.08238499359068144,0.2771460516270936
nonlinear_weak,native10,FDP,xgb_sko_quad_scale,xgb_sko_scale,0.027000000000000003,0.06787328757941714,0.006787328757941714,0.013532467223029681,0.04046753277697032,100,0.00013240968735856676,0.0010592774988685341
nonlinear_weak,native10,FDP,tabm_sko_quad_scale,tabm_sko_ridge,0.01865151515151515,0.066821513340191,0.0066821513340191,0.005392677202008096,0.03191035310102221,100,0.006301058848734935,0.031505294243674674
nonlinear_weak,native10,FDP,tabm_sko_quad_scale,tabm_sko_quad,0.003290209790209789,0.09072976291656813,0.009072976291656813,-0.014712543568332046,0.021292963148751624,100,0.717648048726171,0.717648048726171
nonlinear_weak,native10,FDP,tabm_sko_quad_scale,tabm_sko_scale,0.01456060606060606,0.07928514844290892,0.007928514844290892,-0.0011712874937241501,0.03029249961493627,100,0.0692865129067734,0.2771460516270936
nonlinear_weak,native10,FDP,tabm_sko_quad_scale,tabm_orbit,-0.04566258741258741,0.11728642717949382,0.011728642717949381,-0.06893475911173144,-0.02239041571344338,100,0.00017961146708192268,0.001077668802491536
nonlinear_weak,native10,FDP,tabm_sko_quad_scale,tabm_orbit_student,-0.017579254079254078,0.13260933246727646,0.013260933246727646,-0.04389182262023615,0.008733314461727992,100,0.18800906438069986,0.37601812876139973
nonlinear_weak,native10,power,xgb_sko_quad_scale,xgb_sko_ridge,0.153,0.34125585058069774,0.03412558505806977,0.08528743564762654,0.22071256435237346,100,1.9786095574121544e-05,0.0001385026690188508
nonlinear_weak,native10,power,xgb_sko_quad_scale,xgb_sko_quad,0.09,0.3223963305302869,0.03223963305302869,0.026029573585760843,0.15397042641423914,100,0.006294735196691041,0.025178940786764165
nonlinear_weak,native10,power,xgb_sko_quad_scale,xgb_sko_scale,0.153,0.34125585058069774,0.03412558505806977,0.08528743564762654,0.22071256435237346,100,1.9786095574121544e-05,0.0001385026690188508
nonlinear_weak,native10,power,tabm_sko_quad_scale,tabm_sko_ridge,0.076,0.24417248415864148,0.024417248415864148,0.02755088178404383,0.12444911821595617,100,0.002424669632714418,0.01212334816357209
nonlinear_weak,native10,power,tabm_sko_quad_scale,tabm_sko_quad,0.018000000000000002,0.2868780052548294,0.02868780052548294,-0.038922820104162946,0.07492282010416296,100,0.5318124807179914,1.0
nonlinear_weak,native10,power,tabm_sko_quad_scale,tabm_sko_scale,0.06,0.2715462644511497,0.02715462644511497,0.00611932989571691,0.11388067010428309,100,0.029439714084838118,0.08831914225451436
nonlinear_weak,native10,power,tabm_sko_quad_scale,tabm_orbit,-0.198,0.4032644569289764,0.04032644569289764,-0.2780164171379418,-0.1179835828620582,100,3.5957959723400835e-06,2.8766367778720668e-05
nonlinear_weak,native10,power,tabm_sko_quad_scale,tabm_orbit_student,-0.0069999999999999975,0.3579557559703758,0.03579557559703758,-0.0780261878886525,0.06402618788865251,100,0.8453593765540455,1.0
nonlinear_weak,top12,FDP,xgb_sko_quad_scale,xgb_sko_ridge,-0.17583333333333337,0.10653124294734256,0.010653124294734256,-0.19697144314547405,-0.1546952235211927,100,3.499905095441424e-30,2.7999240763531394e-29
nonlinear_weak,top12,FDP,xgb_sko_quad_scale,xgb_sko_quad,-0.0325,0.08775715778775774,0.008775715778775773,-0.04991292400986911,-0.015087075990130892,100,0.00035021794899774676,0.0010506538469932402
nonlinear_weak,top12,FDP,xgb_sko_quad_scale,xgb_sko_scale,-0.13166666666666668,0.113719386058104,0.0113719386058104,-0.1542310600198317,-0.10910227331350167,100,4.1186308854205843e-20,2.059315442710292e-19
nonlinear_weak,top12,FDP,tabm_sko_quad_scale,tabm_sko_ridge,-0.17083333333333336,0.11567338107215688,0.011567338107215688,-0.1937854416895031,-0.14788122497716363,100,9.043091389129817e-27,6.330163972390872e-26
nonlinear_weak,top12,FDP,tabm_sko_quad_scale,tabm_sko_quad,-0.0058333333333333345,0.07514949560119054,0.0075149495601190535,-0.020744623640254277,0.00907795697358761,100,0.4394634199328833,0.8789268398657666
nonlinear_weak,top12,FDP,tabm_sko_quad_scale,tabm_sko_scale,-0.13666666666666666,0.10495576536036191,0.01049557653603619,-0.15749216754532644,-0.11584116578800686,100,3.5248823222967196e-23,2.1149293933780317e-22
nonlinear_weak,top12,FDP,tabm_sko_quad_scale,tabm_orbit,0.07750000000000001,0.1041068852025498,0.010410688520254981,0.056842935361233235,0.09815706463876679,100,3.64488932388486e-11,1.457955729553944e-10
nonlinear_weak,top12,FDP,tabm_sko_quad_scale,tabm_orbit_student,-0.007499999999999998,0.11053829620112779,0.011053829620112778,-0.029433196111316555,0.01443319611131656,100,0.49903902368674036,0.8789268398657666
nonlinear_weak,top12,FDP,tabm_sko_quad_scale,xgb_shap,0.19333333333333338,0.09613752775282004,0.009613752775282005,0.1742575621090052,0.21240910455766157,100,9.730015212948083e-37,8.757013691653275e-36
nonlinear_weak,top12,power,xgb_sko_quad_scale,xgb_sko_ridge,0.21100000000000002,0.1278374915368111,0.01278374915368111,0.1856342682254312,0.23636573177456885,100,3.499905095441524e-30,2.799924076353219e-29
nonlinear_weak,top12,power,xgb_sko_quad_scale,xgb_sko_quad,0.03900000000000001,0.10530858934530932,0.010530858934530932,0.018104491188157067,0.05989550881184295,100,0.00035021794899774876,0.0010506538469932463
nonlinear_weak,top12,power,xgb_sko_quad_scale,xgb_sko_scale,0.15800000000000003,0.1364632632697248,0.01364632632697248,0.13092272797620202,0.18507727202379803,100,4.1186308854205843e-20,2.059315442710292e-19
nonlinear_weak,top12,power,tabm_sko_quad_scale,tabm_sko_ridge,0.20500000000000004,0.1388080572865883,0.013880805728658829,0.17745746997259637,0.23254253002740372,100,9.04309138913001e-27,6.330163972391007e-26
nonlinear_weak,top12,power,tabm_sko_quad_scale,tabm_sko_quad,0.007000000000000003,0.09017939472142866,0.009017939472142866,-0.010893548368305132,0.024893548368305138,100,0.4394634199328833,0.8789268398657666
nonlinear_weak,top12,power,tabm_sko_quad_scale,tabm_sko_scale,0.16400000000000003,0.1259469184324343,0.01259469184324343,0.1390093989456083,0.18899060105439178,100,3.5248823222966443e-23,2.1149293933779866e-22
nonlinear_weak,top12,power,tabm_sko_quad_scale,tabm_orbit,-0.09300000000000003,0.12492826224305977,0.012492826224305977,-0.11778847756652017,-0.06821152243347989,100,3.64488932388486e-11,1.457955729553944e-10
nonlinear_weak,top12,power,tabm_sko_quad_scale,tabm_orbit_student,0.009000000000000003,0.13264595544135335,0.013264595544135335,-0.017319835333579864,0.03531983533357987,100,0.49903902368674014,0.8789268398657666
nonlinear_weak,top12,power,tabm_sko_quad_scale,xgb_shap,-0.23200000000000004,0.11536503330338406,0.011536503330338406,-0.2548909254691939,-0.2091090745308062,100,9.730015212948222e-37,8.7570136916534e-36
nonlinear_weak,top12,rmse,xgb_sko_quad_scale,xgb_sko_ridge,-0.058280928877192544,0.040873631733888166,0.004087363173388816,-0.06639114417280295,-0.05017071358158213,100,9.736143767504294e-26,7.788915014003435e-25
nonlinear_weak,top12,rmse,xgb_sko_quad_scale,xgb_sko_quad,-0.012116912428786365,0.03257319876663504,0.0032573198766635038,-0.01858014174454826,-0.005653683113024469,100,0.00033075282714069184,0.0009922584814220756
nonlinear_weak,top12,rmse,xgb_sko_quad_scale,xgb_sko_scale,-0.04155483814492841,0.040171648311117455,0.0040171648311117455,-0.04952576469982485,-0.033583911590031976,100,1.9425287398496297e-17,9.712643699248148e-17
nonlinear_weak,top12,rmse,tabm_sko_quad_scale,tabm_sko_ridge,-0.06553904237588051,0.04310104677571004,0.004310104677571004,-0.07409122513989376,-0.05698685961186726,100,1.2072497172609235e-27,1.0865247455348311e-26
nonlinear_weak,top12,rmse,tabm_sko_quad_scale,tabm_sko_quad,-0.002388173253763977,0.025363237779532487,0.0025363237779532487,-0.0074207898884933576,0.0026444433809654035,100,0.3486953381493656,0.3486953381493656
nonlinear_weak,top12,rmse,tabm_sko_quad_scale,tabm_sko_scale,-0.0490116282862752,0.040056654293392446,0.004005665429339245,-0.05695973753324243,-0.041063519039307966,100,1.6129867194284427e-21,1.1290907035999098e-20
nonlinear_weak,top12,rmse,tabm_sko_quad_scale,tabm_orbit,0.02140517522660381,0.0341637352790615,0.0034163735279061497,0.014626348959846908,0.028184001493360714,100,9.688073562116017e-09,3.875229424846407e-08
nonlinear_weak,top12,rmse,tabm_sko_quad_scale,tabm_orbit_student,0.006503661068046424,0.03520303760575211,0.0035203037605752107,-0.00048138532814667213,0.013488707464239521,100,0.06766491431296194,0.13532982862592388
nonlinear_weak,top12,rmse,tabm_sko_quad_scale,xgb_shap,0.03913246686990909,0.03315816013935074,0.0033158160139350737,0.032553168526975165,0.04571176521284301,100,1.3632793373903685e-20,8.179676024342211e-20
nonlinear_weak,top8,FDP,xgb_sko_quad_scale,xgb_sko_ridge,-0.22625,0.15559331702560464,0.015559331702560464,-0.25712308971836695,-0.1953769102816331,100,2.60136529368996e-26,2.081092234951968e-25
nonlinear_weak,top8,FDP,xgb_sko_quad_scale,xgb_sko_quad,-0.04875,0.10644478580110173,0.010644478580110172,-0.06987095483862568,-0.027629045161374325,100,1.356154634596006e-05,4.068463903788018e-05
nonlinear_weak,top8,FDP,xgb_sko_quad_scale,xgb_sko_scale,-0.175,0.1475815131725618,0.01475815131725618,-0.20428337401662988,-0.1457166259833701,100,1.0336131959178455e-20,6.201679175507073e-20
nonlinear_weak,top8,FDP,tabm_sko_quad_scale,tabm_sko_ridge,-0.20875,0.14330051597530233,0.014330051597530234,-0.23718393129581355,-0.18031606870418643,100,2.3028297022190433e-26,2.072546731997139e-25
nonlinear_weak,top8,FDP,tabm_sko_quad_scale,tabm_sko_quad,-0.00375,0.09804754309553455,0.009804754309553455,-0.023204759706393775,0.015704759706393775,100,0.7029344856867783,0.7029344856867783
nonlinear_weak,top8,FDP,tabm_sko_quad_scale,tabm_sko_scale,-0.15875,0.14417892748703998,0.014417892748703998,-0.1873582271970126,-0.13014177280298742,100,6.924560757006331e-19,3.4622803785031655e-18
nonlinear_weak,top8,FDP,tabm_sko_quad_scale,tabm_orbit,0.09625,0.11356121252390267,0.011356121252390267,0.07371699170761922,0.11878300829238078,100,2.273428376960925e-13,9.0937135078437e-13
nonlinear_weak,top8,FDP,tabm_sko_quad_scale,tabm_orbit_student,-0.05,0.15179897658722638,0.015179897658722638,-0.08012021025660443,-0.01987978974339558,100,0.00137161930389742,0.00274323860779484
nonlinear_weak,top8,FDP,tabm_sko_quad_scale,xgb_shap,0.18125,0.1414380954640045,0.01414380954640045,0.1531856133391219,0.2093143866608781,100,9.575502370890441e-23,6.7028516596233085e-22
nonlinear_weak,top8,power,xgb_sko_quad_scale,xgb_sko_ridge,0.18100000000000005,0.1244746536204837,0.01244746536204837,0.15630152822530652,0.20569847177469358,100,2.601365293689923e-26,2.0810922349519385e-25
nonlinear_weak,top8,power,xgb_sko_quad_scale,xgb_sko_quad,0.03900000000000001,0.08515582864088136,0.008515582864088137,0.022103236129099466,0.05589676387090055,100,1.3561546345960031e-05,4.068463903788009e-05
nonlinear_weak,top8,power,xgb_sko_quad_scale,xgb_sko_scale,0.14,0.11806521053804943,0.011806521053804944,0.11657330078669609,0.16342669921330394,100,1.0336131959178311e-20,6.201679175506987e-20
nonlinear_weak,top8,power,tabm_sko_quad_scale,tabm_sko_ridge,0.16699999999999998,0.11464041278024187,0.011464041278024186,0.14425285496334914,0.18974714503665083,100,2.3028297022190433e-26,2.072546731997139e-25
nonlinear_weak,top8,power,tabm_sko_quad_scale,tabm_sko_quad,0.002999999999999997,0.07843803447642765,0.007843803447642765,-0.012563807765115025,0.018563807765115018,100,0.7029344856867785,0.7029344856867785
nonlinear_weak,top8,power,tabm_sko_quad_scale,tabm_sko_scale,0.12699999999999997,0.11534314198963198,0.011534314198963199,0.1041134182423899,0.14988658175761005,100,6.924560757006432e-19,3.462280378503216e-18
nonlinear_weak,top8,power,tabm_sko_quad_scale,tabm_orbit,-0.07700000000000001,0.09084897001912215,0.009084897001912215,-0.09502640663390463,-0.05897359336609539,100,2.273428376960925e-13,9.0937135078437e-13
nonlinear_weak,top8,power,tabm_sko_quad_scale,tabm_orbit_student,0.04000000000000001,0.12143918126978108,0.012143918126978109,0.015903831794716473,0.06409616820528355,100,0.0013716193038974158,0.0027432386077948317
nonlinear_weak,top8,power,tabm_sko_quad_scale,xgb_shap,-0.14500000000000005,0.11315047637120361,0.011315047637120362,-0.16745150932870254,-0.12254849067129756,100,9.575502370890441e-23,6.7028516596233085e-22
pure_interactions,native,FDP,xgb_sko_quad_scale,xgb_sko_ridge,0.13490648006440845,0.17035460194526045,0.017035460194526043,0.10110443116967846,0.16870852895913843,100,3.5746632493647535e-12,1.7873316246823767e-11
pure_interactions,native,FDP,xgb_sko_quad_scale,xgb_sko_quad,-0.0043747281065055965,0.13752249809955086,0.013752249809955087,-0.03166217530080054,0.022912719087789347,100,0.7510715601358147,1.0
pure_interactions,native,FDP,xgb_sko_quad_scale,xgb_sko_scale,0.15104933720726557,0.160405828804075,0.0160405828804075,0.11922134074388104,0.18287733367065012,100,2.0491132007498487e-15,1.2294679204499092e-14
pure_interactions,native,FDP,tabm_sko_quad_scale,tabm_sko_ridge,0.1492889518667719,0.14488933634610993,0.014488933634610993,0.12053976413969246,0.17803813959385134,100,2.382125129454652e-17,1.9057001035637216e-16
pure_interactions,native,FDP,tabm_sko_quad_scale,tabm_sko_quad,-0.0006815434307694376,0.10902107019852599,0.010902107019852598,-0.022313688986722768,0.020950602125183893,100,0.950278890031737,1.0
pure_interactions,native,FDP,tabm_sko_quad_scale,tabm_sko_scale,0.1492889518667719,0.14488933634610993,0.014488933634610993,0.12053976413969246,0.17803813959385134,100,2.382125129454652e-17,1.9057001035637216e-16
pure_interactions,native,FDP,tabm_sko_quad_scale,tabm_orbit,-0.00516211177546819,0.20139821321652443,0.020139821321652443,-0.045123886642246966,0.03479966309131059,100,0.7982404978574884,1.0
pure_interactions,native,FDP,tabm_sko_quad_scale,tabm_orbit_student,-0.003548184852717748,0.2010579364133196,0.02010579364133196,-0.0434424414193841,0.03634607171394861,100,0.860280715700405,1.0
pure_interactions,native,power,xgb_sko_quad_scale,xgb_sko_ridge,0.792,0.2281590797153724,0.02281590797153724,0.7467282886388138,0.8372717113611863,100,3.148315046794705e-57,1.5741575233973525e-56
pure_interactions,native,power,xgb_sko_quad_scale,xgb_sko_quad,0.016,0.19421949469919883,0.01942194946991988,-0.022537361369560104,0.054537361369560104,100,0.41202764640824396,0.41202764640824396
pure_interactions,native,power,xgb_sko_quad_scale,xgb_sko_scale,0.8020000000000002,0.21880298781037585,0.021880298781037585,0.7585847402545907,0.8454152597454097,100,2.1166384953721516e-59,1.269983097223291e-58
pure_interactions,native,power,tabm_sko_quad_scale,tabm_sko_ridge,0.9540000000000001,0.10092501466860722,0.010092501466860722,0.9339742875063288,0.9740257124936713,100,7.464934284124969e-99,5.971947427299975e-98
pure_interactions,native,power,tabm_sko_quad_scale,tabm_sko_quad,0.006999999999999998,0.04975698519562429,0.004975698519562429,-0.002872865348112431,0.01687286534811243,100,0.1626070855633724,0.3252141711267448
pure_interactions,native,power,tabm_sko_quad_scale,tabm_sko_scale,0.95,0.1049290284435199,0.01049290284435199,0.929179804305703,0.9708201956942969,100,5.075426564086441e-97,3.552798594860508e-96
pure_interactions,native,power,tabm_sko_quad_scale,tabm_orbit,-0.030999999999999993,0.06465916857498308,0.006465916857498308,-0.04382978183569389,-0.0181702181643061,100,5.7564124976665366e-06,2.3025649990666146e-05
pure_interactions,native,power,tabm_sko_quad_scale,tabm_orbit_student,0.032,0.17458753701455348,0.01745875370145535,-0.0026419550466426633,0.06664195504664266,100,0.06982408879914605,0.20947226639743816
pure_interactions,native,rmse,xgb_sko_quad_scale,xgb_sko_ridge,-0.16378840595131233,0.06120409666945492,0.006120409666945492,-0.1759326265626432,-0.15164418533998147,100,4.0567325793865796e-47,2.0283662896932897e-46
pure_interactions,native,rmse,xgb_sko_quad_scale,xgb_sko_quad,-0.005394433942421295,0.05149749196185392,0.005149749196185392,-0.015612653593510564,0.004823785708667973,100,0.29741330957680734,0.5948266191536147
pure_interactions,native,rmse,xgb_sko_quad_scale,xgb_sko_scale,-0.16463805615095065,0.0611342547702713,0.00611342547702713,-0.17676841861425294,-0.15250769368764835,100,2.3393678669418895e-47,1.4036207201651338e-46
pure_interactions,native,rmse,tabm_sko_quad_scale,tabm_sko_ridge,-0.19973480859749648,0.04306046972538515,0.004306046972538515,-0.20827893999440006,-0.1911906772005929,100,5.732165817017039e-69,4.585732653613631e-68
pure_interactions,native,rmse,tabm_sko_quad_scale,tabm_sko_quad,-0.0010390233582581276,0.02099976213180548,0.0020999762131805482,-0.005205831758215982,0.0031277850416997276,100,0.6218526578157393,0.6218526578157393
pure_interactions,native,rmse,tabm_sko_quad_scale,tabm_sko_scale,-0.19812622761962995,0.044438316056024205,0.00444383160560242,-0.2069437536211163,-0.1893087016181436,100,2.4165322453489055e-67,1.6915725717442339e-66
pure_interactions,native,rmse,tabm_sko_quad_scale,tabm_orbit,0.006387895378799224,0.026948420048724674,0.0026948420048724673,0.0010407441910936302,0.011735046566504818,100,0.019705480703624073,0.07882192281449629
pure_interactions,native,rmse,tabm_sko_quad_scale,tabm_orbit_student,-0.0058863305255800365,0.04363401820417433,0.004363401820417433,-0.014544266383896153,0.00277160533273608,100,0.18040697436647374,0.5412209230994212
pure_interactions,native10,FDP,xgb_sko_quad_scale,xgb_sko_ridge,0.07375334469452116,0.11035321369759621,0.011035321369759621,0.0518568729672981,0.09564981642174422,100,1.3877436550145367e-09,1.1101949240116294e-08
pure_interactions,native10,FDP,xgb_sko_quad_scale,xgb_sko_quad,0.022567364008540473,0.09874358319482358,0.009874358319482359,0.0029744948457527884,0.04216023317132816,100,0.02441897794114169,0.09767591176456676
pure_interactions,native10,FDP,xgb_sko_quad_scale,xgb_sko_scale,0.07375334469452116,0.11035321369759621,0.011035321369759621,0.0518568729672981,0.09564981642174422,100,1.3877436550145367e-09,1.1101949240116294e-08
pure_interactions,native10,FDP,tabm_sko_quad_scale,tabm_sko_ridge,0.05687445887445887,0.09514357225588091,0.009514357225588091,0.037995909984737855,0.07575300776417988,100,3.588574123707634e-08,2.1531444742245803e-07
pure_interactions,native10,FDP,tabm_sko_quad_scale,tabm_sko_quad,0.003477696216826651,0.05743850635460221,0.005743850635460221,-0.007919349580987438,0.01487474201464074,100,0.546256080182169,1.0
pure_interactions,native10,FDP,tabm_sko_quad_scale,tabm_sko_scale,0.05687445887445887,0.09514357225588091,0.009514357225588091,0.037995909984737855,0.07575300776417988,100,3.588574123707634e-08,2.1531444742245803e-07
pure_interactions,native10,FDP,tabm_sko_quad_scale,tabm_orbit,-0.013595071595071584,0.14125799840305983,0.014125799840305982,-0.04162372309182536,0.014433579901682191,100,0.3381793188721536,1.0
pure_interactions,native10,FDP,tabm_sko_quad_scale,tabm_orbit_student,-0.0018906093906093816,0.12181760536883005,0.012181760536883005,-0.026061865147112152,0.022280646365893386,100,0.8769796318182659,1.0
pure_interactions,native10,power,xgb_sko_quad_scale,xgb_sko_ridge,0.396,0.46142510910561785,0.04614251091056178,0.304443247666089,0.48755675233391105,100,1.3374926973511947e-13,8.024956184107168e-13
pure_interactions,native10,power,xgb_sko_quad_scale,xgb_sko_quad,0.15499999999999997,0.44138784795600383,0.044138784795600385,0.06741907498957599,0.24258092501042394,100,0.0006723950248748691,0.002017185074624607
pure_interactions,native10,power,xgb_sko_quad_scale,xgb_sko_scale,0.396,0.46142510910561785,0.04614251091056178,0.304443247666089,0.48755675233391105,100,1.3374926973511947e-13,8.024956184107168e-13
pure_interactions,native10,power,tabm_sko_quad_scale,tabm_sko_ridge,0.7340000000000001,0.437905944423704,0.0437905944423704,0.6471099601908068,0.8208900398091934,100,1.1337137244045323e-30,9.069709795236259e-30
pure_interactions,native10,power,tabm_sko_quad_scale,tabm_sko_quad,0.051,0.3245805373902219,0.03245805373902219,-0.013403820441947621,0.11540382044194761,100,0.11931324498279633,0.11931324498279633
pure_interactions,native10,power,tabm_sko_quad_scale,tabm_sko_scale,0.7340000000000001,0.437905944423704,0.0437905944423704,0.6471099601908068,0.8208900398091934,100,1.1337137244045323e-30,9.069709795236259e-30
pure_interactions,native10,power,tabm_sko_quad_scale,tabm_orbit,-0.226,0.5020402816950492,0.05020402816950492,-0.3256156837279511,-0.12638431627204894,100,1.8431362904759344e-05,7.372545161903738e-05
pure_interactions,native10,power,tabm_sko_quad_scale,tabm_orbit_student,0.20799999999999996,0.6135967813646109,0.06135967813646109,0.08624908650251717,0.32975091349748276,100,0.0010055026812605748,0.002017185074624607
pure_interactions,top12,FDP,xgb_sko_quad_scale,xgb_sko_ridge,-0.3808333333333333,0.11620579967793292,0.011620579967793292,-0.40389108509179095,-0.35777558157487566,100,5.956802202292476e-55,3.874457212246893e-54
pure_interactions,top12,FDP,xgb_sko_quad_scale,xgb_sko_quad,-0.0024999999999999996,0.05486310890110085,0.005486310890110085,-0.013386031069403118,0.00838603106940312,100,0.6496183054980829,0.6966856657025986
pure_interactions,top12,FDP,xgb_sko_quad_scale,xgb_sko_scale,-0.39250000000000007,0.11683189358229495,0.011683189358229495,-0.4156819823722849,-0.36931801762771527,100,6.24863800554635e-56,4.99891040443708e-55
pure_interactions,top12,FDP,tabm_sko_quad_scale,tabm_sko_ridge,-0.4150000000000001,0.11724244643383745,0.011724244643383746,-0.438263444965037,-0.3917365550349632,100,5.2592740553777344e-58,4.733346649839961e-57
pure_interactions,top12,FDP,tabm_sko_quad_scale,tabm_sko_quad,-0.003333333333333333,0.035375173753207,0.0035375173753207,-0.01035253527570117,0.0036858686090345026,100,0.3483428328512993,0.6966856657025986
pure_interactions,top12,FDP,tabm_sko_quad_scale,tabm_sko_scale,-0.4175000000000001,0.12729101399811737,0.012729101399811737,-0.44275729877497944,-0.39224270122502075,100,5.534938874638418e-55,3.874457212246893e-54
pure_interactions,top12,FDP,tabm_sko_quad_scale,tabm_orbit,0.023333333333333386,0.04283709648210106,0.0042837096482101055,0.0148335240340136,0.031833142632653175,100,3.74222135307334e-07,1.8711106765366699e-06
pure_interactions,top12,FDP,tabm_sko_quad_scale,tabm_orbit_student,0.010000000000000047,0.0533396460910442,0.00533396460910442,-0.0005837429961323276,0.02058374299613242,100,0.06377103841889648,0.19131311525668943
pure_interactions,top12,FDP,tabm_sko_quad_scale,xgb_shap,-0.05416666666666664,0.1007651702158019,0.010076517021580191,-0.07416066255305184,-0.03417267078028144,100,5.091207587528741e-07,2.0364830350114962e-06
pure_interactions,top12,power,xgb_sko_quad_scale,xgb_sko_ridge,0.4569999999999999,0.13944695961351952,0.013944695961351953,0.4293306978898507,0.48466930211014914,100,5.956802202292646e-55,3.874457212246947e-54
pure_interactions,top12,power,xgb_sko_quad_scale,xgb_sko_quad,0.0029999999999999983,0.06583573068132101,0.006583573068132101,-0.010063237283283746,0.01606323728328374,100,0.6496183054980831,0.6966856657025975
pure_interactions,top12,power,xgb_sko_quad_scale,xgb_sko_scale,0.4710000000000001,0.14019827229875392,0.014019827229875392,0.4431816211532583,0.49881837884674185,100,6.24863800554635e-56,4.99891040443708e-55
pure_interactions,top12,power,tabm_sko_quad_scale,tabm_sko_ridge,0.498,0.14069093572060495,0.014069093572060496,0.47008386604195573,0.5259161339580443,100,5.2592740553778094e-58,4.7333466498400283e-57
pure_interactions,top12,power,tabm_sko_quad_scale,tabm_sko_quad,0.003999999999999999,0.04245020850384837,0.004245020850384837,-0.004423042330841397,0.012423042330841395,100,0.34834283285129874,0.6966856657025975
pure_interactions,top12,power,tabm_sko_quad_scale,tabm_sko_scale,0.501,0.15274921679774084,0.015274921679774085,0.4706912414700248,0.5313087585299752,100,5.534938874638496e-55,3.874457212246947e-54
pure_interactions,top12,power,tabm_sko_quad_scale,tabm_orbit,-0.027999999999999994,0.051404515778521266,0.005140451577852126,-0.038199771159183736,-0.01780022884081625,100,3.742221353073552e-07,1.8711106765367762e-06
pure_interactions,top12,power,tabm_sko_quad_scale,tabm_orbit_student,-0.011999999999999997,0.064007575309253,0.006400757530925299,-0.024700491595358837,0.0007004915953588431,100,0.06377103841889763,0.19131311525669287
pure_interactions,top12,power,tabm_sko_quad_scale,xgb_shap,0.06499999999999999,0.12091820425896226,0.012091820425896226,0.041007204936337756,0.08899279506366223,100,5.091207587528675e-07,2.03648303501147e-06
pure_interactions,top12,rmse,xgb_sko_quad_scale,xgb_sko_ridge,-0.10780661633724825,0.044870348987741226,0.004487034898774123,-0.11670986704540691,-0.09890336562908959,100,4.265368280042857e-43,2.570854548101907e-42
pure_interactions,top12,rmse,xgb_sko_quad_scale,xgb_sko_quad,-0.003918323398658315,0.02326212292862833,0.002326212292862833,-0.00853403326296463,0.0006973864656479988,100,0.0952504172471881,0.2857512517415643
pure_interactions,top12,rmse,xgb_sko_quad_scale,xgb_sko_scale,-0.10999247823673587,0.04569930753117246,0.004569930753117246,-0.11906021230429195,-0.10092474416917979,100,3.672649354431296e-43,2.570854548101907e-42
pure_interactions,top12,rmse,tabm_sko_quad_scale,tabm_sko_ridge,-0.11931193553939838,0.044341775326885866,0.004434177532688587,-0.12811030576575802,-0.11051356531303874,100,2.522244317468037e-47,2.270019885721233e-46
pure_interactions,top12,rmse,tabm_sko_quad_scale,tabm_sko_quad,-0.0012365615099933136,0.014551702430712698,0.0014551702430712697,-0.004123934973626337,0.0016508119536397098,100,0.3975027616960156,0.7950055233920312
pure_interactions,top12,rmse,tabm_sko_quad_scale,tabm_sko_scale,-0.122364310117019,0.04597622081711466,0.004597622081711466,-0.13148698978818152,-0.11324163044585647,100,6.53774162159052e-47,5.230193297272416e-46
pure_interactions,top12,rmse,tabm_sko_quad_scale,tabm_orbit,0.005127528631141767,0.020406611868895138,0.002040661186889514,0.0010784141118297648,0.00917664315045377,100,0.013596919693374093,0.05438767877349637
pure_interactions,top12,rmse,tabm_sko_quad_scale,tabm_orbit_student,0.0011519865222512993,0.023387393600511775,0.0023387393600511775,-0.0034885797611228153,0.005792552805625414,100,0.623409009094573,0.7950055233920312
pure_interactions,top12,rmse,tabm_sko_quad_scale,xgb_shap,-0.017858839416398126,0.03380933160023277,0.003380933160023277,-0.02456734430443413,-0.011150334528362121,100,7.587398233753576e-07,3.7936991168767883e-06
pure_interactions,top8,FDP,xgb_sko_quad_scale,xgb_sko_ridge,-0.48125,0.1380498647283479,0.01380498647283479,-0.5086420881747469,-0.45385791182525315,100,2.1324863147331022e-57,1.919237683259792e-56
pure_interactions,top8,FDP,xgb_sko_quad_scale,xgb_sko_quad,0.0025,0.06400954789890506,0.006400954789890506,-0.01020088299994144,0.015200882999941441,100,0.6969566808298407,1.0
pure_interactions,top8,FDP,xgb_sko_quad_scale,xgb_sko_scale,-0.49875,0.14487782208928093,0.014487782208928093,-0.5274969030487211,-0.470003096951279,100,6.730825688351197e-57,5.384660550680957e-56
pure_interactions,top8,FDP,tabm_sko_quad_scale,tabm_sko_ridge,-0.445,0.1621743045322071,0.01621743045322071,-0.4771789004151937,-0.41282109958480634,100,4.551735200808506e-48,3.1862146405659544e-47
pure_interactions,top8,FDP,tabm_sko_quad_scale,tabm_sko_quad,0.0,0.0,0.0,0.0,0.0,100,1.0,1.0
pure_interactions,top8,FDP,tabm_sko_quad_scale,tabm_sko_scale,-0.45125,0.17215857002288104,0.017215857002288105,-0.4854099952986895,-0.41709000470131047,100,2.4619739030360403e-46,1.4771843418216242e-45
pure_interactions,top8,FDP,tabm_sko_quad_scale,tabm_orbit,0.00125,0.012499999999999999,0.0012499999999999998,-0.001230271189385853,0.0037302711893858528,100,0.31974847413930163,0.9592454224179049
pure_interactions,top8,FDP,tabm_sko_quad_scale,tabm_orbit_student,-0.015,0.0408248290463863,0.00408248290463863,-0.02310053178362837,-0.006899468216371626,100,0.00038731224982966407,0.0015492489993186563
pure_interactions,top8,FDP,tabm_sko_quad_scale,xgb_shap,-0.1625,0.12995239998794275,0.012995239998794275,-0.18828537549453128,-0.13671462450546873,100,4.328649655143355e-22,2.1643248275716775e-21
pure_interactions,top8,power,xgb_sko_quad_scale,xgb_sko_ridge,0.385,0.11043989178267831,0.011043989178267832,0.36308632946020253,0.4069136705397975,100,2.1324863147330416e-57,1.9192376832597374e-56
pure_interactions,top8,power,xgb_sko_quad_scale,xgb_sko_quad,-0.002000000000000003,0.05120763831912409,0.005120763831912409,-0.012160706399953165,0.008160706399953158,100,0.6969566808298405,1.0
pure_interactions,top8,power,xgb_sko_quad_scale,xgb_sko_scale,0.3989999999999999,0.11590225767142476,0.011590225767142475,0.37600247756102306,0.42199752243897676,100,6.730825688351484e-57,5.384660550681187e-56
pure_interactions,top8,power,tabm_sko_quad_scale,tabm_sko_ridge,0.35600000000000004,0.12973944362576567,0.012973944362576567,0.3302568796678451,0.38174312033215496,100,4.551735200808377e-48,3.186214640565864e-47
pure_interactions,top8,power,tabm_sko_quad_scale,tabm_sko_quad,0.0,0.0,0.0,0.0,0.0,100,1.0,1.0
pure_interactions,top8,power,tabm_sko_quad_scale,tabm_sko_scale,0.361,0.13772685601830484,0.013772685601830485,0.3336720037610484,0.3883279962389516,100,2.4619739030360403e-46,1.4771843418216242e-45
pure_interactions,top8,power,tabm_sko_quad_scale,tabm_orbit,-0.0010000000000000009,0.010000000000000007,0.0010000000000000007,-0.002984216951508685,0.000984216951508683,100,0.31974847413930163,0.9592454224179049
pure_interactions,top8,power,tabm_sko_quad_scale,tabm_orbit_student,0.01200000000000001,0.03265986323710907,0.0032659863237109073,0.005519574573097304,0.018480425426902716,100,0.00038731224982966483,0.0015492489993186593
pure_interactions,top8,power,tabm_sko_quad_scale,xgb_shap,0.13000000000000006,0.10396191999035419,0.01039619199903542,0.10937169960437504,0.15062830039562508,100,4.32864965514323e-22,2.1643248275716147e-21
