scene,method,rule,FDP_mean,FDP_sd,FDP_se,FDP_ci_low,FDP_ci_high,FDP_n,power_mean,power_sd,power_se,power_ci_low,power_ci_high,power_n,size_mean,size_sd,size_se,size_ci_low,size_ci_high,size_n,rmse_mean,rmse_sd,rmse_se,rmse_ci_low,rmse_ci_high,rmse_n,nonempty_fraction,null_fdr_cp_low,null_fdr_cp_high
global_null,deep_lasso,top12,1.0,0.0,0.0,1.0,1.0,100,,,,,,,12.0,0.0,0.0,12.0,12.0,100,1.0185455913828099,0.030957731887572202,0.0030957731887572204,1.0124029057436517,1.024688277021968,100.0,1.0,,
global_null,deep_lasso,top8,1.0,0.0,0.0,1.0,1.0,100,,,,,,,8.0,0.0,0.0,8.0,8.0,100,,,,,,,1.0,,
global_null,lasso_pair_q20,native,0.03,0.1714466079977653,0.01714466079977653,-0.0040187265867829974,0.064018726586783,100,,,,,,,0.18,1.0577276959538684,0.10577276959538684,-0.029876122439188774,0.3898761224391888,100,0.9991969386012893,0.03015504420180215,0.003015504420180215,0.9932135236134184,1.0051803535891604,100.0,0.03,0.006229971538306393,0.08517605297428002
global_null,lasso_pair_q20,native10,0.0,0.0,0.0,0.0,0.0,100,,,,,,,0.0,0.0,0.0,0.0,0.0,100,,,,,,,0.0,0.0,0.03621669264517641
global_null,lasso_pair_q20,top12,1.0,0.0,0.0,1.0,1.0,100,,,,,,,12.0,0.0,0.0,12.0,12.0,100,1.0159066137229538,0.03159331507489227,0.003159331507489227,1.0096378145903582,1.0221754128555494,100.0,1.0,,
global_null,lasso_pair_q20,top8,1.0,0.0,0.0,1.0,1.0,100,,,,,,,8.0,0.0,0.0,8.0,8.0,100,,,,,,,1.0,,
global_null,linear_orbit_student,native,0.01,0.09999999999999999,0.009999999999999998,-0.009842169515086823,0.029842169515086822,100,,,,,,,0.05,0.5000000000000001,0.05000000000000001,-0.04921084757543415,0.14921084757543415,100,0.9989197319147464,0.03006742907436229,0.003006742907436229,0.9929537016689829,1.0048857621605098,100.0,0.01,0.00025314603297742064,0.054459385392080645
global_null,linear_orbit_student,native10,0.0,0.0,0.0,0.0,0.0,100,,,,,,,0.0,0.0,0.0,0.0,0.0,100,,,,,,,0.0,0.0,0.03621669264517641
global_null,linear_orbit_student,top12,1.0,0.0,0.0,1.0,1.0,100,,,,,,,12.0,0.0,0.0,12.0,12.0,100,1.0152582615554682,0.030253059577991594,0.0030253059577991593,1.0092553981905028,1.0212611249204335,100.0,1.0,,
global_null,linear_orbit_student,top8,1.0,0.0,0.0,1.0,1.0,100,,,,,,,8.0,0.0,0.0,8.0,8.0,100,,,,,,,1.0,,
global_null,tabm_midpoint,native,0.05,0.2190429135575903,0.021904291355759033,0.006537133781117824,0.09346286621888218,100,,,,,,,0.32,1.4966629547095764,0.14966629547095764,0.023029599457018657,0.6169704005429814,100,0.9996946927278079,0.0305650137556634,0.00305650137556634,0.9936299308860995,1.005759454569516,100.0,0.05,0.016431879182052155,0.11283491110546275
global_null,tabm_midpoint,native10,0.0,0.0,0.0,0.0,0.0,100,,,,,,,0.0,0.0,0.0,0.0,0.0,100,,,,,,,0.0,0.0,0.03621669264517641
global_null,tabm_midpoint,top12,1.0,0.0,0.0,1.0,1.0,100,,,,,,,12.0,0.0,0.0,12.0,12.0,100,1.0162339972117813,0.031154671944644427,0.0031154671944644426,1.0100522343926557,1.022415760030907,100.0,1.0,,
global_null,tabm_midpoint,top8,1.0,0.0,0.0,1.0,1.0,100,,,,,,,8.0,0.0,0.0,8.0,8.0,100,,,,,,,1.0,,
global_null,tabm_naive,native,0.06,0.238683256575942,0.0238683256575942,0.012640063626071958,0.10735993637392804,100,,,,,,,0.36,1.4461373141279261,0.1446137314127926,0.0730549827098132,0.6469450172901867,100,0.9997459534560355,0.030536541595086297,0.0030536541595086297,0.9936868411086934,1.0058050658033775,100.0,0.06,0.02233488607131637,0.12602993458082296
global_null,tabm_naive,native10,0.0,0.0,0.0,0.0,0.0,100,,,,,,,0.0,0.0,0.0,0.0,0.0,100,,,,,,,0.0,0.0,0.03621669264517641
global_null,tabm_naive,top12,1.0,0.0,0.0,1.0,1.0,100,,,,,,,12.0,0.0,0.0,12.0,12.0,100,1.0156282971532202,0.032094074493436674,0.0032094074493436674,1.0092601364879343,1.0219964578185061,100.0,1.0,,
global_null,tabm_naive,top8,1.0,0.0,0.0,1.0,1.0,100,,,,,,,8.0,0.0,0.0,8.0,8.0,100,,,,,,,1.0,,
global_null,tabm_orbit,native,0.03,0.1714466079977653,0.01714466079977653,-0.0040187265867829974,0.064018726586783,100,,,,,,,0.24,1.4221906562153552,0.14221906562153552,-0.042193480833976504,0.5221934808339765,100,0.9990117413324904,0.030171585672838307,0.003017158567283831,0.9930250441578962,1.0049984385070847,100.0,0.03,0.006229971538306393,0.08517605297428002
global_null,tabm_orbit,native10,0.01,0.09999999999999999,0.009999999999999998,-0.009842169515086823,0.029842169515086822,100,,,,,,,0.1,1.0000000000000002,0.10000000000000002,-0.0984216951508683,0.2984216951508683,100,,,,,,,0.01,0.00025314603297742064,0.054459385392080645
global_null,tabm_orbit,top12,1.0,0.0,0.0,1.0,1.0,100,,,,,,,12.0,0.0,0.0,12.0,12.0,100,1.0166227273502662,0.031874543859228194,0.0031874543859228195,1.0102981263255575,1.0229473283749748,100.0,1.0,,
global_null,tabm_orbit,top8,1.0,0.0,0.0,1.0,1.0,100,,,,,,,8.0,0.0,0.0,8.0,8.0,100,,,,,,,1.0,,
global_null,tabm_orbit_student,native,0.05,0.2190429135575903,0.021904291355759033,0.006537133781117824,0.09346286621888218,100,,,,,,,0.35,1.6353111093129724,0.16353111093129724,0.025518797591073172,0.6744812024089268,100,0.9998365197878459,0.030454096083388952,0.003045409608338895,0.9937937664186924,1.0058792731569994,100.0,0.05,0.016431879182052155,0.11283491110546275
global_null,tabm_orbit_student,native10,0.01,0.09999999999999999,0.009999999999999998,-0.009842169515086823,0.029842169515086822,100,,,,,,,0.11,1.1,0.11000000000000001,-0.10826386466595513,0.32826386466595514,100,,,,,,,0.01,0.00025314603297742064,0.054459385392080645
global_null,tabm_orbit_student,top12,1.0,0.0,0.0,1.0,1.0,100,,,,,,,12.0,0.0,0.0,12.0,12.0,100,1.0159834701302521,0.03157710867799013,0.003157710867799013,1.0097178866984022,1.022249053562102,100.0,1.0,,
global_null,tabm_orbit_student,top8,1.0,0.0,0.0,1.0,1.0,100,,,,,,,8.0,0.0,0.0,8.0,8.0,100,,,,,,,1.0,,
global_null,tabm_pfi,top12,1.0,0.0,0.0,1.0,1.0,100,,,,,,,12.0,0.0,0.0,12.0,12.0,100,1.0169238747183962,0.03249100238440622,0.003249100238440622,1.0104769549481314,1.023370794488661,100.0,1.0,,
global_null,tabm_pfi,top8,1.0,0.0,0.0,1.0,1.0,100,,,,,,,8.0,0.0,0.0,8.0,8.0,100,,,,,,,1.0,,
global_null,xgb_midpoint,native,0.06,0.238683256575942,0.0238683256575942,0.012640063626071958,0.10735993637392804,100,,,,,,,0.34,1.3796500800689804,0.13796500800689804,0.0662474923976818,0.6137525076023183,100,0.9997871557885203,0.030132445656182217,0.0030132445656182215,0.9938082248423792,1.0057660867346614,100.0,0.06,0.02233488607131637,0.12602993458082296
global_null,xgb_midpoint,native10,0.0,0.0,0.0,0.0,0.0,100,,,,,,,0.0,0.0,0.0,0.0,0.0,100,,,,,,,0.0,0.0,0.03621669264517641
global_null,xgb_midpoint,top12,1.0,0.0,0.0,1.0,1.0,100,,,,,,,12.0,0.0,0.0,12.0,12.0,100,1.018383364831479,0.031480247832719875,0.0031480247832719873,1.0121370006927413,1.0246297289702169,100.0,1.0,,
global_null,xgb_midpoint,top8,1.0,0.0,0.0,1.0,1.0,100,,,,,,,8.0,0.0,0.0,8.0,8.0,100,,,,,,,1.0,,
global_null,xgb_naive,native,0.06,0.23868325657594203,0.023868325657594204,0.012640063626071951,0.10735993637392804,100,,,,,,,0.54,2.4429655765239113,0.24429655765239114,0.055262629110907346,1.0247373708890928,100,0.9996005231343084,0.029932198373367126,0.0029932198373367126,0.9936613255934728,1.005539720675144,100.0,0.06,0.02233488607131637,0.12602993458082296
global_null,xgb_naive,native10,0.0,0.0,0.0,0.0,0.0,100,,,,,,,0.0,0.0,0.0,0.0,0.0,100,,,,,,,0.0,0.0,0.03621669264517641
global_null,xgb_naive,top12,1.0,0.0,0.0,1.0,1.0,100,,,,,,,12.0,0.0,0.0,12.0,12.0,100,1.0175330150474775,0.03259103255253205,0.0032591032552532046,1.011066247121687,1.023999782973268,100.0,1.0,,
global_null,xgb_naive,top8,1.0,0.0,0.0,1.0,1.0,100,,,,,,,8.0,0.0,0.0,8.0,8.0,100,,,,,,,1.0,,
global_null,xgb_orbit,native,0.04,0.19694638556693236,0.019694638556693237,0.0009215643219727815,0.07907843567802722,100,,,,,,,0.24,1.1901956379375858,0.11901956379375858,0.00383936395925516,0.4761606360407448,100,0.99916063450369,0.029912043481892286,0.0029912043481892287,0.9932254361305864,1.0050958328767936,100.0,0.04,0.011004493986188198,0.09925715671265992
global_null,xgb_orbit,native10,0.0,0.0,0.0,0.0,0.0,100,,,,,,,0.0,0.0,0.0,0.0,0.0,100,,,,,,,0.0,0.0,0.03621669264517641
global_null,xgb_orbit,top12,1.0,0.0,0.0,1.0,1.0,100,,,,,,,12.0,0.0,0.0,12.0,12.0,100,1.0177690689330734,0.030946804135507287,0.0030946804135507286,1.011628551597004,1.0239095862691427,100.0,1.0,,
global_null,xgb_orbit,top8,1.0,0.0,0.0,1.0,1.0,100,,,,,,,8.0,0.0,0.0,8.0,8.0,100,,,,,,,1.0,,
global_null,xgb_orbit_student,native,0.06,0.238683256575942,0.0238683256575942,0.012640063626071958,0.10735993637392804,100,,,,,,,0.43,1.7823772571677097,0.17823772571677096,0.07633768323442797,0.7836623167655721,100,0.9995567074910593,0.030048807169354402,0.0030048807169354404,0.9935943722352544,1.005519042746864,100.0,0.06,0.02233488607131637,0.12602993458082296
global_null,xgb_orbit_student,native10,0.0,0.0,0.0,0.0,0.0,100,,,,,,,0.0,0.0,0.0,0.0,0.0,100,,,,,,,0.0,0.0,0.03621669264517641
global_null,xgb_orbit_student,top12,1.0,0.0,0.0,1.0,1.0,100,,,,,,,12.0,0.0,0.0,12.0,12.0,100,1.0174929998510618,0.030495671621517572,0.0030495671621517573,1.011441996993156,1.0235440027089675,100.0,1.0,,
global_null,xgb_orbit_student,top8,1.0,0.0,0.0,1.0,1.0,100,,,,,,,8.0,0.0,0.0,8.0,8.0,100,,,,,,,1.0,,
global_null,xgb_pfi,top12,1.0,0.0,0.0,1.0,1.0,100,,,,,,,12.0,0.0,0.0,12.0,12.0,100,1.0169133382149456,0.031665155303559844,0.0031665155303559843,1.0106302844223978,1.0231963920074933,100.0,1.0,,
global_null,xgb_pfi,top8,1.0,0.0,0.0,1.0,1.0,100,,,,,,,8.0,0.0,0.0,8.0,8.0,100,,,,,,,1.0,,
global_null,xgb_shap,top12,1.0,0.0,0.0,1.0,1.0,100,,,,,,,12.0,0.0,0.0,12.0,12.0,100,1.0179362242297605,0.03187396904397195,0.0031873969043971955,1.0116117372608693,1.0242607111986517,100.0,1.0,,
global_null,xgb_shap,top8,1.0,0.0,0.0,1.0,1.0,100,,,,,,,8.0,0.0,0.0,8.0,8.0,100,,,,,,,1.0,,
high_correlation,deep_lasso,top12,0.26416666666666666,0.08038121154518948,0.008038121154518948,0.24821729041358961,0.2801160429197437,100,0.883,0.09645745385422737,0.009645745385422736,0.8638607484963076,0.9021392515036925,100.0,12.0,0.0,0.0,12.0,12.0,100,0.7785612937220125,0.046324805610819746,0.004632480561081975,0.7693694472651792,0.7877531401788459,100.0,1.0,,
high_correlation,deep_lasso,top8,0.08875,0.10850074477238217,0.010850074477238217,0.06722109829713221,0.11027890170286778,100,0.7289999999999999,0.08680059581790578,0.008680059581790578,0.7117768786377057,0.7462231213622941,100.0,8.0,0.0,0.0,8.0,8.0,100,,,,,,,1.0,,
high_correlation,lasso_pair_q20,native,0.15492052198747244,0.15601403780982567,0.015601403780982567,0.12396395213791518,0.18587709183702972,100,0.7730000000000001,0.30841890704401087,0.030841890704401086,0.7118029976477495,0.8341970023522508,100.0,9.85,4.7362240426122355,0.47362240426122354,8.910230396850581,10.789769603149418,100,0.8351748611820251,0.13881403876776374,0.013881403876776374,0.8076311442989871,0.8627185780650631,100.0,0.89,,
high_correlation,lasso_pair_q20,native10,0.07463949938949938,0.11764776857966479,0.011764776857966478,0.051295629717205235,0.09798336906179352,100,0.43999999999999995,0.4743948830357522,0.04743948830357522,0.3458697631371481,0.5341302368628518,100.0,5.31,5.778215795362594,0.5778215795362593,4.163476626936632,6.4565233730633675,100,,,,,,,0.47,,
high_correlation,lasso_pair_q20,top12,0.2483333333333333,0.09018935063216887,0.009018935063216887,0.23043780949634232,0.2662288571703243,100,0.9020000000000001,0.10822722075860264,0.010822722075860264,0.8805253713956109,0.9234746286043893,100.0,12.0,0.0,0.0,12.0,12.0,100,0.7807274915266608,0.04553852614367459,0.0045538526143674585,0.7716916599745607,0.7897633230787608,100.0,1.0,,
high_correlation,lasso_pair_q20,top8,0.07125,0.10697723490480948,0.010697723490480949,0.05002339570763506,0.09247660429236493,100,0.7430000000000001,0.08558178792384762,0.008558178792384762,0.7260187165661082,0.759981283433892,100.0,8.0,0.0,0.0,8.0,8.0,100,,,,,,,1.0,,
high_correlation,linear_orbit_student,native,0.17464056858174504,0.1153609081407798,0.011536090814077981,0.15175046163430791,0.19753067552918216,100,0.8590000000000001,0.24250169217362316,0.024250169217362318,0.8108824031619557,0.9071175968380445,100.0,10.75,3.4681086744474685,0.3468108674447469,10.061851997848702,11.438148002151298,100,0.8088309595810149,0.10241756833092815,0.010241756833092815,0.7885090920595623,0.8291528271024675,100.0,0.95,,
high_correlation,linear_orbit_student,native10,0.08091701435819082,0.11083585903142419,0.011083585903142418,0.05892477532567296,0.10290925339070868,100,0.48499999999999993,0.48039861394765526,0.04803986139476553,0.38967849267237864,0.5803215073276212,100.0,5.86,5.911843958520809,0.5911843958520808,4.686961900282882,7.0330380997171185,100,,,,,,,0.51,,
high_correlation,linear_orbit_student,top12,0.21166666666666667,0.06424472710439584,0.006424472710439584,0.1989191190101075,0.22441421432322584,100,0.9460000000000001,0.077093672525275,0.007709367252527501,0.9307029428121291,0.9612970571878711,100.0,12.0,0.0,0.0,12.0,12.0,100,0.7809049333308549,0.0474441673781477,0.004744416737814771,0.7714909812146613,0.7903188854470484,100.0,1.0,,
high_correlation,linear_orbit_student,top8,0.07625,0.10033875702646591,0.010033875702646591,0.05634061374147754,0.09615938625852247,100,0.7390000000000001,0.08027100562117274,0.008027100562117275,0.7230724909931822,0.754927509006818,100.0,8.0,0.0,0.0,8.0,8.0,100,,,,,,,1.0,,
high_correlation,tabm_midpoint,native,0.16172708280138617,0.1630917552651359,0.01630917552651359,0.12936614025654736,0.194088025346225,100,0.8440000000000001,0.24384131286266045,0.024384131286266045,0.7956165933539778,0.8923834066460223,100.0,10.87,4.7877263113427055,0.47877263113427054,9.920011229384967,11.819988770615032,100,0.8058688086328526,0.09587975372576298,0.009587975372576298,0.7868441853679389,0.8248934318977663,100.0,0.96,,
high_correlation,tabm_midpoint,native10,0.08484114578232227,0.12598957898962934,0.012598957898962935,0.0598420799478558,0.10984021161678874,100,0.534,0.48787728213582815,0.048787728213582814,0.4371945626530106,0.6308054373469895,100.0,6.49,6.148819382448942,0.6148819382448942,5.269940834957966,7.7100591650420345,100,,,,,,,0.55,,
high_correlation,tabm_midpoint,top12,0.22499999999999998,0.08333333333333334,0.008333333333333335,0.20846485873742762,0.24153514126257233,100,0.9300000000000002,0.09999999999999999,0.009999999999999998,0.9101578304849134,0.9498421695150869,100.0,12.0,0.0,0.0,12.0,12.0,100,0.7804632086872769,0.046289935895239616,0.004628993589523961,0.7712782811385185,0.7896481362360354,100.0,1.0,,
high_correlation,tabm_midpoint,top8,0.04125,0.08893129512452436,0.008893129512452436,0.023604101669429733,0.05889589833057027,100,0.767,0.07114503609961952,0.007114503609961952,0.7528832813355438,0.7811167186644562,100.0,8.0,0.0,0.0,8.0,8.0,100,,,,,,,1.0,,
high_correlation,tabm_naive,native,0.16620718984031677,0.16546584391727232,0.01654658439172723,0.1333751766006826,0.19903920307995093,100,0.848,0.25125141338363194,0.025125141338363195,0.7981462686473682,0.8978537313526318,100.0,11.01,4.891747327815687,0.4891747327815687,10.03937120296508,11.98062879703492,100,0.8085704868204614,0.10162028030819874,0.010162028030819874,0.7884068185400022,0.8287341551009206,100.0,0.95,,
high_correlation,tabm_naive,native10,0.06574711562946858,0.10869107249369273,0.010869107249369273,0.04418044877750416,0.08731378248143301,100,0.535,0.49693505052918585,0.049693505052918585,0.4363973048941166,0.6336026951058835,100.0,6.22,5.92133618554311,0.592133618554311,5.04507843650636,7.394921563493639,100,,,,,,,0.54,,
high_correlation,tabm_naive,top12,0.22166666666666668,0.07876359377087683,0.007876359377087683,0.20603826087447494,0.23729507245885842,100,0.9339999999999999,0.09451631252505216,0.009451631252505217,0.9152459130493699,0.95275408695063,100.0,12.0,0.0,0.0,12.0,12.0,100,0.780555042869414,0.04675214246948807,0.004675214246948807,0.7712784035086833,0.7898316822301448,100.0,1.0,,
high_correlation,tabm_naive,top8,0.0425,0.08922364364818658,0.008922364364818658,0.02479609337978982,0.06020390662021019,100,0.7659999999999999,0.07137891491854928,0.007137891491854928,0.7518368747038318,0.780163125296168,100.0,8.0,0.0,0.0,8.0,8.0,100,,,,,,,1.0,,
high_correlation,tabm_orbit,native,0.16856520546303827,0.16264870344478524,0.016264870344478523,0.13629217401143312,0.20083823691464342,100,0.8510000000000001,0.2320288209196731,0.02320288209196731,0.8049604480292614,0.8970395519707388,100.0,11.04,4.758660366620893,0.47586603666208926,10.09577854340783,11.984221456592168,100,0.7999658526466955,0.08357705466554727,0.008357705466554727,0.7833823517842409,0.8165493535091501,100.0,0.97,,
high_correlation,tabm_orbit,native10,0.08325498194615844,0.12313631382182841,0.012313631382182841,0.05882206582300195,0.10768789806931492,100,0.536,0.48938634012300536,0.04893863401230054,0.4388951328091139,0.6331048671908861,100.0,6.48,6.1175026263859005,0.61175026263859,5.266154758782621,7.69384524121738,100,,,,,,,0.55,,
high_correlation,tabm_orbit,top12,0.22416666666666665,0.08265294634701702,0.008265294634701702,0.20776652894327777,0.24056680439005554,100,0.931,0.09918353561642042,0.009918353561642041,0.9113198347319333,0.9506801652680668,100.0,12.0,0.0,0.0,12.0,12.0,100,0.780477558042138,0.046181622509202415,0.0046181622509202415,0.7713141222190446,0.7896409938652315,100.0,1.0,,
high_correlation,tabm_orbit,top8,0.03875,0.08829008375173787,0.008829008375173787,0.02123133191696804,0.056268668083031964,100,0.769,0.07063206700139033,0.0070632067001390325,0.7549850655335745,0.7830149344664256,100.0,8.0,0.0,0.0,8.0,8.0,100,,,,,,,1.0,,
high_correlation,tabm_orbit_student,native,0.17723726899462197,0.1969525438755654,0.01969525438755654,0.1381576113745565,0.21631692661468743,100,0.584,0.3886573625374225,0.03886573625374225,0.5068819472924591,0.6611180527075409,100.0,8.46,6.668817834753872,0.6668817834753872,7.1367618605757945,9.783238139424206,100,0.92389202770647,0.18494068626833163,0.018494068626833164,0.8871957832347428,0.9605882721781973,100.0,0.73,,
high_correlation,tabm_orbit_student,native10,0.04766233766233767,0.11770673423150736,0.011770673423150736,0.024306767925449245,0.07101790739922609,100,0.188,0.37044335981129806,0.03704433598112981,0.11449600058885921,0.2615039994111408,100.0,2.54,5.190161633107179,0.5190161633107179,1.5101593306518748,3.5698406693481255,100,,,,,,,0.21,,
high_correlation,tabm_orbit_student,top12,0.30749999999999994,0.10440293071383873,0.010440293071383873,0.2867841935090414,0.3282158064909585,100,0.831,0.1252835168566065,0.01252835168566065,0.8061410322108498,0.8558589677891502,100.0,12.0,0.0,0.0,12.0,12.0,100,0.7923846101119572,0.04898415377038258,0.004898415377038258,0.782665091285307,0.8021041289386073,100.0,1.0,,
high_correlation,tabm_orbit_student,top8,0.165,0.12547888067300209,0.012547888067300209,0.14010226779122942,0.1898977322087706,100,0.6679999999999999,0.10038310453840167,0.010038310453840167,0.6480818142329835,0.6879181857670164,100.0,8.0,0.0,0.0,8.0,8.0,100,,,,,,,1.0,,
high_correlation,tabm_pfi,top12,0.2075,0.06854979266251704,0.006854979266251704,0.1938982339376628,0.22110176606233717,100,0.9510000000000002,0.08225975119502042,0.008225975119502042,0.9346778807251955,0.9673221192748048,100.0,12.0,0.0,0.0,12.0,12.0,100,0.7771385540085376,0.04693215542302596,0.004693215542302596,0.7678261961724168,0.7864509118446584,100.0,1.0,,
high_correlation,tabm_pfi,top8,0.03875,0.08082396071872885,0.008082396071872885,0.022712772705382633,0.054787227294617366,100,0.7689999999999998,0.0646591685749831,0.006465916857498311,0.7561702181643059,0.7818297818356937,100.0,8.0,0.0,0.0,8.0,8.0,100,,,,,,,1.0,,
high_correlation,xgb_midpoint,native,0.17117183848143605,0.1626454843314305,0.01626454843314305,0.1388994457717596,0.2034442311911125,100,0.7020000000000001,0.3378422320216549,0.033784223202165495,0.6349647716287103,0.7690352283712898,100.0,9.34,5.462858984344029,0.5462858984344029,8.256050259956307,10.423949740043692,100,0.8612643788058368,0.16246798412655297,0.0162467984126553,0.8290272059877019,0.8935015516239718,100.0,0.85,,
high_correlation,xgb_midpoint,native10,0.07398914973914975,0.12804916791925205,0.012804916791925205,0.04858141677795357,0.09939688270034591,100,0.347,0.44979344305374364,0.04497934430537436,0.2577512225615306,0.43624877743846935,100.0,4.45,5.970254550179531,0.5970254550179531,3.2653719716711933,5.634628028328807,100,,,,,,,0.38,,
high_correlation,xgb_midpoint,top12,0.2783333333333333,0.09925366836859996,0.009925366836859996,0.2586392522056936,0.29802741446097303,100,0.8660000000000001,0.11910440204231994,0.011910440204231994,0.8423671026468325,0.8896328973531678,100.0,12.0,0.0,0.0,12.0,12.0,100,0.7859246582107925,0.045654843738854305,0.00456548437388543,0.776865746724281,0.794983569697304,100.0,1.0,,
high_correlation,xgb_midpoint,top8,0.1175,0.11489454980875975,0.011489454980875976,0.09470242866335002,0.14029757133664997,100,0.706,0.09191563984700782,0.009191563984700783,0.6877619429306799,0.72423805706932,100.0,8.0,0.0,0.0,8.0,8.0,100,,,,,,,1.0,,
high_correlation,xgb_naive,native,0.18513279041220215,0.17019412796351044,0.017019412796351045,0.15136258303695863,0.21890299778744568,100,0.728,0.3081649827051357,0.03081649827051357,0.6668533817455089,0.7891466182544911,100.0,9.82,5.383063601460951,0.5383063601460951,8.75188339509318,10.88811660490682,100,0.8412355902163381,0.13800555726109523,0.013800555726109522,0.8138522936043514,0.8686188868283248,100.0,0.89,,
high_correlation,xgb_naive,native10,0.06757421744921745,0.12740439224490174,0.012740439224490174,0.04229442197031791,0.09285401292811699,100,0.32300000000000006,0.4453701218700525,0.044537012187005245,0.23462890544899545,0.4113710945510047,100.0,4.15,5.915866356458261,0.5915866356458261,2.976163769265561,5.32383623073444,100,,,,,,,0.35,,
high_correlation,xgb_naive,top12,0.28,0.10562198866399848,0.010562198866399848,0.2590423059640837,0.3009576940359164,100,0.8640000000000001,0.12674638639679817,0.012674638639679816,0.8388507671569004,0.8891492328430998,100.0,12.0,0.0,0.0,12.0,12.0,100,0.7869784830176879,0.046361059861035274,0.004636105986103528,0.7777794429310704,0.7961775231043055,100.0,1.0,,
high_correlation,xgb_naive,top8,0.10625,0.12357138165302015,0.012357138165302015,0.08173075698027284,0.13076924301972714,100,0.715,0.09885710532241615,0.009885710532241614,0.6953846055842182,0.7346153944157817,100.0,8.0,0.0,0.0,8.0,8.0,100,,,,,,,1.0,,
high_correlation,xgb_orbit,native,0.17788952052419546,0.17137105045830436,0.017137105045830436,0.14388578619247372,0.2118932548559172,100,0.7289999999999999,0.3144001824863891,0.031440018248638915,0.6666161828353082,0.7913838171646915,100.0,9.77,5.425072731440026,0.5425072731440026,8.69354787231092,10.84645212768908,100,0.8417837640859189,0.139108022606475,0.0139108022606475,0.8141817144312569,0.869385813740581,100.0,0.89,,
high_correlation,xgb_orbit,native10,0.07130865917708024,0.12141497521154421,0.012141497521154421,0.04721729397890498,0.0954000243752555,100,0.35300000000000004,0.4573650929868044,0.045736509298680436,0.2622488429467238,0.4437511570532763,100.0,4.46,5.934695111006635,0.5934695111006635,3.282427735870493,5.637572264129506,100,,,,,,,0.38,,
high_correlation,xgb_orbit,top12,0.2733333333333334,0.10055960145887007,0.010055960145887007,0.2533801267481687,0.29328653991849807,100,0.872,0.12067152175064405,0.012067152175064405,0.8480561520978024,0.8959438479021976,100.0,12.0,0.0,0.0,12.0,12.0,100,0.7850858577833233,0.046018633153547976,0.004601863315354797,0.7759547625844704,0.7942169529821762,100.0,1.0,,
high_correlation,xgb_orbit,top8,0.11,0.13089628865570782,0.013089628865570782,0.08402733651597709,0.13597266348402293,100,0.7120000000000001,0.10471703092456629,0.010471703092456628,0.6912218692127817,0.7327781307872184,100.0,8.0,0.0,0.0,8.0,8.0,100,,,,,,,1.0,,
high_correlation,xgb_orbit_student,native,0.15142488965283085,0.20369806461778023,0.020369806461778023,0.11100677437241979,0.1918430049332419,100,0.37,0.3820465887291705,0.038204658872917054,0.2941936682377514,0.4458063317622486,100.0,5.65,6.501553815835259,0.6501553815835259,4.359950670747372,6.940049329252629,100,1.0222909970328111,0.19934108132650752,0.01993410813265075,0.9827374017627984,1.061844592302824,100.0,0.53,,
high_correlation,xgb_orbit_student,native10,0.022807692307692307,0.08602467604161844,0.008602467604161845,0.005738530262710088,0.039876854352674525,100,0.067,0.23227248018330768,0.023227248018330766,0.02091210074513164,0.11308789925486837,100.0,0.95,3.2917865340660515,0.3291786534066051,0.29683813583581264,1.6031618641641874,100,,,,,,,0.08,,
high_correlation,xgb_orbit_student,top12,0.36250000000000004,0.1186667186849657,0.01186667186849657,0.33895394852053795,0.38604605147946214,100,0.765,0.14240006242195885,0.014240006242195884,0.7367447382246455,0.7932552617753545,100.0,12.0,0.0,0.0,12.0,12.0,100,0.7980346299152065,0.048324635050312835,0.004832463505031284,0.7884459739109764,0.8076232859194366,100.0,1.0,,
high_correlation,xgb_orbit_student,top8,0.2825,0.1728219437525925,0.017282194375259248,0.24820837696134257,0.3167916230386574,100,0.574,0.13825755500207398,0.013825755500207398,0.546566701569074,0.6014332984309259,100.0,8.0,0.0,0.0,8.0,8.0,100,,,,,,,1.0,,
high_correlation,xgb_pfi,top12,0.2416666666666666,0.060973214483078964,0.006097321448307896,0.22956825809013662,0.25376507524319664,100,0.91,0.07316785737969475,0.007316785737969475,0.895481909708164,0.9245180902918361,100.0,12.0,0.0,0.0,12.0,12.0,100,0.7789096615197398,0.04841637069142997,0.004841637069142997,0.7693028031740935,0.7885165198653862,100.0,1.0,,
high_correlation,xgb_pfi,top8,0.0675,0.08412502720368177,0.008412502720368177,0.05080776949763256,0.08419223050236745,100,0.746,0.06730002176294547,0.006730002176294547,0.732646215598106,0.7593537844018939,100.0,8.0,0.0,0.0,8.0,8.0,100,,,,,,,1.0,,
high_correlation,xgb_shap,top12,0.24916666666666665,0.06322669562203695,0.006322669562203695,0.2366211185425541,0.2617122147907792,100,0.9010000000000001,0.07587203474644433,0.007587203474644433,0.885945342251065,0.9160546577489352,100.0,12.0,0.0,0.0,12.0,12.0,100,0.7788269317716149,0.047253668002923806,0.004725366800292381,0.7694507788643784,0.7882030846788514,100.0,1.0,,
high_correlation,xgb_shap,top8,0.09625,0.0970769116096962,0.00970769116096962,0.07698783463839308,0.11551216536160692,100,0.7229999999999999,0.07766152928775698,0.007766152928775698,0.7075902677107143,0.7384097322892854,100.0,8.0,0.0,0.0,8.0,8.0,100,,,,,,,1.0,,
linear_sparse,deep_lasso,top12,0.5833333333333334,0.0,0.0,0.5833333333333334,0.5833333333333334,100,1.0,0.0,0.0,1.0,1.0,100.0,12.0,0.0,0.0,12.0,12.0,100,0.7492734460126662,0.03231413550453255,0.003231413550453255,0.742861620468522,0.7556852715568104,100.0,1.0,,
linear_sparse,deep_lasso,top8,0.375,0.0,0.0,0.375,0.375,100,1.0,0.0,0.0,1.0,1.0,100.0,8.0,0.0,0.0,8.0,8.0,100,,,,,,,1.0,,
linear_sparse,lasso_pair_q20,native,0.16390942390942392,0.21283360385988478,0.02128336038598848,0.1216786194464772,0.20614022837237064,100,1.0,0.0,0.0,1.0,1.0,100.0,6.65,2.8652392499747656,0.2865239249974766,6.081474371007205,7.218525628992796,100,0.7437769796619296,0.03189841634666439,0.003189841634666439,0.7374476418177962,0.7501063175060629,100.0,1.0,,
linear_sparse,lasso_pair_q20,native10,0.031363636363636364,0.12489163848066122,0.012489163848066122,0.006582425746134154,0.05614484698113857,100,0.06,0.23868325657594203,0.023868325657594204,0.012640063626071951,0.10735993637392804,100.0,0.63,2.509195210831673,0.2509195210831673,0.13212123280233917,1.127878767197661,100,,,,,,,0.06,,
linear_sparse,lasso_pair_q20,top12,0.5833333333333334,0.0,0.0,0.5833333333333334,0.5833333333333334,100,1.0,0.0,0.0,1.0,1.0,100.0,12.0,0.0,0.0,12.0,12.0,100,0.7467093173529067,0.03205946757011633,0.003205946757011633,0.7403480234520099,0.7530706112538035,100.0,1.0,,
linear_sparse,lasso_pair_q20,top8,0.375,0.0,0.0,0.375,0.375,100,1.0,0.0,0.0,1.0,1.0,100.0,8.0,0.0,0.0,8.0,8.0,100,,,,,,,1.0,,
linear_sparse,linear_orbit_student,native,0.17979978354978354,0.18192542182893662,0.01819254218289366,0.14370183295944916,0.21589773414011793,100,1.0,0.0,0.0,1.0,1.0,100.0,6.5,1.9306145983268455,0.19306145983268455,6.116924178716975,6.883075821283025,100,0.7438183299463452,0.031234592948621968,0.0031234592948621966,0.7376207090661323,0.7500159508265581,100.0,1.0,,
linear_sparse,linear_orbit_student,native10,0.01628787878787879,0.09327210867405346,0.009327210867405346,-0.0022193311255229026,0.03479508870128048,100,0.03,0.1714466079977653,0.01714466079977653,-0.0040187265867829974,0.064018726586783,100.0,0.33,1.891261136614584,0.1891261136614584,-0.04526724070002358,0.7052672407000236,100,,,,,,,0.03,,
linear_sparse,linear_orbit_student,top12,0.5833333333333334,0.0,0.0,0.5833333333333334,0.5833333333333334,100,1.0,0.0,0.0,1.0,1.0,100.0,12.0,0.0,0.0,12.0,12.0,100,0.748388336914776,0.03267233029252815,0.0032672330292528146,0.7419054377536035,0.7548712360759485,100.0,1.0,,
linear_sparse,linear_orbit_student,top8,0.375,0.0,0.0,0.375,0.375,100,1.0,0.0,0.0,1.0,1.0,100.0,8.0,0.0,0.0,8.0,8.0,100,,,,,,,1.0,,
linear_sparse,tabm_midpoint,native,0.2012622589828472,0.2129929815903073,0.02129929815903073,0.15899983052046074,0.24352468744523365,100,1.0,0.0,0.0,1.0,1.0,100.0,6.94,2.7554170704855614,0.27554170704855613,6.393265474026616,7.486734525973385,100,0.7441608215399822,0.03246611995455014,0.0032466119954550144,0.7377188389836289,0.7506028040963355,100.0,1.0,,
linear_sparse,tabm_midpoint,native10,0.03590909090909091,0.13165976358284273,0.013165976358284273,0.009784937435820703,0.062033244382361116,100,0.07,0.2564323999762428,0.02564323999762428,0.01911824850510844,0.12088175149489158,100.0,0.72,2.6403244367526377,0.2640324436752638,0.19610234951128003,1.2438976504887198,100,,,,,,,0.07,,
linear_sparse,tabm_midpoint,top12,0.5833333333333334,0.0,0.0,0.5833333333333334,0.5833333333333334,100,1.0,0.0,0.0,1.0,1.0,100.0,12.0,0.0,0.0,12.0,12.0,100,0.7485503308201674,0.03264437375100867,0.003264437375100867,0.7420729788433538,0.7550276827969811,100.0,1.0,,
linear_sparse,tabm_midpoint,top8,0.375,0.0,0.0,0.375,0.375,100,1.0,0.0,0.0,1.0,1.0,100.0,8.0,0.0,0.0,8.0,8.0,100,,,,,,,1.0,,
linear_sparse,tabm_naive,native,0.23336344211344212,0.22911273507431285,0.022911273507431284,0.18790250483934517,0.27882437938753907,100,1.0,0.0,0.0,1.0,1.0,100.0,7.4,3.2411495653626514,0.32411495653626515,6.756885609003243,8.043114390996758,100,0.745006508684861,0.03213373673071974,0.003213373673071974,0.7386304781712199,0.7513825391985021,100.0,1.0,,
linear_sparse,tabm_naive,native10,0.046818181818181814,0.1497772227748334,0.01497772227748334,0.017099131380210134,0.0765372322561535,100,0.09,0.2876234912646614,0.028762349126466143,0.03292925929805492,0.14707074070194506,100.0,0.94,3.007801304419673,0.30078013044196733,0.34318696650005565,1.5368130334999441,100,,,,,,,0.09,,
linear_sparse,tabm_naive,top12,0.5833333333333334,0.0,0.0,0.5833333333333334,0.5833333333333334,100,1.0,0.0,0.0,1.0,1.0,100.0,12.0,0.0,0.0,12.0,12.0,100,0.7484027777966379,0.03221100788835913,0.003221100788835913,0.7420114150089117,0.7547941405843641,100.0,1.0,,
linear_sparse,tabm_naive,top8,0.375,0.0,0.0,0.375,0.375,100,1.0,0.0,0.0,1.0,1.0,100.0,8.0,0.0,0.0,8.0,8.0,100,,,,,,,1.0,,
linear_sparse,tabm_orbit,native,0.18498286435786432,0.21949616678581438,0.02194961667858144,0.14143006286510532,0.22853566585062332,100,1.0,0.0,0.0,1.0,1.0,100.0,6.86,2.9371187695880923,0.29371187695880924,6.277211914878898,7.442788085121102,100,0.7446553586699534,0.032213947335698205,0.0032213947335698206,0.7382634126321034,0.7510473047078033,100.0,1.0,,
linear_sparse,tabm_orbit,native10,0.02590909090909091,0.11361432293138274,0.011361432293138274,0.0033655443596277805,0.048452637458554035,100,0.05,0.2190429135575903,0.021904291355759033,0.006537133781117824,0.09346286621888218,100.0,0.52,2.2807051895447077,0.22807051895447078,0.06745861015115678,0.9725413898488433,100,,,,,,,0.05,,
linear_sparse,tabm_orbit,top12,0.5833333333333334,0.0,0.0,0.5833333333333334,0.5833333333333334,100,1.0,0.0,0.0,1.0,1.0,100.0,12.0,0.0,0.0,12.0,12.0,100,0.7485129522256555,0.0322858993781446,0.00322858993781446,0.7421067293415737,0.7549191751097373,100.0,1.0,,
linear_sparse,tabm_orbit,top8,0.375,0.0,0.0,0.375,0.375,100,1.0,0.0,0.0,1.0,1.0,100.0,8.0,0.0,0.0,8.0,8.0,100,,,,,,,1.0,,
linear_sparse,tabm_orbit_student,native,0.19552873296294349,0.20473074122265267,0.020473074122265268,0.154905712240051,0.23615175368583596,100,0.97,0.1714466079977653,0.01714466079977653,0.935981273413217,1.004018726586783,100.0,6.73,3.0939987528808546,0.30939987528808544,6.116083522658709,7.343916477341292,100,0.7583874629017593,0.08662322554524862,0.008662322554524862,0.741199535649635,0.7755753901538835,100.0,0.97,,
linear_sparse,tabm_orbit_student,native10,0.01666666666666667,0.09549328485449009,0.009549328485449008,-0.0022812727896859876,0.035614606123019324,100,0.03,0.1714466079977653,0.01714466079977653,-0.0040187265867829974,0.064018726586783,100.0,0.34,1.9499805748838221,0.19499805748838223,-0.046918451179712606,0.7269184511797127,100,,,,,,,0.03,,
linear_sparse,tabm_orbit_student,top12,0.5833333333333334,0.0,0.0,0.5833333333333334,0.5833333333333334,100,1.0,0.0,0.0,1.0,1.0,100.0,12.0,0.0,0.0,12.0,12.0,100,0.7485180669258719,0.0320429068636271,0.0032042906863627104,0.7421600590284296,0.7548760748233141,100.0,1.0,,
linear_sparse,tabm_orbit_student,top8,0.375,0.0,0.0,0.375,0.375,100,1.0,0.0,0.0,1.0,1.0,100.0,8.0,0.0,0.0,8.0,8.0,100,,,,,,,1.0,,
linear_sparse,tabm_pfi,top12,0.5833333333333334,0.0,0.0,0.5833333333333334,0.5833333333333334,100,1.0,0.0,0.0,1.0,1.0,100.0,12.0,0.0,0.0,12.0,12.0,100,0.7483358447011479,0.0326510558592034,0.00326510558592034,0.7418571668490991,0.7548145225531967,100.0,1.0,,
linear_sparse,tabm_pfi,top8,0.375,0.0,0.0,0.375,0.375,100,1.0,0.0,0.0,1.0,1.0,100.0,8.0,0.0,0.0,8.0,8.0,100,,,,,,,1.0,,
linear_sparse,xgb_midpoint,native,0.16318961675579322,0.19574384528541866,0.019574384528541867,0.12434979115891115,0.20202944235267528,100,1.0,0.0,0.0,1.0,1.0,100.0,6.51,2.467956255853835,0.2467956255853835,6.020303936155292,6.999696063844707,100,0.7441805448234925,0.031978132895744624,0.0031978132895744624,0.7378353894865591,0.7505257001604259,100.0,1.0,,
linear_sparse,xgb_midpoint,native10,0.015833333333333335,0.09074374694394986,0.009074374694394986,-0.0021721947596266174,0.03383886142629329,100,0.03,0.1714466079977653,0.01714466079977653,-0.0040187265867829974,0.064018726586783,100.0,0.32,1.8361135943380873,0.18361135943380874,-0.04432477187811701,0.684324771878117,100,,,,,,,0.03,,
linear_sparse,xgb_midpoint,top12,0.5833333333333334,0.0,0.0,0.5833333333333334,0.5833333333333334,100,1.0,0.0,0.0,1.0,1.0,100.0,12.0,0.0,0.0,12.0,12.0,100,0.7485746483613132,0.0324000090499774,0.0032400009049977398,0.7421457836427132,0.7550035130799131,100.0,1.0,,
linear_sparse,xgb_midpoint,top8,0.375,0.0,0.0,0.375,0.375,100,1.0,0.0,0.0,1.0,1.0,100.0,8.0,0.0,0.0,8.0,8.0,100,,,,,,,1.0,,
linear_sparse,xgb_naive,native,0.1844751082251082,0.20290122273443345,0.020290122273443345,0.14421510366195803,0.2247351127882584,100,1.0,0.0,0.0,1.0,1.0,100.0,6.72,2.586210518980396,0.2586210518980396,6.206839724806903,7.233160275193097,100,0.7446310764828187,0.03216099928159811,0.0032160999281598108,0.7382496364876181,0.7510125164780193,100.0,1.0,,
linear_sparse,xgb_naive,native10,0.03303696303696304,0.1322050786575091,0.013220507865750911,0.006804607222186204,0.059269318851739874,100,0.06,0.23868325657594203,0.023868325657594204,0.012640063626071951,0.10735993637392804,100.0,0.68,2.7335550538306768,0.2733555053830677,0.1376033724306942,1.222396627569306,100,,,,,,,0.06,,
linear_sparse,xgb_naive,top12,0.5833333333333334,0.0,0.0,0.5833333333333334,0.5833333333333334,100,1.0,0.0,0.0,1.0,1.0,100.0,12.0,0.0,0.0,12.0,12.0,100,0.7483868304011849,0.03218479672867507,0.003218479672867507,0.7420006684761951,0.7547729923261748,100.0,1.0,,
linear_sparse,xgb_naive,top8,0.375,0.0,0.0,0.375,0.375,100,1.0,0.0,0.0,1.0,1.0,100.0,8.0,0.0,0.0,8.0,8.0,100,,,,,,,1.0,,
linear_sparse,xgb_orbit,native,0.18651910589410592,0.21482836392631888,0.021482836392631887,0.14389249775735807,0.22914571403085376,100,1.0,0.0,0.0,1.0,1.0,100.0,6.8,2.70801280154532,0.270801280154532,6.2626715094271255,7.337328490572874,100,0.7451594837639124,0.03206252811952414,0.003206252811952414,0.738797582583614,0.7515213849442107,100.0,1.0,,
linear_sparse,xgb_orbit,native10,0.015454545454545453,0.08839970997463527,0.008839970997463528,-0.002085874849466797,0.032994965758557704,100,0.03,0.17144660799776532,0.017144660799776532,-0.004018726586783004,0.06401872658678301,100.0,0.31,1.773514458738224,0.1773514458738224,-0.04190374527741303,0.661903745277413,100,,,,,,,0.03,,
linear_sparse,xgb_orbit,top12,0.5833333333333334,0.0,0.0,0.5833333333333334,0.5833333333333334,100,1.0,0.0,0.0,1.0,1.0,100.0,12.0,0.0,0.0,12.0,12.0,100,0.7486213211563475,0.032579390182866,0.0032579390182866,0.7421568633292817,0.7550857789834133,100.0,1.0,,
linear_sparse,xgb_orbit,top8,0.375,0.0,0.0,0.375,0.375,100,1.0,0.0,0.0,1.0,1.0,100.0,8.0,0.0,0.0,8.0,8.0,100,,,,,,,1.0,,
linear_sparse,xgb_orbit_student,native,0.19026208513708512,0.20163697048262538,0.020163697048262538,0.15025293564883702,0.23027123462533322,100,0.998,0.01999999999999999,0.001999999999999999,0.9940315660969826,1.0019684339030173,100.0,6.78,2.7471932416687963,0.2747193241668796,6.234897260081069,7.325102739918932,100,0.7448890185368151,0.03280594658303872,0.003280594658303872,0.7383796070047798,0.7513984300688504,100.0,1.0,,
linear_sparse,xgb_orbit_student,native10,0.031153846153846153,0.12438300298943536,0.012438300298943536,0.006473559852726872,0.055834132454965435,100,0.06,0.23868325657594203,0.023868325657594204,0.012640063626071951,0.10735993637392804,100.0,0.63,2.5212430796467564,0.25212430796467566,0.129730674249095,1.130269325750905,100,,,,,,,0.06,,
linear_sparse,xgb_orbit_student,top12,0.5833333333333334,0.0,0.0,0.5833333333333334,0.5833333333333334,100,1.0,0.0,0.0,1.0,1.0,100.0,12.0,0.0,0.0,12.0,12.0,100,0.7476145505786543,0.03260743860114287,0.0032607438601142866,0.7411445273368877,0.7540845738204209,100.0,1.0,,
linear_sparse,xgb_orbit_student,top8,0.375,0.0,0.0,0.375,0.375,100,1.0,0.0,0.0,1.0,1.0,100.0,8.0,0.0,0.0,8.0,8.0,100,,,,,,,1.0,,
linear_sparse,xgb_pfi,top12,0.5833333333333334,0.0,0.0,0.5833333333333334,0.5833333333333334,100,1.0,0.0,0.0,1.0,1.0,100.0,12.0,0.0,0.0,12.0,12.0,100,0.7490193791943426,0.032993554694615186,0.0032993554694615186,0.7424727421427841,0.755566016245901,100.0,1.0,,
linear_sparse,xgb_pfi,top8,0.375,0.0,0.0,0.375,0.375,100,1.0,0.0,0.0,1.0,1.0,100.0,8.0,0.0,0.0,8.0,8.0,100,,,,,,,1.0,,
linear_sparse,xgb_shap,top12,0.5833333333333334,0.0,0.0,0.5833333333333334,0.5833333333333334,100,1.0,0.0,0.0,1.0,1.0,100.0,12.0,0.0,0.0,12.0,12.0,100,0.7494955763648989,0.03233555972138301,0.003233555972138301,0.74307949979133,0.7559116529384678,100.0,1.0,,
linear_sparse,xgb_shap,top8,0.375,0.0,0.0,0.375,0.375,100,1.0,0.0,0.0,1.0,1.0,100.0,8.0,0.0,0.0,8.0,8.0,100,,,,,,,1.0,,
misspecified_t,deep_lasso,top12,0.4425,0.102367458309578,0.0102367458309578,0.4221880753939277,0.4628119246060723,100,0.669,0.12284094997149358,0.012284094997149358,0.6446256904727132,0.6933743095272868,100.0,12.0,0.0,0.0,12.0,12.0,100,1.0059558115343112,0.19495365351188484,0.019495365351188485,0.967272777128628,1.0446388459399945,100.0,1.0,,
misspecified_t,deep_lasso,top8,0.30125,0.1580090379079819,0.01580090379079819,0.26989757884914045,0.3326024211508596,100,0.5589999999999999,0.1264072303263855,0.012640723032638551,0.5339180630793123,0.5840819369206875,100.0,8.0,0.0,0.0,8.0,8.0,100,,,,,,,1.0,,
misspecified_t,lasso_pair_q20,native,0.1545580808080808,0.286466034310139,0.0286466034310139,0.09771700467711623,0.21139915693904537,100,0.079,0.18218372345220385,0.018218372345220384,0.04285079676371672,0.11514920323628328,100.0,2.12,4.34213558219241,0.43421355821924096,1.2584260972064798,2.9815739027935204,100,1.2047056502413567,0.24975515777784246,0.024975515777784247,1.1551488084624046,1.2542624920203087,100.0,0.24,,
misspecified_t,lasso_pair_q20,native10,0.005454545454545454,0.05454545454545456,0.005454545454545456,-0.005368456099138272,0.01627754700822918,100,0.005,0.049999999999999996,0.004999999999999999,-0.004921084757543412,0.014921084757543411,100.0,0.11,1.1000000000000003,0.11000000000000003,-0.10826386466595515,0.32826386466595514,100,,,,,,,0.01,,
misspecified_t,lasso_pair_q20,top12,0.6566666666666667,0.10276753975761943,0.010276753975761943,0.6362753572214757,0.6770579761118578,100,0.41200000000000003,0.12332104770914334,0.012332104770914334,0.3875304286657707,0.43646957133422937,100.0,12.0,0.0,0.0,12.0,12.0,100,1.1060125407806607,0.20927973006653322,0.020927973006653323,1.064486901980143,1.1475381795811783,100.0,1.0,,
misspecified_t,lasso_pair_q20,top8,0.635,0.1406604192207372,0.014066041922073719,0.6070899211775895,0.6629100788224105,100,0.29200000000000004,0.11252833537658977,0.011252833537658977,0.2696719369420717,0.3143280630579284,100.0,8.0,0.0,0.0,8.0,8.0,100,,,,,,,1.0,,
misspecified_t,linear_orbit_student,native,0.07548809523809523,0.2076031038680681,0.02076031038680681,0.03429513545001138,0.11668105502617908,100,0.037000000000000005,0.10215357818184118,0.010215357818184117,0.016730513851432326,0.05726948614856768,100.0,1.0,2.8709622502610936,0.2870962250261094,0.43033880358904253,1.5696611964109575,100,1.216803064294497,0.2498250445450283,0.02498250445450283,1.1672323554647313,1.2663737731242626,100.0,0.13,,
misspecified_t,linear_orbit_student,native10,0.006,0.059999999999999984,0.005999999999999998,-0.005905301709052093,0.017905301709052093,100,0.004,0.03999999999999999,0.003999999999999998,-0.003936867806034727,0.011936867806034727,100.0,0.1,1.0000000000000002,0.10000000000000002,-0.0984216951508683,0.2984216951508683,100,,,,,,,0.01,,
misspecified_t,linear_orbit_student,top12,0.6366666666666667,0.117565083343435,0.0117565083343435,0.6133392035391092,0.6599941297942242,100,0.43599999999999994,0.14107810001212204,0.014107810001212204,0.40800704424693096,0.4639929557530689,100.0,12.0,0.0,0.0,12.0,12.0,100,1.1060438273078355,0.20625569213027536,0.020625569213027536,1.0651182232408307,1.1469694313748402,100.0,1.0,,
misspecified_t,linear_orbit_student,top8,0.6125,0.15539539012701528,0.015539539012701529,0.5816661832723672,0.6433338167276329,100,0.30999999999999994,0.1243163121016122,0.01243163121016122,0.28533294661789366,0.3346670533821062,100.0,8.0,0.0,0.0,8.0,8.0,100,,,,,,,1.0,,
misspecified_t,tabm_midpoint,native,0.1390487567987568,0.19176001687650782,0.01917600168765078,0.10099940918796102,0.1770981044095526,100,0.371,0.28223315814332584,0.028223315814332583,0.3149988183334182,0.4270011816665818,100.0,5.02,4.26870216597717,0.426870216597717,4.172996880132627,5.867003119867372,100,1.065507381895416,0.22129014085329238,0.02212901408532924,1.0215986170271312,1.1094161467637007,100.0,0.67,,
misspecified_t,tabm_midpoint,native10,0.020712121212121213,0.08699380631005155,0.008699380631005154,0.0034506626964544845,0.03797357972778794,100,0.043,0.17306214216432503,0.017306214216432504,0.008660716385314064,0.07733928361468592,100.0,0.66,2.6293602555631956,0.26293602555631956,0.13827788092883053,1.1817221190711695,100,,,,,,,0.06,,
misspecified_t,tabm_midpoint,top12,0.4475,0.11523593618161967,0.011523593618161968,0.4246346902005458,0.47036530979945423,100,0.6629999999999998,0.1382831234179436,0.01382831234179436,0.6355616282406548,0.6904383717593449,100.0,12.0,0.0,0.0,12.0,12.0,100,1.0080664621729247,0.19454669314779063,0.019454669314779065,0.9694641775325443,1.0466687468133051,100.0,1.0,,
misspecified_t,tabm_midpoint,top8,0.2975,0.1729680007773961,0.01729680007773961,0.26317939607889235,0.3318206039211076,100,0.562,0.13837440062191686,0.013837440062191685,0.534543516863114,0.5894564831368861,100.0,8.0,0.0,0.0,8.0,8.0,100,,,,,,,1.0,,
misspecified_t,tabm_naive,native,0.15737421238891827,0.19819582202697691,0.01981958220269769,0.11804786141050572,0.19670056336733083,100,0.406,0.2974028998656281,0.029740289986562814,0.34698881246587815,0.4650111875341219,100.0,5.63,4.600516000922883,0.4600516000922883,4.7171578165281876,6.542842183471812,100,1.0560100035008193,0.21089716492658978,0.021089716492658978,1.0141634305335732,1.0978565764680654,100.0,0.69,,
misspecified_t,tabm_naive,native10,0.022000000000000002,0.09301670739933574,0.009301670739933574,0.0035434672404714915,0.04045653275952851,100,0.039999999999999994,0.1632993161855452,0.01632993161855452,0.0075978728654865005,0.0724021271345135,100.0,0.63,2.509195210831673,0.2509195210831673,0.13212123280233917,1.127878767197661,100,,,,,,,0.06,,
misspecified_t,tabm_naive,top12,0.4408333333333332,0.11501658983446375,0.011501658983446374,0.4180115466079068,0.4636551200587596,100,0.671,0.13801990780135653,0.013801990780135654,0.6436138559294883,0.6983861440705118,100.0,12.0,0.0,0.0,12.0,12.0,100,1.0069572407860208,0.1939187234536033,0.01939187234536033,0.9684795589568643,1.0454349226151771,100.0,1.0,,
misspecified_t,tabm_naive,top8,0.31375,0.18420505564520354,0.018420505564520354,0.27719972060351866,0.3503002793964813,100,0.549,0.14736404451616278,0.014736404451616277,0.519759776482815,0.5782402235171851,100.0,8.0,0.0,0.0,8.0,8.0,100,,,,,,,1.0,,
misspecified_t,tabm_orbit,native,0.15509245819539938,0.20225470016073965,0.020225470016073964,0.11496073773727483,0.19522417865352393,100,0.397,0.28935839857913725,0.028935839857913724,0.339585016047787,0.454414983952213,100.0,5.52,4.527090175216907,0.4527090175216907,4.62172709333262,6.418272906667379,100,1.0579607425040378,0.21789141440433255,0.021789141440433254,1.0147263586991098,1.1011951263089659,100.0,0.69,,
misspecified_t,tabm_orbit,native10,0.031757575757575755,0.11048469384403306,0.011048469384403306,0.009835015516818015,0.053680135998333496,100,0.05199999999999999,0.18005610797804672,0.01800561079780467,0.016272961832728187,0.08772703816727179,100.0,0.86,2.9405558465821877,0.2940555846582188,0.2765299242353657,1.4434700757646342,100,,,,,,,0.08,,
misspecified_t,tabm_orbit,top12,0.44749999999999995,0.11401200539301716,0.011401200539301716,0.42487754462236754,0.47012245537763236,100,0.6629999999999999,0.1368144064716206,0.01368144064716206,0.6358530535468411,0.6901469464531588,100.0,12.0,0.0,0.0,12.0,12.0,100,1.0075316429085044,0.19215349527823963,0.019215349527823965,0.9694042206462317,1.0456590651707771,100.0,1.0,,
misspecified_t,tabm_orbit,top8,0.2975,0.18784059973576242,0.018784059973576243,0.26022834978227427,0.3347716502177257,100,0.562,0.15027247978860991,0.015027247978860991,0.5321826798258195,0.5918173201741806,100.0,8.0,0.0,0.0,8.0,8.0,100,,,,,,,1.0,,
misspecified_t,tabm_orbit_student,native,0.17833665749455221,0.22778598795686372,0.02277859879568637,0.13313897563253604,0.22353433935656838,100,0.27399999999999997,0.2816330444340147,0.028163304443401472,0.21811789391290295,0.32988210608709695,100.0,4.49,5.020151311655774,0.5020151311655774,3.4938930668274066,5.486106933172594,100,1.1149295001407342,0.24916671731796472,0.024916671731796472,1.0654894177153265,1.164369582566142,100.0,0.53,,
misspecified_t,tabm_orbit_student,native10,0.032522311022311026,0.1200246251297829,0.01200246251297829,0.008706821444212,0.05633780060041005,100,0.044000000000000004,0.16349713493304135,0.016349713493304135,0.011558621334275695,0.07644137866572431,100.0,0.82,3.0230762310914194,0.30230762310914194,0.22015608965654254,1.4198439103434572,100,,,,,,,0.07,,
misspecified_t,tabm_orbit_student,top12,0.4608333333333334,0.11812163925824512,0.011812163925824511,0.43739543743771303,0.4842712292289537,100,0.647,0.14174596710989418,0.014174596710989418,0.6188745249252556,0.6751254750747444,100.0,12.0,0.0,0.0,12.0,12.0,100,1.0152518806201727,0.19477261093634218,0.019477261093634218,0.9766047689892231,1.0538989922511222,100.0,1.0,,
misspecified_t,tabm_orbit_student,top8,0.3575,0.175,0.017499999999999998,0.322776203348598,0.39222379665140195,100,0.514,0.13999999999999999,0.013999999999999999,0.48622096267887843,0.5417790373211215,100.0,8.0,0.0,0.0,8.0,8.0,100,,,,,,,1.0,,
misspecified_t,tabm_pfi,top12,0.45583333333333337,0.10755352594295059,0.010755352594295059,0.43449238039628024,0.4771742862703865,100,0.653,0.12906423113154072,0.012906423113154073,0.6273908564755363,0.6786091435244638,100.0,12.0,0.0,0.0,12.0,12.0,100,1.0075981977199993,0.1989327588605745,0.019893275886057448,0.9681256224858451,1.0470707729541533,100.0,1.0,,
misspecified_t,tabm_pfi,top8,0.3175,0.16800598233696945,0.016800598233696944,0.2841639681892117,0.3508360318107883,100,0.546,0.13440478586957555,0.013440478586957554,0.5193311745513693,0.5726688254486307,100.0,8.0,0.0,0.0,8.0,8.0,100,,,,,,,1.0,,
misspecified_t,xgb_midpoint,native,0.13824401986901985,0.16715228556391115,0.016715228556391116,0.10507738001908659,0.1714106597189531,100,0.509,0.3673808471718237,0.036738084717182366,0.4361036695382047,0.5818963304617953,100.0,6.8,5.55232229146353,0.555232229146353,5.698298798903853,7.901701201096147,100,1.0508808462833619,0.1986173751862838,0.01986173751862838,1.0114708500124834,1.0902908425542404,100.0,0.7,,
misspecified_t,xgb_midpoint,native10,0.04293939393939394,0.10391846518803283,0.010391846518803283,0.02231971591930797,0.06355907195947991,100,0.159,0.3339675784179408,0.03339675784179408,0.09273358696488167,0.22526641303511835,100.0,2.07,4.323426904900811,0.43234269049008106,1.2121383046687093,2.9278616953312904,100,,,,,,,0.19,,
misspecified_t,xgb_midpoint,top12,0.33666666666666667,0.10785637038671676,0.010785637038671676,0.31526562282171444,0.3580677105116189,100,0.7959999999999999,0.12942764446406013,0.012942764446406014,0.7703187473860572,0.8216812526139426,100.0,12.0,0.0,0.0,12.0,12.0,100,1.0016669052899498,0.19213790069089595,0.019213790069089597,0.9635425773321331,1.0397912332477666,100.0,1.0,,
misspecified_t,xgb_midpoint,top8,0.1775,0.14122033075369078,0.014122033075369078,0.14947882258208636,0.20552117741791362,100,0.6579999999999999,0.11297626460295264,0.011297626460295264,0.6355830580656691,0.6804169419343308,100.0,8.0,0.0,0.0,8.0,8.0,100,,,,,,,1.0,,
misspecified_t,xgb_naive,native,0.09679936893172188,0.15215052769276616,0.015215052769276616,0.06660940330882409,0.12698933455461967,100,0.5059999999999999,0.374656745258479,0.0374656745258479,0.43165997350610547,0.5803400264938943,100.0,6.36,5.5332238032240895,0.553322380322409,5.262088353315142,7.457911646684859,100,1.0529659176777493,0.21305650058389605,0.021305650058389605,1.0106908856689807,1.0952409496865179,100.0,0.69,,
misspecified_t,xgb_naive,native10,0.022636363636363635,0.07471080305601285,0.007471080305601285,0.007812119447906895,0.03746060782482037,100,0.149,0.3442148143003703,0.03442148143003703,0.08070031305047919,0.2172996869495208,100.0,1.8,4.304097178881133,0.4304097178881133,0.9459737416723358,2.654026258327664,100,,,,,,,0.16,,
misspecified_t,xgb_naive,top12,0.3391666666666666,0.11560058854447673,0.011560058854447674,0.3162290019272335,0.3621043314060997,100,0.7930000000000001,0.1387207062533721,0.01387207062533721,0.7654748023126804,0.8205251976873199,100.0,12.0,0.0,0.0,12.0,12.0,100,0.9995703363438583,0.19281194657229805,0.019281194657229807,0.9613122630596442,1.0378284096280723,100.0,1.0,,
misspecified_t,xgb_naive,top8,0.1775,0.1456221414511134,0.01456221414511134,0.14860540784177056,0.20639459215822942,100,0.6579999999999999,0.11649771316089073,0.011649771316089073,0.6348843262734164,0.6811156737265834,100.0,8.0,0.0,0.0,8.0,8.0,100,,,,,,,1.0,,
misspecified_t,xgb_orbit,native,0.11625242894360543,0.1536803159104511,0.01536803159104511,0.08575892014933278,0.14674593773787808,100,0.499,0.3710468401371417,0.03710468401371417,0.4253762569996151,0.5726237430003849,100.0,6.42,5.378933843516696,0.5378933843516696,5.352702828665042,7.487297171334958,100,1.0497424835832176,0.2036390249775567,0.02036390249775567,1.009336083048301,1.0901488841181344,100.0,0.68,,
misspecified_t,xgb_orbit,native10,0.026944555444555443,0.08240463452339768,0.008240463452339768,0.010593688174135113,0.04329542271497577,100,0.135,0.32547556503421793,0.032547556503421796,0.07041858665572381,0.1995814133442762,100.0,1.67,4.0328324256950445,0.40328324256950443,0.8697985538342012,2.470201446165799,100,,,,,,,0.15,,
misspecified_t,xgb_orbit,top12,0.34333333333333343,0.11316287438541614,0.011316287438541614,0.3208793639696344,0.36578730269703247,100,0.7879999999999998,0.1357954492624994,0.01357954492624994,0.7610552367635609,0.8149447632364387,100.0,12.0,0.0,0.0,12.0,12.0,100,1.0005883858482398,0.19290169981587307,0.019290169981587307,0.9623125035732903,1.0388642681231892,100.0,1.0,,
misspecified_t,xgb_orbit,top8,0.175,0.14101901870444156,0.014101901870444156,0.1470187672601527,0.20298123273984728,100,0.66,0.11281521496355328,0.011281521496355328,0.6376150138081222,0.6823849861918778,100.0,8.0,0.0,0.0,8.0,8.0,100,,,,,,,1.0,,
misspecified_t,xgb_orbit_student,native,0.14186720142602494,0.18909004670841864,0.018909004670841865,0.10434763382198364,0.17938676903006623,100,0.366,0.34177788285979127,0.03417778828597913,0.2981838531178853,0.4338161468821147,100.0,5.35,5.646801186190606,0.5646801186190606,4.2295521364561255,6.470447863543874,100,1.091114741369246,0.22133345426085127,0.022133345426085128,1.0471973821812106,1.1350321005572812,100.0,0.57,,
misspecified_t,xgb_orbit_student,native10,0.023437229437229437,0.0836606939416595,0.00836606939416595,0.006837132727827384,0.04003732614663149,100,0.061000000000000006,0.2093255161636338,0.020932551616363378,0.019465276244481314,0.1025347237555187,100.0,0.87,2.9904055331217623,0.2990405533121762,0.276638664929444,1.463361335070556,100,,,,,,,0.08,,
misspecified_t,xgb_orbit_student,top12,0.4175,0.11513850050500468,0.011513850050500467,0.3946540235526679,0.4403459764473321,100,0.699,0.13816620060600562,0.013816620060600563,0.6715848282632014,0.7264151717367985,100.0,12.0,0.0,0.0,12.0,12.0,100,1.0210493478465,0.1959386318447072,0.01959386318447072,0.9821708723703312,1.0599278233226685,100.0,1.0,,
misspecified_t,xgb_orbit_student,top8,0.285,0.15898986690282427,0.015898986690282425,0.2534529610973307,0.3165470389026693,100,0.572,0.12719189352225943,0.012719189352225943,0.5467623688778644,0.5972376311221355,100.0,8.0,0.0,0.0,8.0,8.0,100,,,,,,,1.0,,
misspecified_t,xgb_pfi,top12,0.31499999999999995,0.10228862577512204,0.010228862577512205,0.29470371747904744,0.33529628252095245,100,0.8220000000000001,0.12274635093014646,0.012274635093014647,0.7976444609748571,0.846355539025143,100.0,12.0,0.0,0.0,12.0,12.0,100,0.9965112724867896,0.19594415675085186,0.019594415675085186,0.9576317007493781,1.035390844224201,100.0,1.0,,
misspecified_t,xgb_pfi,top8,0.15875,0.12669930799520826,0.012669930799520826,0.1336101085331488,0.1838898914668512,100,0.6729999999999997,0.10135944639616662,0.010135944639616663,0.6528880868265188,0.6931119131734806,100.0,8.0,0.0,0.0,8.0,8.0,100,,,,,,,1.0,,
misspecified_t,xgb_shap,top12,0.21833333333333335,0.08014086924010073,0.008014086924010073,0.20243164620784848,0.23423502045881822,100,0.938,0.09616904308812085,0.009616904308812086,0.9189179754494181,0.9570820245505818,100.0,12.0,0.0,0.0,12.0,12.0,100,0.9900290901695545,0.19624978267400517,0.019624978267400516,0.951088875618389,1.0289693047207202,100.0,1.0,,
misspecified_t,xgb_shap,top8,0.045,0.0914943283554348,0.00914943283554348,0.02684554027102447,0.06315445972897553,100,0.7639999999999999,0.07319546268434787,0.007319546268434787,0.7494764322168195,0.7785235677831803,100.0,8.0,0.0,0.0,8.0,8.0,100,,,,,,,1.0,,
mixed_copula,deep_lasso,top12,0.17166666666666672,0.0198902713813285,0.00198902713813285,0.1677200053021727,0.17561332803116073,100,0.9940000000000001,0.0238683256575942,0.00238683256575942,0.9892640063626073,0.998735993637393,100.0,12.0,0.0,0.0,12.0,12.0,100,0.8511769168291905,0.03537401189687625,0.003537401189687625,0.8441579454243253,0.8581958882340557,100.0,1.0,,
mixed_copula,deep_lasso,top8,0.0025,0.01758816176703621,0.001758816176703621,-0.0009898728724030154,0.0059898728724030155,100,0.7979999999999998,0.014070529413628982,0.0014070529413628982,0.7952081017020775,0.8007918982979222,100.0,8.0,0.0,0.0,8.0,8.0,100,,,,,,,1.0,,
mixed_copula,lasso_pair_q20,native,0.11768442668442669,0.21116135615642947,0.021116135615642947,0.07578543244551172,0.15958342092334166,100,0.16399999999999998,0.2603494155588182,0.02603494155588182,0.11234102763328144,0.21565897236671852,100.0,2.78,4.617883550377649,0.46178835503776494,1.8637117179247567,3.696288282075243,100,1.164195000139675,0.09564745248592224,0.009564745248592224,1.1452164704805563,1.1831735297987938,100.0,0.33,,
mixed_copula,lasso_pair_q20,native10,0.00856060606060606,0.06414389957802859,0.006414389957802859,-0.004166935227253437,0.021288147348465555,100,0.013000000000000001,0.0939105527573548,0.00939105527573548,-0.0056338910706693855,0.031633891070669384,100.0,0.23,1.6196707484341788,0.16196707484341788,-0.0913778154905853,0.5513778154905853,100,,,,,,,0.02,,
mixed_copula,lasso_pair_q20,top12,0.4675000000000001,0.10043047078093113,0.010043047078093113,0.447572415742848,0.48742758425715216,100,0.639,0.12051656493711736,0.012051656493711736,0.6150868988914175,0.6629131011085825,100.0,12.0,0.0,0.0,12.0,12.0,100,0.9835572118730702,0.06475667784001816,0.006475667784001817,0.9707080820837152,0.9964063416624253,100.0,1.0,,
mixed_copula,lasso_pair_q20,top8,0.38375,0.15816877413418587,0.015816877413418588,0.35236588371636,0.41513411628363994,100,0.493,0.12653501930734867,0.012653501930734867,0.46789270697308805,0.5181072930269119,100.0,8.0,0.0,0.0,8.0,8.0,100,,,,,,,1.0,,
mixed_copula,linear_orbit_student,native,0.09031955544455544,0.17154025219049565,0.017154025219049567,0.05628224781830985,0.12435686307080104,100,0.175,0.2675647755047534,0.02675647755047534,0.1219093436816853,0.22809065631831468,100.0,2.56,4.0659214419018435,0.40659214419018436,1.7532329751475737,3.366767024852426,100,1.1589852070205506,0.11386813344423727,0.011386813344423726,1.1363912989588798,1.1815791150822215,100.0,0.33,,
mixed_copula,linear_orbit_student,native10,0.01876923076923077,0.09015437122451454,0.009015437122451455,0.000880647605601935,0.036657813932859606,100,0.034,0.15123732103130916,0.015123732103130916,0.003991234390891576,0.06400876560910843,100.0,0.56,2.4754144638174767,0.24754144638174766,0.06882406588835865,1.0511759341116416,100,,,,,,,0.05,,
mixed_copula,linear_orbit_student,top12,0.42,0.08857266985429448,0.008857266985429447,0.4024252607034727,0.4375747392965273,100,0.696,0.10628720382515339,0.010628720382515338,0.6749103128441671,0.7170896871558328,100.0,12.0,0.0,0.0,12.0,12.0,100,0.9658175253451874,0.0720462513828112,0.00720462513828112,0.9515219860165444,0.9801130646738304,100.0,1.0,,
mixed_copula,linear_orbit_student,top8,0.30125,0.14552998753771426,0.014552998753771427,0.272373693177482,0.33012630682251803,100,0.5589999999999999,0.11642399003017141,0.011642399003017142,0.5358989545419856,0.5821010454580143,100.0,8.0,0.0,0.0,8.0,8.0,100,,,,,,,1.0,,
mixed_copula,tabm_midpoint,native,0.16115760840180343,0.1632455470643082,0.016324554706430818,0.12876615022747256,0.1935490665761343,100,0.9640000000000001,0.06279677016721753,0.006279677016721753,0.9515397584134213,0.9764602415865788,100.0,12.1,3.3619979629723606,0.33619979629723606,11.432906665093258,12.767093334906741,100,0.8571592750093009,0.03594839797494779,0.003594839797494779,0.8500263329451537,0.864292217073448,100.0,1.0,,
mixed_copula,tabm_midpoint,native10,0.060290293040293055,0.09342770029135086,0.009342770029135087,0.041752210374435945,0.07882837570615017,100,0.718,0.44024327526282714,0.044024327526282714,0.6306461830435794,0.8053538169564205,100.0,7.92,4.965903947943619,0.49659039479436184,6.934656920692638,8.905343079307361,100,,,,,,,0.73,,
mixed_copula,tabm_midpoint,top12,0.19416666666666668,0.04891499532532706,0.004891499532532706,0.1844608703759185,0.20387246295741487,100,0.9670000000000002,0.05869799439039246,0.005869799439039246,0.9553530444511024,0.978646955548898,100.0,12.0,0.0,0.0,12.0,12.0,100,0.8574222770587246,0.03533500351852096,0.003533500351852096,0.8504110457624178,0.8644335083550315,100.0,1.0,,
mixed_copula,tabm_midpoint,top8,0.0025,0.01758816176703621,0.001758816176703621,-0.0009898728724030154,0.0059898728724030155,100,0.7979999999999998,0.014070529413628982,0.0014070529413628982,0.7952081017020775,0.8007918982979222,100.0,8.0,0.0,0.0,8.0,8.0,100,,,,,,,1.0,,
mixed_copula,tabm_naive,native,0.18883009557858127,0.16200560891911384,0.016200560891911384,0.15668466803290207,0.22097552312426047,100,0.9810000000000001,0.04425591326123389,0.004425591326123389,0.9722186666702562,0.9897813333297439,100.0,12.69,3.1452866773679444,0.31452866773679444,12.06590688574121,13.314093114258789,100,0.8546404818870702,0.0361364446919213,0.00361364446919213,0.8474702272745736,0.8618107364995669,100.0,1.0,,
mixed_copula,tabm_naive,native10,0.08021521615639264,0.12041057082711784,0.012041057082711784,0.05632314657879223,0.10410728573399305,100,0.8040000000000002,0.38109888957639804,0.0381098889576398,0.7283817123101377,0.8796182876898626,100.0,9.12,4.660775502298764,0.46607755022987635,8.195201024116239,10.04479897588376,100,,,,,,,0.82,,
mixed_copula,tabm_naive,top12,0.18166666666666673,0.03627584801586977,0.003627584801586977,0.1744687514103226,0.18886458192301087,100,0.9820000000000002,0.04353101761904371,0.004353101761904371,0.9733625016923872,0.9906374983076132,100.0,12.0,0.0,0.0,12.0,12.0,100,0.8540900103766265,0.035705064819914846,0.0035705064819914847,0.8470053508895873,0.8611746698636656,100.0,1.0,,
mixed_copula,tabm_naive,top8,0.0,0.0,0.0,0.0,0.0,100,0.7999999999999998,2.2316322462394835e-16,2.2316322462394835e-17,0.7999999999999998,0.7999999999999998,100.0,8.0,0.0,0.0,8.0,8.0,100,,,,,,,1.0,,
mixed_copula,tabm_orbit,native,0.15183468655527477,0.14418555254253604,0.014418555254253604,0.12322514480352018,0.18044422830702936,100,0.963,0.0645966506308746,0.00645966506308746,0.9501826230807534,0.9758173769192465,100.0,11.78,2.713899873844377,0.2713899873844377,11.241503386562071,12.318496613437928,100,0.8572788555199125,0.035657816387348724,0.0035657816387348724,0.8502035711469563,0.8643541398928686,100.0,1.0,,
mixed_copula,tabm_orbit,native10,0.06415810659928307,0.09182592123641921,0.009182592123641921,0.045937851648762656,0.08237836154980349,100,0.7310000000000002,0.4260921795275589,0.04260921795275589,0.6464540674476139,0.8155459325523865,100.0,8.08,4.81093031596286,0.481093031596286,7.125407051453947,9.034592948546052,100,,,,,,,0.75,,
mixed_copula,tabm_orbit,top12,0.1925,0.04540471454876433,0.004540471454876433,0.1834907195713929,0.2015092804286071,100,0.9690000000000001,0.054485657458517175,0.005448565745851718,0.9581888634856716,0.9798111365143286,100.0,12.0,0.0,0.0,12.0,12.0,100,0.8573361633383141,0.03542620056419311,0.003542620056419311,0.8503068365696123,0.8643654901070159,100.0,1.0,,
mixed_copula,tabm_orbit,top8,0.00125,0.012499999999999999,0.0012499999999999998,-0.001230271189385853,0.0037302711893858528,100,0.7989999999999998,0.010000000000000009,0.0010000000000000009,0.7970157830484912,0.8009842169515085,100.0,8.0,0.0,0.0,8.0,8.0,100,,,,,,,1.0,,
mixed_copula,tabm_orbit_student,native,0.15055314190453506,0.1457336165757151,0.01457336165757151,0.121636430663115,0.17946985314595512,100,0.8029999999999999,0.20570401409340902,0.020570401409340903,0.7621838608242476,0.8438161391757523,100.0,10.0,3.752440283443306,0.3752440283443306,9.255434438006775,10.744565561993225,100,0.8999457475086907,0.07034403148824679,0.007034403148824679,0.8859879655370467,0.9139035294803347,100.0,0.97,,
mixed_copula,tabm_orbit_student,native10,0.06018040293040292,0.0980159492323737,0.009801594923237369,0.040731912131893894,0.07962889372891195,100,0.327,0.4410398639762189,0.04410398639762189,0.2394881225607303,0.41451187743926976,100.0,3.96,5.367165420076471,0.5367165420076472,2.8950379391933043,5.024962060806695,100,,,,,,,0.36,,
mixed_copula,tabm_orbit_student,top12,0.2341666666666666,0.06344819462107178,0.006344819462107178,0.22157716833569135,0.24675616499764186,100,0.9189999999999999,0.07613783354528611,0.007613783354528611,0.9038926020028296,0.9341073979971702,100.0,12.0,0.0,0.0,12.0,12.0,100,0.8663357615332633,0.039025545935320795,0.0039025545935320793,0.8585922465545889,0.8740792765119377,100.0,1.0,,
mixed_copula,tabm_orbit_student,top8,0.05875,0.07632458266634623,0.007632458266634623,0.043605546925661,0.07389445307433899,100,0.753,0.06105966613307702,0.006105966613307702,0.7408844375405288,0.7651155624594712,100.0,8.0,0.0,0.0,8.0,8.0,100,,,,,,,1.0,,
mixed_copula,tabm_pfi,top12,0.17250000000000007,0.024432389130175244,0.0024432389130175244,0.16765208393220504,0.1773479160677951,100,0.993,0.02931886695621028,0.002931886695621028,0.987182500718646,0.998817499281354,100.0,12.0,0.0,0.0,12.0,12.0,100,0.8517663640147908,0.03613072603981957,0.0036130726039819575,0.8445972441069381,0.8589354839226434,100.0,1.0,,
mixed_copula,tabm_pfi,top8,0.0,0.0,0.0,0.0,0.0,100,0.7999999999999998,2.2316322462394835e-16,2.2316322462394835e-17,0.7999999999999998,0.7999999999999998,100.0,8.0,0.0,0.0,8.0,8.0,100,,,,,,,1.0,,
mixed_copula,xgb_midpoint,native,0.1750148495295554,0.15380582079555247,0.015380582079555246,0.1444964378432312,0.2055332612158796,100,0.9940000000000001,0.023868325657594208,0.002386832565759421,0.9892640063626073,0.998735993637393,100.0,12.56,2.8402589154988505,0.28402589154988506,11.996431011319352,13.123568988680649,100,0.8523085517559627,0.036442003130529796,0.0036442003130529796,0.8450776677201097,0.8595394357918156,100.0,1.0,,
mixed_copula,xgb_midpoint,native10,0.0841849686261451,0.10874877091024221,0.010874877091024221,0.06260685315656142,0.1057630840957288,100,0.929,0.25635163665590593,0.025635163665590592,0.8781342737000357,0.9798657262999644,100.0,10.4,3.299831645537221,0.3299831645537221,9.745241811180026,11.054758188819974,100,,,,,,,0.93,,
mixed_copula,xgb_midpoint,top12,0.17000000000000007,0.016412198797244367,0.0016412198797244367,0.1667434636934978,0.17325653630650234,100,0.996,0.019694638556693237,0.001969463855669324,0.9920921564321973,0.9999078435678027,100.0,12.0,0.0,0.0,12.0,12.0,100,0.8521699363111247,0.03527926339624326,0.003527926339624326,0.8451697650643681,0.8591701075578813,100.0,1.0,,
mixed_copula,xgb_midpoint,top8,0.0,0.0,0.0,0.0,0.0,100,0.7999999999999998,2.2316322462394835e-16,2.2316322462394835e-17,0.7999999999999998,0.7999999999999998,100.0,8.0,0.0,0.0,8.0,8.0,100,,,,,,,1.0,,
mixed_copula,xgb_naive,native,0.16795229364195577,0.14659340455779352,0.014659340455779352,0.13886498181166135,0.1970396054722502,100,0.998,0.01407052941362897,0.001407052941362897,0.9952081017020776,1.0007918982979225,100.0,12.48,2.893671255228094,0.2893671255228094,11.905832844328302,13.0541671556717,100,0.8516595289404494,0.03690023888672306,0.0036900238886723056,0.8443377209890738,0.858981336891825,100.0,1.0,,
mixed_copula,xgb_naive,native10,0.08425241425241424,0.0983978461927895,0.00983978461927895,0.06472814681164654,0.10377668169318194,100,0.96,0.19694638556693236,0.019694638556693237,0.9209215643219727,0.9990784356780272,100.0,10.66,2.547409062026146,0.2547409062026146,10.154538775670089,11.165461224329912,100,,,,,,,0.96,,
mixed_copula,xgb_naive,top12,0.1683333333333334,0.011725441178024142,0.0011725441178024143,0.16600675141839805,0.17065991524826873,100,0.998,0.01407052941362897,0.001407052941362897,0.9952081017020776,1.0007918982979225,100.0,12.0,0.0,0.0,12.0,12.0,100,0.8515328753729366,0.03691142295094344,0.003691142295094344,0.8442088482605797,0.8588569024852936,100.0,1.0,,
mixed_copula,xgb_naive,top8,0.0,0.0,0.0,0.0,0.0,100,0.7999999999999998,2.2316322462394835e-16,2.2316322462394835e-17,0.7999999999999998,0.7999999999999998,100.0,8.0,0.0,0.0,8.0,8.0,100,,,,,,,1.0,,
mixed_copula,xgb_orbit,native,0.1848529134264429,0.16051744225088477,0.016051744225088475,0.15300277043374072,0.21670305641914506,100,0.9940000000000001,0.023868325657594197,0.0023868325657594195,0.9892640063626073,0.998735993637393,100.0,12.8,3.2442645584558187,0.3244264558455819,12.156267526793314,13.443732473206687,100,0.8526498133028688,0.03710485792773645,0.003710485792773645,0.8452874044945152,0.8600122221112224,100.0,1.0,,
mixed_copula,xgb_orbit,native10,0.08021230240347889,0.11541426041402093,0.011541426041402094,0.057311609207545106,0.10311299559941267,100,0.929,0.256351636655906,0.0256351636655906,0.8781342737000357,0.9798657262999644,100.0,10.4,3.498917581542075,0.3498917581542075,9.705738842277245,11.094261157722755,100,,,,,,,0.93,,
mixed_copula,xgb_orbit,top12,0.17083333333333336,0.0182535761297992,0.00182535761297992,0.16721142781509318,0.17445523885157355,100,0.995,0.02190429135575903,0.0021904291355759027,0.9906537133781118,0.9993462866218882,100.0,12.0,0.0,0.0,12.0,12.0,100,0.852538445073674,0.03569483531306361,0.003569483531306361,0.8454558153427248,0.8596210748046232,100.0,1.0,,
mixed_copula,xgb_orbit,top8,0.0,0.0,0.0,0.0,0.0,100,0.7999999999999998,2.2316322462394835e-16,2.2316322462394835e-17,0.7999999999999998,0.7999999999999998,100.0,8.0,0.0,0.0,8.0,8.0,100,,,,,,,1.0,,
mixed_copula,xgb_orbit_student,native,0.1684104201611941,0.1692430163977321,0.01692430163977321,0.1348289339551099,0.2019919063672783,100,0.894,0.18900056116639474,0.018900056116639474,0.8564981882688986,0.9315018117311015,100.0,11.55,4.4001262608146945,0.44001262608146946,10.676919488451297,12.423080511548704,100,0.8799393295370066,0.08029820528621726,0.008029820528621726,0.864006423526543,0.8958722355474702,100.0,0.97,,
mixed_copula,xgb_orbit_student,native10,0.062390942390942394,0.11066451349010598,0.011066451349010598,0.04043270203118944,0.08434918275069535,100,0.426,0.48401101915831074,0.04840110191583107,0.3299617131069086,0.5220382868930914,100.0,5.11,6.031725886652771,0.6031725886652771,3.9131747248849837,6.306825275115017,100,,,,,,,0.44,,
mixed_copula,xgb_orbit_student,top12,0.19000000000000006,0.04283709648210107,0.004283709648210107,0.18150019070068027,0.19849980929931985,100,0.972,0.05140451577852126,0.005140451577852126,0.9618002288408163,0.9821997711591837,100.0,12.0,0.0,0.0,12.0,12.0,100,0.857107429166113,0.03857122793361623,0.003857122793361623,0.8494540607354744,0.8647607975967517,100.0,1.0,,
mixed_copula,xgb_orbit_student,top8,0.02,0.04936465017468154,0.004936465017468155,0.010204982431810082,0.02979501756818992,100,0.7839999999999999,0.039491720139745265,0.003949172013974526,0.776163985945448,0.7918360140545518,100.0,8.0,0.0,0.0,8.0,8.0,100,,,,,,,1.0,,
mixed_copula,xgb_pfi,top12,0.1666666666666667,5.579080615598709e-17,5.579080615598709e-18,0.1666666666666667,0.1666666666666667,100,1.0,0.0,0.0,1.0,1.0,100.0,12.0,0.0,0.0,12.0,12.0,100,0.8508459785550458,0.03679702217210395,0.0036797022172103946,0.8435446510391529,0.8581473060709388,100.0,1.0,,
mixed_copula,xgb_pfi,top8,0.0,0.0,0.0,0.0,0.0,100,0.7999999999999998,2.2316322462394835e-16,2.2316322462394835e-17,0.7999999999999998,0.7999999999999998,100.0,8.0,0.0,0.0,8.0,8.0,100,,,,,,,1.0,,
mixed_copula,xgb_shap,top12,0.1666666666666667,5.579080615598709e-17,5.579080615598709e-18,0.1666666666666667,0.1666666666666667,100,1.0,0.0,0.0,1.0,1.0,100.0,12.0,0.0,0.0,12.0,12.0,100,0.8517822485720455,0.03658340625665932,0.0036583406256659318,0.8445233070882063,0.8590411900558848,100.0,1.0,,
mixed_copula,xgb_shap,top8,0.0,0.0,0.0,0.0,0.0,100,0.7999999999999998,2.2316322462394835e-16,2.2316322462394835e-17,0.7999999999999998,0.7999999999999998,100.0,8.0,0.0,0.0,8.0,8.0,100,,,,,,,1.0,,
nonlinear_strong,deep_lasso,top12,0.17500000000000007,0.03243745600673013,0.0032437456006730128,0.16856370499276296,0.18143629500723718,100,0.99,0.03892494720807614,0.003892494720807614,0.9822764459913155,0.9977235540086845,100.0,12.0,0.0,0.0,12.0,12.0,100,0.8540720525503237,0.03856780568763265,0.003856780568763265,0.8464193631675343,0.8617247419331131,100.0,1.0,,
nonlinear_strong,deep_lasso,top8,0.00125,0.012499999999999999,0.0012499999999999998,-0.001230271189385853,0.0037302711893858528,100,0.7989999999999998,0.01000000000000001,0.001000000000000001,0.7970157830484912,0.8009842169515085,100.0,8.0,0.0,0.0,8.0,8.0,100,,,,,,,1.0,,
nonlinear_strong,lasso_pair_q20,native,0.09814858670741022,0.1815745822411309,0.01815745822411309,0.06212025030281429,0.13417692311200616,100,0.11800000000000001,0.20955942239649242,0.020955942239649243,0.07641886417325115,0.15958113582674888,100.0,2.03,3.838810316551815,0.3838810316551815,1.2682967496271473,2.7917032503728523,100,1.1743278819983025,0.08492624611372805,0.008492624611372806,1.1574766722816168,1.1911790917149883,100.0,0.26,,
nonlinear_strong,lasso_pair_q20,native10,0.0143006993006993,0.08257220012965714,0.008257220012965714,-0.002083416621364015,0.030684815222762618,100,0.018000000000000002,0.10577276959538683,0.010577276959538683,-0.002987612243918872,0.038987612243918876,100.0,0.34,1.9551537695604053,0.19551537695604054,-0.047944925236785674,0.7279449252367858,100,,,,,,,0.03,,
nonlinear_strong,lasso_pair_q20,top12,0.5474999999999999,0.10068159966838287,0.010068159966838287,0.5275225863232983,0.5674774136767015,100,0.5429999999999999,0.12081791960205941,0.01208179196020594,0.519027103587958,0.5669728964120418,100.0,12.0,0.0,0.0,12.0,12.0,100,1.0271630160550154,0.06482168488488568,0.006482168488488568,1.014300987457621,1.0400250446524097,100.0,1.0,,
nonlinear_strong,lasso_pair_q20,top8,0.46625,0.14526947269460883,0.014526947269460883,0.4374253849742629,0.4950746150257371,100,0.42700000000000005,0.11621557815568705,0.011621557815568704,0.4039403079794104,0.4500596920205897,100.0,8.0,0.0,0.0,8.0,8.0,100,,,,,,,1.0,,
nonlinear_strong,linear_orbit_student,native,0.07596170496170497,0.1693145882626843,0.016931458826268432,0.04236601734485184,0.1095573925785581,100,0.08700000000000001,0.18997873352541123,0.018997873352541123,0.049304097651272825,0.12469590234872718,100.0,1.44,3.1279773695221045,0.31279773695221047,0.8193414279458701,2.06065857205413,100,1.1842162770501383,0.08214703288921416,0.008214703288921415,1.1679165235326463,1.2005160305676303,100.0,0.2,,
nonlinear_strong,linear_orbit_student,native10,0.007166666666666667,0.05109656138977049,0.005109656138977049,-0.0029719996606719992,0.017305332994005333,100,0.013999999999999999,0.09849370589540275,0.009849370589540276,-0.005543288085456885,0.03354328808545688,100.0,0.22,1.5542707536840468,0.15542707536840467,-0.08840103766940619,0.5284010376694062,100,,,,,,,0.02,,
nonlinear_strong,linear_orbit_student,top12,0.5041666666666668,0.09936315169469304,0.009936315169469304,0.4844508616718729,0.5238824716614606,100,0.5950000000000001,0.11923578203363165,0.011923578203363165,0.5713410340062475,0.6186589659937527,100.0,12.0,0.0,0.0,12.0,12.0,100,1.0182500261958227,0.06457290626599035,0.006457290626599036,1.0054373606737068,1.0310626917179386,100.0,1.0,,
nonlinear_strong,linear_orbit_student,top8,0.39625,0.12187378593023891,0.01218737859302389,0.37206759680126794,0.42043240319873204,100,0.48300000000000004,0.09749902874419111,0.009749902874419111,0.4636540774410144,0.5023459225589857,100.0,8.0,0.0,0.0,8.0,8.0,100,,,,,,,1.0,,
nonlinear_strong,tabm_midpoint,native,0.180761595537171,0.15075153043256698,0.015075153043256698,0.15084922132215337,0.21067396975218863,100,0.9570000000000002,0.06854181058288288,0.006854181058288287,0.9433998177554348,0.9706001822445656,100.0,12.2,3.0351476425573125,0.30351476425573126,11.597760859730617,12.802239140269382,100,0.8599236302396934,0.04051245038725117,0.004051245038725117,0.8518850811591396,0.8679621793202472,100.0,1.0,,
nonlinear_strong,tabm_midpoint,native10,0.08333526277643925,0.11309484118177929,0.011309484118177929,0.06089479267633238,0.10577573287654612,100,0.665,0.4602096579744164,0.04602096579744164,0.573684419539915,0.7563155804600851,100.0,7.73,5.5429543958383265,0.5542954395838326,6.630157592633803,8.829842407366199,100,,,,,,,0.68,,
nonlinear_strong,tabm_midpoint,top12,0.19750000000000004,0.04833797725281209,0.004833797725281209,0.18790869661333295,0.20709130338666712,100,0.9630000000000001,0.05800557270337449,0.005800557270337449,0.9514904359359996,0.9745095640640006,100.0,12.0,0.0,0.0,12.0,12.0,100,0.8582829297762516,0.04058592452137727,0.004058592452137727,0.8502298018334548,0.8663360577190485,100.0,1.0,,
nonlinear_strong,tabm_midpoint,top8,0.0025,0.024999999999999998,0.0024999999999999996,-0.002460542378771706,0.0074605423787717055,100,0.7979999999999998,0.020000000000000018,0.0020000000000000018,0.7940315660969824,0.8019684339030172,100.0,8.0,0.0,0.0,8.0,8.0,100,,,,,,,1.0,,
nonlinear_strong,tabm_naive,native,0.17652733540968835,0.15938890157852828,0.01593889015785283,0.14490111937024186,0.20815355144913483,100,0.9670000000000002,0.05869799439039246,0.005869799439039246,0.9553530444511024,0.978646955548898,100.0,12.33,3.2005523513192773,0.32005523513192774,11.694940977032132,12.965059022967868,100,0.8585275908361548,0.03993599375416072,0.003993599375416072,0.8506034232579197,0.8664517584143899,100.0,1.0,,
nonlinear_strong,tabm_naive,native10,0.08277314352314352,0.11104085778782169,0.011104085778782169,0.06074022828987745,0.1048060587564096,100,0.7650000000000001,0.410068976705829,0.041006897670582895,0.6836334185132477,0.8463665814867526,100.0,8.73,4.949961738450229,0.4949961738450229,7.747820200924767,9.712179799075233,100,,,,,,,0.78,,
nonlinear_strong,tabm_naive,top12,0.19083333333333335,0.044782489663610495,0.004478248966361049,0.18194751582120353,0.19971915084546318,100,0.9710000000000002,0.053738987596332576,0.0053738987596332576,0.9603370189854444,0.981662981014556,100.0,12.0,0.0,0.0,12.0,12.0,100,0.8580562445768548,0.04207658552468014,0.004207658552468014,0.8497073371508873,0.8664051520028223,100.0,1.0,,
nonlinear_strong,tabm_naive,top8,0.00375,0.027837687919201708,0.0027837687919201708,-0.0017736012260088502,0.00927360122600885,100,0.7969999999999999,0.022270150335361377,0.0022270150335361376,0.7925811190191928,0.801418880980807,100.0,8.0,0.0,0.0,8.0,8.0,100,,,,,,,1.0,,
nonlinear_strong,tabm_orbit,native,0.1731825467274384,0.15475963019380115,0.015475963019380114,0.1424748785634629,0.20389021489141393,100,0.9650000000000003,0.05751591786697667,0.005751591786697667,0.9535875940786767,0.976412405921324,100.0,12.19,2.9565711781239314,0.2956571178123931,11.60335213500245,12.77664786499755,100,0.8589137833374739,0.04151409476266323,0.004151409476266323,0.8506764862820125,0.8671510803929353,100.0,1.0,,
nonlinear_strong,tabm_orbit,native10,0.08241050616050616,0.1037166527352259,0.01037166527352259,0.0618308721094087,0.10299014021160362,100,0.7020000000000002,0.44266867469424076,0.04426686746942408,0.6141649311769807,0.7898350688230197,100.0,8.03,5.1726846672367985,0.5172684667236799,7.003627139845969,9.05637286015403,100,,,,,,,0.72,,
nonlinear_strong,tabm_orbit,top12,0.19333333333333336,0.048663391799781436,0.004866339179978143,0.18367746064062987,0.20298920602603684,100,0.9680000000000001,0.05839607015973771,0.005839607015973771,0.9564129527687559,0.9795870472312442,100.0,12.0,0.0,0.0,12.0,12.0,100,0.8587362202998123,0.0422250687079106,0.00422250687079106,0.8503578505889269,0.8671145900106978,100.0,1.0,,
nonlinear_strong,tabm_orbit,top8,0.0025,0.024999999999999998,0.0024999999999999996,-0.002460542378771706,0.0074605423787717055,100,0.7979999999999998,0.020000000000000018,0.0020000000000000018,0.7940315660969824,0.8019684339030172,100.0,8.0,0.0,0.0,8.0,8.0,100,,,,,,,1.0,,
nonlinear_strong,tabm_orbit_student,native,0.16682748950396012,0.165786905281282,0.0165786905281282,0.1339317707242317,0.19972320828368853,100,0.7940000000000002,0.22688937365770986,0.022688937365770986,0.7489802258671187,0.8390197741328816,100.0,10.26,4.267850214633295,0.42678502146332953,9.413165925762465,11.106834074237534,100,0.9020951719313953,0.09045416507739847,0.009045416507739847,0.8841471031632815,0.9200432406995092,100.0,0.95,,
nonlinear_strong,tabm_orbit_student,native10,0.06073476523476524,0.11443950553147268,0.011443950553147269,0.03802748455498326,0.08344204591454721,100,0.27399999999999997,0.4142950688101465,0.04142950688101465,0.1917948701540451,0.35620512984595487,100.0,3.45,5.217249943188171,0.5217249943188171,2.414784422246832,4.485215577753168,100,,,,,,,0.31,,
nonlinear_strong,tabm_orbit_student,top12,0.255,0.07379788578359103,0.007379788578359104,0.24035689840426971,0.2696431015957303,100,0.8940000000000003,0.08855746294030922,0.008855746294030922,0.876428278085124,0.9115717219148767,100.0,12.0,0.0,0.0,12.0,12.0,100,0.872436324060564,0.043702219585460306,0.00437022195854603,0.8637648555685615,0.8811077925525665,100.0,1.0,,
nonlinear_strong,tabm_orbit_student,top8,0.075,0.08520622635759084,0.008520622635759085,0.05809323612871823,0.09190676387128177,100,0.74,0.06816498108607272,0.0068164981086072714,0.7264745889029746,0.7535254110970254,100.0,8.0,0.0,0.0,8.0,8.0,100,,,,,,,1.0,,
nonlinear_strong,tabm_pfi,top12,0.17333333333333337,0.028228663863600238,0.0028228663863600237,0.16773215399767374,0.178934512668993,100,0.992,0.03387439663632028,0.003387439663632028,0.9852785847972084,0.9987214152027916,100.0,12.0,0.0,0.0,12.0,12.0,100,0.854592826386591,0.039590766901980684,0.003959076690198069,0.846737159305577,0.8624484934676049,100.0,1.0,,
nonlinear_strong,tabm_pfi,top8,0.0025,0.024999999999999998,0.0024999999999999996,-0.002460542378771706,0.0074605423787717055,100,0.7979999999999998,0.020000000000000018,0.0020000000000000018,0.7940315660969824,0.8019684339030172,100.0,8.0,0.0,0.0,8.0,8.0,100,,,,,,,1.0,,
nonlinear_strong,xgb_midpoint,native,0.16185804116763866,0.13532344485158385,0.013532344485158384,0.13500693384653237,0.18870914848874495,100,0.9990000000000001,0.009999999999999995,0.0009999999999999996,0.9970157830484915,1.0009842169515089,100.0,12.31,2.5532510470165106,0.25532510470165104,11.803379599105256,12.816620400894745,100,0.8533195116528208,0.03881689357148188,0.003881689357148188,0.8456173978298765,0.8610216254757651,100.0,1.0,,
nonlinear_strong,xgb_midpoint,native10,0.07961856280973928,0.10669274450575093,0.010669274450575094,0.05844840758460969,0.10078871803486887,100,0.9890000000000001,0.10039819709436014,0.010039819709436014,0.9690788195424462,1.008921180457554,100.0,10.94,1.9940314982872303,0.19940314982872304,10.544340889925621,11.335659110074378,100,,,,,,,0.99,,
nonlinear_strong,xgb_midpoint,top12,0.16750000000000007,0.008333333333333335,0.0008333333333333335,0.16584648587374282,0.16915351412625731,100,0.9990000000000001,0.009999999999999995,0.0009999999999999996,0.9970157830484915,1.0009842169515089,100.0,12.0,0.0,0.0,12.0,12.0,100,0.8534248980699626,0.038796326780347216,0.0038796326780347217,0.8457268651445791,0.8611229309953461,100.0,1.0,,
nonlinear_strong,xgb_midpoint,top8,0.0,0.0,0.0,0.0,0.0,100,0.7999999999999998,2.2316322462394835e-16,2.2316322462394835e-17,0.7999999999999998,0.7999999999999998,100.0,8.0,0.0,0.0,8.0,8.0,100,,,,,,,1.0,,
nonlinear_strong,xgb_naive,native,0.1945579327506572,0.15692304898767773,0.015692304898767773,0.16342099536227944,0.22569487013903494,100,0.998,0.014070529413628966,0.0014070529413628967,0.9952081017020776,1.0007918982979225,100.0,12.97,3.1154713313015123,0.31154713313015125,12.351822897249223,13.588177102750779,100,0.8528063538670054,0.03942716313771921,0.003942716313771921,0.8449831493222294,0.8606295584117815,100.0,1.0,,
nonlinear_strong,xgb_naive,native10,0.08274850149850152,0.09996763111447306,0.009996763111447305,0.0629127546725511,0.10258424832445194,100,0.9790000000000001,0.14091691082895536,0.014091691082895536,0.951039027677895,1.0069609723221051,100.0,10.84,2.087577495083667,0.2087577495083667,10.425779334666695,11.254220665333305,100,,,,,,,0.98,,
nonlinear_strong,xgb_naive,top12,0.16916666666666672,0.014287217333147107,0.0014287217333147106,0.1663317727844348,0.17200156054889862,100,0.9969999999999999,0.017144660799776522,0.001714466079977652,0.9935981273413216,1.000401872658678,100.0,12.0,0.0,0.0,12.0,12.0,100,0.8534535587049887,0.039961803334080406,0.003996180333408041,0.8455242699461549,0.8613828474638225,100.0,1.0,,
nonlinear_strong,xgb_naive,top8,0.0,0.0,0.0,0.0,0.0,100,0.7999999999999998,2.2316322462394835e-16,2.2316322462394835e-17,0.7999999999999998,0.7999999999999998,100.0,8.0,0.0,0.0,8.0,8.0,100,,,,,,,1.0,,
nonlinear_strong,xgb_orbit,native,0.18794770915359144,0.14922329367293166,0.014922329367293166,0.1583385702670125,0.21755684804017036,100,0.9990000000000001,0.009999999999999997,0.0009999999999999996,0.9970157830484915,1.0009842169515089,100.0,12.78,2.6801929675742273,0.26801929675742275,12.248191568042484,13.311808431957514,100,0.853936460077817,0.03904897512728651,0.003904897512728651,0.8461882962391567,0.8616846239164773,100.0,1.0,,
nonlinear_strong,xgb_orbit,native10,0.08770937395937396,0.10392598401810149,0.010392598401810149,0.06708820404028022,0.1083305438784677,100,0.99,0.09999999999999999,0.009999999999999998,0.9701578304849132,1.0098421695150868,100.0,11.04,1.9741767239469057,0.19741767239469057,10.648280507907067,11.431719492092931,100,,,,,,,0.99,,
nonlinear_strong,xgb_orbit,top12,0.16750000000000007,0.008333333333333335,0.0008333333333333335,0.16584648587374282,0.16915351412625731,100,0.9990000000000001,0.009999999999999997,0.0009999999999999996,0.9970157830484915,1.0009842169515089,100.0,12.0,0.0,0.0,12.0,12.0,100,0.8529079183626849,0.0391631921373299,0.003916319213732989,0.8451370913912767,0.860678745334093,100.0,1.0,,
nonlinear_strong,xgb_orbit,top8,0.0,0.0,0.0,0.0,0.0,100,0.7999999999999998,2.2316322462394835e-16,2.2316322462394835e-17,0.7999999999999998,0.7999999999999998,100.0,8.0,0.0,0.0,8.0,8.0,100,,,,,,,1.0,,
nonlinear_strong,xgb_orbit_student,native,0.17010199655865285,0.15095684916649216,0.015095684916649216,0.14014888265240355,0.20005511046490215,100,0.924,0.12070499977091657,0.012070499977091658,0.9000495093322696,0.9479504906677305,100.0,11.72,3.4203195550395376,0.34203195550395377,11.041334395931392,12.39866560406861,100,0.8693031026858749,0.05050971262201487,0.005050971262201487,0.8592808798858315,0.8793253254859182,100.0,1.0,,
nonlinear_strong,xgb_orbit_student,native10,0.07398226773226774,0.10137169111509753,0.010137169111509753,0.05386792494089987,0.0940966105236356,100,0.45399999999999996,0.48584405362672134,0.04858440536267213,0.3575979993004166,0.5504020006995833,100.0,5.46,5.926178866655643,0.5926178866655644,4.284117543510936,6.635882456489064,100,,,,,,,0.47,,
nonlinear_strong,xgb_orbit_student,top12,0.19250000000000006,0.03873526655931099,0.003873526655931099,0.18481408274718084,0.20018591725281928,100,0.9690000000000001,0.04648231987117316,0.004648231987117316,0.959776899296617,0.9782231007033831,100.0,12.0,0.0,0.0,12.0,12.0,100,0.8588765912654229,0.03876628981787224,0.0038766289817872236,0.8511845183250508,0.866568664205795,100.0,1.0,,
nonlinear_strong,xgb_orbit_student,top8,0.03,0.056519416526043906,0.00565194165260439,0.01878532156396437,0.04121467843603563,100,0.7759999999999999,0.04521553322083516,0.0045215533220835154,0.7670282572511714,0.7849717427488284,100.0,8.0,0.0,0.0,8.0,8.0,100,,,,,,,1.0,,
nonlinear_strong,xgb_pfi,top12,0.1666666666666667,5.579080615598709e-17,5.579080615598709e-18,0.1666666666666667,0.1666666666666667,100,1.0,0.0,0.0,1.0,1.0,100.0,12.0,0.0,0.0,12.0,12.0,100,0.8534928041222828,0.03862962139055608,0.0038629621390556083,0.8458278491629324,0.8611577590816332,100.0,1.0,,
nonlinear_strong,xgb_pfi,top8,0.0,0.0,0.0,0.0,0.0,100,0.7999999999999998,2.2316322462394835e-16,2.2316322462394835e-17,0.7999999999999998,0.7999999999999998,100.0,8.0,0.0,0.0,8.0,8.0,100,,,,,,,1.0,,
nonlinear_strong,xgb_shap,top12,0.1666666666666667,5.579080615598709e-17,5.579080615598709e-18,0.1666666666666667,0.1666666666666667,100,1.0,0.0,0.0,1.0,1.0,100.0,12.0,0.0,0.0,12.0,12.0,100,0.8527768488578196,0.03819081273957822,0.0038190812739578224,0.8451989630548431,0.860354734660796,100.0,1.0,,
nonlinear_strong,xgb_shap,top8,0.0,0.0,0.0,0.0,0.0,100,0.7999999999999998,2.2316322462394835e-16,2.2316322462394835e-17,0.7999999999999998,0.7999999999999998,100.0,8.0,0.0,0.0,8.0,8.0,100,,,,,,,1.0,,
nonlinear_weak,deep_lasso,top12,0.2458333333333333,0.06842688840827893,0.006842688840827893,0.2322559541414633,0.2594107125252033,100,0.9050000000000002,0.08211226608993472,0.008211226608993472,0.8887071449697562,0.9212928550302443,100.0,12.0,0.0,0.0,12.0,12.0,100,1.5180236570570786,0.05471833995406476,0.005471833995406477,1.5071663512875517,1.5288809628266056,100.0,1.0,,
nonlinear_weak,deep_lasso,top8,0.08125,0.08771618315840464,0.008771618315840463,0.06384520624554532,0.09865479375445468,100,0.735,0.07017294652672373,0.007017294652672373,0.7210761649964362,0.7489238350035637,100.0,8.0,0.0,0.0,8.0,8.0,100,,,,,,,1.0,,
nonlinear_weak,lasso_pair_q20,native,0.05116017316017316,0.17086838133407445,0.017086838133407445,0.017256179288181135,0.08506416703216518,100,0.039,0.1324935675968666,0.01324935675968666,0.012710401720843579,0.06528959827915642,100.0,0.83,2.678213636517498,0.2678213636517498,0.2985843102660266,1.3614156897339733,100,1.725209102297643,0.06852103203325367,0.006852103203325367,1.7116130429681178,1.7388051616271682,100.0,0.1,,
nonlinear_weak,lasso_pair_q20,native10,0.0,0.0,0.0,0.0,0.0,100,0.0,0.0,0.0,0.0,0.0,100.0,0.0,0.0,0.0,0.0,0.0,100,,,,,,,0.0,,
nonlinear_weak,lasso_pair_q20,top12,0.6033333333333334,0.11118684287801635,0.011118684287801635,0.5812714514910041,0.6253952151756627,100,0.4759999999999999,0.1334242114536196,0.01334242114536196,0.44952574178920485,0.502474258210795,100.0,12.0,0.0,0.0,12.0,12.0,100,1.6313555401826452,0.06700550950377328,0.006700550950377328,1.6180601934024588,1.6446508869628316,100.0,1.0,,
nonlinear_weak,lasso_pair_q20,top8,0.55625,0.1592824424242875,0.01592824424242875,0.5246449077664024,0.5878550922335977,100,0.355,0.12742595393943001,0.012742595393943002,0.32971592621312185,0.3802840737868781,100.0,8.0,0.0,0.0,8.0,8.0,100,,,,,,,1.0,,
nonlinear_weak,linear_orbit_student,native,0.07416100076394193,0.17656268555446805,0.017656268555446806,0.03912713339583465,0.1091948681320492,100,0.075,0.18552410064245542,0.01855241006424554,0.03818799345918371,0.11181200654081629,100.0,1.39,3.5072651868527256,0.35072651868527255,0.6940824962810553,2.0859175037189446,100,1.7211584889246083,0.07372244311645654,0.007372244311645654,1.7065303567907775,1.7357866210584392,100.0,0.17,,
nonlinear_weak,linear_orbit_student,native10,0.0,0.0,0.0,0.0,0.0,100,0.0,0.0,0.0,0.0,0.0,100.0,0.0,0.0,0.0,0.0,0.0,100,,,,,,,0.0,,
nonlinear_weak,linear_orbit_student,top12,0.5258333333333333,0.10167991303008041,0.01016799130300804,0.5056578326271118,0.5460088340395547,100,0.569,0.12201589563609647,0.012201589563609647,0.5447893991525342,0.5932106008474657,100.0,12.0,0.0,0.0,12.0,12.0,100,1.6176445721432693,0.0664148853290586,0.006641488532905861,1.604466418013027,1.6308227262735115,100.0,1.0,,
nonlinear_weak,linear_orbit_student,top8,0.45625,0.14031777607569287,0.014031777607569287,0.4284079090112611,0.4840920909887389,100,0.435,0.1122542208605543,0.011225422086055429,0.41272632720900887,0.4572736727909911,100.0,8.0,0.0,0.0,8.0,8.0,100,,,,,,,1.0,,
nonlinear_weak,tabm_midpoint,native,0.18232131037451402,0.1865310073687167,0.01865310073687167,0.14530951169421413,0.2193331090548139,100,0.7580000000000001,0.23535058740079445,0.023535058740079447,0.7113013374931819,0.8046986625068183,100.0,10.34,5.290013461631493,0.5290013461631493,9.290346561572166,11.389653438427834,100,1.5397081806827664,0.07397561702296157,0.007397561702296157,1.525029813353239,1.5543865480122938,100.0,0.94,,
nonlinear_weak,tabm_midpoint,native10,0.07410681475387358,0.1333696571845466,0.01333696571845466,0.047643381293625664,0.1005702482141215,100,0.274,0.4046747041286571,0.040467470412865705,0.1937037592221158,0.35429624077788424,100.0,3.67,5.5414963519054865,0.5541496351905486,2.570446900182561,4.769553099817439,100,,,,,,,0.32,,
nonlinear_weak,tabm_midpoint,top12,0.29500000000000004,0.08326596603587666,0.008326596603587666,0.27847822587078674,0.31152177412921334,100,0.8460000000000001,0.099919159243052,0.0099919159243052,0.8261738710449441,0.8658261289550561,100.0,12.0,0.0,0.0,12.0,12.0,100,1.5242703767073391,0.05648774911034358,0.005648774911034358,1.5130619817736077,1.5354787716410705,100.0,1.0,,
nonlinear_weak,tabm_midpoint,top8,0.09625,0.11630761850030341,0.011630761850030341,0.07317204517820931,0.11932795482179069,100,0.723,0.09304609480024276,0.009304609480024276,0.7045376361425674,0.7414623638574326,100.0,8.0,0.0,0.0,8.0,8.0,100,,,,,,,1.0,,
nonlinear_weak,tabm_naive,native,0.19437570609981095,0.18501711207237667,0.01850171120723767,0.1576642970904918,0.2310871151091301,100,0.7490000000000001,0.2328978620370186,0.02328978620370186,0.7027880114176018,0.7952119885823984,100.0,10.3,4.983812179284432,0.4983812179284432,9.31110353907284,11.28889646092716,100,1.5427858011161404,0.07226522625120581,0.007226522625120581,1.5284468124229151,1.5571247898093656,100.0,0.94,,
nonlinear_weak,tabm_naive,native10,0.06258249849042688,0.12740794199062408,0.012740794199062409,0.037301998664963754,0.08786299831589,100,0.223,0.3892118428129578,0.038921184281295776,0.14577192637625963,0.3002280736237404,100.0,3.09,5.577905548055677,0.5577905548055677,1.9832225257633596,4.19677747423664,100,,,,,,,0.25,,
nonlinear_weak,tabm_naive,top12,0.2925,0.0841667083374901,0.00841667083374901,0.2757994990564065,0.30920050094359347,100,0.8489999999999999,0.10100005000498813,0.010100005000498813,0.8289593988676877,0.8690406011323121,100.0,12.0,0.0,0.0,12.0,12.0,100,1.5238631870410249,0.0547876459237194,0.00547876459237194,1.512992129463515,1.5347342446185348,100.0,1.0,,
nonlinear_weak,tabm_naive,top8,0.085,0.11634153830577253,0.011634153830577252,0.06191531475290894,0.10808468524709107,100,0.7320000000000002,0.09307323064461805,0.009307323064461805,0.7135322518023274,0.750467748197673,100.0,8.0,0.0,0.0,8.0,8.0,100,,,,,,,1.0,,
nonlinear_weak,tabm_orbit,native,0.18261341463547345,0.1739537198085199,0.01739537198085199,0.14809722267326775,0.21712960659767916,100,0.7610000000000002,0.24899596361987453,0.024899596361987453,0.7115937988128208,0.8104062011871797,100.0,10.23,5.068928920791887,0.5068928920791886,9.224214530937212,11.235785469062789,100,1.5411486498345446,0.0727897217539996,0.00727897217539996,1.5267055898545558,1.5555917098145333,100.0,0.93,,
nonlinear_weak,tabm_orbit,native10,0.0679504662004662,0.12050906591606125,0.012050906591606125,0.0440388530603536,0.0918620793405788,100,0.281,0.41504411351278814,0.04150441135127882,0.1986462434344032,0.3633537565655969,100.0,3.63,5.413516566536175,0.5413516566536175,2.555840866140584,4.704159133859416,100,,,,,,,0.32,,
nonlinear_weak,tabm_orbit,top12,0.2825,0.08282250842153095,0.008282250842153095,0.26606621748235276,0.2989337825176472,100,0.8610000000000001,0.09938701010583717,0.009938701010583717,0.8412794609788234,0.8807205390211768,100.0,12.0,0.0,0.0,12.0,12.0,100,1.5233485046507096,0.05749048416161344,0.005749048416161344,1.511941145328318,1.5347558639731012,100.0,1.0,,
nonlinear_weak,tabm_orbit,top8,0.085,0.10934839142424871,0.01093483914242487,0.0633029068115799,0.1066970931884201,100,0.7319999999999999,0.08747871313939899,0.0087478713139399,0.7146423254492638,0.749357674550736,100.0,8.0,0.0,0.0,8.0,8.0,100,,,,,,,1.0,,
nonlinear_weak,tabm_orbit_student,native,0.1636190984940985,0.18907750968698456,0.018907750968698456,0.12610201850710231,0.2011361784810947,100,0.431,0.35638334824889184,0.035638334824889185,0.36028581191691267,0.5017141880830873,100.0,6.44,6.379132647416365,0.6379132647416366,5.174241686507399,7.705758313492602,100,1.6157125322012087,0.10426593250592023,0.010426593250592022,1.595023909126898,1.6364011552755193,100.0,0.63,,
nonlinear_weak,tabm_orbit_student,native10,0.039867132867132865,0.1159117478183366,0.01159117478183366,0.01686772737711856,0.06286653835714717,100,0.09,0.24679767200905867,0.024679767200905867,0.04102998756067458,0.1389700124393254,100.0,1.37,3.7649499976558096,0.376494999765581,0.6229522393068768,2.1170477606931235,100,,,,,,,0.12,,
nonlinear_weak,tabm_orbit_student,top12,0.3675,0.09258038640083519,0.009258038640083519,0.3491300427926239,0.3858699572073761,100,0.759,0.11109646368100225,0.011109646368100225,0.7369560513511487,0.7810439486488513,100.0,12.0,0.0,0.0,12.0,12.0,100,1.538250018809267,0.055015332885850664,0.005501533288585067,1.5273337831987672,1.5491662544197666,100.0,1.0,,
nonlinear_weak,tabm_orbit_student,top8,0.23125,0.13457635548098876,0.013457635548098876,0.20454713141823638,0.25795286858176364,100,0.6150000000000001,0.10766108438479101,0.0107661084384791,0.5936377051345892,0.636362294865411,100.0,8.0,0.0,0.0,8.0,8.0,100,,,,,,,1.0,,
nonlinear_weak,tabm_pfi,top12,0.25333333333333335,0.08026331525381387,0.008026331525381387,0.23740735026224308,0.26925931640442363,100,0.8960000000000002,0.09631597830457664,0.009631597830457663,0.8768888203146918,0.9151111796853086,100.0,12.0,0.0,0.0,12.0,12.0,100,1.5191710642242513,0.055721876484667116,0.005572187648466712,1.5081146350351764,1.5302274934133262,100.0,1.0,,
nonlinear_weak,tabm_pfi,top8,0.0675,0.09799118698777318,0.009799118698777318,0.048056422568040345,0.08694357743195966,100,0.746,0.07839294959021857,0.007839294959021857,0.7304451380544322,0.7615548619455678,100.0,8.0,0.0,0.0,8.0,8.0,100,,,,,,,1.0,,
nonlinear_weak,xgb_midpoint,native,0.1816709243628748,0.15577703039374854,0.015577703039374854,0.1507613819265789,0.2125804667991707,100,0.9030000000000001,0.10584436831041272,0.010584436831041271,0.8819981810176752,0.924001818982325,100.0,11.61,3.3239109251578687,0.33239109251578686,10.950463959699684,12.269536040300315,100,1.5203693225305221,0.051913401634129115,0.005191340163412912,1.5100685773772304,1.5306700676838139,100.0,1.0,,
nonlinear_weak,xgb_midpoint,native10,0.08492761405261405,0.12221247227008969,0.012221247227008968,0.06067800813620437,0.10917721996902373,100,0.489,0.475010898333242,0.0475010898333242,0.39474753233758136,0.5832524676624187,100.0,5.96,5.887703330251152,0.5887703330251152,4.791751924666154,7.128248075333846,100,,,,,,,0.52,,
nonlinear_weak,xgb_midpoint,top12,0.23083333333333336,0.0647179410731308,0.00647179410731308,0.21799188975892875,0.24367477690773798,100,0.9230000000000002,0.07766152928775695,0.007766152928775695,0.9075902677107146,0.9384097322892857,100.0,12.0,0.0,0.0,12.0,12.0,100,1.5173549586492308,0.05253515768684644,0.005253515768684644,1.5069308436059885,1.527779073692473,100.0,1.0,,
nonlinear_weak,xgb_midpoint,top8,0.01625,0.04583333333333333,0.004583333333333333,0.007155672305585205,0.025344327694414796,100,0.7869999999999999,0.03666666666666669,0.0036666666666666688,0.779724537844468,0.7942754621555318,100.0,8.0,0.0,0.0,8.0,8.0,100,,,,,,,1.0,,
nonlinear_weak,xgb_naive,native,0.1784208884253002,0.16441623962233523,0.016441623962233524,0.1457971394491051,0.21104463740149532,100,0.916,0.09180567971690438,0.009180567971690439,0.8977837614060942,0.9342162385939059,100.0,11.81,3.620075896296857,0.3620075896296857,11.09169840408198,12.528301595918022,100,1.5171611974682235,0.052898614094088414,0.005289861409408842,1.5066649647885428,1.5276574301479042,100.0,1.0,,
nonlinear_weak,xgb_naive,native10,0.07712770562770563,0.10699157291645764,0.010699157291645764,0.05589825636276438,0.09835715489264688,100,0.529,0.47360534224396184,0.047360534224396185,0.435026425159446,0.622973574840554,100.0,6.21,5.610767066160123,0.5610767066160123,5.096702087635844,7.323297912364156,100,,,,,,,0.56,,
nonlinear_weak,xgb_naive,top12,0.225,0.05981171354710611,0.005981171354710611,0.21313205840810506,0.23686794159189495,100,0.9300000000000002,0.07177405625652733,0.007177405625652733,0.9157584700897262,0.9442415299102741,100.0,12.0,0.0,0.0,12.0,12.0,100,1.5154128463736192,0.05272748802002197,0.005272748802002197,1.5049505688196394,1.525875123927599,100.0,1.0,,
nonlinear_weak,xgb_naive,top8,0.01625,0.042249708623703884,0.004224970862370388,0.007866741195254419,0.02463325880474558,100,0.7869999999999999,0.03379976689896314,0.0033799766898963144,0.7802933929562035,0.7937066070437964,100.0,8.0,0.0,0.0,8.0,8.0,100,,,,,,,1.0,,
nonlinear_weak,xgb_orbit,native,0.1733283707320085,0.16379880931373567,0.016379880931373568,0.14082713332428323,0.20582960813973375,100,0.902,0.1414070705302942,0.01414070705302942,0.8739417693590606,0.9300582306409394,100.0,11.63,4.086575707129504,0.4086575707129504,10.819134720829007,12.440865279170994,100,1.5216781302553155,0.05766505220467483,0.005766505220467483,1.5102361328459006,1.5331201276647304,100.0,0.99,,
nonlinear_weak,xgb_orbit,native10,0.07556261875379522,0.11140833856311717,0.011140833856311717,0.05345678736215966,0.09766845014543077,100,0.502,0.47778529474941756,0.04777852947494175,0.4071970318976633,0.5968029681023367,100.0,5.95,5.751372256104002,0.5751372256104001,4.808802967500171,7.09119703249983,100,,,,,,,0.53,,
nonlinear_weak,xgb_orbit,top12,0.22500000000000003,0.06647700293478881,0.006647700293478881,0.21180952038912998,0.2381904796108701,100,0.9300000000000002,0.07977240352174655,0.007977240352174656,0.9141714244669561,0.9458285755330442,100.0,12.0,0.0,0.0,12.0,12.0,100,1.515443560668299,0.05059476214905821,0.005059476214905821,1.5054044621969278,1.5254826591396702,100.0,1.0,,
nonlinear_weak,xgb_orbit,top8,0.02375,0.05531989157654238,0.005531989157654238,0.012773333337820223,0.03472666666217978,100,0.7809999999999999,0.04425591326123393,0.0044255913261233935,0.7722186666702561,0.7897813333297438,100.0,8.0,0.0,0.0,8.0,8.0,100,,,,,,,1.0,,
nonlinear_weak,xgb_orbit_student,native,0.19261223036223035,0.18453383803018758,0.01845338380301876,0.15599671340758475,0.22922774731687595,100,0.5539999999999999,0.3355742853826869,0.033557428538268694,0.48741478144532596,0.6205852185546739,100.0,8.04,6.028417552046157,0.6028417552046157,6.843831170245753,9.236168829754245,100,1.592997467433386,0.09746745165964972,0.009746745165964972,1.573657810453043,1.612337124413729,100.0,0.77,,
nonlinear_weak,xgb_orbit_student,native10,0.04736047286047287,0.12317073004270818,0.012317073004270818,0.022920727812428734,0.071800217908517,100,0.12399999999999999,0.2895904457378148,0.028959044573781477,0.06653897285720725,0.18146102714279272,100.0,1.79,4.159193297851025,0.4159193297851025,0.9647258153802695,2.6152741846197305,100,,,,,,,0.16,,
nonlinear_weak,xgb_orbit_student,top12,0.3108333333333333,0.08611111111111111,0.008611111111111111,0.29374702069534186,0.3279196459713247,100,0.8270000000000002,0.10333333333333335,0.010333333333333335,0.8064964248344104,0.8475035751655899,100.0,12.0,0.0,0.0,12.0,12.0,100,1.5304571444254864,0.05609299047439736,0.005609299047439736,1.519327078169475,1.5415872106814978,100.0,1.0,,
nonlinear_weak,xgb_orbit_student,top8,0.1675,0.1126752282922341,0.01126752282922341,0.14514279020074383,0.1898572097992562,100,0.6659999999999999,0.0901401826337873,0.00901401826337873,0.6481142321605949,0.6838857678394049,100.0,8.0,0.0,0.0,8.0,8.0,100,,,,,,,1.0,,
nonlinear_weak,xgb_pfi,top12,0.18333333333333335,0.035533452725935076,0.0035533452725935075,0.17628272540889006,0.19038394125777663,100,0.98,0.04264014327112208,0.004264014327112208,0.971539270490668,0.988460729509332,100.0,12.0,0.0,0.0,12.0,12.0,100,1.5076043249571804,0.05117052885086488,0.005117052885086488,1.4974509818808255,1.5177576680335354,100.0,1.0,,
nonlinear_weak,xgb_pfi,top8,0.00125,0.012499999999999999,0.0012499999999999998,-0.001230271189385853,0.0037302711893858528,100,0.7989999999999998,0.010000000000000012,0.0010000000000000013,0.7970157830484912,0.8009842169515085,100.0,8.0,0.0,0.0,8.0,8.0,100,,,,,,,1.0,,
nonlinear_weak,xgb_shap,top12,0.1666666666666667,5.579080615598709e-17,5.579080615598709e-18,0.1666666666666667,0.1666666666666667,100,1.0,0.0,0.0,1.0,1.0,100.0,12.0,0.0,0.0,12.0,12.0,100,1.5056212130074047,0.051647086123772654,0.005164708612377266,1.495373310629123,1.5158691153856865,100.0,1.0,,
nonlinear_weak,xgb_shap,top8,0.0,0.0,0.0,0.0,0.0,100,0.7999999999999998,2.2316322462394835e-16,2.2316322462394835e-17,0.7999999999999998,0.7999999999999998,100.0,8.0,0.0,0.0,8.0,8.0,100,,,,,,,1.0,,
pure_interactions,deep_lasso,top12,0.1666666666666667,5.579080615598709e-17,5.579080615598709e-18,0.1666666666666667,0.1666666666666667,100,1.0,0.0,0.0,1.0,1.0,100.0,12.0,0.0,0.0,12.0,12.0,100,1.0171291331887393,0.049710430020250634,0.004971043002025064,1.0072655053974426,1.026992760980036,100.0,1.0,,
pure_interactions,deep_lasso,top8,0.0,0.0,0.0,0.0,0.0,100,0.7999999999999998,2.2316322462394835e-16,2.2316322462394835e-17,0.7999999999999998,0.7999999999999998,100.0,8.0,0.0,0.0,8.0,8.0,100,,,,,,,1.0,,
pure_interactions,lasso_pair_q20,native,0.06390476190476191,0.22145526276053626,0.022145526276053627,0.01996323326773535,0.10784629054178846,100,0.009000000000000001,0.03785938897200181,0.0037859388972001813,0.0014878758627993134,0.016512124137200688,100.0,0.45,1.5464197817585434,0.15464197817585434,0.14315676548863404,0.756843234511366,100,1.2238737382449483,0.0614004606931648,0.00614004606931648,1.2116905547511663,1.2360569217387303,100.0,0.08,,
pure_interactions,lasso_pair_q20,native10,0.0,0.0,0.0,0.0,0.0,100,0.0,0.0,0.0,0.0,0.0,100.0,0.0,0.0,0.0,0.0,0.0,100,,,,,,,0.0,,
pure_interactions,lasso_pair_q20,top12,0.6716666666666665,0.10313546821337201,0.010313546821337201,0.6512023522335908,0.6921309810997422,100,0.3940000000000001,0.12376256185604641,0.012376256185604641,0.36944282268030915,0.418557177319691,100.0,12.0,0.0,0.0,12.0,12.0,100,1.162519598441428,0.06508172976133651,0.006508172976133651,1.149605971298833,1.1754332255840232,100.0,1.0,,
pure_interactions,lasso_pair_q20,top8,0.66625,0.1559580606017742,0.015595806060177419,0.6353045372429541,0.6971954627570459,100,0.267,0.12476644848141934,0.012476644848141934,0.2422436297943633,0.2917563702056367,100.0,8.0,0.0,0.0,8.0,8.0,100,,,,,,,1.0,,
pure_interactions,linear_orbit_student,native,0.0155,0.10910448147893785,0.010910448147893785,-0.006148696163607359,0.03714869616360736,100,0.0030000000000000005,0.022270150335361373,0.002227015033536137,-0.00141888098080708,0.007418880980807081,100.0,0.13,0.9391055275735481,0.09391055275735481,-0.05633891070669389,0.3163389107066939,100,1.2233275135378805,0.061466633291201354,0.006146663329120136,1.2111311999650236,1.2355238271107374,100.0,0.02,,
pure_interactions,linear_orbit_student,native10,0.0,0.0,0.0,0.0,0.0,100,0.0,0.0,0.0,0.0,0.0,100.0,0.0,0.0,0.0,0.0,0.0,100,,,,,,,0.0,,
pure_interactions,linear_orbit_student,top12,0.6708333333333334,0.10879853497231115,0.010879853497231116,0.6492453435941964,0.6924213230724704,100,0.395,0.13055824196677338,0.013055824196677338,0.36909441231303564,0.4209055876869644,100.0,12.0,0.0,0.0,12.0,12.0,100,1.165580813138322,0.06881327952026604,0.006881327952026605,1.1519267655670204,1.1792348607096237,100.0,1.0,,
pure_interactions,linear_orbit_student,top8,0.68625,0.15334547876799584,0.015334547876799585,0.6558229301591328,0.7166770698408672,100,0.25100000000000006,0.12267638301439668,0.012267638301439667,0.2266583441273063,0.2753416558726938,100.0,8.0,0.0,0.0,8.0,8.0,100,,,,,,,1.0,,
pure_interactions,tabm_midpoint,native,0.15653726991962288,0.1512420069262754,0.01512420069262754,0.12652757452729196,0.1865469653119538,100,0.998,0.01407052941362897,0.001407052941362897,0.9952081017020776,1.0007918982979225,100.0,12.31,2.754958798203338,0.2754958798203338,11.763356405189695,12.856643594810306,100,1.0136593962206515,0.05095253799560609,0.005095253799560609,1.0035493072593242,1.0237694851819787,100.0,1.0,,
pure_interactions,tabm_midpoint,native10,0.0703533966033966,0.10195569294402607,0.010195569294402606,0.050123175179161525,0.09058361802763167,100,0.98,0.14070529413628965,0.014070529413628966,0.9520810170207759,1.007918982979224,100.0,10.72,2.1746008573733455,0.21746008573733455,10.28851201160345,11.151487988396552,100,,,,,,,0.98,,
pure_interactions,tabm_midpoint,top12,0.1666666666666667,5.579080615598709e-17,5.579080615598709e-18,0.1666666666666667,0.1666666666666667,100,1.0,0.0,0.0,1.0,1.0,100.0,12.0,0.0,0.0,12.0,12.0,100,1.0174533708055984,0.04973094235761981,0.004973094235761981,1.0075856729215493,1.0273210686896475,100.0,1.0,,
pure_interactions,tabm_midpoint,top8,0.0,0.0,0.0,0.0,0.0,100,0.7999999999999998,2.2316322462394835e-16,2.2316322462394835e-17,0.7999999999999998,0.7999999999999998,100.0,8.0,0.0,0.0,8.0,8.0,100,,,,,,,1.0,,
pure_interactions,tabm_naive,native,0.15169671270758228,0.144781839287379,0.014478183928737901,0.12296885472911996,0.18042457068604462,100,1.0,0.0,0.0,1.0,1.0,100.0,12.25,2.844008410392599,0.2844008410392599,11.685687030186575,12.814312969813425,100,1.012522476753859,0.051322320770143724,0.005132232077014373,1.0023390148675704,1.0227059386401476,100.0,1.0,,
pure_interactions,tabm_naive,native10,0.07251248751248751,0.10120786268369898,0.010120786268369899,0.05243065183619165,0.09259432318878337,100,1.0,0.0,0.0,1.0,1.0,100.0,10.96,1.7110455188792515,0.17110455188792514,10.620491447663683,11.299508552336318,100,,,,,,,1.0,,
pure_interactions,tabm_naive,top12,0.1666666666666667,5.579080615598709e-17,5.579080615598709e-18,0.1666666666666667,0.1666666666666667,100,1.0,0.0,0.0,1.0,1.0,100.0,12.0,0.0,0.0,12.0,12.0,100,1.0165086761339208,0.0499447980339709,0.00499447980339709,1.0065985446440526,1.026418807623789,100.0,1.0,,
pure_interactions,tabm_naive,top8,0.0,0.0,0.0,0.0,0.0,100,0.7999999999999998,2.2316322462394835e-16,2.2316322462394835e-17,0.7999999999999998,0.7999999999999998,100.0,8.0,0.0,0.0,8.0,8.0,100,,,,,,,1.0,,
pure_interactions,tabm_orbit,native,0.1544510636422401,0.14369432427423098,0.014369432427423098,0.12593899223618862,0.18296313504829156,100,0.9969999999999999,0.017144660799776522,0.001714466079977652,0.9935981273413216,1.000401872658678,100.0,12.22,2.623052428070022,0.2623052428070022,11.699529490752745,12.740470509247256,100,1.0156653267742393,0.05162484198163297,0.005162484198163297,1.005421838116348,1.0259088154321305,100.0,1.0,,
pure_interactions,tabm_orbit,native10,0.07046953046953047,0.10322887744740626,0.010322887744740626,0.049986681617894886,0.09095237932116607,100,0.96,0.19694638556693236,0.019694638556693237,0.9209215643219727,0.9990784356780272,100.0,10.53,2.687250105835542,0.2687250105835542,9.99679127870576,11.063208721294238,100,,,,,,,0.96,,
pure_interactions,tabm_orbit,top12,0.16750000000000007,0.008333333333333335,0.0008333333333333335,0.16584648587374282,0.16915351412625731,100,0.9990000000000001,0.009999999999999995,0.0009999999999999996,0.9970157830484915,1.0009842169515089,100.0,12.0,0.0,0.0,12.0,12.0,100,1.0173701602547844,0.05116602862075575,0.005116602862075575,1.0072177101217163,1.0275226103878525,100.0,1.0,,
pure_interactions,tabm_orbit,top8,0.0,0.0,0.0,0.0,0.0,100,0.7999999999999998,2.2316322462394835e-16,2.2316322462394835e-17,0.7999999999999998,0.7999999999999998,100.0,8.0,0.0,0.0,8.0,8.0,100,,,,,,,1.0,,
pure_interactions,tabm_orbit_student,native,0.15283713671948965,0.14861540693020014,0.014861540693020014,0.12334861575086324,0.18232565768811607,100,0.934,0.16157057437866126,0.016157057437866128,0.9019408927452867,0.9660591072547134,100.0,11.58,3.559536912338883,0.3559536912338883,10.873710651901632,12.286289348098368,100,1.0279395526786184,0.06262829129777614,0.006262829129777614,1.0155127409549112,1.0403663644023255,100.0,0.98,,
pure_interactions,tabm_orbit_student,native10,0.05876506826506826,0.08577885981217248,0.008577885981217248,0.041744681493028304,0.07578545503710822,100,0.526,0.4892005434555155,0.04892005434555155,0.42893199889883066,0.6230680011011694,100.0,5.96,5.602885259607164,0.5602885259607164,4.848266009052933,7.071733990947067,100,,,,,,,0.54,,
pure_interactions,tabm_orbit_student,top12,0.18083333333333335,0.03146043067238641,0.0031460430672386407,0.17459090134914207,0.18707576531752462,100,0.9830000000000001,0.03775251680686368,0.003775251680686368,0.9755090816189705,0.9904909183810297,100.0,12.0,0.0,0.0,12.0,12.0,100,1.0213457023636752,0.05215245967424855,0.005215245967424855,1.0109975229088235,1.0316938818185268,100.0,1.0,,
pure_interactions,tabm_orbit_student,top8,0.01625,0.04224970862370389,0.004224970862370389,0.007866741195254417,0.024633258804745584,100,0.7869999999999999,0.03379976689896314,0.0033799766898963144,0.7802933929562035,0.7937066070437964,100.0,8.0,0.0,0.0,8.0,8.0,100,,,,,,,1.0,,
pure_interactions,tabm_pfi,top12,0.1666666666666667,5.579080615598709e-17,5.579080615598709e-18,0.1666666666666667,0.1666666666666667,100,1.0,0.0,0.0,1.0,1.0,100.0,12.0,0.0,0.0,12.0,12.0,100,1.0138380249723895,0.04861383473700232,0.004861383473700232,1.0041919854760892,1.0234840644686898,100.0,1.0,,
pure_interactions,tabm_pfi,top8,0.0,0.0,0.0,0.0,0.0,100,0.7999999999999998,2.2316322462394835e-16,2.2316322462394835e-17,0.7999999999999998,0.7999999999999998,100.0,8.0,0.0,0.0,8.0,8.0,100,,,,,,,1.0,,
pure_interactions,xgb_midpoint,native,0.1470966738575434,0.12839153893477492,0.012839153893477492,0.12162100705907666,0.17257234065601015,100,0.931,0.10415121097459572,0.010415121097459571,0.910334140166405,0.9516658598335951,100.0,11.25,2.567768358601364,0.25677683586013644,10.740499049531554,11.759500950468446,100,1.0306128164039567,0.05307299898586653,0.005307299898586653,1.0200819819784408,1.0411436508294727,100.0,1.0,,
pure_interactions,xgb_midpoint,native10,0.05784373959373958,0.09212335346488626,0.009212335346488626,0.039564467636254236,0.07612301155122493,100,0.515,0.488943408346668,0.0488943408346668,0.41798302008301097,0.6120169799169891,100.0,5.88,5.73537666195913,0.573537666195913,4.741976840405341,7.018023159594659,100,,,,,,,0.53,,
pure_interactions,xgb_midpoint,top12,0.2016666666666667,0.05320797557154376,0.005320797557154376,0.19110904995821498,0.2122242833751184,100,0.9580000000000001,0.0638495706858525,0.00638495706858525,0.945330859949858,0.9706691400501422,100.0,12.0,0.0,0.0,12.0,12.0,100,1.0294456143927482,0.05035440333945184,0.005035440333945184,1.0194542083238236,1.0394370204616727,100.0,1.0,,
pure_interactions,xgb_midpoint,top8,0.01375,0.04313693840023251,0.004313693840023251,0.005190695559007282,0.022309304440992717,100,0.7889999999999999,0.034509550720186036,0.0034509550720186037,0.7821525564472057,0.7958474435527941,100.0,8.0,0.0,0.0,8.0,8.0,100,,,,,,,1.0,,
pure_interactions,xgb_naive,native,0.17926779247061247,0.156656193934636,0.0156656193934636,0.14818380491421884,0.2103517800270061,100,0.9830000000000001,0.05135536717202727,0.005135536717202727,0.9728099809906312,0.993190019009369,100.0,12.57,3.318923398521352,0.33189233985213523,11.911453593189513,13.228546406810487,100,1.0245212495959792,0.053549122598075115,0.005354912259807511,1.0138959419162275,1.035146557275731,100.0,1.0,,
pure_interactions,xgb_naive,native10,0.07414739508857156,0.10105979020589581,0.010105979020589581,0.05409494020432659,0.09419984997281652,100,0.787,0.3968703322321544,0.03968703322321544,0.7082523159234076,0.8657476840765924,100.0,8.82,4.68692572239765,0.46869257223976496,7.890012253115651,9.749987746884349,100,,,,,,,0.8,,
pure_interactions,xgb_naive,top12,0.1758333333333334,0.02620550314460168,0.002620550314460168,0.17063359297710012,0.18103307368956667,100,0.9890000000000001,0.03144660377352201,0.0031446603773522008,0.9827603115725202,0.99523968842748,100.0,12.0,0.0,0.0,12.0,12.0,100,1.0253364288686664,0.05122630285486815,0.005122630285486815,1.0151720190198916,1.0355008387174411,100.0,1.0,,
pure_interactions,xgb_naive,top8,0.00125,0.012499999999999999,0.0012499999999999998,-0.001230271189385853,0.0037302711893858528,100,0.7989999999999998,0.010000000000000009,0.0010000000000000009,0.7970157830484912,0.8009842169515085,100.0,8.0,0.0,0.0,8.0,8.0,100,,,,,,,1.0,,
pure_interactions,xgb_orbit,native,0.1689813446357564,0.14755644314565713,0.014755644314565714,0.13970294505636238,0.1982597442151504,100,0.9370000000000002,0.09811866655877835,0.009811866655877835,0.9175311278554645,0.9564688721445358,100.0,11.75,2.9759134070165087,0.2975913407016509,11.15951421715759,12.34048578284241,100,1.0292125481043748,0.053430176233586826,0.005343017623358683,1.0186108419638968,1.0398142542448527,100.0,1.0,,
pure_interactions,xgb_orbit,native10,0.06956876456876457,0.10399090257950258,0.010399090257950258,0.048934713398670865,0.09020281573885827,100,0.54,0.48304589153964794,0.048304589153964794,0.4441532153650406,0.6358467846349595,100.0,6.28,5.773642653901391,0.5773642653901392,5.1343840374175285,7.425615962582472,100,,,,,,,0.56,,
pure_interactions,xgb_orbit,top12,0.19833333333333336,0.049943851750957904,0.004994385175095791,0.18842338960654464,0.20824327706012208,100,0.9620000000000001,0.059932622101149476,0.005993262210114947,0.9501080675278536,0.9738919324721466,100.0,12.0,0.0,0.0,12.0,12.0,100,1.0294907800901776,0.05087657300753793,0.005087657300753793,1.019395764230555,1.0395857959498003,100.0,1.0,,
pure_interactions,xgb_orbit,top8,0.01,0.03408249054303634,0.003408249054303634,0.003237294451487293,0.016762705548512707,100,0.7919999999999999,0.0272659924344291,0.00272659924344291,0.7865898355611898,0.7974101644388101,100.0,8.0,0.0,0.0,8.0,8.0,100,,,,,,,1.0,,
pure_interactions,xgb_orbit_student,native,0.1620163455825221,0.16482135797308078,0.01648213579730808,0.12931221233643533,0.19472047882860885,100,0.7090000000000001,0.30053655721429673,0.03005365572142967,0.6493670268627334,0.7686329731372668,100.0,9.34,5.115277177833143,0.5115277177833143,8.325018031207797,10.354981968792202,100,1.0792073102737383,0.07816489865188886,0.007816489865188885,1.0636976985819346,1.094716921965542,100.0,0.88,,
pure_interactions,xgb_orbit_student,native10,0.04978205128205127,0.0977520453835039,0.009775204538350391,0.03038592473259182,0.06917817783151073,100,0.201,0.3718626334842184,0.03718626334842184,0.12721438590079537,0.27478561409920466,100.0,2.58,4.784613385899142,0.47846133858991424,1.6306289013283568,3.5293710986716436,100,,,,,,,0.23,,
pure_interactions,xgb_orbit_student,top12,0.26333333333333336,0.07370277311900889,0.0073702773119008885,0.24870910415373979,0.27795756251292697,100,0.8840000000000002,0.08844332774281065,0.008844332774281064,0.866450924984488,0.9015490750155125,100.0,12.0,0.0,0.0,12.0,12.0,100,1.046901883666262,0.05627105144193543,0.005627105144193543,1.0357364862512315,1.0580672810812926,100.0,1.0,,
pure_interactions,xgb_orbit_student,top8,0.10875,0.09675120389196949,0.00967512038919695,0.08955246211586812,0.12794753788413188,100,0.713,0.07740096311357564,0.007740096311357564,0.6976419696926944,0.7283580303073055,100.0,8.0,0.0,0.0,8.0,8.0,100,,,,,,,1.0,,
pure_interactions,xgb_pfi,top12,0.1666666666666667,5.579080615598709e-17,5.579080615598709e-18,0.1666666666666667,0.1666666666666667,100,1.0,0.0,0.0,1.0,1.0,100.0,12.0,0.0,0.0,12.0,12.0,100,1.017188927897137,0.04708594269566853,0.004708594269566853,1.007846055329686,1.0265318004645883,100.0,1.0,,
pure_interactions,xgb_pfi,top8,0.0025,0.01758816176703621,0.001758816176703621,-0.0009898728724030154,0.0059898728724030155,100,0.7979999999999998,0.014070529413628982,0.0014070529413628982,0.7952081017020775,0.8007918982979222,100.0,8.0,0.0,0.0,8.0,8.0,100,,,,,,,1.0,,
pure_interactions,xgb_shap,top12,0.245,0.09006482264646364,0.009006482264646364,0.22712918521702638,0.26287081478297364,100,0.9059999999999999,0.10807778717575632,0.010807778717575631,0.8845550222604316,0.9274449777395682,100.0,12.0,0.0,0.0,12.0,12.0,100,1.0403565283023242,0.05733861149581969,0.005733861149581969,1.0289793038117265,1.0517337527929218,100.0,1.0,,
pure_interactions,xgb_shap,top8,0.16375,0.12897101506645872,0.012897101506645872,0.1381593525651851,0.1893406474348149,100,0.6689999999999999,0.103176812053167,0.0103176812053167,0.648527482052148,0.6894725179478518,100.0,8.0,0.0,0.0,8.0,8.0,100,,,,,,,1.0,,
