scene,rule,metric,candidate,comparator,mean,sd,se,ci_low,ci_high,n,p_two_sided,holm_p_within_scene_rule_metric
global_null,native,FDP,tabm_orbit_student,lasso_pair_q20,0.02,0.2835560621888384,0.02835560621888384,-0.03626367452981434,0.07626367452981433,100,0.48226247077230866,1.0
global_null,native,FDP,tabm_orbit_student,linear_orbit_student,0.04,0.24287836253956216,0.024287836253956217,-0.008192336410567068,0.08819233641056706,100,0.10274631195020746,0.7192241836514522
global_null,native,FDP,tabm_orbit_student,tabm_midpoint,0.0,0.20100756305184242,0.020100756305184243,-0.03988426139889161,0.03988426139889161,100,1.0,1.0
global_null,native,FDP,tabm_orbit_student,tabm_orbit,0.02,0.2453609997575413,0.02453609997575413,-0.02868494549580312,0.06868494549580312,100,0.4169571495062342,1.0
global_null,native,FDP,tabm_orbit_student,xgb_orbit_student,-0.01,0.3013437917198242,0.030134379171982424,-0.0697931459762377,0.049793145976237706,100,0.7407063892742556,1.0
global_null,native,FDP,xgb_orbit_student,lasso_pair_q20,0.03,0.264193072956086,0.026419307295608603,-0.022421637383063603,0.0824216373830636,100,0.25889358186849243,1.0
global_null,native,FDP,xgb_orbit_student,linear_orbit_student,0.05,0.26111648393354675,0.026111648393354676,-0.0018111753739288028,0.10181117537392881,100,0.05839774428202227,0.46718195425617814
global_null,native,FDP,xgb_orbit_student,xgb_orbit,0.02,0.24536099975754133,0.024536099975754132,-0.028684945495803128,0.06868494549580313,100,0.4169571495062342,1.0
global_null,native,rmse,tabm_orbit_student,lasso_pair_q20,0.0006395811865566859,0.006542264404535642,0.0006542264404535642,-0.0006585460067164621,0.0019377083798298338,100,0.3306479647976983,1.0
global_null,native,rmse,tabm_orbit_student,linear_orbit_student,0.0009167878730995671,0.006190210046710938,0.0006190210046710938,-0.00031148409770875266,0.0021450598439078867,100,0.14177466096074998,1.0
global_null,native,rmse,tabm_orbit_student,tabm_midpoint,0.00014182706003808886,0.004819287277687382,0.0004819287277687382,-0.0008144240910196547,0.0010980782110958324,100,0.76915207065113,1.0
global_null,native,rmse,tabm_orbit_student,tabm_orbit,0.0008247784553554382,0.005953467504711587,0.0005953467504711587,-0.0003565186589550447,0.002006075569665921,100,0.16905131151559757,1.0
global_null,native,rmse,tabm_orbit_student,xgb_orbit_student,0.00027981229678663677,0.006392846206749983,0.0006392846206749983,-0.0009886670843954931,0.0015482916779687664,100,0.6625601289355142,1.0
global_null,native,rmse,xgb_orbit_student,lasso_pair_q20,0.00035976888977004904,0.004694042694332096,0.0004694042694332096,-0.0005716310187498744,0.0012911687982899726,100,0.44523994063836625,1.0
global_null,native,rmse,xgb_orbit_student,linear_orbit_student,0.0006369755763129303,0.004670101353807829,0.0004670101353807829,-0.00028967385083598386,0.0015636250034618444,100,0.17567830441159943,1.0
global_null,native,rmse,xgb_orbit_student,xgb_orbit,0.00039607298736936804,0.004554654186349134,0.0004554654186349134,-0.0005076692171120258,0.001299815191850762,100,0.3866222175815842,1.0
global_null,native10,FDP,tabm_orbit_student,lasso_pair_q20,0.01,0.09999999999999999,0.009999999999999998,-0.009842169515086823,0.029842169515086822,100,0.31974847413930163,1.0
global_null,native10,FDP,tabm_orbit_student,linear_orbit_student,0.01,0.09999999999999999,0.009999999999999998,-0.009842169515086823,0.029842169515086822,100,0.31974847413930163,1.0
global_null,native10,FDP,tabm_orbit_student,tabm_midpoint,0.01,0.09999999999999999,0.009999999999999998,-0.009842169515086823,0.029842169515086822,100,0.31974847413930163,1.0
global_null,native10,FDP,tabm_orbit_student,tabm_orbit,0.0,0.0,0.0,0.0,0.0,100,1.0,1.0
global_null,native10,FDP,tabm_orbit_student,xgb_orbit_student,0.01,0.09999999999999999,0.009999999999999998,-0.009842169515086823,0.029842169515086822,100,0.31974847413930163,1.0
global_null,native10,FDP,xgb_orbit_student,lasso_pair_q20,0.0,0.0,0.0,0.0,0.0,100,1.0,1.0
global_null,native10,FDP,xgb_orbit_student,linear_orbit_student,0.0,0.0,0.0,0.0,0.0,100,1.0,1.0
global_null,native10,FDP,xgb_orbit_student,xgb_orbit,0.0,0.0,0.0,0.0,0.0,100,1.0,1.0
global_null,top12,FDP,tabm_orbit_student,lasso_pair_q20,0.0,0.0,0.0,0.0,0.0,100,1.0,1.0
global_null,top12,FDP,tabm_orbit_student,linear_orbit_student,0.0,0.0,0.0,0.0,0.0,100,1.0,1.0
global_null,top12,FDP,tabm_orbit_student,tabm_midpoint,0.0,0.0,0.0,0.0,0.0,100,1.0,1.0
global_null,top12,FDP,tabm_orbit_student,tabm_orbit,0.0,0.0,0.0,0.0,0.0,100,1.0,1.0
global_null,top12,FDP,tabm_orbit_student,xgb_orbit_student,0.0,0.0,0.0,0.0,0.0,100,1.0,1.0
global_null,top12,FDP,tabm_orbit_student,xgb_shap,0.0,0.0,0.0,0.0,0.0,100,1.0,1.0
global_null,top12,FDP,xgb_orbit_student,lasso_pair_q20,0.0,0.0,0.0,0.0,0.0,100,1.0,1.0
global_null,top12,FDP,xgb_orbit_student,linear_orbit_student,0.0,0.0,0.0,0.0,0.0,100,1.0,1.0
global_null,top12,FDP,xgb_orbit_student,xgb_orbit,0.0,0.0,0.0,0.0,0.0,100,1.0,1.0
global_null,top12,FDP,xgb_orbit_student,xgb_shap,0.0,0.0,0.0,0.0,0.0,100,1.0,1.0
global_null,top12,rmse,tabm_orbit_student,lasso_pair_q20,7.685640729856557e-05,0.010349496078399543,0.0010349496078399544,-0.0019767081485347355,0.002130420963131867,100,0.9409525415693518,1.0
global_null,top12,rmse,tabm_orbit_student,linear_orbit_student,0.0007252085747841885,0.009110342992925057,0.0009110342992925057,-0.001082481125277836,0.002532898274846213,100,0.4279205544084843,1.0
global_null,top12,rmse,tabm_orbit_student,tabm_midpoint,-0.00025052708152903283,0.006148623790015803,0.0006148623790015803,-0.001470547436788925,0.0009694932737308593,100,0.6845555458516488,1.0
global_null,top12,rmse,tabm_orbit_student,tabm_orbit,-0.0006392572200140201,0.004168314364765415,0.00041683143647654154,-0.0014663412221924885,0.00018782678216444832,100,0.1283150315019967,1.0
global_null,top12,rmse,tabm_orbit_student,xgb_orbit_student,-0.001509529720809527,0.010126394064137727,0.0010126394064137727,-0.003518825996781425,0.000499766555162371,100,0.1392227199806062,1.0
global_null,top12,rmse,tabm_orbit_student,xgb_shap,-0.0019527540995080972,0.010335689015653182,0.0010335689015653182,-0.004003579034546211,9.807083553001628e-05,100,0.06177368370546538,0.5559631533491884
global_null,top12,rmse,xgb_orbit_student,lasso_pair_q20,0.0015863861281080927,0.01080898605443047,0.001080898605443047,-0.0005583512076740966,0.003731123463890282,100,0.14536788052027252,1.0
global_null,top12,rmse,xgb_orbit_student,linear_orbit_student,0.0022347382955937157,0.01067611407254006,0.001067611407254006,0.00011636564369627749,0.0043531109474911536,100,0.03888621829256532,0.3888621829256532
global_null,top12,rmse,xgb_orbit_student,xgb_orbit,-0.00027606908201161185,0.0041067362755765405,0.000410673627557654,-0.0010909346553490723,0.0005387964913258485,100,0.50300015338465,1.0
global_null,top12,rmse,xgb_orbit_student,xgb_shap,-0.0004432243786985701,0.010463531750619386,0.0010463531750619386,-0.002519416085921401,0.0016329673285242607,100,0.6727839780244732,1.0
global_null,top8,FDP,tabm_orbit_student,lasso_pair_q20,0.0,0.0,0.0,0.0,0.0,100,1.0,1.0
global_null,top8,FDP,tabm_orbit_student,linear_orbit_student,0.0,0.0,0.0,0.0,0.0,100,1.0,1.0
global_null,top8,FDP,tabm_orbit_student,tabm_midpoint,0.0,0.0,0.0,0.0,0.0,100,1.0,1.0
global_null,top8,FDP,tabm_orbit_student,tabm_orbit,0.0,0.0,0.0,0.0,0.0,100,1.0,1.0
global_null,top8,FDP,tabm_orbit_student,xgb_orbit_student,0.0,0.0,0.0,0.0,0.0,100,1.0,1.0
global_null,top8,FDP,tabm_orbit_student,xgb_shap,0.0,0.0,0.0,0.0,0.0,100,1.0,1.0
global_null,top8,FDP,xgb_orbit_student,lasso_pair_q20,0.0,0.0,0.0,0.0,0.0,100,1.0,1.0
global_null,top8,FDP,xgb_orbit_student,linear_orbit_student,0.0,0.0,0.0,0.0,0.0,100,1.0,1.0
global_null,top8,FDP,xgb_orbit_student,xgb_orbit,0.0,0.0,0.0,0.0,0.0,100,1.0,1.0
global_null,top8,FDP,xgb_orbit_student,xgb_shap,0.0,0.0,0.0,0.0,0.0,100,1.0,1.0
high_correlation,native,FDP,tabm_orbit_student,lasso_pair_q20,0.022316747007149487,0.21242617149690707,0.021242617149690706,-0.019833214035675867,0.06446670804997484,100,0.29601620795221356,1.0
high_correlation,native,FDP,tabm_orbit_student,linear_orbit_student,0.0025967004128768867,0.1982261364686907,0.019822613646869068,-0.03673566560844807,0.04192906643420184,100,0.8960436123822405,1.0
high_correlation,native,FDP,tabm_orbit_student,tabm_midpoint,0.015510186193235732,0.14476741260246867,0.014476741260246867,-0.013214809217951273,0.04423518160442273,100,0.2866005830171312,1.0
high_correlation,native,FDP,tabm_orbit_student,tabm_orbit,0.008672063531583658,0.14588628605690543,0.014588628605690542,-0.020274940647091996,0.03761906771025931,100,0.5535739806324588,1.0
high_correlation,native,FDP,tabm_orbit_student,xgb_orbit_student,0.025812379341791106,0.25725158449223606,0.025725158449223608,-0.02523191613340519,0.07685667481698741,100,0.31811869508193935,1.0
high_correlation,native,FDP,xgb_orbit_student,lasso_pair_q20,-0.0034956323346416224,0.24047257694590884,0.024047257694590884,-0.05121060868954646,0.04421934402026321,100,0.8847181600743885,1.0
high_correlation,native,FDP,xgb_orbit_student,linear_orbit_student,-0.023215678928914216,0.235974710311286,0.0235974710311286,-0.07003818096161467,0.023606823103786232,100,0.32760198735304435,1.0
high_correlation,native,FDP,xgb_orbit_student,xgb_orbit,-0.02646463087136462,0.17869517162506496,0.017869517162506496,-0.061921629740485346,0.008992367997756105,100,0.14178414384356713,1.0
high_correlation,native,power,tabm_orbit_student,lasso_pair_q20,-0.18899999999999997,0.32377040125260487,0.032377040125260485,-0.25324307185621864,-0.12475692814378131,100,6.731804331545097e-08,1.3463608663090194e-07
high_correlation,native,power,tabm_orbit_student,linear_orbit_student,-0.27499999999999997,0.3394514291136108,0.03394514291136108,-0.34235452798610744,-0.2076454720138925,100,1.4556523656083399e-12,4.36695709682502e-12
high_correlation,native,power,tabm_orbit_student,tabm_midpoint,-0.25999999999999995,0.30318178032195786,0.030318178032195785,-0.320157842790341,-0.19984215720965892,100,1.3808117302745967e-13,5.523246921098387e-13
high_correlation,native,power,tabm_orbit_student,tabm_orbit,-0.267,0.3071718500360107,0.030717185003601072,-0.32794955918677354,-0.2060504408132265,100,7.722614175800383e-14,3.8613070879001917e-13
high_correlation,native,power,tabm_orbit_student,xgb_orbit_student,0.214,0.37551849676699206,0.03755184967669921,0.13948898331098758,0.2885110166890124,100,1.2457249617231566e-07,1.3463608663090194e-07
high_correlation,native,power,xgb_orbit_student,lasso_pair_q20,-0.40299999999999997,0.38598032084655315,0.038598032084655315,-0.47958686955724905,-0.3264131304427509,100,1.1965588589738936e-17,8.375912012817256e-17
high_correlation,native,power,xgb_orbit_student,linear_orbit_student,-0.489,0.37142776667689487,0.03714277666768949,-0.5626993270901306,-0.41530067290986933,100,1.760272334171226e-23,1.4082178673369807e-22
high_correlation,native,power,xgb_orbit_student,xgb_orbit,-0.359,0.355077171865213,0.0355077171865213,-0.42945501435087174,-0.2885449856491282,100,6.28133504043624e-17,3.768801024261744e-16
high_correlation,native,rmse,tabm_orbit_student,lasso_pair_q20,0.08871716652444495,0.18691154444449845,0.018691154444449846,0.0516298610325007,0.1258044720163892,100,6.983259159274276e-06,1.3966518318548553e-05
high_correlation,native,rmse,tabm_orbit_student,linear_orbit_student,0.11506106812545508,0.19243691630864396,0.019243691630864396,0.07687740898188818,0.153244727269022,100,3.5658925791913755e-08,1.0697677737574127e-07
high_correlation,native,rmse,tabm_orbit_student,tabm_midpoint,0.1180232190736175,0.19142568803000481,0.01914256880300048,0.08004020955928268,0.15600622858795232,100,1.5313512613223e-08,6.1254050452892e-08
high_correlation,native,rmse,tabm_orbit_student,tabm_orbit,0.1239261750597746,0.19453916716309091,0.01945391671630909,0.08532538373803597,0.16252696638151323,100,5.977830705759574e-09,2.988915352879787e-08
high_correlation,native,rmse,tabm_orbit_student,xgb_orbit_student,-0.0983989693263411,0.21772942442546162,0.021772942442546163,-0.14160121080506405,-0.055196727847618136,100,1.7200044127437433e-05,1.7200044127437433e-05
high_correlation,native,rmse,xgb_orbit_student,lasso_pair_q20,0.18711613585078607,0.221760000541258,0.0221760000541258,0.1431141406267322,0.23111813107483994,100,2.744240829110741e-13,1.9209685803775186e-12
high_correlation,native,rmse,xgb_orbit_student,linear_orbit_student,0.2134600374517962,0.20836646317622404,0.020836646317622404,0.17211561061577885,0.25480446428781356,100,3.206076582986098e-17,2.5648612663888783e-16
high_correlation,native,rmse,xgb_orbit_student,xgb_orbit,0.1805072329468923,0.21704391988735128,0.02170439198873513,0.13744101044065482,0.2235734554531298,100,5.010352758292295e-13,3.006211654975377e-12
high_correlation,native10,FDP,tabm_orbit_student,lasso_pair_q20,-0.026977161727161726,0.14846151150588802,0.014846151150588802,-0.05643514650482016,0.0024808230504967076,100,0.07222481341870714,0.12351265514277275
high_correlation,native10,FDP,tabm_orbit_student,linear_orbit_student,-0.033254676695853164,0.11966593467348652,0.011966593467348652,-0.05699899430557942,-0.009510359086126904,100,0.0065260724347085755,0.019578217304125727
high_correlation,native10,FDP,tabm_orbit_student,tabm_midpoint,-0.0371788081199846,0.09445059284784219,0.00944505928478422,-0.05591985486085792,-0.018437761379111278,100,0.00015390909322618912,0.0007695454661309456
high_correlation,native10,FDP,tabm_orbit_student,tabm_orbit,-0.03559264428382076,0.09323910460130456,0.009323910460130456,-0.05409330547316073,-0.017091983094480786,100,0.00023517460131555661,0.0009406984052622265
high_correlation,native10,FDP,tabm_orbit_student,xgb_orbit_student,0.024854645354645356,0.13154367845450957,0.013154367845450956,-0.0012464743106791777,0.05095576501996989,100,0.061756327571386375,0.12351265514277275
high_correlation,native10,FDP,xgb_orbit_student,lasso_pair_q20,-0.05183180708180707,0.12885644033243984,0.012885644033243984,-0.07739972040367649,-0.026263893759937644,100,0.00011265786872202264,0.0006759472123321358
high_correlation,native10,FDP,xgb_orbit_student,linear_orbit_student,-0.05810932205049851,0.14218717240938625,0.014218717240938625,-0.0863223418286777,-0.029896302272319326,100,8.897904817503761e-05,0.0006228533372252633
high_correlation,native10,FDP,xgb_orbit_student,xgb_orbit,-0.04850096686938791,0.10199939366631983,0.010199939366631983,-0.06873985946501983,-0.02826207427375599,100,6.747132874640575e-06,5.39770629971246e-05
high_correlation,native10,power,tabm_orbit_student,lasso_pair_q20,-0.252,0.4938981206031802,0.04938981206031802,-0.350000102321911,-0.15399989767808903,100,1.621477405758376e-06,3.242954811516752e-06
high_correlation,native10,power,tabm_orbit_student,linear_orbit_student,-0.29700000000000004,0.48439382091163563,0.048439382091163566,-0.3931142430658929,-0.2008857569341072,100,1.789039883183526e-08,5.3671196495505785e-08
high_correlation,native10,power,tabm_orbit_student,tabm_midpoint,-0.34600000000000003,0.4504588009054005,0.04504588009054005,-0.43538079887127706,-0.256619201128723,100,1.1497108974410084e-11,8.047976282087059e-11
high_correlation,native10,power,tabm_orbit_student,tabm_orbit,-0.34800000000000003,0.4533778944230907,0.04533778944230907,-0.4379600103553611,-0.258039989644639,100,1.1801372634081045e-11,8.047976282087059e-11
high_correlation,native10,power,tabm_orbit_student,xgb_orbit_student,0.12100000000000001,0.38383892876091036,0.038383892876091036,0.04483802909036681,0.19716197090963322,100,0.0021435356366729997,0.0021435356366729997
high_correlation,native10,power,xgb_orbit_student,lasso_pair_q20,-0.373,0.48655768808886773,0.04865576880888677,-0.4695436012592806,-0.2764563987407194,100,1.2369424238626498e-11,8.047976282087059e-11
high_correlation,native10,power,xgb_orbit_student,linear_orbit_student,-0.41800000000000004,0.5280763642359374,0.05280763642359374,-0.522781807360802,-0.313218192639198,100,3.639186628702018e-12,2.9113493029616146e-11
high_correlation,native10,power,xgb_orbit_student,xgb_orbit,-0.286,0.42758896528362755,0.042758896528362754,-0.3708429273193831,-0.20115707268061683,100,1.3537213756075697e-09,5.414885502430279e-09
high_correlation,top12,FDP,tabm_orbit_student,lasso_pair_q20,0.05916666666666666,0.08231277432488522,0.008231277432488523,0.04283402645255206,0.07549930688078126,100,1.2573969050851865e-10,3.7721907152555593e-10
high_correlation,top12,FDP,tabm_orbit_student,linear_orbit_student,0.09583333333333334,0.07978559231302818,0.007978559231302817,0.0800021408579662,0.11166452580870048,100,4.851710062647288e-21,3.88136805011783e-20
high_correlation,top12,FDP,tabm_orbit_student,tabm_midpoint,0.0825,0.06956555096477385,0.006956555096477385,0.06869668545346545,0.09630331454653455,100,1.0261734999953369e-20,7.183214499967358e-20
high_correlation,top12,FDP,tabm_orbit_student,tabm_orbit,0.08333333333333334,0.069064617834229,0.0069064617834229,0.06962941478771874,0.09703725187894795,100,3.708384828768564e-21,3.3375463458917075e-20
high_correlation,top12,FDP,tabm_orbit_student,xgb_orbit_student,-0.05500000000000001,0.0999579035973769,0.00999579035973769,-0.07483381667551861,-0.035166183324481404,100,2.944692224633842e-07,5.889384449267684e-07
high_correlation,top12,FDP,tabm_orbit_student,xgb_shap,0.05833333333333333,0.10758287072798382,0.010758287072798382,0.03698655775429005,0.0796801089123766,100,4.165378098863886e-07,5.889384449267684e-07
high_correlation,top12,FDP,xgb_orbit_student,lasso_pair_q20,0.11416666666666668,0.11025872542337198,0.011025872542337199,0.09228894346298708,0.13604438987034628,100,1.8464440118850885e-17,9.232220059425443e-17
high_correlation,top12,FDP,xgb_orbit_student,linear_orbit_student,0.15083333333333335,0.10964627853833617,0.010964627853833616,0.12907713287877243,0.17258953378789427,100,1.0434698843685914e-24,1.0434698843685914e-23
high_correlation,top12,FDP,xgb_orbit_student,xgb_orbit,0.08916666666666666,0.07879475818192001,0.007879475818192,0.07353207717920734,0.10480125615412597,100,1.510750674179387e-19,9.064504045076321e-19
high_correlation,top12,FDP,xgb_orbit_student,xgb_shap,0.11333333333333334,0.12508134278144356,0.012508134278144355,0.08851448126689249,0.1381521853997742,100,1.2219216311333883e-14,4.887686524533553e-14
high_correlation,top12,power,tabm_orbit_student,lasso_pair_q20,-0.071,0.09877532918986226,0.009877532918986225,-0.0905991682569375,-0.05140083174306248,100,1.257396905085173e-10,3.772190715255519e-10
high_correlation,top12,power,tabm_orbit_student,linear_orbit_student,-0.11499999999999998,0.09574271077563383,0.009574271077563383,-0.13399743097044053,-0.0960025690295594,100,4.851710062647461e-21,3.8813680501179687e-20
high_correlation,top12,power,tabm_orbit_student,tabm_midpoint,-0.099,0.08347866115772862,0.008347866115772862,-0.11556397745584146,-0.08243602254415855,100,1.0261734999953516e-20,7.183214499967462e-20
high_correlation,top12,power,tabm_orbit_student,tabm_orbit,-0.1,0.08287754140107481,0.00828775414010748,-0.11644470225473753,-0.08355529774526248,100,3.7083848287686176e-21,3.3375463458917557e-20
high_correlation,top12,power,tabm_orbit_student,xgb_orbit_student,0.06600000000000002,0.11994948431685228,0.011994948431685228,0.0421994199893777,0.08980058001062233,100,2.944692224633822e-07,5.889384449267644e-07
high_correlation,top12,power,tabm_orbit_student,xgb_shap,-0.07,0.12909944487358055,0.012909944487358055,-0.09561613069485193,-0.04438386930514808,100,4.1653780988638323e-07,5.889384449267644e-07
high_correlation,top12,power,xgb_orbit_student,lasso_pair_q20,-0.13699999999999998,0.13231047050804637,0.013231047050804638,-0.16325326784441552,-0.11074673215558446,100,1.8464440118851153e-17,9.232220059425576e-17
high_correlation,top12,power,xgb_orbit_student,linear_orbit_student,-0.18100000000000005,0.13157553424600343,0.013157553424600343,-0.20710744054547317,-0.15489255945452693,100,1.043469884368599e-24,1.0434698843685989e-23
high_correlation,top12,power,xgb_orbit_student,xgb_orbit,-0.107,0.09455370981830402,0.009455370981830403,-0.12576150738495118,-0.08823849261504882,100,1.5107506741793975e-19,9.064504045076385e-19
high_correlation,top12,power,xgb_orbit_student,xgb_shap,-0.13600000000000004,0.15009761133773222,0.015009761133773222,-0.16578262247972905,-0.10621737752027102,100,1.2219216311333667e-14,4.887686524533467e-14
high_correlation,top12,rmse,tabm_orbit_student,lasso_pair_q20,0.011657118585296188,0.02078917168147706,0.0020789171681477063,0.007532095899475082,0.015782141271117295,100,1.8627252040033508e-07,5.588175612010053e-07
high_correlation,top12,rmse,tabm_orbit_student,linear_orbit_student,0.011479676781102177,0.02080713965362778,0.002080713965362778,0.007351088859788503,0.015608264702415851,100,2.760489809095637e-07,5.588175612010053e-07
high_correlation,top12,rmse,tabm_orbit_student,tabm_midpoint,0.011921401424680176,0.020272599184141395,0.0020272599184141394,0.007898877929448732,0.01594392491991162,100,5.5530085047625856e-08,2.776504252381293e-07
high_correlation,top12,rmse,tabm_orbit_student,tabm_orbit,0.011907052069819022,0.02056840306159969,0.002056840306159969,0.007825834667790103,0.015988269471847942,100,8.353553920386677e-08,3.341421568154671e-07
high_correlation,top12,rmse,tabm_orbit_student,xgb_orbit_student,-0.005650019803249518,0.022587410649287248,0.0022587410649287246,-0.010131852113349868,-0.0011681874931491684,100,0.01401040831721714,0.01401040831721714
high_correlation,top12,rmse,tabm_orbit_student,xgb_shap,0.013557678340342166,0.02171465326070858,0.002171465326070858,0.00924902003073904,0.017866336649945292,100,1.0712914515757957e-08,6.427748709454774e-08
high_correlation,top12,rmse,xgb_orbit_student,lasso_pair_q20,0.017307138388545706,0.020169249939521544,0.0020169249939521543,0.013305121625624295,0.021309155151467116,100,1.345214463725374e-13,1.0761715709802992e-12
high_correlation,top12,rmse,xgb_orbit_student,linear_orbit_student,0.017129696584351695,0.018964196201182955,0.0018964196201182956,0.013366788626939317,0.020892604541764073,100,1.4067994706163392e-14,1.2661195235547052e-13
high_correlation,top12,rmse,xgb_orbit_student,xgb_orbit,0.012948772131883293,0.01779680486356902,0.001779680486356902,0.009417499942584711,0.016480044321181875,100,8.234292733722803e-11,5.764004913605962e-10
high_correlation,top12,rmse,xgb_orbit_student,xgb_shap,0.019207698143591686,0.020307184030120877,0.0020307184030120876,0.01517831226459446,0.02323708402258891,100,1.6605248890096738e-15,1.660524889009674e-14
high_correlation,top8,FDP,tabm_orbit_student,lasso_pair_q20,0.09375,0.1071541299986033,0.01071541299986033,0.07248829588326063,0.11501170411673937,100,5.813062793468838e-14,2.325225117387535e-13
high_correlation,top8,FDP,tabm_orbit_student,linear_orbit_student,0.08875,0.10850074477238217,0.010850074477238217,0.06722109829713221,0.11027890170286778,100,9.87910465942111e-13,2.9637313978263333e-12
high_correlation,top8,FDP,tabm_orbit_student,tabm_midpoint,0.12375,0.11023247931054392,0.011023247931054391,0.10187748459451887,0.14562251540548113,100,2.364335918761566e-19,1.4186015512569397e-18
high_correlation,top8,FDP,tabm_orbit_student,tabm_orbit,0.12625,0.11165507628677732,0.011165507628677731,0.10409521049097814,0.14840478950902186,100,1.5812642464966303e-19,1.1068849725476411e-18
high_correlation,top8,FDP,tabm_orbit_student,xgb_orbit_student,-0.1175,0.1536796155722165,0.015367961557221648,-0.14799336983197298,-0.08700663016802702,100,1.3661014204174522e-11,2.7322028408349044e-11
high_correlation,top8,FDP,tabm_orbit_student,xgb_shap,0.06875,0.12980049765667,0.012980049765667,0.042994765223537235,0.09450523477646278,100,7.136927192239324e-07,7.136927192239324e-07
high_correlation,top8,FDP,xgb_orbit_student,lasso_pair_q20,0.21125,0.16350698097721342,0.016350698097721342,0.17880666766550052,0.24369333233449947,100,5.754538853979615e-23,5.754538853979615e-22
high_correlation,top8,FDP,xgb_orbit_student,linear_orbit_student,0.20625,0.16512067059755378,0.01651206705975538,0.17348647663558522,0.23901352336441475,100,4.628148671919475e-22,4.165333804727527e-21
high_correlation,top8,FDP,xgb_orbit_student,xgb_orbit,0.1725,0.1396469212917443,0.01396469212917443,0.1447910211546922,0.20020897884530778,100,9.094997709190952e-22,7.275998167352761e-21
high_correlation,top8,FDP,xgb_orbit_student,xgb_shap,0.18625,0.17987000777497536,0.017987000777497535,0.15055988815048954,0.22194011184951046,100,1.8439782219283418e-17,9.219891109641709e-17
high_correlation,top8,power,tabm_orbit_student,lasso_pair_q20,-0.07500000000000001,0.08572330399888266,0.008572330399888266,-0.09200936329339152,-0.057990636706608506,100,5.813062793468838e-14,2.325225117387535e-13
high_correlation,top8,power,tabm_orbit_student,linear_orbit_student,-0.07100000000000001,0.08680059581790574,0.008680059581790574,-0.08822312136229424,-0.053776878637705784,100,9.87910465942111e-13,2.9637313978263333e-12
high_correlation,top8,power,tabm_orbit_student,tabm_midpoint,-0.09900000000000003,0.08818598344843517,0.008818598344843517,-0.11649801232438495,-0.08150198767561512,100,2.364335918761617e-19,1.4186015512569703e-18
high_correlation,top8,power,tabm_orbit_student,tabm_orbit,-0.10100000000000005,0.08932406102942188,0.008932406102942188,-0.11872383160721756,-0.08327616839278254,100,1.5812642464966193e-19,1.1068849725476334e-18
high_correlation,top8,power,tabm_orbit_student,xgb_orbit_student,0.094,0.1229436924577732,0.01229436924577732,0.06960530413442162,0.11839469586557838,100,1.366101420417462e-11,2.732202840834924e-11
high_correlation,top8,power,tabm_orbit_student,xgb_shap,-0.055,0.103840398125336,0.0103840398125336,-0.07560418782117022,-0.03439581217882978,100,7.136927192239324e-07,7.136927192239324e-07
high_correlation,top8,power,xgb_orbit_student,lasso_pair_q20,-0.169,0.13080558478177073,0.013080558478177073,-0.19495466586759957,-0.14304533413240045,100,5.754538853979491e-23,5.754538853979492e-22
high_correlation,top8,power,xgb_orbit_student,linear_orbit_student,-0.16500000000000004,0.132096536478043,0.013209653647804302,-0.19121081869153184,-0.13878918130846823,100,4.628148671919377e-22,4.165333804727439e-21
high_correlation,top8,power,xgb_orbit_student,xgb_orbit,-0.13799999999999998,0.11171753703339544,0.011171753703339544,-0.16016718307624622,-0.11583281692375376,100,9.094997709190952e-22,7.275998167352761e-21
high_correlation,top8,power,xgb_orbit_student,xgb_shap,-0.149,0.1438960062199803,0.01438960062199803,-0.17755208947960838,-0.12044791052039161,100,1.8439782219283683e-17,9.219891109641842e-17
linear_sparse,native,FDP,tabm_orbit_student,lasso_pair_q20,0.03161930905351957,0.2943763514252534,0.029437635142525342,-0.02679134560860693,0.09002996371564606,100,0.2853836271404069,1.0
linear_sparse,native,FDP,tabm_orbit_student,linear_orbit_student,0.01572894941315994,0.24185035975615948,0.02418503597561595,-0.032259408942504564,0.06371730776882444,100,0.5169669673258144,1.0
linear_sparse,native,FDP,tabm_orbit_student,tabm_midpoint,-0.005733526019903733,0.20520630542978308,0.020520630542978306,-0.04645090899892811,0.034983856959120645,100,0.7805184406425748,1.0
linear_sparse,native,FDP,tabm_orbit_student,tabm_orbit,0.010545868605079127,0.18267432228136302,0.0182674322281363,-0.02570068008252495,0.0467924172926832,100,0.5650444361732779,1.0
linear_sparse,native,FDP,tabm_orbit_student,xgb_orbit_student,0.005266647825858352,0.2552044790043693,0.02552044790043693,-0.045371457508282774,0.05590475315999948,100,0.8369259392362962,1.0
linear_sparse,native,FDP,xgb_orbit_student,lasso_pair_q20,0.026352661227661223,0.27836971815852884,0.027836971815852884,-0.02888193012802351,0.08158725258334595,100,0.34610762885224056,1.0
linear_sparse,native,FDP,xgb_orbit_student,linear_orbit_student,0.01046230158730159,0.250307962746216,0.025030796274621597,-0.03920422869056297,0.06012883186516615,100,0.6768690139689608,1.0
linear_sparse,native,FDP,xgb_orbit_student,xgb_orbit,0.0037429792429792418,0.20016639330282798,0.020016639330282797,-0.03597437582840329,0.043460334314361776,100,0.8520484951888354,1.0
linear_sparse,native,power,tabm_orbit_student,lasso_pair_q20,-0.03,0.1714466079977653,0.01714466079977653,-0.064018726586783,0.0040187265867829974,100,0.083248625244961,0.665989001959688
linear_sparse,native,power,tabm_orbit_student,linear_orbit_student,-0.03,0.1714466079977653,0.01714466079977653,-0.064018726586783,0.0040187265867829974,100,0.083248625244961,0.665989001959688
linear_sparse,native,power,tabm_orbit_student,tabm_midpoint,-0.03,0.1714466079977653,0.01714466079977653,-0.064018726586783,0.0040187265867829974,100,0.083248625244961,0.665989001959688
linear_sparse,native,power,tabm_orbit_student,tabm_orbit,-0.03,0.1714466079977653,0.01714466079977653,-0.064018726586783,0.0040187265867829974,100,0.083248625244961,0.665989001959688
linear_sparse,native,power,tabm_orbit_student,xgb_orbit_student,-0.027999999999999997,0.16085629448283167,0.016085629448283168,-0.05991737862697072,0.0039173786269707245,100,0.08484591279723057,0.665989001959688
linear_sparse,native,power,xgb_orbit_student,lasso_pair_q20,-0.0019999999999999996,0.01999999999999999,0.001999999999999999,-0.005968433903017363,0.001968433903017364,100,0.31974847413930163,0.9592454224179049
linear_sparse,native,power,xgb_orbit_student,linear_orbit_student,-0.0019999999999999996,0.01999999999999999,0.001999999999999999,-0.005968433903017363,0.001968433903017364,100,0.31974847413930163,0.9592454224179049
linear_sparse,native,power,xgb_orbit_student,xgb_orbit,-0.0019999999999999996,0.01999999999999999,0.001999999999999999,-0.005968433903017363,0.001968433903017364,100,0.31974847413930163,0.9592454224179049
linear_sparse,native,rmse,tabm_orbit_student,lasso_pair_q20,0.014610483239829795,0.08162485771268017,0.008162485771268017,-0.0015856593939686282,0.03080662587362822,100,0.076518302795227,0.612146422361816
linear_sparse,native,rmse,tabm_orbit_student,linear_orbit_student,0.014569132955414302,0.08154694747066814,0.008154694747066813,-0.0016115505960944791,0.030749816506923083,100,0.07706395586638032,0.612146422361816
linear_sparse,native,rmse,tabm_orbit_student,tabm_midpoint,0.014226641361777355,0.081349420697276,0.008134942069727601,-0.0019148485925172803,0.030368131316071988,100,0.08341964733167287,0.612146422361816
linear_sparse,native,rmse,tabm_orbit_student,tabm_orbit,0.013732104231806153,0.08181736422081601,0.0081817364220816,-0.0025022358696641586,0.029966444333276464,100,0.09642600578648068,0.612146422361816
linear_sparse,native,rmse,tabm_orbit_student,xgb_orbit_student,0.013498444364944415,0.07646927385053406,0.007646927385053406,-0.0016747185794345181,0.028671607309323346,100,0.08061173028365586,0.612146422361816
linear_sparse,native,rmse,xgb_orbit_student,lasso_pair_q20,0.001112038874885376,0.010973361438801304,0.0010973361438801304,-0.0010653141033047497,0.0032893918530755017,100,0.31334017860417696,0.9400205358125309
linear_sparse,native,rmse,xgb_orbit_student,linear_orbit_student,0.0010706885904698872,0.010928892023199686,0.0010928892023199686,-0.001097840690894197,0.0032392178718339713,100,0.32962902177152864,0.9400205358125309
linear_sparse,native,rmse,xgb_orbit_student,xgb_orbit,-0.00027046522709726185,0.010570884019108318,0.0010570884019108317,-0.0023679579534119574,0.0018270274992174338,100,0.7985908400083699,0.9400205358125309
linear_sparse,native10,FDP,tabm_orbit_student,lasso_pair_q20,-0.014696969696969693,0.1605394141856238,0.01605394141856238,-0.04655147239820852,0.01715753300426913,100,0.36216724628440045,1.0
linear_sparse,native10,FDP,tabm_orbit_student,linear_orbit_student,0.00037878787878787955,0.13552515314880306,0.013552515314880307,-0.026512342744578657,0.02726991850215442,100,0.9777585840877652,1.0
linear_sparse,native10,FDP,tabm_orbit_student,tabm_midpoint,-0.019242424242424238,0.12600717961468874,0.012600717961468874,-0.04424498242275071,0.005760133937902236,100,0.12992743745048127,1.0
linear_sparse,native10,FDP,tabm_orbit_student,tabm_orbit,-0.009242424242424241,0.10021831545719148,0.010021831545719149,-0.029127912280604643,0.010643063795756158,100,0.3586511910165704,1.0
linear_sparse,native10,FDP,tabm_orbit_student,xgb_orbit_student,-0.014487179487179487,0.14348708960536027,0.014348708960536027,-0.0429581310389396,0.013983772064580628,100,0.31512416173369584,1.0
linear_sparse,native10,FDP,xgb_orbit_student,lasso_pair_q20,-0.00020979020979020825,0.16730954216751162,0.01673095421675116,-0.03340763318158354,0.032988052762003124,100,0.9900207848045799,1.0
linear_sparse,native10,FDP,xgb_orbit_student,linear_orbit_student,0.014865967365967365,0.15873225551713904,0.015873225551713905,-0.01662995584886413,0.046361890580798856,100,0.35127242208851317,1.0
linear_sparse,native10,FDP,xgb_orbit_student,xgb_orbit,0.0156993006993007,0.15575077481735353,0.015575077481735353,-0.015205032061019752,0.04660363345962115,100,0.3159233952464536,1.0
linear_sparse,native10,power,tabm_orbit_student,lasso_pair_q20,-0.03,0.3,0.03,-0.08952650854526048,0.029526508545260483,100,0.3197484741393017,1.0
linear_sparse,native10,power,tabm_orbit_student,linear_orbit_student,0.0,0.24618298195866548,0.02461829819586655,-0.04884804459753403,0.04884804459753403,100,1.0,1.0
linear_sparse,native10,power,tabm_orbit_student,tabm_midpoint,-0.04,0.24287836253956216,0.024287836253956217,-0.08819233641056706,0.008192336410567068,100,0.10274631195020746,0.8219704956016597
linear_sparse,native10,power,tabm_orbit_student,tabm_orbit,-0.02,0.19999999999999996,0.019999999999999997,-0.059684339030173644,0.019684339030173647,100,0.31974847413930163,1.0
linear_sparse,native10,power,tabm_orbit_student,xgb_orbit_student,-0.03,0.264193072956086,0.026419307295608603,-0.0824216373830636,0.022421637383063603,100,0.25889358186849243,1.0
linear_sparse,native10,power,xgb_orbit_student,lasso_pair_q20,0.0,0.3178208630818641,0.03178208630818641,-0.06306255440701548,0.06306255440701548,100,1.0,1.0
linear_sparse,native10,power,xgb_orbit_student,linear_orbit_student,0.03,0.3,0.03,-0.029526508545260483,0.08952650854526048,100,0.3197484741393017,1.0
linear_sparse,native10,power,xgb_orbit_student,xgb_orbit,0.03,0.3,0.03,-0.029526508545260483,0.08952650854526048,100,0.3197484741393017,1.0
linear_sparse,top12,FDP,tabm_orbit_student,lasso_pair_q20,0.0,0.0,0.0,0.0,0.0,100,1.0,1.0
linear_sparse,top12,FDP,tabm_orbit_student,linear_orbit_student,0.0,0.0,0.0,0.0,0.0,100,1.0,1.0
linear_sparse,top12,FDP,tabm_orbit_student,tabm_midpoint,0.0,0.0,0.0,0.0,0.0,100,1.0,1.0
linear_sparse,top12,FDP,tabm_orbit_student,tabm_orbit,0.0,0.0,0.0,0.0,0.0,100,1.0,1.0
linear_sparse,top12,FDP,tabm_orbit_student,xgb_orbit_student,0.0,0.0,0.0,0.0,0.0,100,1.0,1.0
linear_sparse,top12,FDP,tabm_orbit_student,xgb_shap,0.0,0.0,0.0,0.0,0.0,100,1.0,1.0
linear_sparse,top12,FDP,xgb_orbit_student,lasso_pair_q20,0.0,0.0,0.0,0.0,0.0,100,1.0,1.0
linear_sparse,top12,FDP,xgb_orbit_student,linear_orbit_student,0.0,0.0,0.0,0.0,0.0,100,1.0,1.0
linear_sparse,top12,FDP,xgb_orbit_student,xgb_orbit,0.0,0.0,0.0,0.0,0.0,100,1.0,1.0
linear_sparse,top12,FDP,xgb_orbit_student,xgb_shap,0.0,0.0,0.0,0.0,0.0,100,1.0,1.0
linear_sparse,top12,power,tabm_orbit_student,lasso_pair_q20,0.0,0.0,0.0,0.0,0.0,100,1.0,1.0
linear_sparse,top12,power,tabm_orbit_student,linear_orbit_student,0.0,0.0,0.0,0.0,0.0,100,1.0,1.0
linear_sparse,top12,power,tabm_orbit_student,tabm_midpoint,0.0,0.0,0.0,0.0,0.0,100,1.0,1.0
linear_sparse,top12,power,tabm_orbit_student,tabm_orbit,0.0,0.0,0.0,0.0,0.0,100,1.0,1.0
linear_sparse,top12,power,tabm_orbit_student,xgb_orbit_student,0.0,0.0,0.0,0.0,0.0,100,1.0,1.0
linear_sparse,top12,power,tabm_orbit_student,xgb_shap,0.0,0.0,0.0,0.0,0.0,100,1.0,1.0
linear_sparse,top12,power,xgb_orbit_student,lasso_pair_q20,0.0,0.0,0.0,0.0,0.0,100,1.0,1.0
linear_sparse,top12,power,xgb_orbit_student,linear_orbit_student,0.0,0.0,0.0,0.0,0.0,100,1.0,1.0
linear_sparse,top12,power,xgb_orbit_student,xgb_orbit,0.0,0.0,0.0,0.0,0.0,100,1.0,1.0
linear_sparse,top12,power,xgb_orbit_student,xgb_shap,0.0,0.0,0.0,0.0,0.0,100,1.0,1.0
linear_sparse,top12,rmse,tabm_orbit_student,lasso_pair_q20,0.001808749572965458,0.005745754410167289,0.0005745754410167289,0.0006686672429794872,0.0029488319029514288,100,0.0021729659746343743,0.01955669377170937
linear_sparse,top12,rmse,tabm_orbit_student,linear_orbit_student,0.00012973001109599204,0.006122362937938353,0.0006122362937938353,-0.0010850796213785863,0.0013445396435705702,100,0.832624324227906,1.0
linear_sparse,top12,rmse,tabm_orbit_student,tabm_midpoint,-3.2263894295287976e-05,0.004813792912402708,0.0004813792912402708,-0.0009874248440794684,0.0009228970554888926,100,0.9466978872948801,1.0
linear_sparse,top12,rmse,tabm_orbit_student,tabm_orbit,5.114700216498624e-06,0.0038514093888785037,0.00038514093888785035,-0.0007590884794447437,0.0007693178798777408,100,0.9894310709658798,1.0
linear_sparse,top12,rmse,tabm_orbit_student,xgb_orbit_student,0.0009035163472178065,0.005502421969093316,0.0005502421969093317,-0.00018828354732506778,0.001995316241760681,100,0.10375591064328486,0.7262913745029941
linear_sparse,top12,rmse,tabm_orbit_student,xgb_shap,-0.0009775094390268657,0.00621906765892638,0.0006219067658926379,-0.0022115073861689797,0.00025648850811524826,100,0.11918893194305095,0.7262913745029941
linear_sparse,top12,rmse,xgb_orbit_student,lasso_pair_q20,0.0009052332257476514,0.005950000534040151,0.0005950000534040151,-0.00027537596636516683,0.00208584241786047,100,0.1313471134944654,0.7262913745029941
linear_sparse,top12,rmse,xgb_orbit_student,linear_orbit_student,-0.0007737863361218145,0.005553624541152548,0.0005553624541152548,-0.001875745931808766,0.00032817325956513714,100,0.16664959430154724,0.7262913745029941
linear_sparse,top12,rmse,xgb_orbit_student,xgb_orbit,-0.0010067705776931391,0.004068048294176396,0.00040680482941763963,-0.0018139596161792179,-0.0001995815392070605,100,0.015029729661928379,0.12023783729542703
linear_sparse,top12,rmse,xgb_orbit_student,xgb_shap,-0.0018810257862446722,0.005845316749579659,0.0005845316749579659,-0.0030408634443900313,-0.0007211881280993128,100,0.0017453260652465477,0.017453260652465476
linear_sparse,top8,FDP,tabm_orbit_student,lasso_pair_q20,0.0,0.0,0.0,0.0,0.0,100,1.0,1.0
linear_sparse,top8,FDP,tabm_orbit_student,linear_orbit_student,0.0,0.0,0.0,0.0,0.0,100,1.0,1.0
linear_sparse,top8,FDP,tabm_orbit_student,tabm_midpoint,0.0,0.0,0.0,0.0,0.0,100,1.0,1.0
linear_sparse,top8,FDP,tabm_orbit_student,tabm_orbit,0.0,0.0,0.0,0.0,0.0,100,1.0,1.0
linear_sparse,top8,FDP,tabm_orbit_student,xgb_orbit_student,0.0,0.0,0.0,0.0,0.0,100,1.0,1.0
linear_sparse,top8,FDP,tabm_orbit_student,xgb_shap,0.0,0.0,0.0,0.0,0.0,100,1.0,1.0
linear_sparse,top8,FDP,xgb_orbit_student,lasso_pair_q20,0.0,0.0,0.0,0.0,0.0,100,1.0,1.0
linear_sparse,top8,FDP,xgb_orbit_student,linear_orbit_student,0.0,0.0,0.0,0.0,0.0,100,1.0,1.0
linear_sparse,top8,FDP,xgb_orbit_student,xgb_orbit,0.0,0.0,0.0,0.0,0.0,100,1.0,1.0
linear_sparse,top8,FDP,xgb_orbit_student,xgb_shap,0.0,0.0,0.0,0.0,0.0,100,1.0,1.0
linear_sparse,top8,power,tabm_orbit_student,lasso_pair_q20,0.0,0.0,0.0,0.0,0.0,100,1.0,1.0
linear_sparse,top8,power,tabm_orbit_student,linear_orbit_student,0.0,0.0,0.0,0.0,0.0,100,1.0,1.0
linear_sparse,top8,power,tabm_orbit_student,tabm_midpoint,0.0,0.0,0.0,0.0,0.0,100,1.0,1.0
linear_sparse,top8,power,tabm_orbit_student,tabm_orbit,0.0,0.0,0.0,0.0,0.0,100,1.0,1.0
linear_sparse,top8,power,tabm_orbit_student,xgb_orbit_student,0.0,0.0,0.0,0.0,0.0,100,1.0,1.0
linear_sparse,top8,power,tabm_orbit_student,xgb_shap,0.0,0.0,0.0,0.0,0.0,100,1.0,1.0
linear_sparse,top8,power,xgb_orbit_student,lasso_pair_q20,0.0,0.0,0.0,0.0,0.0,100,1.0,1.0
linear_sparse,top8,power,xgb_orbit_student,linear_orbit_student,0.0,0.0,0.0,0.0,0.0,100,1.0,1.0
linear_sparse,top8,power,xgb_orbit_student,xgb_orbit,0.0,0.0,0.0,0.0,0.0,100,1.0,1.0
linear_sparse,top8,power,xgb_orbit_student,xgb_shap,0.0,0.0,0.0,0.0,0.0,100,1.0,1.0
misspecified_t,native,FDP,tabm_orbit_student,lasso_pair_q20,0.02377857668647142,0.3790846306490228,0.03790846306490228,-0.05144003833254848,0.09899719170549132,100,0.5319308711329834,1.0
misspecified_t,native,FDP,tabm_orbit_student,linear_orbit_student,0.10284856225645699,0.3176946294821988,0.031769462948219876,0.039811055334272094,0.16588606917864188,100,0.0016419078030217441,0.013135262424173953
misspecified_t,native,FDP,tabm_orbit_student,tabm_midpoint,0.039287900695795436,0.2314084742523444,0.02314084742523444,-0.006628561037630792,0.08520436242922166,100,0.09269201452364134,0.556152087141848
misspecified_t,native,FDP,tabm_orbit_student,tabm_orbit,0.023244199299152855,0.2336676703743688,0.02336676703743688,-0.023120535958483728,0.06960893455678943,100,0.3222807919821591,1.0
misspecified_t,native,FDP,tabm_orbit_student,xgb_orbit_student,0.03646945606852728,0.2979845383788381,0.02979845383788381,-0.02265714116535074,0.0955960533024053,100,0.22390575042533237,1.0
misspecified_t,native,FDP,xgb_orbit_student,lasso_pair_q20,-0.012690879382055851,0.3370556496826729,0.033705564968267286,-0.07957003275226901,0.054188273988157315,100,0.7073347875255864,1.0
misspecified_t,native,FDP,xgb_orbit_student,linear_orbit_student,0.0663791061879297,0.2784874955617642,0.027848749556176423,0.011121145240244545,0.12163706713561487,100,0.019053381742989164,0.13337367220092416
misspecified_t,native,FDP,xgb_orbit_student,xgb_orbit,0.025614772482419543,0.20010875365564498,0.0200108753655645,-0.014091145632461048,0.06532069059730014,100,0.2035214888376738,1.0
misspecified_t,native,power,tabm_orbit_student,lasso_pair_q20,0.195,0.3201562118716424,0.03201562118716424,0.1314740617273482,0.2585259382726518,100,2.1518641068603108e-08,1.0759320534301554e-07
misspecified_t,native,power,tabm_orbit_student,linear_orbit_student,0.23699999999999996,0.28942820676065223,0.028942820676065222,0.17957116459007536,0.2944288354099246,100,9.453625138851062e-13,6.617537597195744e-12
misspecified_t,native,power,tabm_orbit_student,tabm_midpoint,-0.09699999999999999,0.3198658178270092,0.03198658178270092,-0.16046831779405396,-0.033531682205946,100,0.0030963096118037303,0.006192619223607461
misspecified_t,native,power,tabm_orbit_student,tabm_orbit,-0.12300000000000001,0.3071060751827313,0.03071060751827313,-0.18393650802888756,-0.06206349197111247,100,0.00011999196005271504,0.00046230106318330844
misspecified_t,native,power,tabm_orbit_student,xgb_orbit_student,-0.092,0.3844660471538955,0.03844660471538955,-0.1682864048042296,-0.015713595195770397,100,0.018600166363914865,0.018600166363914865
misspecified_t,native,power,xgb_orbit_student,lasso_pair_q20,0.287,0.3751511479902252,0.03751511479902252,0.21256187327798526,0.3614381267220147,100,1.3365691239590448e-11,8.019414743754268e-11
misspecified_t,native,power,xgb_orbit_student,linear_orbit_student,0.32899999999999996,0.3502654116321773,0.035026541163217725,0.2594997432712267,0.3985002567287732,100,2.309461761604469e-15,1.847569409283575e-14
misspecified_t,native,power,xgb_orbit_student,xgb_orbit,-0.133,0.3312221019317413,0.03312221019317413,-0.19872165093672978,-0.06727834906327022,100,0.00011557526579582711,0.00046230106318330844
misspecified_t,native,rmse,tabm_orbit_student,lasso_pair_q20,-0.08977615010062247,0.1355737556447238,0.013557375564472379,-0.11667692451361816,-0.06287537568762677,100,1.851855218896784e-09,9.25927609448392e-09
misspecified_t,native,rmse,tabm_orbit_student,linear_orbit_student,-0.10187356415376271,0.12889575870614528,0.012889575870614529,-0.12744927909399334,-0.07629784921353208,100,3.859772400456555e-12,2.315863440273933e-11
misspecified_t,native,rmse,tabm_orbit_student,tabm_midpoint,0.0494221182453183,0.1383655270433847,0.01383655270433847,0.021967395818926604,0.07687684067171,100,0.0005492230145299694,0.0016476690435899082
misspecified_t,native,rmse,tabm_orbit_student,tabm_orbit,0.0569687576366964,0.12652132237767783,0.012652132237767783,0.03186418237778808,0.08207333289560471,100,1.835458301387148e-05,7.341833205548593e-05
misspecified_t,native,rmse,tabm_orbit_student,xgb_orbit_student,0.023814758771488243,0.13913006079389523,0.013913006079389523,-0.003791663737679807,0.05142118128065629,100,0.09008488052998202,0.09008488052998202
misspecified_t,native,rmse,xgb_orbit_student,lasso_pair_q20,-0.11359090887211072,0.14212731919327018,0.014212731919327018,-0.14179205247368792,-0.08538976527053352,100,2.4944937016343283e-12,1.7461455911440296e-11
misspecified_t,native,rmse,xgb_orbit_student,linear_orbit_student,-0.12568832292525098,0.13745781329764137,0.013745781329764136,-0.15296293525150054,-0.09841371059900142,100,8.060238889546811e-15,6.448191111637449e-14
misspecified_t,native,rmse,xgb_orbit_student,xgb_orbit,0.04137225778602842,0.11770147094838194,0.011770147094838194,0.018017732398699797,0.06472678317335703,100,0.0006648719824459966,0.0016476690435899082
misspecified_t,native10,FDP,tabm_orbit_student,lasso_pair_q20,0.027067765567765564,0.1331896761102893,0.013318967611028932,0.0006400442573668563,0.05349548687816427,100,0.0448043851835501,0.3584350814684008
misspecified_t,native10,FDP,tabm_orbit_student,linear_orbit_student,0.02652231102231102,0.13564704371315423,0.013564704371315423,-0.0003930053334569722,0.053437627378079014,100,0.05337380129290325,0.37361660905032273
misspecified_t,native10,FDP,tabm_orbit_student,tabm_midpoint,0.01181018981018981,0.14697976575443478,0.014697976575443477,-0.017353784463682676,0.04097416408406229,100,0.4235965096641613,1.0
misspecified_t,native10,FDP,tabm_orbit_student,tabm_orbit,0.0007647352647352629,0.16156082561609741,0.01615608256160974,-0.031292437623984606,0.032821908153455134,100,0.9623422261007282,1.0
misspecified_t,native10,FDP,tabm_orbit_student,xgb_orbit_student,0.009085081585081587,0.14564781148717437,0.014564781148717437,-0.019814604065217657,0.03798476723538083,100,0.5342129043264485,1.0
misspecified_t,native10,FDP,xgb_orbit_student,lasso_pair_q20,0.017982683982683982,0.10115621485490771,0.01011562148549077,-0.0020889036438722468,0.038054271609240214,100,0.07852134011172957,0.4711280406703774
misspecified_t,native10,FDP,xgb_orbit_student,linear_orbit_student,0.01743722943722944,0.10432257349367009,0.01043225734936701,-0.0032626324378856215,0.038137091312344495,100,0.09778656443674352,0.4889328221837176
misspecified_t,native10,FDP,xgb_orbit_student,xgb_orbit,-0.0035073260073260103,0.09928383272799993,0.009928383272799993,-0.02320739239829101,0.016192740383638993,100,0.7246427291682636,1.0
misspecified_t,native10,power,tabm_orbit_student,lasso_pair_q20,0.03900000000000001,0.17226653063133757,0.017226653063133757,0.00481858297437103,0.07318141702562898,100,0.025759932063628765,0.12879966031814383
misspecified_t,native10,power,tabm_orbit_student,linear_orbit_student,0.04,0.16937198318160143,0.016937198318160145,0.006392923986042291,0.07360707601395772,100,0.020150532451085078,0.12090319470651047
misspecified_t,native10,power,tabm_orbit_student,tabm_midpoint,0.0010000000000000009,0.2181163622352699,0.02181163622352699,-0.04227901833486308,0.044279018334863085,100,0.9635244816496531,1.0
misspecified_t,native10,power,tabm_orbit_student,tabm_orbit,-0.008,0.22904280399219282,0.02290428039921928,-0.05344706143023896,0.03744706143023896,100,0.7276211785941835,1.0
misspecified_t,native10,power,tabm_orbit_student,xgb_orbit_student,-0.017,0.2510804933510649,0.02510804933510649,-0.06681981711003461,0.03281981711003461,100,0.49993826650224393,1.0
misspecified_t,native10,power,xgb_orbit_student,lasso_pair_q20,0.05600000000000001,0.21664102412362557,0.02166410241236256,0.013013720754170073,0.09898627924582995,100,0.011198185463335973,0.0783872982433518
misspecified_t,native10,power,xgb_orbit_student,linear_orbit_student,0.05700000000000001,0.21426642529827444,0.021426642529827445,0.01448489267839951,0.09951510732160052,100,0.009109965310777532,0.07287972248622025
misspecified_t,native10,power,xgb_orbit_student,xgb_orbit,-0.07400000000000001,0.3307841922132643,0.033078419221326434,-0.13963476014806656,-0.008365239851933465,100,0.027521906589783728,0.12879966031814383
misspecified_t,top12,FDP,tabm_orbit_student,lasso_pair_q20,-0.19583333333333336,0.14033339731438033,0.014033339731438032,-0.223678523914733,-0.16798814275193372,100,4.0740042406408474e-25,2.4444025443845085e-24
misspecified_t,top12,FDP,tabm_orbit_student,linear_orbit_student,-0.1758333333333333,0.13602862889402317,0.013602862889402318,-0.20282436446753377,-0.14884230219913286,100,5.582809435724668e-23,2.791404717862334e-22
misspecified_t,top12,FDP,tabm_orbit_student,tabm_midpoint,0.013333333333333338,0.05888984180666024,0.005888984180666024,0.0016483110948893424,0.025018355571777333,100,0.025748411478539828,0.030202535297297446
misspecified_t,top12,FDP,tabm_orbit_student,tabm_orbit,0.013333333333333334,0.05391517634376775,0.005391517634376775,0.002635392648844945,0.02403127401782172,100,0.015101267648648723,0.030202535297297446
misspecified_t,top12,FDP,tabm_orbit_student,xgb_orbit_student,0.04333333333333334,0.11634153830577254,0.011634153830577254,0.020248648086242278,0.0664180185804244,100,0.00032532802459875044,0.0009759840737962513
misspecified_t,top12,FDP,tabm_orbit_student,xgb_shap,0.24250000000000005,0.1265171676687676,0.01265171676687676,0.21739624912547656,0.26760375087452354,100,4.3117036561373034e-35,4.311703656137304e-34
misspecified_t,top12,FDP,xgb_orbit_student,lasso_pair_q20,-0.23916666666666664,0.14146846900161553,0.014146846900161552,-0.26723708009636526,-0.211096253236968,100,6.028540341814153e-31,5.425686307632738e-30
misspecified_t,top12,FDP,xgb_orbit_student,linear_orbit_student,-0.21916666666666668,0.14824780949167404,0.014824780949167404,-0.2485822483284076,-0.18975108500492574,100,8.428142701108616e-27,5.899699890776031e-26
misspecified_t,top12,FDP,xgb_orbit_student,xgb_orbit,0.07416666666666667,0.08282250842153098,0.008282250842153099,0.057732884149019434,0.09060044918431391,100,2.0766447533502233e-14,8.306579013400893e-14
misspecified_t,top12,FDP,xgb_orbit_student,xgb_shap,0.19916666666666663,0.12529146714608466,0.012529146714608466,0.1743061213676012,0.22402721196573205,100,5.273307283713091e-29,4.218645826970473e-28
misspecified_t,top12,power,tabm_orbit_student,lasso_pair_q20,0.23499999999999996,0.1684000767772564,0.01684000767772564,0.2015857713023204,0.26841422869767956,100,4.0740042406409347e-25,2.444402544384561e-24
misspecified_t,top12,power,tabm_orbit_student,linear_orbit_student,0.21099999999999997,0.16323435467282782,0.016323435467282783,0.17861076263895942,0.2433892373610405,100,5.582809435724786e-23,2.791404717862393e-22
misspecified_t,top12,power,tabm_orbit_student,tabm_midpoint,-0.016,0.07066781016799228,0.007066781016799228,-0.030022026686132793,-0.0019779733138672075,100,0.025748411478539884,0.03020253529729735
misspecified_t,top12,power,tabm_orbit_student,tabm_orbit,-0.016000000000000004,0.06469821161252129,0.006469821161252129,-0.028837528821386068,-0.0031624711786139396,100,0.015101267648648675,0.03020253529729735
misspecified_t,top12,power,tabm_orbit_student,xgb_orbit_student,-0.052000000000000005,0.13960984596692705,0.013960984596692705,-0.07970162229650928,-0.02429837770349073,100,0.00032532802459875044,0.0009759840737962513
misspecified_t,top12,power,tabm_orbit_student,xgb_shap,-0.29100000000000004,0.1518206012025211,0.015182060120252111,-0.32112450104942825,-0.2608754989505718,100,4.3117036561373034e-35,4.311703656137304e-34
misspecified_t,top12,power,xgb_orbit_student,lasso_pair_q20,0.287,0.16976216280193865,0.016976216280193863,0.25331550388436164,0.3206844961156383,100,6.028540341814153e-31,5.425686307632738e-30
misspecified_t,top12,power,xgb_orbit_student,linear_orbit_student,0.26299999999999996,0.17789737139000888,0.017789737139000887,0.22770130200591082,0.2982986979940891,100,8.428142701108857e-27,5.8996998907762e-26
misspecified_t,top12,power,xgb_orbit_student,xgb_orbit,-0.08900000000000001,0.09938701010583716,0.009938701010583716,-0.10872053902117669,-0.06927946097882333,100,2.0766447533501785e-14,8.306579013400714e-14
misspecified_t,top12,power,xgb_orbit_student,xgb_shap,-0.239,0.15034976057530156,0.015034976057530156,-0.2688326543588785,-0.20916734564112147,100,5.273307283712904e-29,4.218645826970323e-28
misspecified_t,top12,rmse,tabm_orbit_student,lasso_pair_q20,-0.09076066016048781,0.07549165377020654,0.007549165377020654,-0.10573984207131462,-0.075781478249661,100,4.590439815406891e-21,3.817442329365622e-20
misspecified_t,top12,rmse,tabm_orbit_student,linear_orbit_student,-0.09079194668766281,0.07328473707794857,0.007328473707794857,-0.10533322844735506,-0.07625066492797057,100,7.613948839094141e-22,7.613948839094141e-21
misspecified_t,top12,rmse,tabm_orbit_student,tabm_midpoint,0.0071854184472481515,0.025835945113477345,0.0025835945113477344,0.0020590064220071857,0.012311830472489117,100,0.006485026312888141,0.012970052625776282
misspecified_t,top12,rmse,tabm_orbit_student,tabm_orbit,0.007720237711668162,0.023587080248552477,0.002358708024855248,0.003040049265090816,0.01240042615824551,100,0.0014656629209820094,0.0043969887629460285
misspecified_t,top12,rmse,tabm_orbit_student,xgb_orbit_student,-0.005797467226326949,0.043410866820662426,0.004341086682066243,-0.014411125008851371,0.002816190556197473,100,0.18477922109605438,0.18477922109605438
misspecified_t,top12,rmse,tabm_orbit_student,xgb_shap,0.025222790450618503,0.033491995070268885,0.0033491995070268885,0.018577252014791226,0.03186832888644578,100,2.391108266822484e-11,1.4346649600934902e-10
misspecified_t,top12,rmse,xgb_orbit_student,lasso_pair_q20,-0.08496319293416085,0.07057520281118079,0.00705752028111808,-0.09896684431157167,-0.07095954155675004,100,4.241602588184025e-21,3.817442329365622e-20
misspecified_t,top12,rmse,xgb_orbit_student,linear_orbit_student,-0.08499447946133586,0.07373302461300019,0.007373302461300019,-0.09962471119364805,-0.07036424772902367,100,5.299735351166735e-20,3.7098147458167146e-19
misspecified_t,top12,rmse,xgb_orbit_student,xgb_orbit,0.020460961998259978,0.035896856367960056,0.0035896856367960057,0.013338246907142103,0.027583677089377853,100,1.239448846309553e-07,4.957795385238212e-07
misspecified_t,top12,rmse,xgb_orbit_student,xgb_shap,0.031020257676945447,0.04597495353884461,0.004597495353884461,0.02189782946128549,0.040142685892605404,100,1.027452636103042e-09,5.137263180515211e-09
misspecified_t,top8,FDP,tabm_orbit_student,lasso_pair_q20,-0.2775,0.21801735173275927,0.021801735173275927,-0.3207593725031172,-0.23424062749688285,100,1.456612880034203e-22,8.739677280205219e-22
misspecified_t,top8,FDP,tabm_orbit_student,linear_orbit_student,-0.255,0.20636953224345847,0.020636953224345847,-0.2959481924152388,-0.21405180758476122,100,8.92342375817679e-22,4.4617118790883956e-21
misspecified_t,top8,FDP,tabm_orbit_student,tabm_midpoint,0.06,0.1058276662763332,0.010582766627633319,0.03900149506358959,0.0809985049364104,100,1.4168285638919864e-07,4.250485691675959e-07
misspecified_t,top8,FDP,tabm_orbit_student,tabm_orbit,0.06,0.1058276662763332,0.010582766627633319,0.03900149506358959,0.0809985049364104,100,1.4168285638919864e-07,4.250485691675959e-07
misspecified_t,top8,FDP,tabm_orbit_student,xgb_orbit_student,0.0725,0.15198601078634663,0.015198601078634664,0.04234267810055495,0.10265732189944504,100,6.347446182579011e-06,6.347446182579011e-06
misspecified_t,top8,FDP,tabm_orbit_student,xgb_shap,0.3125,0.17271231992693936,0.017271231992693935,0.2782301287066576,0.3467698712933424,100,3.6987783656846595e-33,3.6987783656846596e-32
misspecified_t,top8,FDP,xgb_orbit_student,lasso_pair_q20,-0.35,0.1978418917757666,0.019784189177576662,-0.3892561235380022,-0.31074387646199775,100,2.039721370998668e-32,1.6317770967989343e-31
misspecified_t,top8,FDP,xgb_orbit_student,linear_orbit_student,-0.3275,0.18444908415729433,0.018444908415729433,-0.36409869994751554,-0.2909013000524845,100,1.548419444769798e-32,1.393577500292818e-31
misspecified_t,top8,FDP,xgb_orbit_student,xgb_orbit,0.11,0.12086598304976408,0.012086598304976407,0.0860175667571897,0.1339824332428103,100,9.988560169167538e-15,3.995424067667015e-14
misspecified_t,top8,FDP,xgb_orbit_student,xgb_shap,0.24,0.15250434668420362,0.015250434668420363,0.2097398290130446,0.2702601709869554,100,1.0788907194390054e-28,7.5522350360730385e-28
misspecified_t,top8,power,tabm_orbit_student,lasso_pair_q20,0.22199999999999995,0.17441388138620736,0.017441388138620735,0.1873925019975062,0.25660749800249366,100,1.456612880034203e-22,8.739677280205219e-22
misspecified_t,top8,power,tabm_orbit_student,linear_orbit_student,0.2039999999999999,0.16509562579476675,0.016509562579476673,0.1712414460678089,0.23675855393219092,100,8.923423758176917e-22,4.461711879088458e-21
misspecified_t,top8,power,tabm_orbit_student,tabm_midpoint,-0.04799999999999999,0.08466213302106655,0.008466213302106656,-0.06479880394912832,-0.03120119605087166,100,1.4168285638920022e-07,4.2504856916760067e-07
misspecified_t,top8,power,tabm_orbit_student,tabm_orbit,-0.04799999999999999,0.08466213302106657,0.008466213302106656,-0.06479880394912832,-0.03120119605087166,100,1.4168285638920022e-07,4.2504856916760067e-07
misspecified_t,top8,power,tabm_orbit_student,xgb_orbit_student,-0.05799999999999999,0.12158880862907731,0.012158880862907732,-0.08212585751955603,-0.033874142480443944,100,6.347446182579012e-06,6.347446182579012e-06
misspecified_t,top8,power,tabm_orbit_student,xgb_shap,-0.25000000000000006,0.13816985594155148,0.013816985594155149,-0.27741589703467395,-0.22258410296532613,100,3.6987783656846595e-33,3.6987783656846596e-32
misspecified_t,top8,power,xgb_orbit_student,lasso_pair_q20,0.27999999999999997,0.15827351342061327,0.015827351342061327,0.24859510116959818,0.31140489883040173,100,2.0397213709986386e-32,1.6317770967989109e-31
misspecified_t,top8,power,xgb_orbit_student,linear_orbit_student,0.26199999999999996,0.14755926732583546,0.014755926732583547,0.23272104004198754,0.29127895995801234,100,1.54841944476982e-32,1.393577500292838e-31
misspecified_t,top8,power,xgb_orbit_student,xgb_orbit,-0.088,0.09669278643981127,0.009669278643981127,-0.10718594659424824,-0.06881405340575175,100,9.988560169167647e-15,3.995424067667059e-14
misspecified_t,top8,power,xgb_orbit_student,xgb_shap,-0.19200000000000003,0.12200347734736287,0.012200347734736288,-0.21620813678956433,-0.16779186321043574,100,1.078890719438967e-28,7.552235036072769e-28
mixed_copula,native,FDP,tabm_orbit_student,lasso_pair_q20,0.0328687152201084,0.24131718549594458,0.024131718549594457,-0.015013849795033438,0.08075128023525024,100,0.17627183280528733,0.8813591640264367
mixed_copula,native,FDP,tabm_orbit_student,linear_orbit_student,0.06023358645997965,0.21136493273603987,0.021136493273603986,0.018294198211045373,0.10217297470891393,100,0.0053237211924144524,0.03726604834690117
mixed_copula,native,FDP,tabm_orbit_student,tabm_midpoint,-0.010604466497268351,0.11970354802222538,0.011970354802222537,-0.034356247411411675,0.013147314416874972,100,0.3778214127249925,1.0
mixed_copula,native,FDP,tabm_orbit_student,tabm_orbit,-0.0012815446507396986,0.11014806721719615,0.011014806721719615,-0.02313731086556754,0.020574221564088144,100,0.9076128729400594,1.0
mixed_copula,native,FDP,tabm_orbit_student,xgb_orbit_student,-0.017857278256659063,0.2126129440587627,0.02126129440587627,-0.06004429902781548,0.02432974251449736,100,0.40299039836606776,1.0
mixed_copula,native,FDP,xgb_orbit_student,lasso_pair_q20,0.05072599347676746,0.276727079703696,0.0276727079703696,-0.00418266277218933,0.10563464972572426,100,0.06979739460975369,0.4187843676585221
mixed_copula,native,FDP,xgb_orbit_student,linear_orbit_student,0.07809086471663872,0.2315219886252901,0.023152198862529012,0.032151879268908605,0.12402985016436882,100,0.0010624889332508717,0.008499911466006973
mixed_copula,native,FDP,xgb_orbit_student,xgb_orbit,-0.016442493265248687,0.14281580931073734,0.014281580931073734,-0.04478024824302834,0.011895261712530972,100,0.2523786740090858,1.0
mixed_copula,native,power,tabm_orbit_student,lasso_pair_q20,0.639,0.31459289068363716,0.03145928906836372,0.5765779453481409,0.7014220546518591,100,4.381211626638008e-37,2.6287269759828047e-36
mixed_copula,native,power,tabm_orbit_student,linear_orbit_student,0.6279999999999999,0.3300076521916583,0.033000765219165826,0.562519322239373,0.6934806777606268,100,7.564125846739096e-35,3.7820629233695476e-34
mixed_copula,native,power,tabm_orbit_student,tabm_midpoint,-0.161,0.1979159090894592,0.01979159090894592,-0.20027081017885565,-0.12172918982114436,100,1.2336928275695675e-12,4.93477131027827e-12
mixed_copula,native,power,tabm_orbit_student,tabm_orbit,-0.16000000000000003,0.1969463855669324,0.01969463855669324,-0.19907843567802724,-0.1209215643219728,100,1.3009233235691021e-12,4.93477131027827e-12
mixed_copula,native,power,tabm_orbit_student,xgb_orbit_student,-0.091,0.27637443492991226,0.027637443492991225,-0.14583868387515653,-0.03616131612484347,100,0.0013768795672025296,0.0013768795672025296
mixed_copula,native,power,xgb_orbit_student,lasso_pair_q20,0.7300000000000001,0.30368111930481,0.030368111930481,0.6697430775222266,0.7902569224777736,100,4.087034342289046e-43,2.860924039602332e-42
mixed_copula,native,power,xgb_orbit_student,linear_orbit_student,0.7189999999999999,0.29769993705953735,0.029769993705953735,0.6599298738423397,0.77807012615766,100,2.742516701273889e-43,2.1940133610191114e-42
mixed_copula,native,power,xgb_orbit_student,xgb_orbit,-0.1,0.183126605208947,0.0183126605208947,-0.13633629143278309,-0.06366370856721693,100,3.526796175584947e-07,7.053592351169894e-07
mixed_copula,native,rmse,tabm_orbit_student,lasso_pair_q20,-0.264249252630984,0.1141075430211387,0.011410754302113869,-0.28689066474673897,-0.24160784051522902,100,9.459874103335013e-42,5.675924462001007e-41
mixed_copula,native,rmse,tabm_orbit_student,linear_orbit_student,-0.2590394595118596,0.13007712550480996,0.013007712550480995,-0.2848495832548762,-0.23322933576884294,100,2.119304069886369e-36,1.0596520349431845e-35
mixed_copula,native,rmse,tabm_orbit_student,tabm_midpoint,0.04278647249939011,0.06599807367686668,0.006599807367686668,0.02969102284373433,0.05588192215504589,100,3.543663865603217e-09,1.063099159680965e-08
mixed_copula,native,rmse,tabm_orbit_student,tabm_orbit,0.04266689198877849,0.06519100618329651,0.006519100618329651,0.029731582033298058,0.05560220194425892,100,2.6553754904087264e-09,1.0621501961634906e-08
mixed_copula,native,rmse,tabm_orbit_student,xgb_orbit_student,0.02000641797168405,0.1017853964131475,0.01017853964131475,-0.00019001292621578098,0.04020284886958388,100,0.052152361811054974,0.052152361811054974
mixed_copula,native,rmse,xgb_orbit_student,lasso_pair_q20,-0.28425567060266804,0.11239712820892675,0.011239712820892676,-0.30655769931197274,-0.26195364189336334,100,5.3866771744136316e-45,4.3093417395309053e-44
mixed_copula,native,rmse,xgb_orbit_student,linear_orbit_student,-0.27904587748354365,0.11895418319898567,0.011895418319898567,-0.3026489681591733,-0.255442786807914,100,3.209209284074382e-42,2.2464464988520676e-41
mixed_copula,native,rmse,xgb_orbit_student,xgb_orbit,0.027289516234138042,0.07308860681927777,0.007308860681927777,0.012787150972841638,0.041791881495434446,100,0.00031520661147989043,0.0006304132229597809
mixed_copula,native10,FDP,tabm_orbit_student,lasso_pair_q20,0.05161979686979687,0.12150035099729374,0.012150035099729374,0.027511491263488355,0.07572810247610538,100,4.869360920738447e-05,0.0003895488736590758
mixed_copula,native10,FDP,tabm_orbit_student,linear_orbit_student,0.04141117216117216,0.1324025422583,0.01324025422583,0.015139635283995805,0.06768270903834853,100,0.002314097933497408,0.011570489667487041
mixed_copula,native10,FDP,tabm_orbit_student,tabm_midpoint,-0.00010989010989010894,0.10863432626095466,0.010863432626095466,-0.02166529727816122,0.021445517058381002,100,0.9919494152177231,1.0
mixed_copula,native10,FDP,tabm_orbit_student,tabm_orbit,-0.003977703668880139,0.10701122598099666,0.010701122598099666,-0.025211052528202132,0.017255645190441857,100,0.7109039038155837,1.0
mixed_copula,native10,FDP,tabm_orbit_student,xgb_orbit_student,-0.0022105394605394586,0.139471583382576,0.0139471583382576,-0.029884727460685857,0.02546364853960694,100,0.8743904888073802,1.0
mixed_copula,native10,FDP,xgb_orbit_student,lasso_pair_q20,0.053830336330336334,0.13206086832836342,0.013206086832836342,0.027626594973526854,0.08003407768714582,100,9.253355391352489e-05,0.0006477348773946742
mixed_copula,native10,FDP,xgb_orbit_student,linear_orbit_student,0.04362171162171163,0.13384951960682295,0.013384951960682295,0.01706306304619644,0.07018036019722682,100,0.0015328124000167347,0.009196874400100408
mixed_copula,native10,FDP,xgb_orbit_student,xgb_orbit,-0.01782136001253648,0.10281616559802362,0.010281616559802361,-0.03822231787940871,0.002579597854335751,100,0.08615177697635797,0.34460710790543186
mixed_copula,native10,power,tabm_orbit_student,lasso_pair_q20,0.314,0.46035120541086055,0.04603512054108606,0.22265633345763147,0.40534366654236853,100,7.253588626953874e-10,2.1760765880861623e-09
mixed_copula,native10,power,tabm_orbit_student,linear_orbit_student,0.293,0.4784771719114759,0.04784771719114759,0.19805974845833152,0.38794025154166845,100,1.8535569763688257e-08,3.707113952737651e-08
mixed_copula,native10,power,tabm_orbit_student,tabm_midpoint,-0.391,0.5350530984695053,0.05350530984695053,-0.4971661427940437,-0.28483385720595633,100,7.062611238362712e-11,2.825044495345085e-10
mixed_copula,native10,power,tabm_orbit_student,tabm_orbit,-0.40399999999999997,0.5212494701206036,0.052124947012060364,-0.507427203457822,-0.30057279654217794,100,8.17949440853211e-12,4.0897472042660545e-11
mixed_copula,native10,power,tabm_orbit_student,xgb_orbit_student,-0.099,0.575860357652054,0.0575860357652054,-0.21326318833550584,0.015263188335505828,100,0.08870928151873146,0.08870928151873146
mixed_copula,native10,power,xgb_orbit_student,lasso_pair_q20,0.41300000000000003,0.5042556270124682,0.05042556270124682,0.31294474369882214,0.5130552563011779,100,9.372934940460878e-13,6.561054458322615e-12
mixed_copula,native10,power,xgb_orbit_student,linear_orbit_student,0.39199999999999996,0.4819321382296328,0.04819321382296328,0.29637420818479365,0.48762579181520627,100,1.2388455496915466e-12,7.43307329814928e-12
mixed_copula,native10,power,xgb_orbit_student,xgb_orbit,-0.503,0.48875330994254956,0.04887533099425496,-0.5999792602693984,-0.4060207397306016,100,2.5320199455039e-17,2.02561595640312e-16
mixed_copula,top12,FDP,tabm_orbit_student,lasso_pair_q20,-0.23333333333333336,0.10790838696576516,0.010790838696576516,-0.25474469839607633,-0.21192196827059037,100,2.7660219003235327e-39,2.2128175202588262e-38
mixed_copula,top12,FDP,tabm_orbit_student,linear_orbit_student,-0.18583333333333332,0.09611928499136,0.009611928499135999,-0.20490548479800838,-0.16676118186865826,100,2.1919757320335754e-35,1.5343830124235028e-34
mixed_copula,top12,FDP,tabm_orbit_student,tabm_midpoint,0.04,0.05227699684900678,0.005227699684900678,0.029627109667823476,0.050372890332176526,100,1.328111865477307e-11,5.312447461909228e-11
mixed_copula,top12,FDP,tabm_orbit_student,tabm_orbit,0.04166666666666667,0.05230382620507065,0.0052303826205070654,0.03128845280818015,0.05204488052515319,100,2.8344147539383395e-12,1.4172073769691698e-11
mixed_copula,top12,FDP,tabm_orbit_student,xgb_orbit_student,0.04416666666666668,0.07151459866818212,0.007151459866818212,0.029976618770891958,0.0583567145624414,100,1.4602610705750965e-08,4.3807832117252895e-08
mixed_copula,top12,FDP,tabm_orbit_student,xgb_shap,0.0675,0.06344819462107176,0.006344819462107176,0.054910501669024746,0.08008949833097527,100,4.445275287490613e-18,2.6671651724943676e-17
mixed_copula,top12,FDP,xgb_orbit_student,lasso_pair_q20,-0.2775,0.1039720404011828,0.01039720404011828,-0.2981303085046973,-0.25686969149530275,100,5.11502055206396e-47,5.1150205520639596e-46
mixed_copula,top12,FDP,xgb_orbit_student,linear_orbit_student,-0.23000000000000004,0.0963124824521426,0.00963124824521426,-0.24911048603234243,-0.21088951396765765,100,7.133382799013401e-43,6.42004451911206e-42
mixed_copula,top12,FDP,xgb_orbit_student,xgb_orbit,0.01916666666666667,0.03718300361153947,0.003718300361153947,0.01178875205926415,0.02654458127406919,100,1.301498909247039e-06,1.301498909247039e-06
mixed_copula,top12,FDP,xgb_orbit_student,xgb_shap,0.023333333333333334,0.04283709648210105,0.0042837096482101055,0.014833524034013548,0.03183314263265312,100,3.742221353073511e-07,7.484442706147022e-07
mixed_copula,top12,power,tabm_orbit_student,lasso_pair_q20,0.27999999999999997,0.12949006435891816,0.012949006435891816,0.2543063619247084,0.30569363807529154,100,2.766021900323572e-39,2.2128175202588575e-38
mixed_copula,top12,power,tabm_orbit_student,linear_orbit_student,0.22300000000000003,0.11534314198963197,0.011534314198963197,0.20011341824238996,0.2458865817576101,100,2.191975732033482e-35,1.5343830124234374e-34
mixed_copula,top12,power,tabm_orbit_student,tabm_midpoint,-0.04799999999999998,0.06273239621880813,0.006273239621880813,-0.06044746839861181,-0.03555253160138815,100,1.328111865477317e-11,5.312447461909268e-11
mixed_copula,top12,power,tabm_orbit_student,tabm_orbit,-0.04999999999999999,0.06276459144608477,0.006276459144608478,-0.06245385663018382,-0.03754614336981616,100,2.83441475393836e-12,1.4172073769691801e-11
mixed_copula,top12,power,tabm_orbit_student,xgb_orbit_student,-0.053,0.08581751840181853,0.008581751840181853,-0.07002805747492966,-0.035971942525070334,100,1.4602610705750965e-08,4.3807832117252895e-08
mixed_copula,top12,power,tabm_orbit_student,xgb_shap,-0.08099999999999997,0.07613783354528611,0.007613783354528611,-0.09610739799717029,-0.06589260200282966,100,4.445275287490708e-18,2.6671651724944246e-17
mixed_copula,top12,power,xgb_orbit_student,lasso_pair_q20,0.333,0.12476644848141934,0.012476644848141934,0.3082436297943633,0.3577563702056367,100,5.115020552063814e-47,5.115020552063813e-46
mixed_copula,top12,power,xgb_orbit_student,linear_orbit_student,0.276,0.11557497894257113,0.011557497894257113,0.25306741676118916,0.2989325832388109,100,7.133382799013401e-43,6.42004451911206e-42
mixed_copula,top12,power,xgb_orbit_student,xgb_orbit,-0.022999999999999993,0.04461960433384736,0.004461960433384736,-0.031853497528883015,-0.01414650247111697,100,1.3014989092470462e-06,1.3014989092470462e-06
mixed_copula,top12,power,xgb_orbit_student,xgb_shap,-0.027999999999999994,0.051404515778521266,0.005140451577852126,-0.038199771159183736,-0.01780022884081625,100,3.742221353073552e-07,7.484442706147104e-07
mixed_copula,top12,rmse,tabm_orbit_student,lasso_pair_q20,-0.11722145033980684,0.056708125740967605,0.0056708125740967605,-0.1284735727781582,-0.10596932790145547,100,1.0728776311396367e-37,9.65589868025673e-37
mixed_copula,top12,rmse,tabm_orbit_student,linear_orbit_student,-0.09948176381192418,0.05801136483563326,0.005801136483563326,-0.110992477160626,-0.08797105046322236,100,2.098493042312072e-31,1.4689451296184504e-30
mixed_copula,top12,rmse,tabm_orbit_student,tabm_midpoint,0.008913484474538751,0.015046635588833627,0.0015046635588833626,0.005927905534685,0.011899063414392503,100,4.5721411803726725e-08,1.828856472149069e-07
mixed_copula,top12,rmse,tabm_orbit_student,tabm_orbit,0.008999598194949299,0.013515028221073413,0.0013515028221073413,0.006317923385312089,0.011681273004586509,100,1.5566017005665688e-09,7.783008502832844e-09
mixed_copula,top12,rmse,tabm_orbit_student,xgb_orbit_student,0.00922833236715023,0.01988929191291079,0.001988929191291079,0.005281865350440015,0.013174799383860444,100,1.0694875979192332e-05,3.2084627937576997e-05
mixed_copula,top12,rmse,tabm_orbit_student,xgb_shap,0.014553512961217879,0.016586386754381288,0.0016586386754381289,0.011262413984985635,0.01784461193745012,100,5.122960488901401e-14,3.073776293340841e-13
mixed_copula,top12,rmse,xgb_orbit_student,lasso_pair_q20,-0.1264497827069571,0.05599566313430564,0.005599566313430564,-0.13756053710716298,-0.11533902830675118,100,7.724700651996137e-41,7.724700651996137e-40
mixed_copula,top12,rmse,xgb_orbit_student,linear_orbit_student,-0.10871009617907443,0.058138329846718254,0.0058138329846718255,-0.12024600214050059,-0.09717419021764827,100,2.9593487627082476e-34,2.367479010166598e-33
mixed_copula,top12,rmse,xgb_orbit_student,xgb_orbit,0.0045689840924391665,0.012909998705246917,0.0012909998705246918,0.0020073602649485585,0.0071306079199297745,100,0.0006132980439912487,0.0008967482585336259
mixed_copula,top12,rmse,xgb_orbit_student,xgb_shap,0.005325180594067648,0.0146636542019964,0.0014663654201996401,0.0024155934702013698,0.008234767717933926,100,0.00044837412926681294,0.0008967482585336259
mixed_copula,top8,FDP,tabm_orbit_student,lasso_pair_q20,-0.325,0.15488672954743088,0.015488672954743089,-0.3557328874331753,-0.2942671125668247,100,3.1978779324886995e-38,2.8780901392398295e-37
mixed_copula,top8,FDP,tabm_orbit_student,linear_orbit_student,-0.2425,0.13969212178533508,0.013969212178533507,-0.2702179476038677,-0.21478205239613227,100,8.436505833183977e-32,5.905554083228784e-31
mixed_copula,top8,FDP,tabm_orbit_student,tabm_midpoint,0.05625,0.07189489733372087,0.007189489733372087,0.04198449259834547,0.07051550740165453,100,5.7089241141348355e-12,3.4253544684809014e-11
mixed_copula,top8,FDP,tabm_orbit_student,tabm_orbit,0.0575,0.07415347175781707,0.007415347175781707,0.0427863424324919,0.0722136575675081,100,8.037207818878568e-12,4.018603909439284e-11
mixed_copula,top8,FDP,tabm_orbit_student,xgb_orbit_student,0.03875,0.07884704218045252,0.007884704218045251,0.0231050362329226,0.0543949637670774,100,3.527911497594724e-06,1.0583734492784173e-05
mixed_copula,top8,FDP,tabm_orbit_student,xgb_shap,0.05875,0.07632458266634623,0.007632458266634623,0.043605546925661,0.07389445307433899,100,1.061437927076404e-11,4.245751708305616e-11
mixed_copula,top8,FDP,xgb_orbit_student,lasso_pair_q20,-0.36375,0.1629267899668096,0.016292678996680958,-0.39607820985070386,-0.3314217901492962,100,1.9886355047752787e-40,1.9886355047752786e-39
mixed_copula,top8,FDP,xgb_orbit_student,linear_orbit_student,-0.28125,0.1436525251424352,0.014365252514243521,-0.3097537775514647,-0.2527462224485353,100,8.142755663006081e-36,6.514204530404865e-35
mixed_copula,top8,FDP,xgb_orbit_student,xgb_orbit,0.02,0.04936465017468154,0.004936465017468155,0.010204982431810082,0.02979501756818992,100,0.00010131285617569923,0.00020262571235139847
mixed_copula,top8,FDP,xgb_orbit_student,xgb_shap,0.02,0.04936465017468154,0.004936465017468155,0.010204982431810082,0.02979501756818992,100,0.00010131285617569923,0.00020262571235139847
mixed_copula,top8,power,tabm_orbit_student,lasso_pair_q20,0.26,0.1239093836379447,0.01239093836379447,0.23541369005345977,0.2845863099465403,100,3.1978779324886995e-38,2.8780901392398295e-37
mixed_copula,top8,power,tabm_orbit_student,linear_orbit_student,0.19400000000000006,0.11175369742826807,0.011175369742826808,0.17182564191690589,0.21617435808309424,100,8.436505833183735e-32,5.905554083228614e-31
mixed_copula,top8,power,tabm_orbit_student,tabm_midpoint,-0.04500000000000003,0.05751591786697672,0.005751591786697672,-0.05641240592132367,-0.0335875940786764,100,5.708924114134712e-12,3.425354468480827e-11
mixed_copula,top8,power,tabm_orbit_student,tabm_orbit,-0.046000000000000034,0.0593227774062537,0.00593227774062537,-0.05777092605400652,-0.034229073945993546,100,8.037207818878568e-12,4.018603909439284e-11
mixed_copula,top8,power,tabm_orbit_student,xgb_orbit_student,-0.031000000000000024,0.06307763374436207,0.006307763374436207,-0.043515971013661954,-0.018484028986338094,100,3.527911497594724e-06,1.0583734492784173e-05
mixed_copula,top8,power,tabm_orbit_student,xgb_shap,-0.04700000000000003,0.06105966613307702,0.006105966613307702,-0.059115562459471235,-0.03488443754052882,100,1.061437927076404e-11,4.245751708305616e-11
mixed_copula,top8,power,xgb_orbit_student,lasso_pair_q20,0.29100000000000004,0.1303414319734477,0.013034143197344769,0.26513743211943697,0.3168625678805631,100,1.9886355047752787e-40,1.9886355047752786e-39
mixed_copula,top8,power,xgb_orbit_student,linear_orbit_student,0.22500000000000003,0.11492202011394816,0.011492202011394816,0.20219697795882827,0.2478030220411718,100,8.142755663005851e-36,6.514204530404681e-35
mixed_copula,top8,power,xgb_orbit_student,xgb_orbit,-0.016000000000000014,0.03949172013974527,0.003949172013974527,-0.023836014054551956,-0.008163985945448073,100,0.00010131285617569923,0.00020262571235139847
mixed_copula,top8,power,xgb_orbit_student,xgb_shap,-0.016000000000000014,0.03949172013974527,0.003949172013974527,-0.023836014054551956,-0.008163985945448073,100,0.00010131285617569923,0.00020262571235139847
nonlinear_strong,native,FDP,tabm_orbit_student,lasso_pair_q20,0.06867890279654985,0.24867287537484878,0.024867287537484878,0.019336809326631753,0.11802099626646795,100,0.006852326851200804,0.03426163425600402
nonlinear_strong,native,FDP,tabm_orbit_student,linear_orbit_student,0.09086578454225512,0.21977939455380047,0.021977939455380048,0.047256784515658526,0.1344747845688517,100,7.462512292352986e-05,0.0005970009833882389
nonlinear_strong,native,FDP,tabm_orbit_student,tabm_midpoint,-0.01393410603321089,0.14282966302337588,0.014282966302337588,-0.04227460988813642,0.014406397821714642,100,0.331652893426127,0.9949586802783811
nonlinear_strong,native,FDP,tabm_orbit_student,tabm_orbit,-0.006355057223478277,0.12692799924378692,0.012692799924378693,-0.031540325995538604,0.018830211548582054,100,0.6177062058979919,1.0
nonlinear_strong,native,FDP,tabm_orbit_student,xgb_orbit_student,-0.0032745070546928152,0.18698376106915224,0.018698376106915222,-0.04037614189171893,0.0338271277823333,100,0.8613410171134824,1.0
nonlinear_strong,native,FDP,xgb_orbit_student,lasso_pair_q20,0.07195340985124267,0.24097910139582393,0.024097910139582394,0.024137928056350316,0.11976889164613502,100,0.003563370811969103,0.021380224871814617
nonlinear_strong,native,FDP,xgb_orbit_student,linear_orbit_student,0.09414029159694794,0.22887275016733474,0.022887275016733474,0.048726972534904205,0.13955361065899166,100,8.071923274221248e-05,0.0005970009833882389
nonlinear_strong,native,FDP,xgb_orbit_student,xgb_orbit,-0.017845712594938598,0.11000032542871246,0.011000032542871246,-0.039672163633650885,0.003980738443773689,100,0.10791255605669459,0.43165022422677835
nonlinear_strong,native,power,tabm_orbit_student,lasso_pair_q20,0.676,0.30981258590289457,0.030981258590289457,0.6145264615260737,0.7374735384739264,100,1.3180240499294846e-39,6.590120249647423e-39
nonlinear_strong,native,power,tabm_orbit_student,linear_orbit_student,0.7069999999999999,0.2913760456866693,0.02913760456866693,0.6491846710884941,0.7648153289115056,100,1.8500085981063922e-43,1.1100051588638353e-42
nonlinear_strong,native,power,tabm_orbit_student,tabm_midpoint,-0.16300000000000003,0.20775617021553483,0.020775617021553484,-0.20422333147221877,-0.12177666852778128,100,5.128920017748718e-12,1.5386760053246154e-11
nonlinear_strong,native,power,tabm_orbit_student,tabm_orbit,-0.171,0.2142852813848441,0.02142852813848441,-0.21351884877826158,-0.12848115122173845,100,2.6488291771516604e-12,1.0595316708606642e-11
nonlinear_strong,native,power,tabm_orbit_student,xgb_orbit_student,-0.13,0.2405801069888944,0.02405801069888944,-0.1777363126483137,-0.08226368735168632,100,4.512370929156925e-07,4.512370929156925e-07
nonlinear_strong,native,power,xgb_orbit_student,lasso_pair_q20,0.806,0.2517895545847361,0.025178955458473613,0.7560394897580146,0.8559605102419855,100,5.0058752142440055e-54,3.504112649970804e-53
nonlinear_strong,native,power,xgb_orbit_student,linear_orbit_student,0.8370000000000002,0.22903177848402514,0.022903177848402515,0.7915551262697818,0.8824448737302186,100,2.784738229304188e-59,2.2277905834433505e-58
nonlinear_strong,native,power,xgb_orbit_student,xgb_orbit,-0.075,0.12007993970348219,0.012007993970348218,-0.09882646518957898,-0.051173534810421015,100,1.0601574898046054e-08,2.1203149796092107e-08
nonlinear_strong,native,rmse,tabm_orbit_student,lasso_pair_q20,-0.2722327100669071,0.10847939764320039,0.010847939764320039,-0.293757376036216,-0.25070804409759817,100,1.0461486789051137e-44,5.230743394525568e-44
nonlinear_strong,native,rmse,tabm_orbit_student,linear_orbit_student,-0.2821211051187429,0.1107603066465519,0.011076030664655189,-0.3040983529189817,-0.2601438573185041,100,2.91819786165124e-45,1.7509187169907438e-44
nonlinear_strong,native,rmse,tabm_orbit_student,tabm_midpoint,0.0421715416917018,0.07904979722830752,0.007904979722830751,0.026486346924328615,0.057856736459074985,100,6.062227345262952e-07,2.2758124432524038e-06
nonlinear_strong,native,rmse,tabm_orbit_student,tabm_orbit,0.043181388593921344,0.080718484314776,0.0080718484314776,0.027165090106174718,0.05919768708166797,100,5.689531108131009e-07,2.2758124432524038e-06
nonlinear_strong,native,rmse,tabm_orbit_student,xgb_orbit_student,0.032792069245520444,0.08507068576573931,0.00850706857657393,0.01591219956823561,0.049671938922805275,100,0.00020606231996098248,0.00020606231996098248
nonlinear_strong,native,rmse,xgb_orbit_student,lasso_pair_q20,-0.3050247793124275,0.08407295201745732,0.008407295201745732,-0.321706676968069,-0.288342881656786,100,5.435797842124212e-59,3.8050584894869484e-58
nonlinear_strong,native,rmse,xgb_orbit_student,linear_orbit_student,-0.31491317436426325,0.07286945494408606,0.007286945494408606,-0.3293720551389886,-0.3004542935895379,100,4.5571682445583096e-66,3.6457345956466476e-65
nonlinear_strong,native,rmse,xgb_orbit_student,xgb_orbit,0.015366642608058034,0.030913695418296173,0.0030913695418296173,0.009232694759782077,0.02150059045633399,100,2.799353040539675e-06,5.59870608107935e-06
nonlinear_strong,native10,FDP,tabm_orbit_student,lasso_pair_q20,0.04643406593406593,0.12619797495712784,0.012619797495712784,0.021393649818465803,0.07147448204966605,100,0.0003804009116320755,0.0019020045581603776
nonlinear_strong,native10,FDP,tabm_orbit_student,linear_orbit_student,0.05356809856809856,0.128788912162565,0.012878891216256499,0.028013584300166143,0.07912261283603098,100,6.80128517200338e-05,0.0004080771103202028
nonlinear_strong,native10,FDP,tabm_orbit_student,tabm_midpoint,-0.02260049754167401,0.11801545921096161,0.011801545921096161,-0.04601732501232116,0.000816329928973146,100,0.05837304082285745,0.22739293091709167
nonlinear_strong,native10,FDP,tabm_orbit_student,tabm_orbit,-0.02167574092574092,0.11248511305372733,0.011248511305372733,-0.04399522773709856,0.0006437458856167165,100,0.05684823272927292,0.22739293091709167
nonlinear_strong,native10,FDP,tabm_orbit_student,xgb_orbit_student,-0.013247502497502497,0.14035610284386502,0.014035610284386501,-0.04109719834855179,0.0146021933535468,100,0.34754435764067326,0.34754435764067326
nonlinear_strong,native10,FDP,xgb_orbit_student,lasso_pair_q20,0.05968156843156844,0.12502661485787991,0.012502661485787991,0.03487357557249317,0.08448956129064371,100,6.262650843681178e-06,4.3838555905768246e-05
nonlinear_strong,native10,FDP,xgb_orbit_student,linear_orbit_student,0.06681560106560107,0.11814483521073452,0.011814483521073452,0.043373102589767135,0.090258099541435,100,1.5081830439475966e-07,1.2065464351580773e-06
nonlinear_strong,native10,FDP,xgb_orbit_student,xgb_orbit,-0.013727106227106227,0.09523024886135656,0.009523024886135656,-0.032622853635815637,0.005168641181603184,100,0.15260912210448813,0.30521824420897625
nonlinear_strong,native10,power,tabm_orbit_student,lasso_pair_q20,0.256,0.41324534742900276,0.04132453474290028,0.17400315764992777,0.3379968423500722,100,1.33897478888204e-08,4.0169243666461195e-08
nonlinear_strong,native10,power,tabm_orbit_student,linear_orbit_student,0.26,0.4348458452036872,0.04348458452036872,0.17371715026537232,0.3462828497346277,100,3.566332818444025e-08,7.13266563688805e-08
nonlinear_strong,native10,power,tabm_orbit_student,tabm_midpoint,-0.391,0.5095244366221816,0.05095244366221816,-0.4921007024353644,-0.2898992975646356,100,1.1911156090547309e-11,4.7644624362189235e-11
nonlinear_strong,native10,power,tabm_orbit_student,tabm_orbit,-0.428,0.48096703933772106,0.048096703933772106,-0.523434295257085,-0.332565704742915,100,2.7505964532494568e-14,1.6634324813332562e-13
nonlinear_strong,native10,power,tabm_orbit_student,xgb_orbit_student,-0.18000000000000005,0.6441657356220486,0.06441657356220486,-0.307816457220233,-0.05218354277976711,100,0.006245983226080089,0.006245983226080089
nonlinear_strong,native10,power,xgb_orbit_student,lasso_pair_q20,0.43599999999999994,0.4883532419149984,0.04883532419149984,0.3391001219068039,0.5328998780931959,100,2.376332116190366e-14,1.6634324813332562e-13
nonlinear_strong,native10,power,xgb_orbit_student,linear_orbit_student,0.44,0.5085133809309826,0.05085133809309826,0.33909991294877523,0.5409000870512248,100,9.40693394544215e-14,4.703466972721075e-13
nonlinear_strong,native10,power,xgb_orbit_student,xgb_orbit,-0.536,0.48669572349952617,0.04866957234995262,-0.6325709904794543,-0.43942900952054575,100,6.841571787193137e-19,5.473257429754509e-18
nonlinear_strong,top12,FDP,tabm_orbit_student,lasso_pair_q20,-0.2925000000000001,0.12394051558275071,0.012394051558275072,-0.3170924871998021,-0.2679075128001981,100,1.9331094003400765e-42,1.5464875202720612e-41
nonlinear_strong,top12,FDP,tabm_orbit_student,linear_orbit_student,-0.2491666666666667,0.11391352283475399,0.0113913522834754,-0.27176958096814574,-0.22656375236518767,100,1.077102296732049e-39,7.539716077124343e-39
nonlinear_strong,top12,FDP,tabm_orbit_student,tabm_midpoint,0.0575,0.06003996985174109,0.006003996985174109,0.04558676740521051,0.0694132325947895,100,9.162580263471072e-16,3.665032105388429e-15
nonlinear_strong,top12,FDP,tabm_orbit_student,tabm_orbit,0.061666666666666675,0.0622483711288339,0.00622483711288339,0.049315239346903086,0.07401809398643026,100,1.749333495426221e-16,8.746667477131104e-16
nonlinear_strong,top12,FDP,tabm_orbit_student,xgb_orbit_student,0.0625,0.07241136847949327,0.007241136847949327,0.048132013518104796,0.0768679864818952,100,1.0468493886643973e-13,3.140548165993192e-13
nonlinear_strong,top12,FDP,tabm_orbit_student,xgb_shap,0.08833333333333336,0.07379788578359103,0.007379788578359104,0.07369023173760307,0.10297643492906365,100,5.9580467574889856e-21,3.5748280544933915e-20
nonlinear_strong,top12,FDP,xgb_orbit_student,lasso_pair_q20,-0.35500000000000015,0.10023821234621993,0.010023821234621994,-0.3748894360126298,-0.3351105639873705,100,5.007710380667748e-58,5.007710380667748e-57
nonlinear_strong,top12,FDP,xgb_orbit_student,linear_orbit_student,-0.3116666666666667,0.10162815962263033,0.010162815962263034,-0.331831898374052,-0.2915014349592814,100,2.375282319945816e-52,2.1377540879512343e-51
nonlinear_strong,top12,FDP,xgb_orbit_student,xgb_orbit,0.025000000000000005,0.03838051553931986,0.0038380515539319857,0.01738447304592392,0.032615526954076095,100,3.071122735749712e-09,3.071122735749712e-09
nonlinear_strong,top12,FDP,xgb_orbit_student,xgb_shap,0.02583333333333334,0.03873526655931098,0.0038735266559310976,0.018147416080514116,0.033519250586152564,100,1.4834474934508402e-09,2.9668949869016804e-09
nonlinear_strong,top12,power,tabm_orbit_student,lasso_pair_q20,0.3509999999999999,0.14872861869930082,0.014872861869930082,0.32148901536023755,0.3805109846397623,100,1.9331094003401313e-42,1.546487520272105e-41
nonlinear_strong,top12,power,tabm_orbit_student,linear_orbit_student,0.29900000000000004,0.13669622740170478,0.013669622740170478,0.27187650283822523,0.32612349716177486,100,1.077102296732049e-39,7.539716077124343e-39
nonlinear_strong,top12,power,tabm_orbit_student,tabm_midpoint,-0.06899999999999999,0.0720479638220893,0.007204796382208931,-0.08329587911374739,-0.0547041208862526,100,9.162580263471072e-16,3.665032105388429e-15
nonlinear_strong,top12,power,tabm_orbit_student,tabm_orbit,-0.074,0.07469804535460067,0.007469804535460067,-0.0888217127837163,-0.05917828721628369,100,1.749333495426221e-16,8.746667477131104e-16
nonlinear_strong,top12,power,tabm_orbit_student,xgb_orbit_student,-0.07499999999999998,0.08689364217539192,0.008689364217539191,-0.09224158377827422,-0.05775841622172574,100,1.0468493886644199e-13,3.14054816599326e-13
nonlinear_strong,top12,power,tabm_orbit_student,xgb_shap,-0.10599999999999998,0.08855746294030924,0.008855746294030924,-0.12357172191487634,-0.08842827808512363,100,5.958046757489154e-21,3.5748280544934926e-20
nonlinear_strong,top12,power,xgb_orbit_student,lasso_pair_q20,0.426,0.12028585481546392,0.012028585481546391,0.40213267678484443,0.44986732321515555,100,5.0077103806678195e-58,5.007710380667819e-57
nonlinear_strong,top12,power,xgb_orbit_student,linear_orbit_student,0.374,0.12195379154715637,0.012195379154715637,0.3498017219511376,0.3981982780488624,100,2.3752823199457484e-52,2.1377540879511735e-51
nonlinear_strong,top12,power,xgb_orbit_student,xgb_orbit,-0.029999999999999992,0.046056618647183814,0.004605661864718382,-0.039138632344891296,-0.020861367655108688,100,3.071122735749712e-09,3.071122735749712e-09
nonlinear_strong,top12,power,xgb_orbit_student,xgb_shap,-0.030999999999999996,0.04648231987117316,0.004648231987117316,-0.040223100703383065,-0.021776899296616928,100,1.4834474934508402e-09,2.9668949869016804e-09
nonlinear_strong,top12,rmse,tabm_orbit_student,lasso_pair_q20,-0.15472669199445133,0.059637970194859447,0.005963797019485945,-0.1665601591358723,-0.14289322485303035,100,5.971313054092138e-46,4.7770504432737106e-45
nonlinear_strong,top12,rmse,tabm_orbit_student,linear_orbit_student,-0.1458137021352585,0.05850762942767393,0.005850762942767393,-0.15742288514555638,-0.1342045191249606,100,1.8924440217715536e-44,1.3247108152400874e-43
nonlinear_strong,top12,rmse,tabm_orbit_student,tabm_midpoint,0.014153394284312459,0.017954163159845726,0.0017954163159845725,0.010590898795120601,0.017715889773504318,100,4.269064825921144e-12,2.0607264174816394e-11
nonlinear_strong,top12,rmse,tabm_orbit_student,tabm_orbit,0.013700103760751649,0.01736338448642551,0.001736338448642551,0.010254831577398812,0.017145375944104486,100,4.1214528349632786e-12,2.0607264174816394e-11
nonlinear_strong,top12,rmse,tabm_orbit_student,xgb_orbit_student,0.013559732795141222,0.021318671384616548,0.002131867138461655,0.009329645880641297,0.017789819709641146,100,6.253251133283434e-09,1.87597533998503e-08
nonlinear_strong,top12,rmse,tabm_orbit_student,xgb_shap,0.019659475202744692,0.0229980883501229,0.0022998088350122898,0.015096155527083871,0.024222794878405514,100,1.5828754853363357e-13,9.497252912018014e-13
nonlinear_strong,top12,rmse,xgb_orbit_student,lasso_pair_q20,-0.1682864247895925,0.05198707034856821,0.005198707034856821,-0.17860178741408284,-0.15797106216510215,100,1.820581602724961e-54,1.8205816027249612e-53
nonlinear_strong,top12,rmse,xgb_orbit_student,linear_orbit_student,-0.15937343493039974,0.053626118789025734,0.005362611878902574,-0.17001402032488006,-0.14873284953591942,100,3.9333866519774223e-51,3.54004798677968e-50
nonlinear_strong,top12,rmse,xgb_orbit_student,xgb_orbit,0.005968672902738028,0.012534635552897716,0.0012534635552897716,0.0034815292682337223,0.008455816537242334,100,6.566947933579558e-06,1.0167371958064517e-05
nonlinear_strong,top12,rmse,xgb_orbit_student,xgb_shap,0.006099742407603473,0.012641854401386094,0.0012641854401386093,0.0035913242274299793,0.008608160587776966,100,5.083685979032259e-06,1.0167371958064517e-05
nonlinear_strong,top8,FDP,tabm_orbit_student,lasso_pair_q20,-0.39125,0.1672857819071389,0.01672857819071389,-0.42444312842065296,-0.358056871579347,100,4.127307970995063e-42,3.3018463767960506e-41
nonlinear_strong,top8,FDP,tabm_orbit_student,linear_orbit_student,-0.32125,0.14130412612732177,0.014130412612732176,-0.34928780423799527,-0.2932121957620047,100,4.4125668677260686e-41,3.088796807408248e-40
nonlinear_strong,top8,FDP,tabm_orbit_student,tabm_midpoint,0.0725,0.08367354794833685,0.008367354794833685,0.055897352776803536,0.08910264722319645,100,8.862242962155866e-14,4.431121481077933e-13
nonlinear_strong,top8,FDP,tabm_orbit_student,tabm_orbit,0.0725,0.08367354794833685,0.008367354794833685,0.055897352776803536,0.08910264722319645,100,8.862242962155866e-14,4.431121481077933e-13
nonlinear_strong,top8,FDP,tabm_orbit_student,xgb_orbit_student,0.045,0.09488163812100449,0.009488163812100448,0.026173424525339044,0.06382657547466095,100,7.088742203627946e-06,7.088742203627946e-06
nonlinear_strong,top8,FDP,tabm_orbit_student,xgb_shap,0.075,0.08520622635759084,0.008520622635759085,0.05809323612871823,0.09190676387128177,100,4.4583526439830496e-14,2.6750115863898296e-13
nonlinear_strong,top8,FDP,xgb_orbit_student,lasso_pair_q20,-0.43625,0.14810993562318173,0.014810993562318173,-0.4656382244950377,-0.40686177550496233,100,8.729401231722237e-51,8.729401231722237e-50
nonlinear_strong,top8,FDP,xgb_orbit_student,linear_orbit_student,-0.36625,0.13086614141823305,0.013086614141823305,-0.39221668161805906,-0.340283318381941,100,8.04400580152507e-49,7.239605221372562e-48
nonlinear_strong,top8,FDP,xgb_orbit_student,xgb_orbit,0.03,0.056519416526043906,0.00565194165260439,0.01878532156396437,0.04121467843603563,100,6.80051977304029e-07,2.0401559319120866e-06
nonlinear_strong,top8,FDP,xgb_orbit_student,xgb_shap,0.03,0.056519416526043906,0.00565194165260439,0.01878532156396437,0.04121467843603563,100,6.80051977304029e-07,2.0401559319120866e-06
nonlinear_strong,top8,power,tabm_orbit_student,lasso_pair_q20,0.313,0.1338286255257111,0.01338286255257111,0.2864454972634776,0.3395545027365224,100,4.127307970995063e-42,3.3018463767960506e-41
nonlinear_strong,top8,power,tabm_orbit_student,linear_orbit_student,0.257,0.11304330090185744,0.011304330090185744,0.23456975660960377,0.27943024339039624,100,4.412566867726131e-41,3.0887968074082916e-40
nonlinear_strong,top8,power,tabm_orbit_student,tabm_midpoint,-0.058000000000000045,0.06693883835866951,0.0066938838358669515,-0.07128211777855721,-0.04471788222144288,100,8.862242962155675e-14,4.4311214810778375e-13
nonlinear_strong,top8,power,tabm_orbit_student,tabm_orbit,-0.058000000000000045,0.06693883835866951,0.0066938838358669515,-0.07128211777855721,-0.04471788222144288,100,8.862242962155675e-14,4.4311214810778375e-13
nonlinear_strong,top8,power,tabm_orbit_student,xgb_orbit_student,-0.036000000000000025,0.07590531049680363,0.007590531049680363,-0.0510612603797288,-0.020938739620271252,100,7.0887422036279355e-06,7.0887422036279355e-06
nonlinear_strong,top8,power,tabm_orbit_student,xgb_shap,-0.06000000000000003,0.0681649810860727,0.006816498108607271,-0.07352541109702546,-0.04647458890297461,100,4.4583526439830496e-14,2.6750115863898296e-13
nonlinear_strong,top8,power,xgb_orbit_student,lasso_pair_q20,0.349,0.11848794849854537,0.011848794849854537,0.32548942040396983,0.3725105795960301,100,8.729401231722237e-51,8.729401231722237e-50
nonlinear_strong,top8,power,xgb_orbit_student,linear_orbit_student,0.29300000000000004,0.10469291313458642,0.010469291313458643,0.2722266547055528,0.3137733452944473,100,8.044005801524954e-49,7.239605221372459e-48
nonlinear_strong,top8,power,xgb_orbit_student,xgb_orbit,-0.02400000000000002,0.045215533220835144,0.004521553322083515,-0.032971742748828525,-0.015028257251171514,100,6.800519773040227e-07,2.040155931912068e-06
nonlinear_strong,top8,power,xgb_orbit_student,xgb_shap,-0.02400000000000002,0.045215533220835144,0.004521553322083515,-0.032971742748828525,-0.015028257251171514,100,6.800519773040227e-07,2.040155931912068e-06
nonlinear_weak,native,FDP,tabm_orbit_student,lasso_pair_q20,0.11245892533392533,0.27338282829773247,0.02733828282977325,0.05821384111795049,0.16670400954990017,100,8.060269820414204e-05,0.00048361618922485223
nonlinear_weak,native,FDP,tabm_orbit_student,linear_orbit_student,0.08945809773015656,0.22243306385831965,0.022243306385831964,0.045322552141787445,0.1335936433185257,100,0.00011292419313831874,0.0005646209656915937
nonlinear_weak,native,FDP,tabm_orbit_student,tabm_midpoint,-0.018702211880415542,0.1722813661759244,0.01722813661759244,-0.05288657259994992,0.015482148839118838,100,0.2803090981389379,0.8523461988310561
nonlinear_weak,native,FDP,tabm_orbit_student,tabm_orbit,-0.018994316141374968,0.1658424741923473,0.01658424741923473,-0.051901060998634646,0.013912428715884707,100,0.2548366591855236,0.8523461988310561
nonlinear_weak,native,FDP,tabm_orbit_student,xgb_orbit_student,-0.02899313186813187,0.26826666033315316,0.026826666033315315,-0.08222305736389832,0.02423679362763457,100,0.28243056176101305,0.8523461988310561
nonlinear_weak,native,FDP,xgb_orbit_student,lasso_pair_q20,0.14145205720205717,0.24438206974440738,0.024438206974440737,0.09296135265889414,0.18994276174522018,100,8.3851638093487e-08,6.70813104747896e-07
nonlinear_weak,native,FDP,xgb_orbit_student,linear_orbit_student,0.11845122959828841,0.24374519436285766,0.024374519436285765,0.07008689494793233,0.1668155642486445,100,4.416371270604678e-06,3.0914598894232745e-05
nonlinear_weak,native,FDP,xgb_orbit_student,xgb_orbit,0.01928385963022186,0.15387759271204268,0.015387759271204268,-0.011248793161436541,0.04981651242188026,100,0.21308654970776403,0.8523461988310561
nonlinear_weak,native,power,tabm_orbit_student,lasso_pair_q20,0.39199999999999996,0.3945794334388569,0.039457943343885686,0.3137068799453928,0.4702931200546071,100,1.5192056399743548e-16,6.076822559897419e-16
nonlinear_weak,native,power,tabm_orbit_student,linear_orbit_student,0.35600000000000004,0.37667337081724833,0.03766733708172483,0.28125983124425,0.43074016875575005,100,1.7235124285787484e-15,3.4470248571574968e-15
nonlinear_weak,native,power,tabm_orbit_student,tabm_midpoint,-0.327,0.3250034964846882,0.03250034964846882,-0.39148774470245107,-0.26251225529754896,100,8.035580598909368e-17,4.017790299454684e-16
nonlinear_weak,native,power,tabm_orbit_student,tabm_orbit,-0.33,0.34038006090043793,0.034038006090043794,-0.3975387886794207,-0.2624612113205793,100,5.0624868709245595e-16,1.5187460612773678e-15
nonlinear_weak,native,power,tabm_orbit_student,xgb_orbit_student,-0.12300000000000001,0.4737247634599141,0.04737247634599141,-0.21699727060066026,-0.029002729399339747,100,0.01085300697748519,0.01085300697748519
nonlinear_weak,native,power,xgb_orbit_student,lasso_pair_q20,0.5149999999999999,0.3502884814007166,0.035028848140071664,0.44549516572864634,0.5845048342713535,100,1.2303764168269317e-26,9.843011334615453e-26
nonlinear_weak,native,power,xgb_orbit_student,linear_orbit_student,0.479,0.34939919573433187,0.03493991957343319,0.40967161929804385,0.5483283807019561,100,1.3052599389860531e-24,9.136819572902371e-24
nonlinear_weak,native,power,xgb_orbit_student,xgb_orbit,-0.34800000000000003,0.3239528585233576,0.03239528585233576,-0.41227927533717407,-0.283720724662826,100,2.645633978210405e-18,1.587380386926243e-17
nonlinear_weak,native,rmse,tabm_orbit_student,lasso_pair_q20,-0.10949657009643447,0.10602016254978992,0.010602016254978992,-0.1305332704697344,-0.08845986972313455,100,2.109292353369538e-17,1.2655754120217228e-16
nonlinear_weak,native,rmse,tabm_orbit_student,linear_orbit_student,-0.10544595672339967,0.10334973137249955,0.010334973137249955,-0.1259527856157179,-0.08493912783108143,100,3.950955716691897e-17,1.9754778583459485e-16
nonlinear_weak,native,rmse,tabm_orbit_student,tabm_midpoint,0.07600435151844238,0.08706666015989199,0.0087066660159892,0.05872843721839205,0.09328026581849272,100,6.412130458722586e-14,2.5648521834890345e-13
nonlinear_weak,native,rmse,tabm_orbit_student,tabm_orbit,0.07456388236666375,0.08796412746651602,0.008796412746651602,0.057109891082290594,0.09201787365103692,100,2.261930895835343e-13,6.785792687506029e-13
nonlinear_weak,native,rmse,tabm_orbit_student,xgb_orbit_student,0.02271506476782297,0.11920814620088942,0.011920814620088942,-0.0009384176771500483,0.046368547212795985,100,0.0596170487994649,0.0596170487994649
nonlinear_weak,native,rmse,xgb_orbit_student,lasso_pair_q20,-0.13221163486425744,0.09303976579993056,0.009303976579993056,-0.15067274291071944,-0.11375052681779543,100,1.2230156299478857e-25,9.784125039583086e-25
nonlinear_weak,native,rmse,xgb_orbit_student,linear_orbit_student,-0.12816102149122263,0.09257191364169692,0.009257191364169692,-0.1465292975193679,-0.10979274546307734,100,6.8692570990298605e-25,4.8084799693209024e-24
nonlinear_weak,native,rmse,xgb_orbit_student,xgb_orbit,0.07131933717807015,0.08577629307519147,0.008577629307519147,0.05429945970233298,0.08833921465380733,100,5.06154427317657e-13,1.012308854635314e-12
nonlinear_weak,native10,FDP,tabm_orbit_student,lasso_pair_q20,0.039867132867132865,0.1159117478183366,0.01159117478183366,0.01686772737711856,0.06286653835714717,100,0.0008545297884173072,0.005127178730503843
nonlinear_weak,native10,FDP,tabm_orbit_student,linear_orbit_student,0.039867132867132865,0.1159117478183366,0.01159117478183366,0.01686772737711856,0.06286653835714717,100,0.0008545297884173072,0.005127178730503843
nonlinear_weak,native10,FDP,tabm_orbit_student,tabm_midpoint,-0.03423968188674071,0.12066345082793753,0.012066345082793754,-0.05818192834277351,-0.010297435430707904,100,0.005514079110815884,0.021535893049345042
nonlinear_weak,native10,FDP,tabm_orbit_student,tabm_orbit,-0.028083333333333328,0.09868124478091084,0.009868124478091083,-0.047663833202359424,-0.00850283346430723,100,0.005383973262336261,0.021535893049345042
nonlinear_weak,native10,FDP,tabm_orbit_student,xgb_orbit_student,-0.00749333999333999,0.158986759047711,0.0158986759047711,-0.03903976223012945,0.024053082243449472,100,0.6384503027758706,0.6384503027758706
nonlinear_weak,native10,FDP,xgb_orbit_student,lasso_pair_q20,0.04736047286047287,0.12317073004270818,0.012317073004270818,0.022920727812428734,0.071800217908517,100,0.00021318438645559994,0.0017054750916447995
nonlinear_weak,native10,FDP,xgb_orbit_student,linear_orbit_student,0.04736047286047287,0.12317073004270818,0.012317073004270818,0.022920727812428734,0.071800217908517,100,0.00021318438645559994,0.0017054750916447995
nonlinear_weak,native10,FDP,xgb_orbit_student,xgb_orbit,-0.02820214589332237,0.1380514140316703,0.01380514140316703,-0.055594541483460755,-0.0008097503031839863,100,0.043722651482236266,0.08744530296447253
nonlinear_weak,native10,power,tabm_orbit_student,lasso_pair_q20,0.09,0.24679767200905867,0.024679767200905867,0.04102998756067458,0.1389700124393254,100,0.00042570914588883717,0.0012771274376665114
nonlinear_weak,native10,power,tabm_orbit_student,linear_orbit_student,0.09,0.24679767200905867,0.024679767200905867,0.04102998756067458,0.1389700124393254,100,0.00042570914588883717,0.0012771274376665114
nonlinear_weak,native10,power,tabm_orbit_student,tabm_midpoint,-0.18400000000000002,0.4099076023011069,0.04099076023011069,-0.2653345613038136,-0.10266543869618644,100,1.9375957043386367e-05,0.00011625574226031821
nonlinear_weak,native10,power,tabm_orbit_student,tabm_orbit,-0.191,0.39056938492980275,0.039056938492980274,-0.26849743943180343,-0.11350256056819656,100,3.896738401429383e-06,2.7277168810005684e-05
nonlinear_weak,native10,power,tabm_orbit_student,xgb_orbit_student,-0.034,0.3687872562928936,0.03687872562928936,-0.10717539254367366,0.03917539254367365,100,0.3588008142727016,0.3588008142727016
nonlinear_weak,native10,power,xgb_orbit_student,lasso_pair_q20,0.12399999999999999,0.2895904457378148,0.028959044573781477,0.06653897285720725,0.18146102714279272,100,4.29205159976485e-05,0.0002146025799882425
nonlinear_weak,native10,power,xgb_orbit_student,linear_orbit_student,0.12399999999999999,0.2895904457378148,0.028959044573781477,0.06653897285720725,0.18146102714279272,100,4.29205159976485e-05,0.0002146025799882425
nonlinear_weak,native10,power,xgb_orbit_student,xgb_orbit,-0.37800000000000006,0.5366525501625419,0.05366525501625419,-0.484483508710288,-0.2715164912897121,100,2.512796961624928e-10,2.0102375692999426e-09
nonlinear_weak,top12,FDP,tabm_orbit_student,lasso_pair_q20,-0.2358333333333333,0.13298302044302646,0.013298302044302646,-0.26222004967592116,-0.20944661699074543,100,1.6967361944695613e-32,1.187715336128693e-31
nonlinear_weak,top12,FDP,tabm_orbit_student,linear_orbit_student,-0.15833333333333333,0.11514154661795958,0.011514154661795959,-0.1811799141955616,-0.13548675247110506,100,1.0693904495917925e-24,5.346952247958963e-24
nonlinear_weak,top12,FDP,tabm_orbit_student,tabm_midpoint,0.0725,0.07458734212276419,0.0074587342122764185,0.057700253139203364,0.08729974686079663,100,4.462622359738593e-16,8.925244719477186e-16
nonlinear_weak,top12,FDP,tabm_orbit_student,tabm_orbit,0.085,0.07489236571373464,0.007489236571373464,0.070139729841222,0.099860270158778,100,1.2802940739285658e-19,3.8408822217856973e-19
nonlinear_weak,top12,FDP,tabm_orbit_student,xgb_orbit_student,0.05666666666666667,0.09540509648580503,0.009540509648580503,0.0377362256959211,0.07559710763741224,100,4.2611658500158716e-08,4.2611658500158716e-08
nonlinear_weak,top12,FDP,tabm_orbit_student,xgb_shap,0.2008333333333333,0.0925803864008352,0.00925803864008352,0.1824633761259572,0.21920329054070942,100,2.1259995030156872e-39,1.9133995527141185e-38
nonlinear_weak,top12,FDP,xgb_orbit_student,lasso_pair_q20,-0.2925,0.1278408935029296,0.01278408935029296,-0.3178664067984529,-0.26713359320154706,100,2.594543689439456e-41,2.5945436894394557e-40
nonlinear_weak,top12,FDP,xgb_orbit_student,linear_orbit_student,-0.21500000000000008,0.10671873729054747,0.010671873729054747,-0.2361753127575507,-0.19382468724244947,100,8.425379535347276e-37,6.740303628277821e-36
nonlinear_weak,top12,FDP,xgb_orbit_student,xgb_orbit,0.08583333333333336,0.07439901372697474,0.007439901372697474,0.07107095491207431,0.1005957117545924,100,5.054373183263096e-20,2.0217492733052384e-19
nonlinear_weak,top12,FDP,xgb_orbit_student,xgb_shap,0.14416666666666667,0.08611111111111111,0.008611111111111111,0.12708035402867524,0.1612529793046581,100,1.2357287506466228e-30,7.414372503879736e-30
nonlinear_weak,top12,power,tabm_orbit_student,lasso_pair_q20,0.28300000000000003,0.15957962453163174,0.015957962453163173,0.25133594038889456,0.3146640596111055,100,1.6967361944695132e-32,1.1877153361286592e-31
nonlinear_weak,top12,power,tabm_orbit_student,linear_orbit_student,0.19000000000000003,0.13816985594155148,0.013816985594155149,0.1625841029653261,0.21741589703467396,100,1.0693904495917622e-24,5.3469522479588114e-24
nonlinear_weak,top12,power,tabm_orbit_student,tabm_midpoint,-0.08700000000000001,0.08950481054731703,0.008950481054731703,-0.10475969623295597,-0.06924030376704404,100,4.462622359738593e-16,8.925244719477186e-16
nonlinear_weak,top12,power,tabm_orbit_student,tabm_orbit,-0.10200000000000001,0.08987083885648156,0.008987083885648155,-0.11983232419053359,-0.08416767580946642,100,1.2802940739285564e-19,3.8408822217856693e-19
nonlinear_weak,top12,power,tabm_orbit_student,xgb_orbit_student,-0.068,0.11448611578296607,0.011448611578296606,-0.0907165291648947,-0.045283470835105304,100,4.261165850015917e-08,4.261165850015917e-08
nonlinear_weak,top12,power,tabm_orbit_student,xgb_shap,-0.24100000000000002,0.11109646368100223,0.011109646368100223,-0.26304394864885133,-0.21895605135114868,100,2.1259995030155965e-39,1.9133995527140368e-38
nonlinear_weak,top12,power,xgb_orbit_student,lasso_pair_q20,0.3509999999999999,0.1534090722035155,0.015340907220351549,0.3205603118418564,0.38143968815814344,100,2.594543689439456e-41,2.5945436894394557e-40
nonlinear_weak,top12,power,xgb_orbit_student,linear_orbit_student,0.258,0.12806248474865697,0.012806248474865698,0.23258962469093927,0.28341037530906077,100,8.425379535347518e-37,6.740303628278015e-36
nonlinear_weak,top12,power,xgb_orbit_student,xgb_orbit,-0.103,0.08927881647236971,0.008927881647236971,-0.12071485410551086,-0.08528514589448913,100,5.0543731832632766e-20,2.0217492733053106e-19
nonlinear_weak,top12,power,xgb_orbit_student,xgb_shap,-0.17300000000000004,0.10333333333333335,0.010333333333333335,-0.19350357516558978,-0.1524964248344103,100,1.2357287506466228e-30,7.414372503879736e-30
nonlinear_weak,top12,rmse,tabm_orbit_student,lasso_pair_q20,-0.09310552137337778,0.051290074877691626,0.005129007487769162,-0.10328258497502432,-0.08292845777173125,100,2.8844832148845435e-33,2.3075865719076348e-32
nonlinear_weak,top12,rmse,tabm_orbit_student,linear_orbit_student,-0.07939455333400205,0.04546874236930536,0.004546874236930535,-0.08841653827129772,-0.07037256839670639,100,5.446980603744199e-32,3.8128864226209396e-31
nonlinear_weak,top12,rmse,tabm_orbit_student,tabm_midpoint,0.013979642101927973,0.023100711219491938,0.0023100711219491937,0.009395959822565702,0.018563324381290245,100,2.5702923398005622e-08,5.5618299532495774e-08
nonlinear_weak,top12,rmse,tabm_orbit_student,tabm_orbit,0.014901514158557384,0.02433477016926225,0.002433477016926225,0.010072967810465586,0.01973006050664918,100,1.853943317749859e-08,5.5618299532495774e-08
nonlinear_weak,top12,rmse,tabm_orbit_student,xgb_orbit_student,0.007792874383781056,0.02481073077027009,0.002481073077027009,0.002869887126412257,0.012715861641149856,100,0.0022210148410370507,0.0022210148410370507
nonlinear_weak,top12,rmse,tabm_orbit_student,xgb_shap,0.03262880580186266,0.029175928158506306,0.0029175928158506306,0.02683966867905189,0.03841794292467343,100,2.925855044576667e-19,1.7555130267460003e-18
nonlinear_weak,top12,rmse,xgb_orbit_student,lasso_pair_q20,-0.10089839575715881,0.048338977587993444,0.004833897758799345,-0.1104898976320283,-0.09130689388228933,100,4.892914888031214e-38,4.892914888031214e-37
nonlinear_weak,top12,rmse,xgb_orbit_student,linear_orbit_student,-0.08718742771778314,0.04268058465539884,0.004268058465539884,-0.09565618167513751,-0.07871867376042876,100,2.777028862725042e-37,2.4993259764525377e-36
nonlinear_weak,top12,rmse,xgb_orbit_student,xgb_orbit,0.015013583757187064,0.021917106439051568,0.002191710643905157,0.01066475434474844,0.019362413169625687,100,6.313833087917966e-10,2.5255332351671865e-09
nonlinear_weak,top12,rmse,xgb_orbit_student,xgb_shap,0.0248359314180816,0.0264952057584602,0.00264952057584602,0.01957870777811688,0.030093155058046318,100,2.542293190597893e-15,1.2711465952989465e-14
nonlinear_weak,top8,FDP,tabm_orbit_student,lasso_pair_q20,-0.325,0.17855339014231325,0.017855339014231326,-0.36042886634697213,-0.2895711336530279,100,2.346595318255161e-33,2.0810166644671172e-32
nonlinear_weak,top8,FDP,tabm_orbit_student,linear_orbit_student,-0.225,0.16283473681973237,0.016283473681973238,-0.2573099445092168,-0.19269005549078322,100,7.799564908347772e-25,3.1198259633391086e-24
nonlinear_weak,top8,FDP,tabm_orbit_student,tabm_midpoint,0.135,0.11470207346236447,0.011470207346236447,0.11224062014627822,0.1577593798537218,100,1.5977800964518276e-20,3.195560192903655e-20
nonlinear_weak,top8,FDP,tabm_orbit_student,tabm_orbit,0.14625,0.1096006870692908,0.01096006870692908,0.12450284588201146,0.16799715411798852,100,7.468702680274347e-24,2.2406108040823042e-23
nonlinear_weak,top8,FDP,tabm_orbit_student,xgb_orbit_student,0.06375,0.14268241027547932,0.014268241027547932,0.03543871428492773,0.09206128571507227,100,2.1013858778322997e-05,2.1013858778322997e-05
nonlinear_weak,top8,FDP,tabm_orbit_student,xgb_shap,0.23125,0.13457635548098876,0.013457635548098876,0.20454713141823638,0.25795286858176364,100,1.8042155712970113e-31,1.262950899907908e-30
nonlinear_weak,top8,FDP,xgb_orbit_student,lasso_pair_q20,-0.38875,0.18793720071912695,0.018793720071912694,-0.42604081794859816,-0.3514591820514018,100,1.0155776907648415e-37,1.0155776907648415e-36
nonlinear_weak,top8,FDP,xgb_orbit_student,linear_orbit_student,-0.28875,0.15860721925561902,0.015860721925561903,-0.32022111330786535,-0.25727888669213467,100,2.312240738296797e-33,2.0810166644671172e-32
nonlinear_weak,top8,FDP,xgb_orbit_student,xgb_orbit,0.14375,0.10109095564456452,0.010109095564456452,0.12369136121658426,0.16380863878341573,100,1.1688821009570313e-25,5.844410504785157e-25
nonlinear_weak,top8,FDP,xgb_orbit_student,xgb_shap,0.1675,0.1126752282922341,0.01126752282922341,0.14514279020074383,0.1898572097992562,100,5.770163605346355e-27,3.462098163207813e-26
nonlinear_weak,top8,power,tabm_orbit_student,lasso_pair_q20,0.26,0.1428427121138506,0.01428427121138506,0.2316569069224223,0.2883430930775777,100,2.3465953182550943e-33,2.0810166644671172e-32
nonlinear_weak,top8,power,tabm_orbit_student,linear_orbit_student,0.17999999999999994,0.1302677894557859,0.01302677894557859,0.1541520443926265,0.20584795560737337,100,7.799564908347941e-25,3.1198259633391762e-24
nonlinear_weak,top8,power,tabm_orbit_student,tabm_midpoint,-0.10800000000000001,0.09176165876989158,0.009176165876989158,-0.12620750388297744,-0.08979249611702259,100,1.5977800964518276e-20,3.195560192903655e-20
nonlinear_weak,top8,power,tabm_orbit_student,tabm_orbit,-0.117,0.08768054965543264,0.008768054965543264,-0.13439772329439084,-0.09960227670560919,100,7.468702680274294e-24,2.2406108040822883e-23
nonlinear_weak,top8,power,tabm_orbit_student,xgb_orbit_student,-0.051,0.11414592822038344,0.011414592822038345,-0.07364902857205781,-0.02835097142794218,100,2.1013858778322997e-05,2.1013858778322997e-05
nonlinear_weak,top8,power,tabm_orbit_student,xgb_shap,-0.1850000000000001,0.10766108438479101,0.0107661084384791,-0.20636229486541102,-0.1636377051345892,100,1.8042155712969345e-31,1.2629508999078541e-30
nonlinear_weak,top8,power,xgb_orbit_student,lasso_pair_q20,0.31099999999999994,0.15034976057530158,0.015034976057530158,0.28116734564112145,0.34083265435887844,100,1.0155776907648703e-37,1.0155776907648702e-36
nonlinear_weak,top8,power,xgb_orbit_student,linear_orbit_student,0.23099999999999996,0.1268857754044952,0.01268857754044952,0.20582310935370768,0.25617689064629223,100,2.312240738296797e-33,2.0810166644671172e-32
nonlinear_weak,top8,power,xgb_orbit_student,xgb_orbit,-0.11500000000000003,0.08087276451565165,0.008087276451565165,-0.13104691102673263,-0.09895308897326745,100,1.1688821009570313e-25,5.844410504785157e-25
nonlinear_weak,top8,power,xgb_orbit_student,xgb_shap,-0.13400000000000006,0.0901401826337873,0.00901401826337873,-0.151885767839405,-0.11611423216059513,100,5.770163605346314e-27,3.462098163207788e-26
pure_interactions,native,FDP,tabm_orbit_student,lasso_pair_q20,0.08893237481472775,0.25993899529253667,0.025993899529253666,0.03735483873296906,0.14050991089648646,100,0.0009071529557721444,0.004535764778860722
pure_interactions,native,FDP,tabm_orbit_student,linear_orbit_student,0.13733713671948966,0.16834020895117957,0.016834020895117957,0.10393478709734524,0.17073948634163408,100,1.0980677441479362e-12,8.78454195318349e-12
pure_interactions,native,FDP,tabm_orbit_student,tabm_midpoint,-0.0037001332001331978,0.11922309598222881,0.011922309598222882,-0.02735658200606171,0.01995631560579532,100,0.7569443974098332,1.0
pure_interactions,native,FDP,tabm_orbit_student,tabm_orbit,-0.00161392692275045,0.1038276154416334,0.01038276154416334,-0.022215578382151817,0.018987724536650916,100,0.8767886381785314,1.0
pure_interactions,native,FDP,tabm_orbit_student,xgb_orbit_student,-0.009179208863032395,0.2000205042074585,0.020002050420745852,-0.0488676163728077,0.030509198646742904,100,0.6473023278797881,1.0
pure_interactions,native,FDP,xgb_orbit_student,lasso_pair_q20,0.09811158367776013,0.24388235908547257,0.024388235908547256,0.0497200325706279,0.14650313478489235,100,0.00011246894732147706,0.0006748136839288623
pure_interactions,native,FDP,xgb_orbit_student,linear_orbit_student,0.14651634558252205,0.20002718720718643,0.020002718720718644,0.10682661202061206,0.18620607914443205,100,6.501295462011022e-11,4.550906823407715e-10
pure_interactions,native,FDP,xgb_orbit_student,xgb_orbit,-0.006964999053234345,0.1298868944350761,0.012988689443507609,-0.032737376824924024,0.01880737871845533,100,0.592998521380213,1.0
pure_interactions,native,power,tabm_orbit_student,lasso_pair_q20,0.9250000000000002,0.1635311109312972,0.016353111093129723,0.8925518797591074,0.9574481202408929,100,3.4415831666435506e-77,2.4091082166504855e-76
pure_interactions,native,power,tabm_orbit_student,linear_orbit_student,0.931,0.16186726074475374,0.016186726074475376,0.8988820237335984,0.9631179762664017,100,6.919283883601885e-78,5.535427106881508e-77
pure_interactions,native,power,tabm_orbit_student,tabm_midpoint,-0.064,0.16050425589876474,0.016050425589876474,-0.09584752653436165,-0.032152473465638355,100,0.0001279591398349265,0.000255918279669853
pure_interactions,native,power,tabm_orbit_student,tabm_orbit,-0.06299999999999999,0.1593262328835038,0.01593262328835038,-0.09461378121074682,-0.03138621878925315,100,0.00014433309565125836,0.000255918279669853
pure_interactions,native,power,tabm_orbit_student,xgb_orbit_student,0.225,0.2972517213719474,0.02972517213719474,0.1660188095588646,0.2839811904411354,100,1.9836567187106382e-11,5.950970156131914e-11
pure_interactions,native,power,xgb_orbit_student,lasso_pair_q20,0.7,0.3078107775037689,0.03078107775037689,0.6389236637419954,0.7610763362580045,100,4.3073329238598563e-41,2.1536664619299282e-40
pure_interactions,native,power,xgb_orbit_student,linear_orbit_student,0.706,0.30078013044196733,0.030078013044196734,0.6463186966500055,0.7656813033499944,100,3.051898567092223e-42,1.8311391402553335e-41
pure_interactions,native,power,xgb_orbit_student,xgb_orbit,-0.228,0.27891564924532186,0.027891564924532188,-0.28334291592736177,-0.17265708407263824,100,1.0134348282291936e-12,4.053739312916774e-12
pure_interactions,native,rmse,tabm_orbit_student,lasso_pair_q20,-0.19593418556633005,0.048547640138522176,0.004854764013852217,-0.20556709061818995,-0.18630128051447015,100,2.772210557742413e-63,1.940547390419689e-62
pure_interactions,native,rmse,tabm_orbit_student,linear_orbit_student,-0.1953879608592622,0.04818398751614142,0.004818398751614142,-0.20494870934134324,-0.18582721237718114,100,1.7826284095453077e-63,1.4261027276362462e-62
pure_interactions,native,rmse,tabm_orbit_student,tabm_midpoint,0.014280156457966802,0.041003126176490226,0.004100312617649022,0.006144246655542673,0.02241606626039093,100,0.0007405141706882118,0.0014810283413764236
pure_interactions,native,rmse,tabm_orbit_student,tabm_orbit,0.012274225904379267,0.03937785539946264,0.003937785539946264,0.004460805084612119,0.020087646724146417,100,0.0023913737952840366,0.0023913737952840366
pure_interactions,native,rmse,tabm_orbit_student,xgb_orbit_student,-0.05126775759511995,0.060412608581590845,0.006041260858159084,-0.0632549297983651,-0.0392805853918748,100,2.1559180418065121e-13,8.623672167226049e-13
pure_interactions,native,rmse,xgb_orbit_student,lasso_pair_q20,-0.1446664279712101,0.0728541545201753,0.007285415452017529,-0.15912227280988658,-0.1302105831325336,100,2.6639924007458476e-36,1.3319962003729238e-35
pure_interactions,native,rmse,xgb_orbit_student,linear_orbit_student,-0.14412020326414227,0.0721045351417882,0.0072104535141788205,-0.15842730735504124,-0.1298130991732433,100,1.582150101472832e-36,9.492900608836992e-36
pure_interactions,native,rmse,xgb_orbit_student,xgb_orbit,0.04999476216936381,0.05995673641970483,0.005995673641970483,0.03809804489325218,0.06189147944547545,100,4.495278208789227e-13,1.348583462636768e-12
pure_interactions,native10,FDP,tabm_orbit_student,lasso_pair_q20,0.05876506826506826,0.08577885981217248,0.008577885981217248,0.041744681493028304,0.07578545503710822,100,6.296000474688546e-10,5.036800379750837e-09
pure_interactions,native10,FDP,tabm_orbit_student,linear_orbit_student,0.05876506826506826,0.08577885981217248,0.008577885981217248,0.041744681493028304,0.07578545503710822,100,6.296000474688546e-10,5.036800379750837e-09
pure_interactions,native10,FDP,tabm_orbit_student,tabm_midpoint,-0.011588328338328338,0.10804705998923486,0.010804705998923487,-0.03302720913745988,0.009850552460803201,100,0.28609131344280075,0.7477537139466064
pure_interactions,native10,FDP,tabm_orbit_student,tabm_orbit,-0.011704462204462205,0.10098912112591406,0.010098912112591407,-0.031742894810062434,0.008333970401138027,100,0.24925123798220214,0.7477537139466064
pure_interactions,native10,FDP,tabm_orbit_student,xgb_orbit_student,0.008983016983016982,0.11302856732467104,0.011302856732467104,-0.013444302946018288,0.03141033691205225,100,0.4286564287980489,0.7477537139466064
pure_interactions,native10,FDP,xgb_orbit_student,lasso_pair_q20,0.04978205128205127,0.0977520453835039,0.009775204538350391,0.03038592473259182,0.06917817783151073,100,1.6877367695060364e-06,1.0126420617036217e-05
pure_interactions,native10,FDP,xgb_orbit_student,linear_orbit_student,0.04978205128205127,0.0977520453835039,0.009775204538350391,0.03038592473259182,0.06917817783151073,100,1.6877367695060364e-06,1.0126420617036217e-05
pure_interactions,native10,FDP,xgb_orbit_student,xgb_orbit,-0.019786713286713286,0.10354570378024974,0.010354570378024975,-0.04033242735638011,0.0007590007829535381,100,0.05890828960949192,0.23563315843796767
pure_interactions,native10,power,tabm_orbit_student,lasso_pair_q20,0.526,0.4892005434555155,0.04892005434555155,0.42893199889883066,0.6230680011011694,100,2.5174089777020423e-18,2.0139271821616338e-17
pure_interactions,native10,power,tabm_orbit_student,linear_orbit_student,0.526,0.4892005434555155,0.04892005434555155,0.42893199889883066,0.6230680011011694,100,2.5174089777020423e-18,2.0139271821616338e-17
pure_interactions,native10,power,tabm_orbit_student,tabm_midpoint,-0.45399999999999996,0.48771162202947993,0.04877116220294799,-0.5507725667878689,-0.357227433212131,100,3.522504777227474e-15,2.1135028663364846e-14
pure_interactions,native10,power,tabm_orbit_student,tabm_orbit,-0.434,0.48538644398046393,0.04853864439804639,-0.5303112010178557,-0.3376887989821444,100,2.2225498589266692e-14,1.1112749294633346e-13
pure_interactions,native10,power,tabm_orbit_student,xgb_orbit_student,0.325,0.5453893058627891,0.054538930586278914,0.21678292941355,0.43321707058645,100,3.9040134702562036e-08,1.1712040410768611e-07
pure_interactions,native10,power,xgb_orbit_student,lasso_pair_q20,0.201,0.3718626334842184,0.03718626334842184,0.12721438590079537,0.27478561409920466,100,4.4810812404834454e-07,8.962162480966891e-07
pure_interactions,native10,power,xgb_orbit_student,linear_orbit_student,0.201,0.3718626334842184,0.03718626334842184,0.12721438590079537,0.27478561409920466,100,4.4810812404834454e-07,8.962162480966891e-07
pure_interactions,native10,power,xgb_orbit_student,xgb_orbit,-0.33899999999999997,0.5302743715199794,0.05302743715199794,-0.4442179396920556,-0.23378206030794435,100,5.3826008087347306e-09,2.1530403234938922e-08
pure_interactions,top12,FDP,tabm_orbit_student,lasso_pair_q20,-0.4908333333333333,0.10977415341827097,0.010977415341827097,-0.5126149069383381,-0.46905175972832847,100,1.8419574308259473e-67,1.8419574308259473e-66
pure_interactions,top12,FDP,tabm_orbit_student,linear_orbit_student,-0.49000000000000005,0.12037166536469933,0.012037166536469933,-0.5138843498897967,-0.46611565011020334,100,1.2426884963656592e-63,1.1184196467290933e-62
pure_interactions,top12,FDP,tabm_orbit_student,tabm_midpoint,0.014166666666666668,0.031460430672386415,0.0031460430672386416,0.007924234682475384,0.02040909865085795,100,1.8332318126009585e-05,5.4996954378028754e-05
pure_interactions,top12,FDP,tabm_orbit_student,tabm_orbit,0.013333333333333334,0.03070441243145589,0.003070441243145589,0.007240911770072464,0.019425754896594205,100,3.408400953691432e-05,6.816801907382865e-05
pure_interactions,top12,FDP,tabm_orbit_student,xgb_orbit_student,-0.0825,0.07537318304797397,0.007537318304797397,-0.09745567474929569,-0.06754432525070432,100,9.582116835777225e-19,5.7492701014663356e-18
pure_interactions,top12,FDP,tabm_orbit_student,xgb_shap,-0.06416666666666666,0.09828424272550358,0.009828424272550358,-0.08366839271488047,-0.04466494061845285,100,2.8641888746079853e-09,1.1456755498431941e-08
pure_interactions,top12,FDP,xgb_orbit_student,lasso_pair_q20,-0.40833333333333327,0.11991626333922996,0.011991626333922995,-0.4321273215812612,-0.3845393450854053,100,1.8261367023108577e-56,1.4609093618486862e-55
pure_interactions,top12,FDP,xgb_orbit_student,linear_orbit_student,-0.4075,0.13395006775270396,0.013395006775270396,-0.43407859950906513,-0.3809214004909348,100,4.881477884233728e-52,3.41703451896361e-51
pure_interactions,top12,FDP,xgb_orbit_student,xgb_orbit,0.06499999999999999,0.06332092736902371,0.006332092736902372,0.052435754252913296,0.07756424574708669,100,2.889520749108609e-17,1.4447603745543045e-16
pure_interactions,top12,FDP,xgb_orbit_student,xgb_shap,0.01833333333333333,0.11210414830567185,0.011210414830567185,-0.003910561806922414,0.04057722847358908,100,0.10514425002189796,0.10514425002189796
pure_interactions,top12,power,tabm_orbit_student,lasso_pair_q20,0.589,0.13172898410192516,0.013172898410192516,0.5628621116739942,0.6151378883260057,100,1.8419574308259473e-67,1.8419574308259473e-66
pure_interactions,top12,power,tabm_orbit_student,linear_orbit_student,0.5880000000000001,0.1444459984376392,0.014444599843763919,0.559338780132244,0.6166612198677561,100,1.2426884963656592e-63,1.1184196467290933e-62
pure_interactions,top12,power,tabm_orbit_student,tabm_midpoint,-0.016999999999999998,0.03775251680686369,0.0037752516806863687,-0.024490918381029535,-0.00950908161897046,100,1.8332318126009588e-05,5.499695437802877e-05
pure_interactions,top12,power,tabm_orbit_student,tabm_orbit,-0.015999999999999997,0.03684529491774705,0.0036845294917747053,-0.02331090587591304,-0.008689094124086954,100,3.408400953691432e-05,6.816801907382865e-05
pure_interactions,top12,power,tabm_orbit_student,xgb_orbit_student,0.099,0.09044781965756875,0.009044781965756876,0.08105319030084518,0.11694680969915483,100,9.582116835777225e-19,5.7492701014663356e-18
pure_interactions,top12,power,tabm_orbit_student,xgb_shap,0.077,0.11794109127060429,0.011794109127060429,0.05359792874214342,0.10040207125785658,100,2.8641888746079853e-09,1.1456755498431941e-08
pure_interactions,top12,power,xgb_orbit_student,lasso_pair_q20,0.49,0.14389951600707593,0.014389951600707593,0.46144721410248646,0.5185527858975135,100,1.826136702310832e-56,1.4609093618486655e-55
pure_interactions,top12,power,xgb_orbit_student,linear_orbit_student,0.489,0.16074008130324477,0.016074008130324478,0.45710568058912177,0.5208943194108782,100,4.881477884233728e-52,3.41703451896361e-51
pure_interactions,top12,power,xgb_orbit_student,xgb_orbit,-0.07799999999999999,0.07598511284282845,0.007598511284282845,-0.09307709489650402,-0.06292290510349595,100,2.889520749108589e-17,1.4447603745542944e-16
pure_interactions,top12,power,xgb_orbit_student,xgb_shap,-0.02199999999999999,0.1345249779668062,0.013452497796680622,-0.04869267416830688,0.004692674168306904,100,0.10514425002189813,0.10514425002189813
pure_interactions,top12,rmse,tabm_orbit_student,lasso_pair_q20,-0.14117389607775288,0.041017750679502696,0.00410177506795027,-0.1493127076988555,-0.13303508445665027,100,6.871790049335385e-57,6.871790049335385e-56
pure_interactions,top12,rmse,tabm_orbit_student,linear_orbit_student,-0.1442351107746468,0.04772979315135508,0.004772979315135508,-0.15370573724093897,-0.1347644843083546,100,8.877789182389078e-52,7.99001026415017e-51
pure_interactions,top12,rmse,tabm_orbit_student,tabm_midpoint,0.003892331558076648,0.01646857549456795,0.0016468575494567948,0.000624608891724427,0.007160054224428869,100,0.020057006099179837,0.043613970607592006
pure_interactions,top12,rmse,tabm_orbit_student,tabm_orbit,0.003975542108890476,0.01598247911954561,0.001598247911954561,0.0008042715092768794,0.007146812708504072,100,0.014537990202530668,0.043613970607592006
pure_interactions,top12,rmse,tabm_orbit_student,xgb_orbit_student,-0.02555618130258698,0.031073863358839042,0.003107386335883904,-0.031721909945134276,-0.019390452660039685,100,7.918486919397035e-13,4.751092151638221e-12
pure_interactions,top12,rmse,tabm_orbit_student,xgb_shap,-0.019010825938649428,0.03356737494012322,0.0033567374940123218,-0.02567132137603345,-0.012350330501265404,100,1.4554700764108308e-07,5.821880305643323e-07
pure_interactions,top12,rmse,xgb_orbit_student,lasso_pair_q20,-0.11561771477516591,0.04793519020424353,0.004793519020424353,-0.1251290964728712,-0.10610633307746062,100,3.071351197432523e-43,2.4570809579460184e-42
pure_interactions,top12,rmse,xgb_orbit_student,linear_orbit_student,-0.11867892947205987,0.05204026668790031,0.005204026668790031,-0.12900484740437632,-0.10835301153974343,100,3.4088425493021883e-41,2.386189784511532e-40
pure_interactions,top12,rmse,xgb_orbit_student,xgb_orbit,0.017411103576084518,0.026604250898099122,0.0026604250898099122,0.01213224301466468,0.022689964137504355,100,2.6606227351714122e-09,1.3303113675857061e-08
pure_interactions,top12,rmse,xgb_orbit_student,xgb_shap,0.006545355363937555,0.04263188603162002,0.004263188603162002,-0.001913735729935112,0.015004446457810221,100,0.12789526338494928,0.12789526338494928
pure_interactions,top8,FDP,tabm_orbit_student,lasso_pair_q20,-0.65,0.15891043154093204,0.015891043154093204,-0.6815312772035078,-0.6184687227964922,100,7.925557800676403e-64,7.133002020608763e-63
pure_interactions,top8,FDP,tabm_orbit_student,linear_orbit_student,-0.67,0.15843298299599773,0.015843298299599774,-0.7014365410538747,-0.6385634589461254,100,3.4950853955056337e-65,3.495085395505634e-64
pure_interactions,top8,FDP,tabm_orbit_student,tabm_midpoint,0.01625,0.04224970862370389,0.004224970862370389,0.007866741195254417,0.024633258804745584,100,0.00021237521597824912,0.0006371256479347474
pure_interactions,top8,FDP,tabm_orbit_student,tabm_orbit,0.01625,0.04224970862370389,0.004224970862370389,0.007866741195254417,0.024633258804745584,100,0.00021237521597824912,0.0006371256479347474
pure_interactions,top8,FDP,tabm_orbit_student,xgb_orbit_student,-0.0925,0.09990525815021252,0.009990525815021252,-0.11232337067665027,-0.07267662932334973,100,4.5272938851220434e-15,1.8109175540488174e-14
pure_interactions,top8,FDP,tabm_orbit_student,xgb_shap,-0.1475,0.13340433715482106,0.013340433715482106,-0.17397031471873756,-0.12102968528126244,100,5.5052446077695695e-19,3.3031467646617415e-18
pure_interactions,top8,FDP,xgb_orbit_student,lasso_pair_q20,-0.5575,0.18837757592428858,0.01883775759242886,-0.5948781979433088,-0.5201218020566912,100,5.71801170511036e-51,4.0026081935772523e-50
pure_interactions,top8,FDP,xgb_orbit_student,linear_orbit_student,-0.5775,0.17747172203258782,0.017747172203258783,-0.6127142399270498,-0.5422857600729503,100,1.1341721172690322e-54,9.073376938152258e-54
pure_interactions,top8,FDP,xgb_orbit_student,xgb_orbit,0.09875,0.09110537521979367,0.009110537521979368,0.08067271701153264,0.11682728298846737,100,1.6306440084359168e-18,8.153220042179584e-18
pure_interactions,top8,FDP,xgb_orbit_student,xgb_shap,-0.055,0.16021607884101996,0.016021607884101997,-0.08679034595406035,-0.023209654045939658,100,0.000873240514242066,0.000873240514242066
pure_interactions,top8,power,tabm_orbit_student,lasso_pair_q20,0.52,0.12712834523274566,0.012712834523274565,0.4947749782371938,0.5452250217628062,100,7.92555780067663e-64,7.133002020608967e-63
pure_interactions,top8,power,tabm_orbit_student,linear_orbit_student,0.536,0.1267463863967982,0.01267463863967982,0.5108507671569004,0.5611492328430997,100,3.4950853955056337e-65,3.495085395505634e-64
pure_interactions,top8,power,tabm_orbit_student,tabm_midpoint,-0.013000000000000012,0.03379976689896314,0.0033799766898963144,-0.019706607043796485,-0.006293392956203538,100,0.00021237521597824912,0.0006371256479347474
pure_interactions,top8,power,tabm_orbit_student,tabm_orbit,-0.013000000000000012,0.03379976689896314,0.0033799766898963144,-0.019706607043796485,-0.006293392956203538,100,0.00021237521597824912,0.0006371256479347474
pure_interactions,top8,power,tabm_orbit_student,xgb_orbit_student,0.07400000000000004,0.07992420652017006,0.007992420652017006,0.058141303458679815,0.08985869654132025,100,4.5272938851220434e-15,1.8109175540488174e-14
pure_interactions,top8,power,tabm_orbit_student,xgb_shap,0.11800000000000005,0.10672346972385686,0.010672346972385687,0.09682374822501,0.1391762517749901,100,5.505244607769491e-19,3.3031467646616945e-18
pure_interactions,top8,power,xgb_orbit_student,lasso_pair_q20,0.446,0.15070206073943088,0.015070206073943087,0.416097441645353,0.475902558354647,100,5.71801170511036e-51,4.0026081935772523e-50
pure_interactions,top8,power,xgb_orbit_student,linear_orbit_student,0.462,0.1419773776260703,0.01419773776260703,0.4338286080583602,0.49017139194163983,100,1.1341721172690322e-54,9.073376938152258e-54
pure_interactions,top8,power,xgb_orbit_student,xgb_orbit,-0.07900000000000004,0.07288430017583497,0.007288430017583497,-0.09346182639077394,-0.06453817360922615,100,1.6306440084359168e-18,8.153220042179584e-18
pure_interactions,top8,power,xgb_orbit_student,xgb_shap,0.044000000000000004,0.12817286307281597,0.012817286307281597,0.018567723236751734,0.06943227676324827,100,0.000873240514242066,0.000873240514242066
