method,scene,rep,FDP,power,rmse
copula_mvr,linear_sparse,0,0.5833333333333334,1.0,0.6318360978592015
copula_mvr,linear_sparse,1,0.5833333333333334,1.0,0.6326344550066859
copula_mvr,linear_sparse,2,0.5833333333333334,1.0,0.6455492161043461
copula_mvr,linear_sparse,3,0.5833333333333334,1.0,0.5900479431998542
copula_mvr,linear_sparse,4,0.5833333333333334,1.0,0.6156503439380469
copula_mvr,linear_sparse,5,0.5833333333333334,1.0,0.6813170604504211
copula_mvr,linear_sparse,6,0.5833333333333334,1.0,0.6041402613854546
copula_mvr,linear_sparse,7,0.5833333333333334,1.0,0.6647978434338249
copula_mvr,linear_sparse,8,0.5833333333333334,1.0,0.6060913983868974
copula_mvr,linear_sparse,9,0.5833333333333334,1.0,0.6521630601892462
copula_mvr,linear_sparse,10,0.5833333333333334,1.0,0.6617867184081461
copula_mvr,linear_sparse,11,0.5833333333333334,1.0,0.5737285414627491
copula_mvr,linear_sparse,12,0.5833333333333334,1.0,0.6503919078685204
copula_mvr,linear_sparse,13,0.5833333333333334,1.0,0.6490452291080877
copula_mvr,linear_sparse,14,0.5833333333333334,1.0,0.6409000690122837
copula_mvr,linear_sparse,15,0.5833333333333334,1.0,0.64777521653634
copula_mvr,linear_sparse,16,0.5833333333333334,1.0,0.6377588649777441
copula_mvr,linear_sparse,17,0.5833333333333334,1.0,0.6660540826617132
copula_mvr,linear_sparse,18,0.5833333333333334,1.0,0.617555775387093
copula_mvr,linear_sparse,19,0.5833333333333334,1.0,0.5726798712867986
copula_mvr,linear_sparse,20,0.5833333333333334,1.0,0.5941160271721777
copula_mvr,linear_sparse,21,0.5833333333333334,1.0,0.6035758018845752
copula_mvr,linear_sparse,22,0.5833333333333334,1.0,0.6118667327326591
copula_mvr,linear_sparse,23,0.5833333333333334,1.0,0.6530498038757306
copula_mvr,linear_sparse,24,0.5833333333333334,1.0,0.6347915036876864
copula_mvr,linear_sparse,25,0.5833333333333334,1.0,0.671005120863759
copula_mvr,linear_sparse,26,0.5833333333333334,1.0,0.6267255733902394
copula_mvr,linear_sparse,27,0.5833333333333334,1.0,0.6884441077249016
copula_mvr,linear_sparse,28,0.5833333333333334,1.0,0.614810600691388
copula_mvr,linear_sparse,29,0.5833333333333334,1.0,0.6638760415446447
copula_mvr,linear_sparse,30,0.5833333333333334,1.0,0.6768366555638403
copula_mvr,linear_sparse,31,0.5833333333333334,1.0,0.654130695032709
copula_mvr,linear_sparse,32,0.5833333333333334,1.0,0.6720658741929812
copula_mvr,linear_sparse,33,0.5833333333333334,1.0,0.6123320409733752
copula_mvr,linear_sparse,34,0.5833333333333334,1.0,0.680570576190757
copula_mvr,linear_sparse,35,0.5833333333333334,1.0,0.5857646260835341
copula_mvr,linear_sparse,36,0.5833333333333334,1.0,0.6683442690633371
copula_mvr,linear_sparse,37,0.5833333333333334,1.0,0.5813068608145567
copula_mvr,linear_sparse,38,0.5833333333333334,1.0,0.6381994571337564
copula_mvr,linear_sparse,39,0.5833333333333334,1.0,0.7098868418687954
copula_mvr,linear_sparse,40,0.5833333333333334,1.0,0.6394587513934284
copula_mvr,linear_sparse,41,0.5833333333333334,1.0,0.6661852578454129
copula_mvr,linear_sparse,42,0.5833333333333334,1.0,0.6311394505389224
copula_mvr,linear_sparse,43,0.5833333333333334,1.0,0.647942417677842
copula_mvr,linear_sparse,44,0.5833333333333334,1.0,0.6239375279077685
copula_mvr,linear_sparse,45,0.5833333333333334,1.0,0.6541738874293769
copula_mvr,linear_sparse,46,0.5833333333333334,1.0,0.607425622771204
copula_mvr,linear_sparse,47,0.5833333333333334,1.0,0.6084183500066471
copula_mvr,linear_sparse,48,0.5833333333333334,1.0,0.6106700324558078
copula_mvr,linear_sparse,49,0.5833333333333334,1.0,0.6142892660621588
copula_mvr,linear_sparse,50,0.5833333333333334,1.0,0.6399953398972473
copula_mvr,linear_sparse,51,0.5833333333333334,1.0,0.6430774796968558
copula_mvr,linear_sparse,52,0.5833333333333334,1.0,0.589549069790793
copula_mvr,linear_sparse,53,0.5833333333333334,1.0,0.6332582924642022
copula_mvr,linear_sparse,54,0.5833333333333334,1.0,0.68660157646977
copula_mvr,linear_sparse,55,0.5833333333333334,1.0,0.6790704254492124
copula_mvr,linear_sparse,56,0.5833333333333334,1.0,0.6491984369224201
copula_mvr,linear_sparse,57,0.5833333333333334,1.0,0.5897047579988571
copula_mvr,linear_sparse,58,0.5833333333333334,1.0,0.6204460940310694
copula_mvr,linear_sparse,59,0.5833333333333334,1.0,0.6442476536948759
copula_mvr,linear_sparse,60,0.5833333333333334,1.0,0.7483108780187845
copula_mvr,linear_sparse,61,0.5833333333333334,1.0,0.6414135438569585
copula_mvr,linear_sparse,62,0.5833333333333334,1.0,0.6306963173750898
copula_mvr,linear_sparse,63,0.5833333333333334,1.0,0.7161624266232259
copula_mvr,linear_sparse,64,0.5833333333333334,1.0,0.6710953008090644
copula_mvr,linear_sparse,65,0.5833333333333334,1.0,0.6071665841565265
copula_mvr,linear_sparse,66,0.5833333333333334,1.0,0.6424648854495574
copula_mvr,linear_sparse,67,0.5833333333333334,1.0,0.6359324843162282
copula_mvr,linear_sparse,68,0.5833333333333334,1.0,0.6412645947707004
copula_mvr,linear_sparse,69,0.5833333333333334,1.0,0.6695563743922877
copula_mvr,linear_sparse,70,0.5833333333333334,1.0,0.7182356748798213
copula_mvr,linear_sparse,71,0.5833333333333334,1.0,0.6452373037562804
copula_mvr,linear_sparse,72,0.5833333333333334,1.0,0.6392178236460687
copula_mvr,linear_sparse,73,0.5833333333333334,1.0,0.6601403596949017
copula_mvr,linear_sparse,74,0.5833333333333334,1.0,0.5984363126549573
copula_mvr,linear_sparse,75,0.5833333333333334,1.0,0.6065166191427231
copula_mvr,linear_sparse,76,0.5833333333333334,1.0,0.6195261558613949
copula_mvr,linear_sparse,77,0.5833333333333334,1.0,0.6141765001213396
copula_mvr,linear_sparse,78,0.5833333333333334,1.0,0.6670838757525529
copula_mvr,linear_sparse,79,0.5833333333333334,1.0,0.6249880776505454
copula_mvr,linear_sparse,80,0.5833333333333334,1.0,0.5974930799507476
copula_mvr,linear_sparse,81,0.5833333333333334,1.0,0.66269300194491
copula_mvr,linear_sparse,82,0.5833333333333334,1.0,0.6453867014280308
copula_mvr,linear_sparse,83,0.5833333333333334,1.0,0.6314922714140588
copula_mvr,linear_sparse,84,0.5833333333333334,1.0,0.6304912263406548
copula_mvr,linear_sparse,85,0.5833333333333334,1.0,0.6359724616173147
copula_mvr,linear_sparse,86,0.5833333333333334,1.0,0.6098908503711351
copula_mvr,linear_sparse,87,0.5833333333333334,1.0,0.6799274627987462
copula_mvr,linear_sparse,88,0.5833333333333334,1.0,0.6504710279645689
copula_mvr,linear_sparse,89,0.5833333333333334,1.0,0.5975900625107192
copula_mvr,linear_sparse,90,0.5833333333333334,1.0,0.6385729539286801
copula_mvr,linear_sparse,91,0.5833333333333334,1.0,0.6535482504030494
copula_mvr,linear_sparse,92,0.5833333333333334,1.0,0.6032803556122581
copula_mvr,linear_sparse,93,0.5833333333333334,1.0,0.5866234129567773
copula_mvr,linear_sparse,94,0.5833333333333334,1.0,0.6081494653711518
copula_mvr,linear_sparse,95,0.5833333333333334,1.0,0.6486150675333163
copula_mvr,linear_sparse,96,0.5833333333333334,1.0,0.6278626598671078
copula_mvr,linear_sparse,97,0.5833333333333334,1.0,0.6016895353417461
copula_mvr,linear_sparse,98,0.5833333333333334,1.0,0.6018230727668322
copula_mvr,linear_sparse,99,0.5833333333333334,1.0,0.6373584191445264
copula_mvr,linear_medium,0,0.16666666666666666,1.0,1.1071052456341117
copula_mvr,linear_medium,1,0.16666666666666666,1.0,1.0579348696381632
copula_mvr,linear_medium,2,0.16666666666666666,1.0,1.0494246488478416
copula_mvr,linear_medium,3,0.16666666666666666,1.0,1.1233971966473648
copula_mvr,linear_medium,4,0.16666666666666666,1.0,1.1085514191749903
copula_mvr,linear_medium,5,0.16666666666666666,1.0,1.0943021204654173
copula_mvr,linear_medium,6,0.16666666666666666,1.0,1.1053397991800287
copula_mvr,linear_medium,7,0.16666666666666666,1.0,1.0610777783857692
copula_mvr,linear_medium,8,0.16666666666666666,1.0,1.0917016966582407
copula_mvr,linear_medium,9,0.16666666666666666,1.0,1.0320316591658583
copula_mvr,linear_medium,10,0.16666666666666666,1.0,1.0855672305204227
copula_mvr,linear_medium,11,0.16666666666666666,1.0,1.0497064797285283
copula_mvr,linear_medium,12,0.16666666666666666,1.0,1.0442379200823062
copula_mvr,linear_medium,13,0.16666666666666666,1.0,1.0164933713544115
copula_mvr,linear_medium,14,0.16666666666666666,1.0,1.0510222038953971
copula_mvr,linear_medium,15,0.16666666666666666,1.0,1.0209188504158504
copula_mvr,linear_medium,16,0.16666666666666666,1.0,1.136051420526059
copula_mvr,linear_medium,17,0.16666666666666666,1.0,1.0704634253238683
copula_mvr,linear_medium,18,0.16666666666666666,1.0,1.0619043291909547
copula_mvr,linear_medium,19,0.16666666666666666,1.0,1.0380565280001766
copula_mvr,linear_medium,20,0.16666666666666666,1.0,1.1559376166099544
copula_mvr,linear_medium,21,0.16666666666666666,1.0,1.062467647818411
copula_mvr,linear_medium,22,0.16666666666666666,1.0,1.0503101309954415
copula_mvr,linear_medium,23,0.16666666666666666,1.0,1.0499313884870756
copula_mvr,linear_medium,24,0.16666666666666666,1.0,1.0011288868138346
copula_mvr,linear_medium,25,0.16666666666666666,1.0,1.1272542401704095
copula_mvr,linear_medium,26,0.16666666666666666,1.0,1.0283796761191335
copula_mvr,linear_medium,27,0.16666666666666666,1.0,1.0063730012388465
copula_mvr,linear_medium,28,0.16666666666666666,1.0,1.0242374934746064
copula_mvr,linear_medium,29,0.16666666666666666,1.0,1.0426154051829406
copula_mvr,linear_medium,30,0.16666666666666666,1.0,1.1153127024844072
copula_mvr,linear_medium,31,0.16666666666666666,1.0,1.1189428075653651
copula_mvr,linear_medium,32,0.16666666666666666,1.0,1.0857931283921116
copula_mvr,linear_medium,33,0.16666666666666666,1.0,1.0433714652064152
copula_mvr,linear_medium,34,0.16666666666666666,1.0,1.0553899488577085
copula_mvr,linear_medium,35,0.16666666666666666,1.0,1.0720701114008386
copula_mvr,linear_medium,36,0.16666666666666666,1.0,1.0681670074220075
copula_mvr,linear_medium,37,0.16666666666666666,1.0,1.0791442660350443
copula_mvr,linear_medium,38,0.16666666666666666,1.0,1.0838138105452766
copula_mvr,linear_medium,39,0.16666666666666666,1.0,1.03220712183734
copula_mvr,linear_medium,40,0.16666666666666666,1.0,1.0675267115261118
copula_mvr,linear_medium,41,0.16666666666666666,1.0,1.0686233358263242
copula_mvr,linear_medium,42,0.16666666666666666,1.0,1.0388618638110083
copula_mvr,linear_medium,43,0.16666666666666666,1.0,1.0237561606982748
copula_mvr,linear_medium,44,0.16666666666666666,1.0,0.9605492341235964
copula_mvr,linear_medium,45,0.16666666666666666,1.0,1.104865127135694
copula_mvr,linear_medium,46,0.16666666666666666,1.0,1.1408255880220628
copula_mvr,linear_medium,47,0.16666666666666666,1.0,1.0748807726379788
copula_mvr,linear_medium,48,0.16666666666666666,1.0,1.13850225672339
copula_mvr,linear_medium,49,0.16666666666666666,1.0,1.0309101521230064
copula_mvr,linear_medium,50,0.16666666666666666,1.0,1.0378722138669052
copula_mvr,linear_medium,51,0.16666666666666666,1.0,1.0578779065147577
copula_mvr,linear_medium,52,0.16666666666666666,1.0,1.1157232010852007
copula_mvr,linear_medium,53,0.16666666666666666,1.0,1.092631727314304
copula_mvr,linear_medium,54,0.16666666666666666,1.0,1.0346600542011226
copula_mvr,linear_medium,55,0.16666666666666666,1.0,1.0899860281689822
copula_mvr,linear_medium,56,0.16666666666666666,1.0,1.1097441146590465
copula_mvr,linear_medium,57,0.16666666666666666,1.0,1.1116416781459075
copula_mvr,linear_medium,58,0.16666666666666666,1.0,1.0677793976382208
copula_mvr,linear_medium,59,0.16666666666666666,1.0,1.061277165110526
copula_mvr,linear_medium,60,0.16666666666666666,1.0,1.0498981032016825
copula_mvr,linear_medium,61,0.16666666666666666,1.0,1.0775708196521359
copula_mvr,linear_medium,62,0.16666666666666666,1.0,1.0985801075918549
copula_mvr,linear_medium,63,0.16666666666666666,1.0,1.0849375566613035
copula_mvr,linear_medium,64,0.16666666666666666,1.0,1.137823119335904
copula_mvr,linear_medium,65,0.16666666666666666,1.0,1.0559178206205084
copula_mvr,linear_medium,66,0.16666666666666666,1.0,1.1011537692280657
copula_mvr,linear_medium,67,0.16666666666666666,1.0,1.1323064778103205
copula_mvr,linear_medium,68,0.16666666666666666,1.0,1.0693804374617404
copula_mvr,linear_medium,69,0.16666666666666666,1.0,1.0833802625461375
copula_mvr,linear_medium,70,0.16666666666666666,1.0,1.0939172207772865
copula_mvr,linear_medium,71,0.16666666666666666,1.0,0.9833108884230913
copula_mvr,linear_medium,72,0.16666666666666666,1.0,1.1673937329048139
copula_mvr,linear_medium,73,0.16666666666666666,1.0,1.0716666540589916
copula_mvr,linear_medium,74,0.16666666666666666,1.0,1.035118754692097
copula_mvr,linear_medium,75,0.16666666666666666,1.0,1.1258146533923536
copula_mvr,linear_medium,76,0.16666666666666666,1.0,1.0992491851197073
copula_mvr,linear_medium,77,0.16666666666666666,1.0,1.0652078443898265
copula_mvr,linear_medium,78,0.16666666666666666,1.0,1.0927701261479141
copula_mvr,linear_medium,79,0.16666666666666666,1.0,1.1507434327473147
copula_mvr,linear_medium,80,0.16666666666666666,1.0,1.0409378686821538
copula_mvr,linear_medium,81,0.16666666666666666,1.0,1.1238707391990375
copula_mvr,linear_medium,82,0.16666666666666666,1.0,1.0904706527300947
copula_mvr,linear_medium,83,0.16666666666666666,1.0,1.0420223818250227
copula_mvr,linear_medium,84,0.16666666666666666,1.0,1.1023414965690237
copula_mvr,linear_medium,85,0.16666666666666666,1.0,1.1503164372249637
copula_mvr,linear_medium,86,0.16666666666666666,1.0,1.0764444498105736
copula_mvr,linear_medium,87,0.16666666666666666,1.0,1.0335432895231798
copula_mvr,linear_medium,88,0.16666666666666666,1.0,1.0484235099984522
copula_mvr,linear_medium,89,0.16666666666666666,1.0,1.1287461204788987
copula_mvr,linear_medium,90,0.16666666666666666,1.0,1.019717820734443
copula_mvr,linear_medium,91,0.16666666666666666,1.0,1.0311204936631573
copula_mvr,linear_medium,92,0.16666666666666666,1.0,1.1206189984792767
copula_mvr,linear_medium,93,0.16666666666666666,1.0,1.0270569381781305
copula_mvr,linear_medium,94,0.16666666666666666,1.0,1.0178999756327731
copula_mvr,linear_medium,95,0.16666666666666666,1.0,1.0548059203002111
copula_mvr,linear_medium,96,0.16666666666666666,1.0,1.0236859781039926
copula_mvr,linear_medium,97,0.16666666666666666,1.0,1.0942596723682558
copula_mvr,linear_medium,98,0.16666666666666666,1.0,1.0517941086560434
copula_mvr,linear_medium,99,0.16666666666666666,1.0,1.0775042074625383
copula_mvr,linear_weak,0,0.16666666666666666,1.0,1.9408394839320482
copula_mvr,linear_weak,1,0.16666666666666666,1.0,1.9243636887234594
copula_mvr,linear_weak,2,0.16666666666666666,1.0,1.8785287014836582
copula_mvr,linear_weak,3,0.16666666666666666,1.0,1.8696396850816162
copula_mvr,linear_weak,4,0.25,0.9,1.918851790724801
copula_mvr,linear_weak,5,0.16666666666666666,1.0,1.7892711835794957
copula_mvr,linear_weak,6,0.16666666666666666,1.0,1.9515306460596908
copula_mvr,linear_weak,7,0.16666666666666666,1.0,1.936743576169879
copula_mvr,linear_weak,8,0.16666666666666666,1.0,1.9195209007338239
copula_mvr,linear_weak,9,0.25,0.9,1.7810822158246855
copula_mvr,linear_weak,10,0.16666666666666666,1.0,1.8685716209384762
copula_mvr,linear_weak,11,0.16666666666666666,1.0,1.7961511239432104
copula_mvr,linear_weak,12,0.16666666666666666,1.0,1.7707026178611147
copula_mvr,linear_weak,13,0.25,0.9,1.8944317455709083
copula_mvr,linear_weak,14,0.16666666666666666,1.0,1.8705038174174284
copula_mvr,linear_weak,15,0.16666666666666666,1.0,1.6985318836733179
copula_mvr,linear_weak,16,0.16666666666666666,1.0,1.922159721898036
copula_mvr,linear_weak,17,0.16666666666666666,1.0,1.9353657933456674
copula_mvr,linear_weak,18,0.25,0.9,1.9895532833250913
copula_mvr,linear_weak,19,0.16666666666666666,1.0,1.8994213800407063
copula_mvr,linear_weak,20,0.16666666666666666,1.0,1.8347641985430188
copula_mvr,linear_weak,21,0.16666666666666666,1.0,1.906289561881398
copula_mvr,linear_weak,22,0.16666666666666666,1.0,1.9030221269811924
copula_mvr,linear_weak,23,0.16666666666666666,1.0,1.8461405410520835
copula_mvr,linear_weak,24,0.25,0.9,1.8341059645425195
copula_mvr,linear_weak,25,0.16666666666666666,1.0,1.818279396360117
copula_mvr,linear_weak,26,0.16666666666666666,1.0,1.8066687612830303
copula_mvr,linear_weak,27,0.16666666666666666,1.0,1.8777163610916052
copula_mvr,linear_weak,28,0.16666666666666666,1.0,1.8214630370465872
copula_mvr,linear_weak,29,0.25,0.9,1.9042436089358745
copula_mvr,linear_weak,30,0.16666666666666666,1.0,1.8974163793041448
copula_mvr,linear_weak,31,0.25,0.9,1.8391898434724554
copula_mvr,linear_weak,32,0.16666666666666666,1.0,1.8863348884298394
copula_mvr,linear_weak,33,0.16666666666666666,1.0,1.7318289535400964
copula_mvr,linear_weak,34,0.16666666666666666,1.0,1.8178898570893673
copula_mvr,linear_weak,35,0.25,0.9,1.8334723278460594
copula_mvr,linear_weak,36,0.16666666666666666,1.0,1.9252894856032863
copula_mvr,linear_weak,37,0.25,0.9,2.025838872382041
copula_mvr,linear_weak,38,0.16666666666666666,1.0,1.9145436592016443
copula_mvr,linear_weak,39,0.16666666666666666,1.0,1.8785202678827018
copula_mvr,linear_weak,40,0.16666666666666666,1.0,1.9068994072340695
copula_mvr,linear_weak,41,0.16666666666666666,1.0,1.9057421533772094
copula_mvr,linear_weak,42,0.16666666666666666,1.0,1.981585952271835
copula_mvr,linear_weak,43,0.16666666666666666,1.0,1.9176311894314073
copula_mvr,linear_weak,44,0.16666666666666666,1.0,2.062677369345868
copula_mvr,linear_weak,45,0.16666666666666666,1.0,2.058844032236436
copula_mvr,linear_weak,46,0.16666666666666666,1.0,1.9199401646791383
copula_mvr,linear_weak,47,0.16666666666666666,1.0,1.8342434006427246
copula_mvr,linear_weak,48,0.16666666666666666,1.0,1.8184627973452225
copula_mvr,linear_weak,49,0.16666666666666666,1.0,1.9179219957157219
copula_mvr,linear_weak,50,0.25,0.9,1.981294009681231
copula_mvr,linear_weak,51,0.25,0.9,1.826766602838112
copula_mvr,linear_weak,52,0.16666666666666666,1.0,1.7806451809424373
copula_mvr,linear_weak,53,0.25,0.9,1.9537341145519955
copula_mvr,linear_weak,54,0.16666666666666666,1.0,1.8589695816024445
copula_mvr,linear_weak,55,0.25,0.9,1.9070944959606124
copula_mvr,linear_weak,56,0.16666666666666666,1.0,1.8752559231645003
copula_mvr,linear_weak,57,0.16666666666666666,1.0,1.8962878810907067
copula_mvr,linear_weak,58,0.25,0.9,1.7175830024568361
copula_mvr,linear_weak,59,0.16666666666666666,1.0,1.9221149547285026
copula_mvr,linear_weak,60,0.25,0.9,1.7753650759560002
copula_mvr,linear_weak,61,0.16666666666666666,1.0,1.9626066131223259
copula_mvr,linear_weak,62,0.16666666666666666,1.0,1.919979496218125
copula_mvr,linear_weak,63,0.16666666666666666,1.0,1.9480334585068402
copula_mvr,linear_weak,64,0.16666666666666666,1.0,1.964046934899261
copula_mvr,linear_weak,65,0.25,0.9,1.9617046742896043
copula_mvr,linear_weak,66,0.16666666666666666,1.0,1.9807277189365413
copula_mvr,linear_weak,67,0.16666666666666666,1.0,1.87593107592214
copula_mvr,linear_weak,68,0.16666666666666666,1.0,1.8101022027882092
copula_mvr,linear_weak,69,0.16666666666666666,1.0,1.8873706334328633
copula_mvr,linear_weak,70,0.16666666666666666,1.0,1.8933027699232012
copula_mvr,linear_weak,71,0.16666666666666666,1.0,1.9158836801211632
copula_mvr,linear_weak,72,0.16666666666666666,1.0,1.833139969809201
copula_mvr,linear_weak,73,0.16666666666666666,1.0,1.9862525007328575
copula_mvr,linear_weak,74,0.16666666666666666,1.0,1.9498308623275407
copula_mvr,linear_weak,75,0.16666666666666666,1.0,1.948883260619644
copula_mvr,linear_weak,76,0.16666666666666666,1.0,1.8478024097315529
copula_mvr,linear_weak,77,0.3333333333333333,0.8,1.8163022546321343
copula_mvr,linear_weak,78,0.16666666666666666,1.0,1.9029106773647497
copula_mvr,linear_weak,79,0.16666666666666666,1.0,1.807049719816665
copula_mvr,linear_weak,80,0.16666666666666666,1.0,1.8784690055921138
copula_mvr,linear_weak,81,0.16666666666666666,1.0,1.9610425576157122
copula_mvr,linear_weak,82,0.16666666666666666,1.0,1.8280538309447096
copula_mvr,linear_weak,83,0.16666666666666666,1.0,1.8962317409388685
copula_mvr,linear_weak,84,0.16666666666666666,1.0,1.8587934547992933
copula_mvr,linear_weak,85,0.16666666666666666,1.0,1.860691208706693
copula_mvr,linear_weak,86,0.25,0.9,1.9128388446467384
copula_mvr,linear_weak,87,0.16666666666666666,1.0,1.934546634955142
copula_mvr,linear_weak,88,0.16666666666666666,1.0,1.9260815793414816
copula_mvr,linear_weak,89,0.25,0.9,1.822328312070828
copula_mvr,linear_weak,90,0.16666666666666666,1.0,1.7454771782890226
copula_mvr,linear_weak,91,0.16666666666666666,1.0,1.8483756515566334
copula_mvr,linear_weak,92,0.16666666666666666,1.0,1.9068208472288652
copula_mvr,linear_weak,93,0.16666666666666666,1.0,1.7646459110774677
copula_mvr,linear_weak,94,0.3333333333333333,0.8,1.9383386094794597
copula_mvr,linear_weak,95,0.3333333333333333,0.8,1.9160612946088573
copula_mvr,linear_weak,96,0.16666666666666666,1.0,1.8561338024934528
copula_mvr,linear_weak,97,0.16666666666666666,1.0,1.7904377291167919
copula_mvr,linear_weak,98,0.16666666666666666,1.0,1.8812434799775057
copula_mvr,linear_weak,99,0.16666666666666666,1.0,1.8970208379010953
copula_mvr,linear_dense,0,0.0,0.8,1.114044715303215
copula_mvr,linear_dense,1,0.0,0.8,1.2454601993756425
copula_mvr,linear_dense,2,0.0,0.8,1.1119807869441145
copula_mvr,linear_dense,3,0.0,0.8,1.1681416632618828
copula_mvr,linear_dense,4,0.0,0.8,1.0220695983990569
copula_mvr,linear_dense,5,0.0,0.8,1.0937457192092397
copula_mvr,linear_dense,6,0.0,0.8,1.0554696518476394
copula_mvr,linear_dense,7,0.0,0.8,1.1089536468299865
copula_mvr,linear_dense,8,0.0,0.8,1.0890450924320887
copula_mvr,linear_dense,9,0.0,0.8,1.0398360326668428
copula_mvr,linear_dense,10,0.0,0.8,1.1345255126585745
copula_mvr,linear_dense,11,0.0,0.8,1.0474446604437744
copula_mvr,linear_dense,12,0.0,0.8,1.1179618919925187
copula_mvr,linear_dense,13,0.0,0.8,1.1348111223530508
copula_mvr,linear_dense,14,0.0,0.8,1.0382582761349464
copula_mvr,linear_dense,15,0.0,0.8,1.0690849331662857
copula_mvr,linear_dense,16,0.0,0.8,1.0521009988264323
copula_mvr,linear_dense,17,0.0,0.8,1.141818217446252
copula_mvr,linear_dense,18,0.0,0.8,1.0360156874885418
copula_mvr,linear_dense,19,0.0,0.8,1.0868606476488194
copula_mvr,linear_dense,20,0.0,0.8,1.0666164918130423
copula_mvr,linear_dense,21,0.0,0.8,1.0724797582131498
copula_mvr,linear_dense,22,0.0,0.8,1.2146539312603277
copula_mvr,linear_dense,23,0.0,0.8,1.1260535179060494
copula_mvr,linear_dense,24,0.0,0.8,1.194402326655547
copula_mvr,linear_dense,25,0.0,0.8,1.0179238277906046
copula_mvr,linear_dense,26,0.0,0.8,1.1074638932933403
copula_mvr,linear_dense,27,0.0,0.8,1.1585731400377925
copula_mvr,linear_dense,28,0.0,0.8,1.0945161100720064
copula_mvr,linear_dense,29,0.0,0.8,1.0672461008958298
copula_mvr,linear_dense,30,0.0,0.8,1.0590982583940869
copula_mvr,linear_dense,31,0.0,0.8,1.0829277410499325
copula_mvr,linear_dense,32,0.0,0.8,1.0720675495370515
copula_mvr,linear_dense,33,0.0,0.8,1.0747349796489585
copula_mvr,linear_dense,34,0.0,0.8,1.1695059112108706
copula_mvr,linear_dense,35,0.0,0.8,1.141721563133462
copula_mvr,linear_dense,36,0.0,0.8,1.0869939018374415
copula_mvr,linear_dense,37,0.0,0.8,1.0814329747662685
copula_mvr,linear_dense,38,0.0,0.8,1.0753783885082846
copula_mvr,linear_dense,39,0.0,0.8,1.038322728250199
copula_mvr,linear_dense,40,0.0,0.8,1.0920542140282201
copula_mvr,linear_dense,41,0.0,0.8,1.0093643518897903
copula_mvr,linear_dense,42,0.0,0.8,1.0941809405344713
copula_mvr,linear_dense,43,0.0,0.8,1.178391222939092
copula_mvr,linear_dense,44,0.0,0.8,1.1481246494780828
copula_mvr,linear_dense,45,0.0,0.8,1.085891461938239
copula_mvr,linear_dense,46,0.0,0.8,1.1865934087791654
copula_mvr,linear_dense,47,0.0,0.8,1.056378690422932
copula_mvr,linear_dense,48,0.0,0.8,1.02352435120931
copula_mvr,linear_dense,49,0.0,0.8,1.1102595365466494
copula_mvr,linear_dense,50,0.0,0.8,1.034814006319963
copula_mvr,linear_dense,51,0.0,0.8,1.084418796575473
copula_mvr,linear_dense,52,0.0,0.8,1.0781471948963763
copula_mvr,linear_dense,53,0.0,0.8,1.1387285659011805
copula_mvr,linear_dense,54,0.0,0.8,1.0546174854722068
copula_mvr,linear_dense,55,0.0,0.8,1.071629268213431
copula_mvr,linear_dense,56,0.0,0.8,1.0509670915503373
copula_mvr,linear_dense,57,0.0,0.8,1.1246040287621126
copula_mvr,linear_dense,58,0.0,0.8,1.08921693368539
copula_mvr,linear_dense,59,0.0,0.8,1.130295473811445
copula_mvr,linear_dense,60,0.0,0.8,1.141964699244318
copula_mvr,linear_dense,61,0.0,0.8,1.06285302988606
copula_mvr,linear_dense,62,0.0,0.8,1.0880537151353187
copula_mvr,linear_dense,63,0.0,0.8,1.1464537468856373
copula_mvr,linear_dense,64,0.0,0.8,1.0978525144445785
copula_mvr,linear_dense,65,0.0,0.8,1.1518831482233007
copula_mvr,linear_dense,66,0.0,0.8,1.0884925319264653
copula_mvr,linear_dense,67,0.0,0.8,1.1495549958484692
copula_mvr,linear_dense,68,0.0,0.8,1.064704304268038
copula_mvr,linear_dense,69,0.0,0.8,1.0608486858730486
copula_mvr,linear_dense,70,0.0,0.8,1.1017958776392105
copula_mvr,linear_dense,71,0.0,0.8,1.0573308938417836
copula_mvr,linear_dense,72,0.0,0.8,1.1198217319460078
copula_mvr,linear_dense,73,0.0,0.8,1.0762654629586366
copula_mvr,linear_dense,74,0.0,0.8,1.1555929643235887
copula_mvr,linear_dense,75,0.0,0.8,1.0317664020833335
copula_mvr,linear_dense,76,0.0,0.8,1.0760642524007866
copula_mvr,linear_dense,77,0.0,0.8,1.0901420453823145
copula_mvr,linear_dense,78,0.0,0.8,1.06753791737325
copula_mvr,linear_dense,79,0.0,0.8,1.1336584733976802
copula_mvr,linear_dense,80,0.0,0.8,1.0867606462548063
copula_mvr,linear_dense,81,0.0,0.8,1.1357242446445652
copula_mvr,linear_dense,82,0.0,0.8,1.0658826598402764
copula_mvr,linear_dense,83,0.0,0.8,1.0357686079617117
copula_mvr,linear_dense,84,0.0,0.8,1.0895699927540596
copula_mvr,linear_dense,85,0.0,0.8,1.1448937641443264
copula_mvr,linear_dense,86,0.0,0.8,1.1282020223159448
copula_mvr,linear_dense,87,0.0,0.8,1.1539100250016188
copula_mvr,linear_dense,88,0.0,0.8,1.0900245199115968
copula_mvr,linear_dense,89,0.0,0.8,1.1266823741905772
copula_mvr,linear_dense,90,0.0,0.8,1.1404136140898993
copula_mvr,linear_dense,91,0.0,0.8,1.0198308644554621
copula_mvr,linear_dense,92,0.0,0.8,1.1109512172442815
copula_mvr,linear_dense,93,0.0,0.8,1.1707597451060705
copula_mvr,linear_dense,94,0.0,0.8,1.1769701791958018
copula_mvr,linear_dense,95,0.0,0.8,1.0013692337038047
copula_mvr,linear_dense,96,0.0,0.8,1.0974279422960842
copula_mvr,linear_dense,97,0.0,0.8,1.1610779149197514
copula_mvr,linear_dense,98,0.0,0.8,1.071811321990604
copula_mvr,linear_dense,99,0.0,0.8,1.1154610168831103
copula_mvr,nonlinear,0,0.4166666666666667,0.7,1.1952498512511864
copula_mvr,nonlinear,1,0.5833333333333334,0.5,1.1558901579326235
copula_mvr,nonlinear,2,0.4166666666666667,0.7,1.1448910208553271
copula_mvr,nonlinear,3,0.6666666666666666,0.4,1.3712127143725856
copula_mvr,nonlinear,4,0.6666666666666666,0.4,1.1561129763172855
copula_mvr,nonlinear,5,0.5833333333333334,0.5,1.523854053662359
copula_mvr,nonlinear,6,0.4166666666666667,0.7,1.223047502983499
copula_mvr,nonlinear,7,0.5833333333333334,0.5,1.3664836354208727
copula_mvr,nonlinear,8,0.4166666666666667,0.7,1.2733489661084847
copula_mvr,nonlinear,9,0.5,0.6,1.2707393182460371
copula_mvr,nonlinear,10,0.5,0.6,1.1517170021816383
copula_mvr,nonlinear,11,0.3333333333333333,0.8,1.1496316658751056
copula_mvr,nonlinear,12,0.6666666666666666,0.4,1.2755887642949642
copula_mvr,nonlinear,13,0.5,0.6,1.3028885209920065
copula_mvr,nonlinear,14,0.5833333333333334,0.5,1.1686442304867057
copula_mvr,nonlinear,15,0.5,0.6,1.3145903052157366
copula_mvr,nonlinear,16,0.5833333333333334,0.5,1.3278890756600965
copula_mvr,nonlinear,17,0.5,0.6,1.32061154017723
copula_mvr,nonlinear,18,0.6666666666666666,0.4,1.2752754146552212
copula_mvr,nonlinear,19,0.5833333333333334,0.5,1.205681422536745
copula_mvr,nonlinear,20,0.5833333333333334,0.5,1.1866368959858788
copula_mvr,nonlinear,21,0.5,0.6,1.2790862122548519
copula_mvr,nonlinear,22,0.6666666666666666,0.4,1.2309913594028898
copula_mvr,nonlinear,23,0.5,0.6,1.3278848223027435
copula_mvr,nonlinear,24,0.5,0.6,1.1426427370462016
copula_mvr,nonlinear,25,0.25,0.9,1.1265445560595566
copula_mvr,nonlinear,26,0.3333333333333333,0.8,1.2411198862399961
copula_mvr,nonlinear,27,0.5,0.6,1.3421602887123036
copula_mvr,nonlinear,28,0.6666666666666666,0.4,1.1165952484508834
copula_mvr,nonlinear,29,0.4166666666666667,0.7,1.3406698456975787
copula_mvr,nonlinear,30,0.6666666666666666,0.4,1.2068315509680143
copula_mvr,nonlinear,31,0.5,0.6,1.3388490690704764
copula_mvr,nonlinear,32,0.5833333333333334,0.5,1.2801517056611913
copula_mvr,nonlinear,33,0.5,0.6,1.248960600240394
copula_mvr,nonlinear,34,0.5833333333333334,0.5,1.3012379821884437
copula_mvr,nonlinear,35,0.3333333333333333,0.8,1.3075756123680242
copula_mvr,nonlinear,36,0.5,0.6,1.1313692956694417
copula_mvr,nonlinear,37,0.5833333333333334,0.5,1.5191697655566025
copula_mvr,nonlinear,38,0.4166666666666667,0.7,1.4761229224196548
copula_mvr,nonlinear,39,0.25,0.9,1.1161883347128094
copula_mvr,nonlinear,40,0.75,0.3,1.2987909689486725
copula_mvr,nonlinear,41,0.3333333333333333,0.8,1.0909075682798854
copula_mvr,nonlinear,42,0.5833333333333334,0.5,1.2550116803804665
copula_mvr,nonlinear,43,0.5,0.6,1.255106607215236
copula_mvr,nonlinear,44,0.6666666666666666,0.4,1.3166523239260486
copula_mvr,nonlinear,45,0.6666666666666666,0.4,1.1833651786011437
copula_mvr,nonlinear,46,0.5833333333333334,0.5,1.1688409495703769
copula_mvr,nonlinear,47,0.5,0.6,1.1334843582265492
copula_mvr,nonlinear,48,0.5,0.6,1.168262944731068
copula_mvr,nonlinear,49,0.4166666666666667,0.7,1.2902553402157437
copula_mvr,nonlinear,50,0.5,0.6,1.120381879824789
copula_mvr,nonlinear,51,0.25,0.9,1.2638914595283846
copula_mvr,nonlinear,52,0.3333333333333333,0.8,1.1753949501471164
copula_mvr,nonlinear,53,0.5,0.6,1.1582880394628565
copula_mvr,nonlinear,54,0.5,0.6,1.7360873070089824
copula_mvr,nonlinear,55,0.4166666666666667,0.7,1.259618612103788
copula_mvr,nonlinear,56,0.5833333333333334,0.5,1.3367278860000869
copula_mvr,nonlinear,57,0.5,0.6,1.2706525760973275
copula_mvr,nonlinear,58,0.4166666666666667,0.7,1.1693120195938125
copula_mvr,nonlinear,59,0.4166666666666667,0.7,1.1670791951338775
copula_mvr,nonlinear,60,0.5,0.6,1.1014793006521442
copula_mvr,nonlinear,61,0.6666666666666666,0.4,1.262790995392341
copula_mvr,nonlinear,62,0.4166666666666667,0.7,1.222173684281242
copula_mvr,nonlinear,63,0.5,0.6,1.1199203258109438
copula_mvr,nonlinear,64,0.3333333333333333,0.8,1.203839902375806
copula_mvr,nonlinear,65,0.5,0.6,1.2155391019359207
copula_mvr,nonlinear,66,0.4166666666666667,0.7,1.2557659208444687
copula_mvr,nonlinear,67,0.4166666666666667,0.7,1.314894090461928
copula_mvr,nonlinear,68,0.5,0.6,1.1079590195786577
copula_mvr,nonlinear,69,0.5,0.6,1.2615567466233972
copula_mvr,nonlinear,70,0.6666666666666666,0.4,1.214990798178153
copula_mvr,nonlinear,71,0.5833333333333334,0.5,1.2317562533611783
copula_mvr,nonlinear,72,0.5,0.6,1.1982967922394148
copula_mvr,nonlinear,73,0.5,0.6,1.2765431141776036
copula_mvr,nonlinear,74,0.4166666666666667,0.7,1.2189322000395235
copula_mvr,nonlinear,75,0.5,0.6,1.303030958779247
copula_mvr,nonlinear,76,0.5,0.6,1.1854177219022566
copula_mvr,nonlinear,77,0.4166666666666667,0.7,1.2646880746688183
copula_mvr,nonlinear,78,0.5833333333333334,0.5,1.0941791096011642
copula_mvr,nonlinear,79,0.5833333333333334,0.5,1.1656552097352706
copula_mvr,nonlinear,80,0.5,0.6,1.182770960689197
copula_mvr,nonlinear,81,0.5,0.6,1.3065894416089008
copula_mvr,nonlinear,82,0.5,0.6,1.241902768044426
copula_mvr,nonlinear,83,0.5833333333333334,0.5,1.2609594983243193
copula_mvr,nonlinear,84,0.4166666666666667,0.7,1.101053173657147
copula_mvr,nonlinear,85,0.5,0.6,1.089409145252981
copula_mvr,nonlinear,86,0.5833333333333334,0.5,1.1621477071060278
copula_mvr,nonlinear,87,0.5,0.6,1.1661504022686562
copula_mvr,nonlinear,88,0.5,0.6,1.2322531171718276
copula_mvr,nonlinear,89,0.4166666666666667,0.7,1.1534717547544875
copula_mvr,nonlinear,90,0.5833333333333334,0.5,1.4514288113780862
copula_mvr,nonlinear,91,0.5833333333333334,0.5,1.27791983186039
copula_mvr,nonlinear,92,0.5833333333333334,0.5,1.2982790037620158
copula_mvr,nonlinear,93,0.6666666666666666,0.4,1.1914052520264458
copula_mvr,nonlinear,94,0.5,0.6,1.328028380213408
copula_mvr,nonlinear,95,0.6666666666666666,0.4,1.193214445543685
copula_mvr,nonlinear,96,0.5833333333333334,0.5,1.1729619201038641
copula_mvr,nonlinear,97,0.6666666666666666,0.4,1.1668373029201782
copula_mvr,nonlinear,98,0.3333333333333333,0.8,1.5497224831824614
copula_mvr,nonlinear,99,0.6666666666666666,0.4,1.4059949524422553
copula_mvr,nonlinear_panel,0,0.5,0.6,1.2142188802370648
copula_mvr,nonlinear_panel,1,0.4166666666666667,0.7,1.1599816853600031
copula_mvr,nonlinear_panel,2,0.3333333333333333,0.8,1.2168323878093967
copula_mvr,nonlinear_panel,3,0.4166666666666667,0.7,1.2433166754843867
copula_mvr,nonlinear_panel,4,0.6666666666666666,0.4,1.3555531576393303
copula_mvr,nonlinear_panel,5,0.4166666666666667,0.7,1.2478114022650975
copula_mvr,nonlinear_panel,6,0.4166666666666667,0.7,1.3028874207750227
copula_mvr,nonlinear_panel,7,0.4166666666666667,0.7,1.1779667805724112
copula_mvr,nonlinear_panel,8,0.5,0.6,1.552202161604661
copula_mvr,nonlinear_panel,9,0.5833333333333334,0.5,1.2619301577452935
copula_mvr,nonlinear_panel,10,0.25,0.9,1.3403263452050087
copula_mvr,nonlinear_panel,11,0.5,0.6,1.1234488337618231
copula_mvr,nonlinear_panel,12,0.5,0.6,1.093449980302954
copula_mvr,nonlinear_panel,13,0.5,0.6,1.3074432388728716
copula_mvr,nonlinear_panel,14,0.5833333333333334,0.5,1.2228636073527936
copula_mvr,nonlinear_panel,15,0.6666666666666666,0.4,1.1438938025200234
copula_mvr,nonlinear_panel,16,0.5833333333333334,0.5,1.227540650691711
copula_mvr,nonlinear_panel,17,0.6666666666666666,0.4,1.2329488640083857
copula_mvr,nonlinear_panel,18,0.5,0.6,1.1813404729559942
copula_mvr,nonlinear_panel,19,0.5,0.6,1.2925555076821553
copula_mvr,nonlinear_panel,20,0.5833333333333334,0.5,1.320793217470341
copula_mvr,nonlinear_panel,21,0.6666666666666666,0.4,1.3585406166419052
copula_mvr,nonlinear_panel,22,0.4166666666666667,0.7,1.6146112122079745
copula_mvr,nonlinear_panel,23,0.5,0.6,1.1359122529594028
copula_mvr,nonlinear_panel,24,0.5833333333333334,0.5,1.2407939929126663
copula_mvr,nonlinear_panel,25,0.4166666666666667,0.7,1.3783564135011224
copula_mvr,nonlinear_panel,26,0.4166666666666667,0.7,1.208359024148908
copula_mvr,nonlinear_panel,27,0.4166666666666667,0.7,1.3741225258507608
copula_mvr,nonlinear_panel,28,0.4166666666666667,0.7,1.171105797238673
copula_mvr,nonlinear_panel,29,0.4166666666666667,0.7,1.1218016558055097
copula_mvr,nonlinear_panel,30,0.5,0.6,1.3353831955119357
copula_mvr,nonlinear_panel,31,0.4166666666666667,0.7,1.0826102445240386
copula_mvr,nonlinear_panel,32,0.6666666666666666,0.4,1.089510536353531
copula_mvr,nonlinear_panel,33,0.3333333333333333,0.8,1.216352543116119
copula_mvr,nonlinear_panel,34,0.5,0.6,1.1144583667306134
copula_mvr,nonlinear_panel,35,0.4166666666666667,0.7,1.2021267469973205
copula_mvr,nonlinear_panel,36,0.4166666666666667,0.7,1.2253577296939104
copula_mvr,nonlinear_panel,37,0.75,0.3,1.090389435542118
copula_mvr,nonlinear_panel,38,0.5,0.6,1.2454379484961176
copula_mvr,nonlinear_panel,39,0.4166666666666667,0.7,1.3242346314148048
copula_mvr,nonlinear_panel,40,0.5,0.6,1.2870149839955718
copula_mvr,nonlinear_panel,41,0.5,0.6,1.1631217506875329
copula_mvr,nonlinear_panel,42,0.4166666666666667,0.7,1.1525876731244866
copula_mvr,nonlinear_panel,43,0.5,0.6,1.1015120917513515
copula_mvr,nonlinear_panel,44,0.5,0.6,1.255213512952043
copula_mvr,nonlinear_panel,45,0.4166666666666667,0.7,1.100262951626357
copula_mvr,nonlinear_panel,46,0.5833333333333334,0.5,1.2203796509304483
copula_mvr,nonlinear_panel,47,0.6666666666666666,0.4,1.2712181592499392
copula_mvr,nonlinear_panel,48,0.4166666666666667,0.7,1.13209773886977
copula_mvr,nonlinear_panel,49,0.3333333333333333,0.8,1.1869886857424552
copula_mvr,nonlinear_panel,50,0.4166666666666667,0.7,1.0681632012808713
copula_mvr,nonlinear_panel,51,0.4166666666666667,0.7,1.1007632473419395
copula_mvr,nonlinear_panel,52,0.5,0.6,1.4006395629127995
copula_mvr,nonlinear_panel,53,0.4166666666666667,0.7,1.1458496453048552
copula_mvr,nonlinear_panel,54,0.5,0.6,1.1421755778269
copula_mvr,nonlinear_panel,55,0.5833333333333334,0.5,1.2825636968807537
copula_mvr,nonlinear_panel,56,0.3333333333333333,0.8,1.3637600950146829
copula_mvr,nonlinear_panel,57,0.5833333333333334,0.5,1.1048370728411943
copula_mvr,nonlinear_panel,58,0.5833333333333334,0.5,1.4093177160763537
copula_mvr,nonlinear_panel,59,0.5,0.6,1.112518618631382
copula_mvr,nonlinear_panel,60,0.5833333333333334,0.5,1.2606982484737974
copula_mvr,nonlinear_panel,61,0.4166666666666667,0.7,1.1136319809754003
copula_mvr,nonlinear_panel,62,0.3333333333333333,0.8,1.078312126978629
copula_mvr,nonlinear_panel,63,0.3333333333333333,0.8,1.2288587509852087
copula_mvr,nonlinear_panel,64,0.4166666666666667,0.7,1.0905606222397117
copula_mvr,nonlinear_panel,65,0.4166666666666667,0.7,1.113736142269186
copula_mvr,nonlinear_panel,66,0.4166666666666667,0.7,1.3106219357295381
copula_mvr,nonlinear_panel,67,0.4166666666666667,0.7,1.1766525764461848
copula_mvr,nonlinear_panel,68,0.4166666666666667,0.7,1.1719844708608855
copula_mvr,nonlinear_panel,69,0.5833333333333334,0.5,1.226744366820544
copula_mvr,nonlinear_panel,70,0.3333333333333333,0.8,1.127827403723148
copula_mvr,nonlinear_panel,71,0.4166666666666667,0.7,1.1154286672385214
copula_mvr,nonlinear_panel,72,0.3333333333333333,0.8,1.2401220537526476
copula_mvr,nonlinear_panel,73,0.5,0.6,1.2675000703518187
copula_mvr,nonlinear_panel,74,0.5,0.6,1.3725947447766969
copula_mvr,nonlinear_panel,75,0.4166666666666667,0.7,1.1927797109704883
copula_mvr,nonlinear_panel,76,0.5,0.6,1.1834387415423493
copula_mvr,nonlinear_panel,77,0.5,0.6,1.0553670858070328
copula_mvr,nonlinear_panel,78,0.6666666666666666,0.4,1.3135096314634933
copula_mvr,nonlinear_panel,79,0.6666666666666666,0.4,1.3298853858873294
copula_mvr,nonlinear_panel,80,0.5,0.6,1.2267552810653146
copula_mvr,nonlinear_panel,81,0.3333333333333333,0.8,1.3069479376545923
copula_mvr,nonlinear_panel,82,0.5,0.6,1.1548423539861736
copula_mvr,nonlinear_panel,83,0.5833333333333334,0.5,1.2119312515659366
copula_mvr,nonlinear_panel,84,0.4166666666666667,0.7,1.116061846667942
copula_mvr,nonlinear_panel,85,0.3333333333333333,0.8,1.0247724963615337
copula_mvr,nonlinear_panel,86,0.5,0.6,1.2511435823386654
copula_mvr,nonlinear_panel,87,0.6666666666666666,0.4,1.114926504324247
copula_mvr,nonlinear_panel,88,0.4166666666666667,0.7,1.2142870402091188
copula_mvr,nonlinear_panel,89,0.5,0.6,1.0219183979166129
copula_mvr,nonlinear_panel,90,0.4166666666666667,0.7,1.2909392900510395
copula_mvr,nonlinear_panel,91,0.5833333333333334,0.5,1.188547355075756
copula_mvr,nonlinear_panel,92,0.75,0.3,1.2605260385863242
copula_mvr,nonlinear_panel,93,0.4166666666666667,0.7,1.2668982995271307
copula_mvr,nonlinear_panel,94,0.5833333333333334,0.5,1.21914249044692
copula_mvr,nonlinear_panel,95,0.5,0.6,1.263642274913693
copula_mvr,nonlinear_panel,96,0.5833333333333334,0.5,1.2180297667800288
copula_mvr,nonlinear_panel,97,0.3333333333333333,0.8,1.1607291504915531
copula_mvr,nonlinear_panel,98,0.3333333333333333,0.8,1.235070094753817
copula_mvr,nonlinear_panel,99,0.4166666666666667,0.7,1.1304730216610215
elastic_net,linear_sparse,0,0.5833333333333334,1.0,0.6312522641941328
elastic_net,linear_sparse,1,0.5833333333333334,1.0,0.6401646656309219
elastic_net,linear_sparse,2,0.5833333333333334,1.0,0.636195857178211
elastic_net,linear_sparse,3,0.5833333333333334,1.0,0.5759249279758663
elastic_net,linear_sparse,4,0.5833333333333334,1.0,0.6065368015643768
elastic_net,linear_sparse,5,0.5833333333333334,1.0,0.6851844411689664
elastic_net,linear_sparse,6,0.5833333333333334,1.0,0.6021400534979066
elastic_net,linear_sparse,7,0.5833333333333334,1.0,0.6652446486571238
elastic_net,linear_sparse,8,0.5833333333333334,1.0,0.6127036391041139
elastic_net,linear_sparse,9,0.5833333333333334,1.0,0.6565087525425807
elastic_net,linear_sparse,10,0.5833333333333334,1.0,0.6543368550171087
elastic_net,linear_sparse,11,0.5833333333333334,1.0,0.5693435139696003
elastic_net,linear_sparse,12,0.5833333333333334,1.0,0.6480471880251938
elastic_net,linear_sparse,13,0.5833333333333334,1.0,0.6415904745114772
elastic_net,linear_sparse,14,0.5833333333333334,1.0,0.6386319180192928
elastic_net,linear_sparse,15,0.5833333333333334,1.0,0.6487038940315599
elastic_net,linear_sparse,16,0.5833333333333334,1.0,0.6439521739840312
elastic_net,linear_sparse,17,0.5833333333333334,1.0,0.6522528098001364
elastic_net,linear_sparse,18,0.5833333333333334,1.0,0.615993561501178
elastic_net,linear_sparse,19,0.5833333333333334,1.0,0.5750869710835471
elastic_net,linear_sparse,20,0.5833333333333334,1.0,0.5975761781949156
elastic_net,linear_sparse,21,0.5833333333333334,1.0,0.6037927241000424
elastic_net,linear_sparse,22,0.5833333333333334,1.0,0.6191321025142998
elastic_net,linear_sparse,23,0.5833333333333334,1.0,0.6500080377676395
elastic_net,linear_sparse,24,0.5833333333333334,1.0,0.6251081034987438
elastic_net,linear_sparse,25,0.5833333333333334,1.0,0.6659946524857601
elastic_net,linear_sparse,26,0.5833333333333334,1.0,0.6316661122340443
elastic_net,linear_sparse,27,0.5833333333333334,1.0,0.680398297149161
elastic_net,linear_sparse,28,0.5833333333333334,1.0,0.6107702462873154
elastic_net,linear_sparse,29,0.5833333333333334,1.0,0.6657432282390437
elastic_net,linear_sparse,30,0.5833333333333334,1.0,0.6756122845526709
elastic_net,linear_sparse,31,0.5833333333333334,1.0,0.653741679286007
elastic_net,linear_sparse,32,0.5833333333333334,1.0,0.6617785754667355
elastic_net,linear_sparse,33,0.5833333333333334,1.0,0.6127094369165406
elastic_net,linear_sparse,34,0.5833333333333334,1.0,0.6817630643684224
elastic_net,linear_sparse,35,0.5833333333333334,1.0,0.5841776189487127
elastic_net,linear_sparse,36,0.5833333333333334,1.0,0.6711579220149609
elastic_net,linear_sparse,37,0.5833333333333334,1.0,0.5841498026878507
elastic_net,linear_sparse,38,0.5833333333333334,1.0,0.634200517901167
elastic_net,linear_sparse,39,0.5833333333333334,1.0,0.7129468115408681
elastic_net,linear_sparse,40,0.5833333333333334,1.0,0.6421058951261959
elastic_net,linear_sparse,41,0.5833333333333334,1.0,0.6632848017271608
elastic_net,linear_sparse,42,0.5833333333333334,1.0,0.6334091897673055
elastic_net,linear_sparse,43,0.5833333333333334,1.0,0.6439596285735901
elastic_net,linear_sparse,44,0.5833333333333334,1.0,0.6253539071209689
elastic_net,linear_sparse,45,0.5833333333333334,1.0,0.6420121931820577
elastic_net,linear_sparse,46,0.5833333333333334,1.0,0.6051537333412849
elastic_net,linear_sparse,47,0.5833333333333334,1.0,0.6082489101967264
elastic_net,linear_sparse,48,0.5833333333333334,1.0,0.6052436301892786
elastic_net,linear_sparse,49,0.5833333333333334,1.0,0.6147898439838103
elastic_net,linear_sparse,50,0.5833333333333334,1.0,0.6453736543830857
elastic_net,linear_sparse,51,0.5833333333333334,1.0,0.6395753963395818
elastic_net,linear_sparse,52,0.5833333333333334,1.0,0.5911082326893489
elastic_net,linear_sparse,53,0.5833333333333334,1.0,0.6280826878424055
elastic_net,linear_sparse,54,0.5833333333333334,1.0,0.6867060292912223
elastic_net,linear_sparse,55,0.5833333333333334,1.0,0.678463021237833
elastic_net,linear_sparse,56,0.5833333333333334,1.0,0.6477304799756739
elastic_net,linear_sparse,57,0.5833333333333334,1.0,0.5915101182350508
elastic_net,linear_sparse,58,0.5833333333333334,1.0,0.6146598877296335
elastic_net,linear_sparse,59,0.5833333333333334,1.0,0.6343665892458707
elastic_net,linear_sparse,60,0.5833333333333334,1.0,0.7550262997675928
elastic_net,linear_sparse,61,0.5833333333333334,1.0,0.6322349316852507
elastic_net,linear_sparse,62,0.5833333333333334,1.0,0.6323129661195463
elastic_net,linear_sparse,63,0.5833333333333334,1.0,0.7174581279022711
elastic_net,linear_sparse,64,0.5833333333333334,1.0,0.6711609425665198
elastic_net,linear_sparse,65,0.5833333333333334,1.0,0.6041733460952123
elastic_net,linear_sparse,66,0.5833333333333334,1.0,0.637686206259071
elastic_net,linear_sparse,67,0.5833333333333334,1.0,0.6367506519621182
elastic_net,linear_sparse,68,0.5833333333333334,1.0,0.6403161304628737
elastic_net,linear_sparse,69,0.5833333333333334,1.0,0.6569114150993657
elastic_net,linear_sparse,70,0.5833333333333334,1.0,0.7219189338368815
elastic_net,linear_sparse,71,0.5833333333333334,1.0,0.6432490653326639
elastic_net,linear_sparse,72,0.5833333333333334,1.0,0.6473394254707755
elastic_net,linear_sparse,73,0.5833333333333334,1.0,0.6686542204643835
elastic_net,linear_sparse,74,0.5833333333333334,1.0,0.5959662268441439
elastic_net,linear_sparse,75,0.5833333333333334,1.0,0.604102729350677
elastic_net,linear_sparse,76,0.5833333333333334,1.0,0.6259463822588073
elastic_net,linear_sparse,77,0.5833333333333334,1.0,0.6104928565752729
elastic_net,linear_sparse,78,0.5833333333333334,1.0,0.6546410787814543
elastic_net,linear_sparse,79,0.5833333333333334,1.0,0.6241092065628199
elastic_net,linear_sparse,80,0.5833333333333334,1.0,0.5941344954322475
elastic_net,linear_sparse,81,0.5833333333333334,1.0,0.6533984514252363
elastic_net,linear_sparse,82,0.5833333333333334,1.0,0.6457478669887271
elastic_net,linear_sparse,83,0.5833333333333334,1.0,0.6271819694469477
elastic_net,linear_sparse,84,0.5833333333333334,1.0,0.6159723606338107
elastic_net,linear_sparse,85,0.5833333333333334,1.0,0.6342577949620708
elastic_net,linear_sparse,86,0.5833333333333334,1.0,0.6113131976483492
elastic_net,linear_sparse,87,0.5833333333333334,1.0,0.6786659497567197
elastic_net,linear_sparse,88,0.5833333333333334,1.0,0.6604876521655916
elastic_net,linear_sparse,89,0.5833333333333334,1.0,0.5981491165919766
elastic_net,linear_sparse,90,0.5833333333333334,1.0,0.6418984098283649
elastic_net,linear_sparse,91,0.5833333333333334,1.0,0.6613042849256202
elastic_net,linear_sparse,92,0.5833333333333334,1.0,0.6026236198429971
elastic_net,linear_sparse,93,0.5833333333333334,1.0,0.5853322717168783
elastic_net,linear_sparse,94,0.5833333333333334,1.0,0.6089338667324121
elastic_net,linear_sparse,95,0.5833333333333334,1.0,0.6486557161721727
elastic_net,linear_sparse,96,0.5833333333333334,1.0,0.6238094251832397
elastic_net,linear_sparse,97,0.5833333333333334,1.0,0.6057799839013497
elastic_net,linear_sparse,98,0.5833333333333334,1.0,0.602131375649634
elastic_net,linear_sparse,99,0.5833333333333334,1.0,0.6372537652035446
elastic_net,linear_medium,0,0.16666666666666666,1.0,1.0903137318837988
elastic_net,linear_medium,1,0.16666666666666666,1.0,1.0542622056138804
elastic_net,linear_medium,2,0.16666666666666666,1.0,1.0582054602536068
elastic_net,linear_medium,3,0.16666666666666666,1.0,1.1247289572571237
elastic_net,linear_medium,4,0.16666666666666666,1.0,1.1085514191749903
elastic_net,linear_medium,5,0.16666666666666666,1.0,1.0802191644510042
elastic_net,linear_medium,6,0.16666666666666666,1.0,1.1082083420027735
elastic_net,linear_medium,7,0.16666666666666666,1.0,1.0622949807369837
elastic_net,linear_medium,8,0.16666666666666666,1.0,1.0894005646688687
elastic_net,linear_medium,9,0.16666666666666666,1.0,1.026447792299674
elastic_net,linear_medium,10,0.16666666666666666,1.0,1.0855672305204227
elastic_net,linear_medium,11,0.16666666666666666,1.0,1.037795343158399
elastic_net,linear_medium,12,0.16666666666666666,1.0,1.0398795753730437
elastic_net,linear_medium,13,0.16666666666666666,1.0,1.0164933713544115
elastic_net,linear_medium,14,0.16666666666666666,1.0,1.0494727620499227
elastic_net,linear_medium,15,0.16666666666666666,1.0,1.0316056540811527
elastic_net,linear_medium,16,0.16666666666666666,1.0,1.1285807159116752
elastic_net,linear_medium,17,0.16666666666666666,1.0,1.0661428841828353
elastic_net,linear_medium,18,0.16666666666666666,1.0,1.0641357341242896
elastic_net,linear_medium,19,0.16666666666666666,1.0,1.028975708334058
elastic_net,linear_medium,20,0.16666666666666666,1.0,1.1466899959161792
elastic_net,linear_medium,21,0.16666666666666666,1.0,1.0658186653236108
elastic_net,linear_medium,22,0.16666666666666666,1.0,1.0590117938121593
elastic_net,linear_medium,23,0.16666666666666666,1.0,1.0499313884870756
elastic_net,linear_medium,24,0.16666666666666666,1.0,1.0061723473494262
elastic_net,linear_medium,25,0.16666666666666666,1.0,1.134076481811683
elastic_net,linear_medium,26,0.16666666666666666,1.0,1.0292325347884363
elastic_net,linear_medium,27,0.16666666666666666,1.0,1.0137877927211145
elastic_net,linear_medium,28,0.16666666666666666,1.0,1.0242374934746064
elastic_net,linear_medium,29,0.16666666666666666,1.0,1.0511210869451977
elastic_net,linear_medium,30,0.16666666666666666,1.0,1.1068476807239391
elastic_net,linear_medium,31,0.16666666666666666,1.0,1.1189428075653651
elastic_net,linear_medium,32,0.16666666666666666,1.0,1.0798828253506878
elastic_net,linear_medium,33,0.16666666666666666,1.0,1.0476834026014719
elastic_net,linear_medium,34,0.16666666666666666,1.0,1.0553899488577085
elastic_net,linear_medium,35,0.16666666666666666,1.0,1.0720701114008386
elastic_net,linear_medium,36,0.16666666666666666,1.0,1.070451002690701
elastic_net,linear_medium,37,0.16666666666666666,1.0,1.0767790520263651
elastic_net,linear_medium,38,0.16666666666666666,1.0,1.0850325839395278
elastic_net,linear_medium,39,0.16666666666666666,1.0,1.0169944310498826
elastic_net,linear_medium,40,0.16666666666666666,1.0,1.0602037599917515
elastic_net,linear_medium,41,0.16666666666666666,1.0,1.0768758542869599
elastic_net,linear_medium,42,0.16666666666666666,1.0,1.0441474239954551
elastic_net,linear_medium,43,0.16666666666666666,1.0,1.022044538944924
elastic_net,linear_medium,44,0.16666666666666666,1.0,0.9605492341235964
elastic_net,linear_medium,45,0.16666666666666666,1.0,1.107735009101594
elastic_net,linear_medium,46,0.16666666666666666,1.0,1.140113725344524
elastic_net,linear_medium,47,0.16666666666666666,1.0,1.077506920137095
elastic_net,linear_medium,48,0.16666666666666666,1.0,1.13850225672339
elastic_net,linear_medium,49,0.16666666666666666,1.0,1.0281410014672636
elastic_net,linear_medium,50,0.16666666666666666,1.0,1.0455304219483634
elastic_net,linear_medium,51,0.16666666666666666,1.0,1.0597294613264387
elastic_net,linear_medium,52,0.16666666666666666,1.0,1.1157232010852007
elastic_net,linear_medium,53,0.16666666666666666,1.0,1.075328219683165
elastic_net,linear_medium,54,0.16666666666666666,1.0,1.034843293920306
elastic_net,linear_medium,55,0.16666666666666666,1.0,1.106579064596813
elastic_net,linear_medium,56,0.16666666666666666,1.0,1.1066443540735862
elastic_net,linear_medium,57,0.16666666666666666,1.0,1.1116416781459075
elastic_net,linear_medium,58,0.16666666666666666,1.0,1.0607960652464283
elastic_net,linear_medium,59,0.16666666666666666,1.0,1.0641247952388107
elastic_net,linear_medium,60,0.16666666666666666,1.0,1.050653610286747
elastic_net,linear_medium,61,0.16666666666666666,1.0,1.077234692766011
elastic_net,linear_medium,62,0.16666666666666666,1.0,1.0985801075918549
elastic_net,linear_medium,63,0.16666666666666666,1.0,1.0826004889493428
elastic_net,linear_medium,64,0.16666666666666666,1.0,1.1321703266485383
elastic_net,linear_medium,65,0.16666666666666666,1.0,1.0559178206205084
elastic_net,linear_medium,66,0.16666666666666666,1.0,1.1011537692280657
elastic_net,linear_medium,67,0.16666666666666666,1.0,1.1217103456425652
elastic_net,linear_medium,68,0.16666666666666666,1.0,1.0608516129726486
elastic_net,linear_medium,69,0.16666666666666666,1.0,1.064685028350925
elastic_net,linear_medium,70,0.16666666666666666,1.0,1.097374525333637
elastic_net,linear_medium,71,0.16666666666666666,1.0,1.0013418997266403
elastic_net,linear_medium,72,0.16666666666666666,1.0,1.1622928238934485
elastic_net,linear_medium,73,0.16666666666666666,1.0,1.0727355156736456
elastic_net,linear_medium,74,0.16666666666666666,1.0,1.0379789228515393
elastic_net,linear_medium,75,0.16666666666666666,1.0,1.1229730166561915
elastic_net,linear_medium,76,0.16666666666666666,1.0,1.090566370737882
elastic_net,linear_medium,77,0.16666666666666666,1.0,1.0646255994894354
elastic_net,linear_medium,78,0.16666666666666666,1.0,1.0910009162156555
elastic_net,linear_medium,79,0.16666666666666666,1.0,1.1548622794605876
elastic_net,linear_medium,80,0.16666666666666666,1.0,1.047749087085211
elastic_net,linear_medium,81,0.16666666666666666,1.0,1.1238707391990375
elastic_net,linear_medium,82,0.16666666666666666,1.0,1.1023827548492209
elastic_net,linear_medium,83,0.16666666666666666,1.0,1.0429931345580776
elastic_net,linear_medium,84,0.16666666666666666,1.0,1.1000795148990437
elastic_net,linear_medium,85,0.16666666666666666,1.0,1.1503164372249637
elastic_net,linear_medium,86,0.16666666666666666,1.0,1.07463817134516
elastic_net,linear_medium,87,0.16666666666666666,1.0,1.0458499642843617
elastic_net,linear_medium,88,0.16666666666666666,1.0,1.0439839560979784
elastic_net,linear_medium,89,0.16666666666666666,1.0,1.1297387872491758
elastic_net,linear_medium,90,0.16666666666666666,1.0,1.0314418025697043
elastic_net,linear_medium,91,0.16666666666666666,1.0,1.0255956797549257
elastic_net,linear_medium,92,0.16666666666666666,1.0,1.1252025380497355
elastic_net,linear_medium,93,0.16666666666666666,1.0,1.038533627981427
elastic_net,linear_medium,94,0.16666666666666666,1.0,1.0178999756327731
elastic_net,linear_medium,95,0.16666666666666666,1.0,1.050219850579915
elastic_net,linear_medium,96,0.16666666666666666,1.0,1.0236859781039926
elastic_net,linear_medium,97,0.16666666666666666,1.0,1.0954511852614535
elastic_net,linear_medium,98,0.16666666666666666,1.0,1.0517941086560434
elastic_net,linear_medium,99,0.16666666666666666,1.0,1.075444394699357
elastic_net,linear_weak,0,0.25,0.9,1.9555110928756576
elastic_net,linear_weak,1,0.16666666666666666,1.0,1.9163088965479789
elastic_net,linear_weak,2,0.16666666666666666,1.0,1.8778887385941296
elastic_net,linear_weak,3,0.16666666666666666,1.0,1.8909774386002867
elastic_net,linear_weak,4,0.25,0.9,1.9116116356305364
elastic_net,linear_weak,5,0.16666666666666666,1.0,1.8144349660793893
elastic_net,linear_weak,6,0.16666666666666666,1.0,1.9515306460596908
elastic_net,linear_weak,7,0.16666666666666666,1.0,1.936743576169879
elastic_net,linear_weak,8,0.16666666666666666,1.0,1.9139355651370682
elastic_net,linear_weak,9,0.25,0.9,1.79491283192771
elastic_net,linear_weak,10,0.16666666666666666,1.0,1.888529744380582
elastic_net,linear_weak,11,0.16666666666666666,1.0,1.7975704354267898
elastic_net,linear_weak,12,0.16666666666666666,1.0,1.788944504267674
elastic_net,linear_weak,13,0.16666666666666666,1.0,1.8701910679824107
elastic_net,linear_weak,14,0.16666666666666666,1.0,1.8705038174174284
elastic_net,linear_weak,15,0.16666666666666666,1.0,1.6985318836733179
elastic_net,linear_weak,16,0.16666666666666666,1.0,1.922159721898036
elastic_net,linear_weak,17,0.16666666666666666,1.0,1.9243724737068937
elastic_net,linear_weak,18,0.25,0.9,1.9895532833250913
elastic_net,linear_weak,19,0.16666666666666666,1.0,1.8955016002538054
elastic_net,linear_weak,20,0.16666666666666666,1.0,1.8308818814715386
elastic_net,linear_weak,21,0.16666666666666666,1.0,1.8983538967017313
elastic_net,linear_weak,22,0.16666666666666666,1.0,1.9030113962990636
elastic_net,linear_weak,23,0.16666666666666666,1.0,1.826570295090747
elastic_net,linear_weak,24,0.16666666666666666,1.0,1.8228082021971899
elastic_net,linear_weak,25,0.16666666666666666,1.0,1.818279396360117
elastic_net,linear_weak,26,0.16666666666666666,1.0,1.8066687612830303
elastic_net,linear_weak,27,0.16666666666666666,1.0,1.8871014890534112
elastic_net,linear_weak,28,0.16666666666666666,1.0,1.8259730917017682
elastic_net,linear_weak,29,0.16666666666666666,1.0,1.9096459622745363
elastic_net,linear_weak,30,0.16666666666666666,1.0,1.8974163793041448
elastic_net,linear_weak,31,0.16666666666666666,1.0,1.864246117281587
elastic_net,linear_weak,32,0.16666666666666666,1.0,1.870555929737431
elastic_net,linear_weak,33,0.16666666666666666,1.0,1.7436096449803167
elastic_net,linear_weak,34,0.16666666666666666,1.0,1.8178898570893673
elastic_net,linear_weak,35,0.25,0.9,1.8344173881496015
elastic_net,linear_weak,36,0.16666666666666666,1.0,1.9178705374963565
elastic_net,linear_weak,37,0.25,0.9,2.015916084213695
elastic_net,linear_weak,38,0.16666666666666666,1.0,1.9280641009749133
elastic_net,linear_weak,39,0.16666666666666666,1.0,1.8870185158658666
elastic_net,linear_weak,40,0.16666666666666666,1.0,1.8945264830490993
elastic_net,linear_weak,41,0.16666666666666666,1.0,1.9057971966223306
elastic_net,linear_weak,42,0.16666666666666666,1.0,1.9666436874657993
elastic_net,linear_weak,43,0.16666666666666666,1.0,1.9176311894314073
elastic_net,linear_weak,44,0.16666666666666666,1.0,2.062677369345868
elastic_net,linear_weak,45,0.25,0.9,2.0627968004395996
elastic_net,linear_weak,46,0.16666666666666666,1.0,1.911022156089635
elastic_net,linear_weak,47,0.16666666666666666,1.0,1.8250356590742378
elastic_net,linear_weak,48,0.25,0.9,1.8209375445872855
elastic_net,linear_weak,49,0.16666666666666666,1.0,1.9151647401301362
elastic_net,linear_weak,50,0.16666666666666666,1.0,1.9724282394939547
elastic_net,linear_weak,51,0.25,0.9,1.826766602838112
elastic_net,linear_weak,52,0.16666666666666666,1.0,1.7806451809424373
elastic_net,linear_weak,53,0.25,0.9,1.9562552002745337
elastic_net,linear_weak,54,0.16666666666666666,1.0,1.8707024986859666
elastic_net,linear_weak,55,0.25,0.9,1.9070944959606124
elastic_net,linear_weak,56,0.16666666666666666,1.0,1.8908793614699568
elastic_net,linear_weak,57,0.16666666666666666,1.0,1.897247982759868
elastic_net,linear_weak,58,0.25,0.9,1.7266379277782078
elastic_net,linear_weak,59,0.16666666666666666,1.0,1.912978309588924
elastic_net,linear_weak,60,0.16666666666666666,1.0,1.761980528416336
elastic_net,linear_weak,61,0.16666666666666666,1.0,1.9783605804701778
elastic_net,linear_weak,62,0.25,0.9,1.9190454088157392
elastic_net,linear_weak,63,0.16666666666666666,1.0,1.9513021364283543
elastic_net,linear_weak,64,0.25,0.9,1.97592258538662
elastic_net,linear_weak,65,0.16666666666666666,1.0,1.9410740297142082
elastic_net,linear_weak,66,0.16666666666666666,1.0,1.967346834612376
elastic_net,linear_weak,67,0.16666666666666666,1.0,1.881948535388186
elastic_net,linear_weak,68,0.16666666666666666,1.0,1.8147987176619567
elastic_net,linear_weak,69,0.16666666666666666,1.0,1.9061624529762755
elastic_net,linear_weak,70,0.16666666666666666,1.0,1.8830111330250316
elastic_net,linear_weak,71,0.16666666666666666,1.0,1.8822220832222523
elastic_net,linear_weak,72,0.16666666666666666,1.0,1.833139969809201
elastic_net,linear_weak,73,0.25,0.9,1.9954167587761684
elastic_net,linear_weak,74,0.16666666666666666,1.0,1.9479355923330195
elastic_net,linear_weak,75,0.16666666666666666,1.0,1.9263812756070822
elastic_net,linear_weak,76,0.16666666666666666,1.0,1.854796004035491
elastic_net,linear_weak,77,0.25,0.9,1.8133320345146406
elastic_net,linear_weak,78,0.16666666666666666,1.0,1.9029106773647497
elastic_net,linear_weak,79,0.16666666666666666,1.0,1.8208636886563545
elastic_net,linear_weak,80,0.16666666666666666,1.0,1.8828796608581424
elastic_net,linear_weak,81,0.16666666666666666,1.0,1.9449514432733703
elastic_net,linear_weak,82,0.16666666666666666,1.0,1.8280538309447096
elastic_net,linear_weak,83,0.16666666666666666,1.0,1.8962317409388685
elastic_net,linear_weak,84,0.16666666666666666,1.0,1.8445967481546648
elastic_net,linear_weak,85,0.16666666666666666,1.0,1.851677180112302
elastic_net,linear_weak,86,0.25,0.9,1.9037558831331078
elastic_net,linear_weak,87,0.25,0.9,1.9437645185280654
elastic_net,linear_weak,88,0.16666666666666666,1.0,1.912500778856661
elastic_net,linear_weak,89,0.25,0.9,1.828002712141628
elastic_net,linear_weak,90,0.16666666666666666,1.0,1.7454771782890226
elastic_net,linear_weak,91,0.16666666666666666,1.0,1.8650630406479156
elastic_net,linear_weak,92,0.16666666666666666,1.0,1.9068208472288652
elastic_net,linear_weak,93,0.16666666666666666,1.0,1.7646459110774677
elastic_net,linear_weak,94,0.16666666666666666,1.0,1.924535885759755
elastic_net,linear_weak,95,0.3333333333333333,0.8,1.9205469162173658
elastic_net,linear_weak,96,0.16666666666666666,1.0,1.8534725709426667
elastic_net,linear_weak,97,0.16666666666666666,1.0,1.791731265969361
elastic_net,linear_weak,98,0.16666666666666666,1.0,1.8844356081530407
elastic_net,linear_weak,99,0.16666666666666666,1.0,1.9000934414690716
elastic_net,linear_dense,0,0.0,0.8,1.16112691839159
elastic_net,linear_dense,1,0.0,0.8,1.2675118711772988
elastic_net,linear_dense,2,0.0,0.8,1.1360740701991128
elastic_net,linear_dense,3,0.0,0.8,1.1709660875251109
elastic_net,linear_dense,4,0.0,0.8,1.0220695983990569
elastic_net,linear_dense,5,0.0,0.8,1.075946314610762
elastic_net,linear_dense,6,0.0,0.8,1.0554696518476394
elastic_net,linear_dense,7,0.0,0.8,1.1089536468299865
elastic_net,linear_dense,8,0.0,0.8,1.0890450924320887
elastic_net,linear_dense,9,0.0,0.8,1.0398360326668428
elastic_net,linear_dense,10,0.0,0.8,1.117048829308748
elastic_net,linear_dense,11,0.0,0.8,1.0474446604437744
elastic_net,linear_dense,12,0.0,0.8,1.1179618919925187
elastic_net,linear_dense,13,0.0,0.8,1.1348111223530508
elastic_net,linear_dense,14,0.0,0.8,1.0382582761349464
elastic_net,linear_dense,15,0.0,0.8,1.0643435751088186
elastic_net,linear_dense,16,0.0,0.8,1.0521009988264323
elastic_net,linear_dense,17,0.0,0.8,1.1438105573386783
elastic_net,linear_dense,18,0.0,0.8,1.0360156874885418
elastic_net,linear_dense,19,0.0,0.8,1.0868606476488194
elastic_net,linear_dense,20,0.0,0.8,1.0605101721223706
elastic_net,linear_dense,21,0.0,0.8,1.0971653400154657
elastic_net,linear_dense,22,0.0,0.8,1.2146539312603277
elastic_net,linear_dense,23,0.0,0.8,1.1383681491051565
elastic_net,linear_dense,24,0.0,0.8,1.205326338454877
elastic_net,linear_dense,25,0.0,0.8,1.0111784939330606
elastic_net,linear_dense,26,0.0,0.8,1.0913061375170796
elastic_net,linear_dense,27,0.0,0.8,1.1508897152678972
elastic_net,linear_dense,28,0.0,0.8,1.0933326781924944
elastic_net,linear_dense,29,0.0,0.8,1.062811564410769
elastic_net,linear_dense,30,0.0,0.8,1.0624055351538202
elastic_net,linear_dense,31,0.0,0.8,1.0829277410499325
elastic_net,linear_dense,32,0.0,0.8,1.0720675495370515
elastic_net,linear_dense,33,0.0,0.8,1.0870153444194166
elastic_net,linear_dense,34,0.0,0.8,1.1553014523897305
elastic_net,linear_dense,35,0.0,0.8,1.1575928074531052
elastic_net,linear_dense,36,0.0,0.8,1.1127683487121047
elastic_net,linear_dense,37,0.0,0.8,1.0775456270220614
elastic_net,linear_dense,38,0.0,0.8,1.1225668042922559
elastic_net,linear_dense,39,0.0,0.8,1.038322728250199
elastic_net,linear_dense,40,0.0,0.8,1.06480824839219
elastic_net,linear_dense,41,0.0,0.8,1.031701686801609
elastic_net,linear_dense,42,0.0,0.8,1.094244381201984
elastic_net,linear_dense,43,0.0,0.8,1.1641080385622655
elastic_net,linear_dense,44,0.0,0.8,1.1307439255359113
elastic_net,linear_dense,45,0.0,0.8,1.085891461938239
elastic_net,linear_dense,46,0.0,0.8,1.2164405154044218
elastic_net,linear_dense,47,0.0,0.8,1.0501707321928757
elastic_net,linear_dense,48,0.0,0.8,1.0203287998488473
elastic_net,linear_dense,49,0.0,0.8,1.1138338519647144
elastic_net,linear_dense,50,0.0,0.8,1.0235157729078797
elastic_net,linear_dense,51,0.0,0.8,1.084418796575473
elastic_net,linear_dense,52,0.0,0.8,1.0781471948963763
elastic_net,linear_dense,53,0.0,0.8,1.1285939614884488
elastic_net,linear_dense,54,0.0,0.8,1.0546174854722068
elastic_net,linear_dense,55,0.0,0.8,1.071629268213431
elastic_net,linear_dense,56,0.0,0.8,1.0674609974991711
elastic_net,linear_dense,57,0.0,0.8,1.1246040287621126
elastic_net,linear_dense,58,0.0,0.8,1.0918463393340188
elastic_net,linear_dense,59,0.0,0.8,1.1200754260081653
elastic_net,linear_dense,60,0.0,0.8,1.148392852834449
elastic_net,linear_dense,61,0.0,0.8,1.06285302988606
elastic_net,linear_dense,62,0.0,0.8,1.0880537151353187
elastic_net,linear_dense,63,0.0,0.8,1.167989616481238
elastic_net,linear_dense,64,0.0,0.8,1.0978525144445785
elastic_net,linear_dense,65,0.0,0.8,1.1957772929726724
elastic_net,linear_dense,66,0.0,0.8,1.0837392292190526
elastic_net,linear_dense,67,0.0,0.8,1.1231079828148864
elastic_net,linear_dense,68,0.0,0.8,1.064704304268038
elastic_net,linear_dense,69,0.0,0.8,1.0608486858730486
elastic_net,linear_dense,70,0.0,0.8,1.1032582815739986
elastic_net,linear_dense,71,0.0,0.8,1.0627583587121947
elastic_net,linear_dense,72,0.0,0.8,1.1185501075530955
elastic_net,linear_dense,73,0.0,0.8,1.0718624145283029
elastic_net,linear_dense,74,0.0,0.8,1.1536472353577343
elastic_net,linear_dense,75,0.0,0.8,1.0402686101095746
elastic_net,linear_dense,76,0.0,0.8,1.0909872850532745
elastic_net,linear_dense,77,0.0,0.8,1.0901420453823145
elastic_net,linear_dense,78,0.0,0.8,1.071352085000885
elastic_net,linear_dense,79,0.0,0.8,1.1336584733976802
elastic_net,linear_dense,80,0.0,0.8,1.0925393414328055
elastic_net,linear_dense,81,0.0,0.8,1.1357242446445652
elastic_net,linear_dense,82,0.0,0.8,1.0884224773738571
elastic_net,linear_dense,83,0.0,0.8,1.0307545753207363
elastic_net,linear_dense,84,0.0,0.8,1.0926910168662778
elastic_net,linear_dense,85,0.0,0.8,1.1431763904939902
elastic_net,linear_dense,86,0.0,0.8,1.1366850427035633
elastic_net,linear_dense,87,0.0,0.8,1.1876076724703115
elastic_net,linear_dense,88,0.0,0.8,1.1358580181509317
elastic_net,linear_dense,89,0.0,0.8,1.1266823741905772
elastic_net,linear_dense,90,0.0,0.8,1.1404136140898993
elastic_net,linear_dense,91,0.0,0.8,1.0198308644554621
elastic_net,linear_dense,92,0.0,0.8,1.1109512172442815
elastic_net,linear_dense,93,0.0,0.8,1.166199434379677
elastic_net,linear_dense,94,0.0,0.8,1.1769701791958018
elastic_net,linear_dense,95,0.0,0.8,1.0013692337038047
elastic_net,linear_dense,96,0.0,0.8,1.0901088819907168
elastic_net,linear_dense,97,0.0,0.8,1.1610779149197514
elastic_net,linear_dense,98,0.0,0.8,1.0785419614433496
elastic_net,linear_dense,99,0.0,0.8,1.095990915556791
elastic_net,nonlinear,0,0.6666666666666666,0.4,1.2774586702130741
elastic_net,nonlinear,1,0.5,0.6,1.14451474075728
elastic_net,nonlinear,2,0.3333333333333333,0.8,1.121519346077592
elastic_net,nonlinear,3,0.5833333333333334,0.5,1.1839396115979124
elastic_net,nonlinear,4,0.3333333333333333,0.8,1.0852089380717802
elastic_net,nonlinear,5,0.5,0.6,1.4707391998200527
elastic_net,nonlinear,6,0.4166666666666667,0.7,1.2211556112011237
elastic_net,nonlinear,7,0.5,0.6,1.236994529354086
elastic_net,nonlinear,8,0.5,0.6,1.3033927472429279
elastic_net,nonlinear,9,0.5,0.6,1.2190939104461056
elastic_net,nonlinear,10,0.5,0.6,1.1567037770304402
elastic_net,nonlinear,11,0.5833333333333334,0.5,1.1534164236449653
elastic_net,nonlinear,12,0.5,0.6,1.202251291237446
elastic_net,nonlinear,13,0.5833333333333334,0.5,1.3241126821211173
elastic_net,nonlinear,14,0.5,0.6,1.1393329551144087
elastic_net,nonlinear,15,0.6666666666666666,0.4,1.3655281826049845
elastic_net,nonlinear,16,0.4166666666666667,0.7,1.2914607293725122
elastic_net,nonlinear,17,0.5833333333333334,0.5,1.341640095098401
elastic_net,nonlinear,18,0.6666666666666666,0.4,1.3220235979376307
elastic_net,nonlinear,19,0.5833333333333334,0.5,1.3053950933577272
elastic_net,nonlinear,20,0.4166666666666667,0.7,1.1771853119790217
elastic_net,nonlinear,21,0.5833333333333334,0.5,1.2478117383278406
elastic_net,nonlinear,22,0.5833333333333334,0.5,1.1958185273187285
elastic_net,nonlinear,23,0.4166666666666667,0.7,1.2662222289797656
elastic_net,nonlinear,24,0.4166666666666667,0.7,1.1833796606197216
elastic_net,nonlinear,25,0.5833333333333334,0.5,1.1461840812666837
elastic_net,nonlinear,26,0.5833333333333334,0.5,1.246105481202545
elastic_net,nonlinear,27,0.75,0.3,1.371626599682453
elastic_net,nonlinear,28,0.6666666666666666,0.4,1.1051049056266522
elastic_net,nonlinear,29,0.4166666666666667,0.7,1.277548195336227
elastic_net,nonlinear,30,0.6666666666666666,0.4,1.174821866602819
elastic_net,nonlinear,31,0.5,0.6,1.3288470099906338
elastic_net,nonlinear,32,0.5833333333333334,0.5,1.262681183246013
elastic_net,nonlinear,33,0.4166666666666667,0.7,1.2282002426531322
elastic_net,nonlinear,34,0.5,0.6,1.2411746459780748
elastic_net,nonlinear,35,0.4166666666666667,0.7,1.319986834390447
elastic_net,nonlinear,36,0.5833333333333334,0.5,1.146001198918507
elastic_net,nonlinear,37,0.5,0.6,1.5080858444026035
elastic_net,nonlinear,38,0.5,0.6,1.4315969092969816
elastic_net,nonlinear,39,0.4166666666666667,0.7,1.1397742948418568
elastic_net,nonlinear,40,0.6666666666666666,0.4,1.2318767803850599
elastic_net,nonlinear,41,0.4166666666666667,0.7,1.0978400926574172
elastic_net,nonlinear,42,0.5833333333333334,0.5,1.1921413881579952
elastic_net,nonlinear,43,0.4166666666666667,0.7,1.2450129619822372
elastic_net,nonlinear,44,0.5833333333333334,0.5,1.3146182634437076
elastic_net,nonlinear,45,0.5833333333333334,0.5,1.1218376627939506
elastic_net,nonlinear,46,0.5833333333333334,0.5,1.1848216718775861
elastic_net,nonlinear,47,0.5833333333333334,0.5,1.1527928841228734
elastic_net,nonlinear,48,0.4166666666666667,0.7,1.1607187826884031
elastic_net,nonlinear,49,0.5,0.6,1.2811971026926858
elastic_net,nonlinear,50,0.4166666666666667,0.7,1.1103114256803983
elastic_net,nonlinear,51,0.4166666666666667,0.7,1.3191448658176
elastic_net,nonlinear,52,0.5,0.6,1.2323810305053169
elastic_net,nonlinear,53,0.4166666666666667,0.7,1.1405124299499914
elastic_net,nonlinear,54,0.5,0.6,1.736156662920248
elastic_net,nonlinear,55,0.5833333333333334,0.5,1.2791883421318713
elastic_net,nonlinear,56,0.4166666666666667,0.7,1.2926344756918566
elastic_net,nonlinear,57,0.5,0.6,1.1978567951762715
elastic_net,nonlinear,58,0.3333333333333333,0.8,1.138802088694291
elastic_net,nonlinear,59,0.5,0.6,1.1611568618397192
elastic_net,nonlinear,60,0.5833333333333334,0.5,1.0940555455022893
elastic_net,nonlinear,61,0.6666666666666666,0.4,1.225822385607408
elastic_net,nonlinear,62,0.5,0.6,1.2220501580684837
elastic_net,nonlinear,63,0.5,0.6,1.0733762170024037
elastic_net,nonlinear,64,0.5833333333333334,0.5,1.2810209062187226
elastic_net,nonlinear,65,0.5833333333333334,0.5,1.2162203007008034
elastic_net,nonlinear,66,0.5,0.6,1.2700125588831852
elastic_net,nonlinear,67,0.3333333333333333,0.8,1.269152146582041
elastic_net,nonlinear,68,0.5833333333333334,0.5,1.1366856436840895
elastic_net,nonlinear,69,0.3333333333333333,0.8,1.221940395558578
elastic_net,nonlinear,70,0.6666666666666666,0.4,1.1978461392802977
elastic_net,nonlinear,71,0.5,0.6,1.1890789419170331
elastic_net,nonlinear,72,0.5,0.6,1.1751067112002311
elastic_net,nonlinear,73,0.5,0.6,1.2806834568329943
elastic_net,nonlinear,74,0.4166666666666667,0.7,1.2012492168587128
elastic_net,nonlinear,75,0.5,0.6,1.2852922704965566
elastic_net,nonlinear,76,0.4166666666666667,0.7,1.1466142184934476
elastic_net,nonlinear,77,0.5,0.6,1.3151192831640681
elastic_net,nonlinear,78,0.5833333333333334,0.5,1.1309637772686385
elastic_net,nonlinear,79,0.5,0.6,1.1640900036223272
elastic_net,nonlinear,80,0.5833333333333334,0.5,1.2038432023508563
elastic_net,nonlinear,81,0.5,0.6,1.2273879907054248
elastic_net,nonlinear,82,0.5833333333333334,0.5,1.191342941590491
elastic_net,nonlinear,83,0.5,0.6,1.2796568840067142
elastic_net,nonlinear,84,0.5,0.6,1.1164129633489195
elastic_net,nonlinear,85,0.5,0.6,1.1303303167893348
elastic_net,nonlinear,86,0.5,0.6,1.1501387311193956
elastic_net,nonlinear,87,0.5833333333333334,0.5,1.188723077560035
elastic_net,nonlinear,88,0.4166666666666667,0.7,1.251107796948458
elastic_net,nonlinear,89,0.4166666666666667,0.7,1.1598452163414563
elastic_net,nonlinear,90,0.5,0.6,1.419390983718407
elastic_net,nonlinear,91,0.5,0.6,1.2406720196296581
elastic_net,nonlinear,92,0.5,0.6,1.268162105334783
elastic_net,nonlinear,93,0.5,0.6,1.2087410867459414
elastic_net,nonlinear,94,0.4166666666666667,0.7,1.3209529197227479
elastic_net,nonlinear,95,0.5,0.6,1.1924511705670287
elastic_net,nonlinear,96,0.5,0.6,1.1373151771747585
elastic_net,nonlinear,97,0.6666666666666666,0.4,1.2255605030800747
elastic_net,nonlinear,98,0.4166666666666667,0.7,1.5689944944571843
elastic_net,nonlinear,99,0.4166666666666667,0.7,1.3483169850771457
elastic_net,nonlinear_panel,0,0.4166666666666667,0.7,1.1741992652552349
elastic_net,nonlinear_panel,1,0.5833333333333334,0.5,1.249598402969538
elastic_net,nonlinear_panel,2,0.4166666666666667,0.7,1.1934987285444003
elastic_net,nonlinear_panel,3,0.3333333333333333,0.8,1.264122528223015
elastic_net,nonlinear_panel,4,0.5833333333333334,0.5,1.3439661352846657
elastic_net,nonlinear_panel,5,0.5,0.6,1.2700527008890135
elastic_net,nonlinear_panel,6,0.5,0.6,1.2571891678193454
elastic_net,nonlinear_panel,7,0.5,0.6,1.1934513260108814
elastic_net,nonlinear_panel,8,0.3333333333333333,0.8,1.545577260095702
elastic_net,nonlinear_panel,9,0.6666666666666666,0.4,1.274065113990529
elastic_net,nonlinear_panel,10,0.25,0.9,1.3097594064663607
elastic_net,nonlinear_panel,11,0.5833333333333334,0.5,1.1280478976141861
elastic_net,nonlinear_panel,12,0.5,0.6,1.0767615300468727
elastic_net,nonlinear_panel,13,0.5833333333333334,0.5,1.231454972311003
elastic_net,nonlinear_panel,14,0.5833333333333334,0.5,1.2618572433301056
elastic_net,nonlinear_panel,15,0.5833333333333334,0.5,1.1379569702595542
elastic_net,nonlinear_panel,16,0.5,0.6,1.189437279358821
elastic_net,nonlinear_panel,17,0.5833333333333334,0.5,1.2294165720751038
elastic_net,nonlinear_panel,18,0.6666666666666666,0.4,1.201250892861205
elastic_net,nonlinear_panel,19,0.5,0.6,1.3084137613687004
elastic_net,nonlinear_panel,20,0.5833333333333334,0.5,1.3129307709470113
elastic_net,nonlinear_panel,21,0.5,0.6,1.2770928412428004
elastic_net,nonlinear_panel,22,0.4166666666666667,0.7,1.6044274642590801
elastic_net,nonlinear_panel,23,0.6666666666666666,0.4,1.1539899979381818
elastic_net,nonlinear_panel,24,0.6666666666666666,0.4,1.2417045227982664
elastic_net,nonlinear_panel,25,0.6666666666666666,0.4,1.4816257686403345
elastic_net,nonlinear_panel,26,0.4166666666666667,0.7,1.1857261968138537
elastic_net,nonlinear_panel,27,0.4166666666666667,0.7,1.3660387530124716
elastic_net,nonlinear_panel,28,0.5833333333333334,0.5,1.1388273591450997
elastic_net,nonlinear_panel,29,0.3333333333333333,0.8,1.103717163925586
elastic_net,nonlinear_panel,30,0.5,0.6,1.3374343188905111
elastic_net,nonlinear_panel,31,0.5,0.6,1.1016157389471286
elastic_net,nonlinear_panel,32,0.4166666666666667,0.7,1.043734594419667
elastic_net,nonlinear_panel,33,0.4166666666666667,0.7,1.2249193387526656
elastic_net,nonlinear_panel,34,0.5833333333333334,0.5,1.1109121915817899
elastic_net,nonlinear_panel,35,0.25,0.9,1.084998337713897
elastic_net,nonlinear_panel,36,0.3333333333333333,0.8,1.2419520068894874
elastic_net,nonlinear_panel,37,0.5,0.6,1.0504463388347947
elastic_net,nonlinear_panel,38,0.5,0.6,1.2151710838481204
elastic_net,nonlinear_panel,39,0.5833333333333334,0.5,1.353398264337195
elastic_net,nonlinear_panel,40,0.3333333333333333,0.8,1.2088103814528266
elastic_net,nonlinear_panel,41,0.6666666666666666,0.4,1.1732158777072197
elastic_net,nonlinear_panel,42,0.4166666666666667,0.7,1.1226008192271144
elastic_net,nonlinear_panel,43,0.4166666666666667,0.7,1.103615038411112
elastic_net,nonlinear_panel,44,0.5833333333333334,0.5,1.2595881977654717
elastic_net,nonlinear_panel,45,0.5,0.6,1.1308922467165614
elastic_net,nonlinear_panel,46,0.6666666666666666,0.4,1.1713762325474506
elastic_net,nonlinear_panel,47,0.5833333333333334,0.5,1.2518025687609091
elastic_net,nonlinear_panel,48,0.4166666666666667,0.7,1.1572556008244819
elastic_net,nonlinear_panel,49,0.5,0.6,1.2048758336243057
elastic_net,nonlinear_panel,50,0.5,0.6,1.0635895669318975
elastic_net,nonlinear_panel,51,0.5833333333333334,0.5,1.1028492688959841
elastic_net,nonlinear_panel,52,0.5833333333333334,0.5,1.432583364961558
elastic_net,nonlinear_panel,53,0.5833333333333334,0.5,1.1816912786788007
elastic_net,nonlinear_panel,54,0.5,0.6,1.1382816587049374
elastic_net,nonlinear_panel,55,0.5833333333333334,0.5,1.234418899828309
elastic_net,nonlinear_panel,56,0.4166666666666667,0.7,1.3543719357176218
elastic_net,nonlinear_panel,57,0.6666666666666666,0.4,1.1114024907208782
elastic_net,nonlinear_panel,58,0.5833333333333334,0.5,1.2653319672393943
elastic_net,nonlinear_panel,59,0.5,0.6,1.124540847125999
elastic_net,nonlinear_panel,60,0.5833333333333334,0.5,1.269398282471166
elastic_net,nonlinear_panel,61,0.3333333333333333,0.8,1.1096617276112397
elastic_net,nonlinear_panel,62,0.3333333333333333,0.8,1.0606595520112352
elastic_net,nonlinear_panel,63,0.6666666666666666,0.4,1.3073318606676945
elastic_net,nonlinear_panel,64,0.4166666666666667,0.7,1.0973101406916257
elastic_net,nonlinear_panel,65,0.6666666666666666,0.4,1.1289464470315795
elastic_net,nonlinear_panel,66,0.4166666666666667,0.7,1.2980602606826273
elastic_net,nonlinear_panel,67,0.6666666666666666,0.4,1.2342392514425016
elastic_net,nonlinear_panel,68,0.5,0.6,1.186362719857813
elastic_net,nonlinear_panel,69,0.5833333333333334,0.5,1.207099991744
elastic_net,nonlinear_panel,70,0.5,0.6,1.1426073209705048
elastic_net,nonlinear_panel,71,0.5,0.6,1.1326153255679623
elastic_net,nonlinear_panel,72,0.4166666666666667,0.7,1.2560615169125766
elastic_net,nonlinear_panel,73,0.4166666666666667,0.7,1.230582910013741
elastic_net,nonlinear_panel,74,0.5,0.6,1.365338069386065
elastic_net,nonlinear_panel,75,0.5833333333333334,0.5,1.21613710187713
elastic_net,nonlinear_panel,76,0.4166666666666667,0.7,1.1487035698678412
elastic_net,nonlinear_panel,77,0.3333333333333333,0.8,1.0364129088000227
elastic_net,nonlinear_panel,78,0.6666666666666666,0.4,1.3292858960385707
elastic_net,nonlinear_panel,79,0.5833333333333334,0.5,1.2556968069639585
elastic_net,nonlinear_panel,80,0.4166666666666667,0.7,1.17288639137209
elastic_net,nonlinear_panel,81,0.5833333333333334,0.5,1.3544162120675995
elastic_net,nonlinear_panel,82,0.4166666666666667,0.7,1.1511335490610326
elastic_net,nonlinear_panel,83,0.6666666666666666,0.4,1.2153743137838682
elastic_net,nonlinear_panel,84,0.4166666666666667,0.7,1.1237933926812211
elastic_net,nonlinear_panel,85,0.4166666666666667,0.7,1.0448464372605433
elastic_net,nonlinear_panel,86,0.5833333333333334,0.5,1.2512554590365483
elastic_net,nonlinear_panel,87,0.5833333333333334,0.5,1.0692964196226167
elastic_net,nonlinear_panel,88,0.25,0.9,1.149506216744836
elastic_net,nonlinear_panel,89,0.3333333333333333,0.8,1.0226696310909114
elastic_net,nonlinear_panel,90,0.4166666666666667,0.7,1.3125743797872509
elastic_net,nonlinear_panel,91,0.6666666666666666,0.4,1.196834341177719
elastic_net,nonlinear_panel,92,0.75,0.3,1.2231480861981214
elastic_net,nonlinear_panel,93,0.3333333333333333,0.8,1.2372374084467226
elastic_net,nonlinear_panel,94,0.5,0.6,1.2181107999808998
elastic_net,nonlinear_panel,95,0.5833333333333334,0.5,1.2407776297702509
elastic_net,nonlinear_panel,96,0.5833333333333334,0.5,1.191491675334638
elastic_net,nonlinear_panel,97,0.4166666666666667,0.7,1.1851951133921361
elastic_net,nonlinear_panel,98,0.5833333333333334,0.5,1.2277534229269522
elastic_net,nonlinear_panel,99,0.4166666666666667,0.7,1.1301455552264903
stability_selection,linear_sparse,0,0.5833333333333334,1.0,0.6270471040974241
stability_selection,linear_sparse,1,0.5833333333333334,1.0,0.6282772506575367
stability_selection,linear_sparse,2,0.5833333333333334,1.0,0.6397618798185679
stability_selection,linear_sparse,3,0.5833333333333334,1.0,0.5828440013455414
stability_selection,linear_sparse,4,0.5833333333333334,1.0,0.6069922582610336
stability_selection,linear_sparse,5,0.5833333333333334,1.0,0.6708586785913377
stability_selection,linear_sparse,6,0.5833333333333334,1.0,0.6052358308147524
stability_selection,linear_sparse,7,0.5833333333333334,1.0,0.6536133996920074
stability_selection,linear_sparse,8,0.5833333333333334,1.0,0.610362222404281
stability_selection,linear_sparse,9,0.5833333333333334,1.0,0.6558846910710642
stability_selection,linear_sparse,10,0.5833333333333334,1.0,0.6604018861770482
stability_selection,linear_sparse,11,0.5833333333333334,1.0,0.5650235122265234
stability_selection,linear_sparse,12,0.5833333333333334,1.0,0.6512317421107184
stability_selection,linear_sparse,13,0.5833333333333334,1.0,0.6409700996541963
stability_selection,linear_sparse,14,0.5833333333333334,1.0,0.641845479909486
stability_selection,linear_sparse,15,0.5833333333333334,1.0,0.6487038940315599
stability_selection,linear_sparse,16,0.5833333333333334,1.0,0.6462917062361789
stability_selection,linear_sparse,17,0.5833333333333334,1.0,0.6574705080593112
stability_selection,linear_sparse,18,0.5833333333333334,1.0,0.6241876979615073
stability_selection,linear_sparse,19,0.5833333333333334,1.0,0.5858070039680295
stability_selection,linear_sparse,20,0.5833333333333334,1.0,0.6052671998797375
stability_selection,linear_sparse,21,0.5833333333333334,1.0,0.6074086711661479
stability_selection,linear_sparse,22,0.5833333333333334,1.0,0.6163883417995015
stability_selection,linear_sparse,23,0.5833333333333334,1.0,0.6448651422796866
stability_selection,linear_sparse,24,0.5833333333333334,1.0,0.619752880842722
stability_selection,linear_sparse,25,0.5833333333333334,1.0,0.6695388216891376
stability_selection,linear_sparse,26,0.5833333333333334,1.0,0.620778489640398
stability_selection,linear_sparse,27,0.5833333333333334,1.0,0.674827672664757
stability_selection,linear_sparse,28,0.5833333333333334,1.0,0.6128500157749048
stability_selection,linear_sparse,29,0.5833333333333334,1.0,0.6630226770108038
stability_selection,linear_sparse,30,0.5833333333333334,1.0,0.6763465119711215
stability_selection,linear_sparse,31,0.5833333333333334,1.0,0.6500740622466782
stability_selection,linear_sparse,32,0.5833333333333334,1.0,0.6638478610068367
stability_selection,linear_sparse,33,0.5833333333333334,1.0,0.6132165010630349
stability_selection,linear_sparse,34,0.5833333333333334,1.0,0.6739546277559119
stability_selection,linear_sparse,35,0.5833333333333334,1.0,0.5875329295791797
stability_selection,linear_sparse,36,0.5833333333333334,1.0,0.6767453206571825
stability_selection,linear_sparse,37,0.5833333333333334,1.0,0.5769711907125218
stability_selection,linear_sparse,38,0.5833333333333334,1.0,0.6308672778683037
stability_selection,linear_sparse,39,0.5833333333333334,1.0,0.7082351417176241
stability_selection,linear_sparse,40,0.5833333333333334,1.0,0.6344578248698287
stability_selection,linear_sparse,41,0.5833333333333334,1.0,0.6543404847689424
stability_selection,linear_sparse,42,0.5833333333333334,1.0,0.6266289695002617
stability_selection,linear_sparse,43,0.5833333333333334,1.0,0.6380179686217063
stability_selection,linear_sparse,44,0.5833333333333334,1.0,0.6268068409944723
stability_selection,linear_sparse,45,0.5833333333333334,1.0,0.6444455788589787
stability_selection,linear_sparse,46,0.5833333333333334,1.0,0.6018705881501203
stability_selection,linear_sparse,47,0.5833333333333334,1.0,0.6115509361566798
stability_selection,linear_sparse,48,0.5833333333333334,1.0,0.6134158542258332
stability_selection,linear_sparse,49,0.5833333333333334,1.0,0.6249434018690804
stability_selection,linear_sparse,50,0.5833333333333334,1.0,0.6412352137753536
stability_selection,linear_sparse,51,0.5833333333333334,1.0,0.6495649466294242
stability_selection,linear_sparse,52,0.5833333333333334,1.0,0.591169122961909
stability_selection,linear_sparse,53,0.5833333333333334,1.0,0.628128780616732
stability_selection,linear_sparse,54,0.5833333333333334,1.0,0.6839188328816602
stability_selection,linear_sparse,55,0.5833333333333334,1.0,0.6804951470600847
stability_selection,linear_sparse,56,0.5833333333333334,1.0,0.6536909766900519
stability_selection,linear_sparse,57,0.5833333333333334,1.0,0.5981125639637582
stability_selection,linear_sparse,58,0.5833333333333334,1.0,0.6153034570605005
stability_selection,linear_sparse,59,0.5833333333333334,1.0,0.6323456779509392
stability_selection,linear_sparse,60,0.5833333333333334,1.0,0.7484336212854774
stability_selection,linear_sparse,61,0.5833333333333334,1.0,0.6430250615004446
stability_selection,linear_sparse,62,0.5833333333333334,1.0,0.6295625209667988
stability_selection,linear_sparse,63,0.5833333333333334,1.0,0.7219746944745122
stability_selection,linear_sparse,64,0.5833333333333334,1.0,0.6624214511929024
stability_selection,linear_sparse,65,0.5833333333333334,1.0,0.5979053067235448
stability_selection,linear_sparse,66,0.5833333333333334,1.0,0.638059770370815
stability_selection,linear_sparse,67,0.5833333333333334,1.0,0.6379561612737217
stability_selection,linear_sparse,68,0.5833333333333334,1.0,0.6331977543789803
stability_selection,linear_sparse,69,0.5833333333333334,1.0,0.6686589040664838
stability_selection,linear_sparse,70,0.5833333333333334,1.0,0.7060323847545775
stability_selection,linear_sparse,71,0.5833333333333334,1.0,0.6432196026081612
stability_selection,linear_sparse,72,0.5833333333333334,1.0,0.6484911904977221
stability_selection,linear_sparse,73,0.5833333333333334,1.0,0.6672527062456602
stability_selection,linear_sparse,74,0.5833333333333334,1.0,0.6014890172044804
stability_selection,linear_sparse,75,0.5833333333333334,1.0,0.6053341615316307
stability_selection,linear_sparse,76,0.5833333333333334,1.0,0.6206863652498604
stability_selection,linear_sparse,77,0.5833333333333334,1.0,0.6120956965588422
stability_selection,linear_sparse,78,0.5833333333333334,1.0,0.6548276034613872
stability_selection,linear_sparse,79,0.5833333333333334,1.0,0.6230573342222566
stability_selection,linear_sparse,80,0.5833333333333334,1.0,0.5952926118082328
stability_selection,linear_sparse,81,0.5833333333333334,1.0,0.671330387606349
stability_selection,linear_sparse,82,0.5833333333333334,1.0,0.644552109311875
stability_selection,linear_sparse,83,0.5833333333333334,1.0,0.630798261360725
stability_selection,linear_sparse,84,0.5833333333333334,1.0,0.6269674511622042
stability_selection,linear_sparse,85,0.5833333333333334,1.0,0.6355527884827222
stability_selection,linear_sparse,86,0.5833333333333334,1.0,0.610747976859873
stability_selection,linear_sparse,87,0.5833333333333334,1.0,0.674136306060072
stability_selection,linear_sparse,88,0.5833333333333334,1.0,0.6505633343067163
stability_selection,linear_sparse,89,0.5833333333333334,1.0,0.6019410783564896
stability_selection,linear_sparse,90,0.5833333333333334,1.0,0.6402102430477792
stability_selection,linear_sparse,91,0.5833333333333334,1.0,0.6621731406735155
stability_selection,linear_sparse,92,0.5833333333333334,1.0,0.6028927527100733
stability_selection,linear_sparse,93,0.5833333333333334,1.0,0.584952218746483
stability_selection,linear_sparse,94,0.5833333333333334,1.0,0.6118858366030231
stability_selection,linear_sparse,95,0.5833333333333334,1.0,0.643450131745245
stability_selection,linear_sparse,96,0.5833333333333334,1.0,0.6239105402456022
stability_selection,linear_sparse,97,0.5833333333333334,1.0,0.6012730412260392
stability_selection,linear_sparse,98,0.5833333333333334,1.0,0.5922121729774824
stability_selection,linear_sparse,99,0.5833333333333334,1.0,0.643007812834706
stability_selection,linear_medium,0,0.16666666666666666,1.0,1.0864689697545067
stability_selection,linear_medium,1,0.16666666666666666,1.0,1.049314838530471
stability_selection,linear_medium,2,0.16666666666666666,1.0,1.0433228394055223
stability_selection,linear_medium,3,0.16666666666666666,1.0,1.1254921637842903
stability_selection,linear_medium,4,0.16666666666666666,1.0,1.1050888265517946
stability_selection,linear_medium,5,0.16666666666666666,1.0,1.0802191644510042
stability_selection,linear_medium,6,0.16666666666666666,1.0,1.1073164749995612
stability_selection,linear_medium,7,0.16666666666666666,1.0,1.0622949807369837
stability_selection,linear_medium,8,0.25,0.9,1.1012628544198169
stability_selection,linear_medium,9,0.16666666666666666,1.0,1.026447792299674
stability_selection,linear_medium,10,0.16666666666666666,1.0,1.0855672305204227
stability_selection,linear_medium,11,0.16666666666666666,1.0,1.041859351406309
stability_selection,linear_medium,12,0.16666666666666666,1.0,1.039978622603972
stability_selection,linear_medium,13,0.16666666666666666,1.0,1.0164933713544115
stability_selection,linear_medium,14,0.16666666666666666,1.0,1.0444671189666983
stability_selection,linear_medium,15,0.16666666666666666,1.0,1.0280446627960793
stability_selection,linear_medium,16,0.16666666666666666,1.0,1.13582451590477
stability_selection,linear_medium,17,0.16666666666666666,1.0,1.0731352266825533
stability_selection,linear_medium,18,0.16666666666666666,1.0,1.0641357341242896
stability_selection,linear_medium,19,0.16666666666666666,1.0,1.0444880338807279
stability_selection,linear_medium,20,0.16666666666666666,1.0,1.13693363366394
stability_selection,linear_medium,21,0.16666666666666666,1.0,1.0649407162914117
stability_selection,linear_medium,22,0.16666666666666666,1.0,1.057828260363972
stability_selection,linear_medium,23,0.16666666666666666,1.0,1.0538625241681323
stability_selection,linear_medium,24,0.16666666666666666,1.0,1.0047929195816883
stability_selection,linear_medium,25,0.16666666666666666,1.0,1.1224301269917771
stability_selection,linear_medium,26,0.16666666666666666,1.0,1.0292325347884363
stability_selection,linear_medium,27,0.16666666666666666,1.0,1.005980944579213
stability_selection,linear_medium,28,0.16666666666666666,1.0,1.0213789877210602
stability_selection,linear_medium,29,0.16666666666666666,1.0,1.0522009314631298
stability_selection,linear_medium,30,0.16666666666666666,1.0,1.1028614100000291
stability_selection,linear_medium,31,0.16666666666666666,1.0,1.1189428075653651
stability_selection,linear_medium,32,0.16666666666666666,1.0,1.0766508501490144
stability_selection,linear_medium,33,0.16666666666666666,1.0,1.0476834026014719
stability_selection,linear_medium,34,0.16666666666666666,1.0,1.0553899488577085
stability_selection,linear_medium,35,0.16666666666666666,1.0,1.0720701114008386
stability_selection,linear_medium,36,0.16666666666666666,1.0,1.070451002690701
stability_selection,linear_medium,37,0.16666666666666666,1.0,1.070204860144663
stability_selection,linear_medium,38,0.16666666666666666,1.0,1.0850325839395278
stability_selection,linear_medium,39,0.16666666666666666,1.0,1.024350918912062
stability_selection,linear_medium,40,0.16666666666666666,1.0,1.0675137443545137
stability_selection,linear_medium,41,0.16666666666666666,1.0,1.0768758542869599
stability_selection,linear_medium,42,0.16666666666666666,1.0,1.04168145412407
stability_selection,linear_medium,43,0.16666666666666666,1.0,1.0126912738645506
stability_selection,linear_medium,44,0.16666666666666666,1.0,0.9605492341235964
stability_selection,linear_medium,45,0.16666666666666666,1.0,1.105596986935632
stability_selection,linear_medium,46,0.16666666666666666,1.0,1.140113725344524
stability_selection,linear_medium,47,0.16666666666666666,1.0,1.0835398723767804
stability_selection,linear_medium,48,0.16666666666666666,1.0,1.13850225672339
stability_selection,linear_medium,49,0.16666666666666666,1.0,1.0244919100019607
stability_selection,linear_medium,50,0.16666666666666666,1.0,1.0366601698767741
stability_selection,linear_medium,51,0.16666666666666666,1.0,1.057479042391655
stability_selection,linear_medium,52,0.16666666666666666,1.0,1.1157232010852007
stability_selection,linear_medium,53,0.16666666666666666,1.0,1.0831658893067757
stability_selection,linear_medium,54,0.16666666666666666,1.0,1.0391331840226308
stability_selection,linear_medium,55,0.16666666666666666,1.0,1.0987403992493112
stability_selection,linear_medium,56,0.16666666666666666,1.0,1.1066443540735862
stability_selection,linear_medium,57,0.16666666666666666,1.0,1.1126043830148489
stability_selection,linear_medium,58,0.16666666666666666,1.0,1.0569348390036686
stability_selection,linear_medium,59,0.16666666666666666,1.0,1.061277165110526
stability_selection,linear_medium,60,0.16666666666666666,1.0,1.050653610286747
stability_selection,linear_medium,61,0.16666666666666666,1.0,1.0714299068680275
stability_selection,linear_medium,62,0.16666666666666666,1.0,1.0985801075918549
stability_selection,linear_medium,63,0.16666666666666666,1.0,1.0826004889493428
stability_selection,linear_medium,64,0.16666666666666666,1.0,1.1212937298690875
stability_selection,linear_medium,65,0.16666666666666666,1.0,1.0490474199903272
stability_selection,linear_medium,66,0.16666666666666666,1.0,1.1116050456206363
stability_selection,linear_medium,67,0.16666666666666666,1.0,1.1253178215623791
stability_selection,linear_medium,68,0.16666666666666666,1.0,1.0693804374617404
stability_selection,linear_medium,69,0.16666666666666666,1.0,1.064685028350925
stability_selection,linear_medium,70,0.16666666666666666,1.0,1.0944714600696555
stability_selection,linear_medium,71,0.16666666666666666,1.0,0.999114635857253
stability_selection,linear_medium,72,0.16666666666666666,1.0,1.1622928238934485
stability_selection,linear_medium,73,0.16666666666666666,1.0,1.0617592043250101
stability_selection,linear_medium,74,0.16666666666666666,1.0,1.0430288474377392
stability_selection,linear_medium,75,0.16666666666666666,1.0,1.1229730166561915
stability_selection,linear_medium,76,0.16666666666666666,1.0,1.0958729135234933
stability_selection,linear_medium,77,0.16666666666666666,1.0,1.0646255994894354
stability_selection,linear_medium,78,0.16666666666666666,1.0,1.0848465141133457
stability_selection,linear_medium,79,0.16666666666666666,1.0,1.1342212164675327
stability_selection,linear_medium,80,0.16666666666666666,1.0,1.050625386242126
stability_selection,linear_medium,81,0.16666666666666666,1.0,1.1281308732909654
stability_selection,linear_medium,82,0.16666666666666666,1.0,1.09630753339386
stability_selection,linear_medium,83,0.16666666666666666,1.0,1.0420223818250227
stability_selection,linear_medium,84,0.16666666666666666,1.0,1.110600962358982
stability_selection,linear_medium,85,0.16666666666666666,1.0,1.142625053258507
stability_selection,linear_medium,86,0.16666666666666666,1.0,1.0735095267220671
stability_selection,linear_medium,87,0.16666666666666666,1.0,1.0418727509089631
stability_selection,linear_medium,88,0.16666666666666666,1.0,1.046784323242073
stability_selection,linear_medium,89,0.16666666666666666,1.0,1.1297387872491758
stability_selection,linear_medium,90,0.16666666666666666,1.0,1.021602918999717
stability_selection,linear_medium,91,0.16666666666666666,1.0,1.0344036535970138
stability_selection,linear_medium,92,0.16666666666666666,1.0,1.1206189984792767
stability_selection,linear_medium,93,0.16666666666666666,1.0,1.039806022345376
stability_selection,linear_medium,94,0.16666666666666666,1.0,1.0172579645917017
stability_selection,linear_medium,95,0.16666666666666666,1.0,1.050219850579915
stability_selection,linear_medium,96,0.16666666666666666,1.0,1.0236859781039926
stability_selection,linear_medium,97,0.16666666666666666,1.0,1.0954511852614535
stability_selection,linear_medium,98,0.16666666666666666,1.0,1.0517941086560434
stability_selection,linear_medium,99,0.16666666666666666,1.0,1.0713758177793027
stability_selection,linear_weak,0,0.16666666666666666,1.0,1.941989622099455
stability_selection,linear_weak,1,0.16666666666666666,1.0,1.9163088965479789
stability_selection,linear_weak,2,0.16666666666666666,1.0,1.8726998741938956
stability_selection,linear_weak,3,0.25,0.9,1.911083662071952
stability_selection,linear_weak,4,0.4166666666666667,0.7,1.9361114070229772
stability_selection,linear_weak,5,0.16666666666666666,1.0,1.8144349660793893
stability_selection,linear_weak,6,0.16666666666666666,1.0,1.9453189839430651
stability_selection,linear_weak,7,0.16666666666666666,1.0,1.9314613098135103
stability_selection,linear_weak,8,0.16666666666666666,1.0,1.9139355651370682
stability_selection,linear_weak,9,0.3333333333333333,0.8,1.8041881763477765
stability_selection,linear_weak,10,0.25,0.9,1.8882378791975607
stability_selection,linear_weak,11,0.16666666666666666,1.0,1.7883995361658687
stability_selection,linear_weak,12,0.16666666666666666,1.0,1.788944504267674
stability_selection,linear_weak,13,0.16666666666666666,1.0,1.8701910679824107
stability_selection,linear_weak,14,0.16666666666666666,1.0,1.8705038174174284
stability_selection,linear_weak,15,0.16666666666666666,1.0,1.6791211195629352
stability_selection,linear_weak,16,0.16666666666666666,1.0,1.9099411531625488
stability_selection,linear_weak,17,0.16666666666666666,1.0,1.9243724737068937
stability_selection,linear_weak,18,0.25,0.9,1.9895532833250913
stability_selection,linear_weak,19,0.25,0.9,1.920202843896741
stability_selection,linear_weak,20,0.25,0.9,1.8484604914994773
stability_selection,linear_weak,21,0.16666666666666666,1.0,1.9010711892036385
stability_selection,linear_weak,22,0.16666666666666666,1.0,1.908611238403407
stability_selection,linear_weak,23,0.16666666666666666,1.0,1.8403009889861282
stability_selection,linear_weak,24,0.25,0.9,1.8137790071136337
stability_selection,linear_weak,25,0.16666666666666666,1.0,1.818279396360117
stability_selection,linear_weak,26,0.16666666666666666,1.0,1.7950490786748268
stability_selection,linear_weak,27,0.16666666666666666,1.0,1.8871014890534112
stability_selection,linear_weak,28,0.16666666666666666,1.0,1.8259730917017682
stability_selection,linear_weak,29,0.16666666666666666,1.0,1.9144405789646664
stability_selection,linear_weak,30,0.16666666666666666,1.0,1.896447225659511
stability_selection,linear_weak,31,0.16666666666666666,1.0,1.864246117281587
stability_selection,linear_weak,32,0.16666666666666666,1.0,1.870555929737431
stability_selection,linear_weak,33,0.16666666666666666,1.0,1.7589498418841454
stability_selection,linear_weak,34,0.16666666666666666,1.0,1.8178898570893673
stability_selection,linear_weak,35,0.4166666666666667,0.7,1.836666530968761
stability_selection,linear_weak,36,0.16666666666666666,1.0,1.9178705374963565
stability_selection,linear_weak,37,0.16666666666666666,1.0,2.007514745078016
stability_selection,linear_weak,38,0.16666666666666666,1.0,1.9124671834984952
stability_selection,linear_weak,39,0.16666666666666666,1.0,1.8870185158658666
stability_selection,linear_weak,40,0.16666666666666666,1.0,1.8945264830490993
stability_selection,linear_weak,41,0.16666666666666666,1.0,1.9057421533772094
stability_selection,linear_weak,42,0.25,0.9,1.9721802931774635
stability_selection,linear_weak,43,0.16666666666666666,1.0,1.9176311894314073
stability_selection,linear_weak,44,0.16666666666666666,1.0,2.069979283171098
stability_selection,linear_weak,45,0.25,0.9,2.0623934606516676
stability_selection,linear_weak,46,0.16666666666666666,1.0,1.911022156089635
stability_selection,linear_weak,47,0.16666666666666666,1.0,1.8250356590742378
stability_selection,linear_weak,48,0.25,0.9,1.8453477350799392
stability_selection,linear_weak,49,0.16666666666666666,1.0,1.9151647401301362
stability_selection,linear_weak,50,0.25,0.9,1.9832758898089795
stability_selection,linear_weak,51,0.3333333333333333,0.8,1.809141865543135
stability_selection,linear_weak,52,0.16666666666666666,1.0,1.7806451809424373
stability_selection,linear_weak,53,0.25,0.9,1.9499761135091522
stability_selection,linear_weak,54,0.25,0.9,1.8655675834701735
stability_selection,linear_weak,55,0.25,0.9,1.9070944959606124
stability_selection,linear_weak,56,0.16666666666666666,1.0,1.8596049727499238
stability_selection,linear_weak,57,0.25,0.9,1.9064454847644114
stability_selection,linear_weak,58,0.4166666666666667,0.7,1.71946851789579
stability_selection,linear_weak,59,0.16666666666666666,1.0,1.910218685434302
stability_selection,linear_weak,60,0.16666666666666666,1.0,1.7547113646216734
stability_selection,linear_weak,61,0.16666666666666666,1.0,1.9783605804701778
stability_selection,linear_weak,62,0.25,0.9,1.9331471512376115
stability_selection,linear_weak,63,0.16666666666666666,1.0,1.9513021364283543
stability_selection,linear_weak,64,0.25,0.9,1.9654229020687486
stability_selection,linear_weak,65,0.16666666666666666,1.0,1.949237381647745
stability_selection,linear_weak,66,0.16666666666666666,1.0,1.9942041996784885
stability_selection,linear_weak,67,0.3333333333333333,0.8,1.920112255535
stability_selection,linear_weak,68,0.3333333333333333,0.8,1.8100444993134885
stability_selection,linear_weak,69,0.16666666666666666,1.0,1.9061624529762755
stability_selection,linear_weak,70,0.16666666666666666,1.0,1.8830111330250316
stability_selection,linear_weak,71,0.16666666666666666,1.0,1.905183579044282
stability_selection,linear_weak,72,0.16666666666666666,1.0,1.8447753463883567
stability_selection,linear_weak,73,0.25,0.9,1.9863656630853734
stability_selection,linear_weak,74,0.16666666666666666,1.0,1.9572159002387852
stability_selection,linear_weak,75,0.16666666666666666,1.0,1.9263812756070822
stability_selection,linear_weak,76,0.3333333333333333,0.8,1.8741677142907134
stability_selection,linear_weak,77,0.25,0.9,1.8141629015259528
stability_selection,linear_weak,78,0.25,0.9,1.9144430817573401
stability_selection,linear_weak,79,0.16666666666666666,1.0,1.8208636886563545
stability_selection,linear_weak,80,0.3333333333333333,0.8,1.888942612674349
stability_selection,linear_weak,81,0.16666666666666666,1.0,1.9449514432733703
stability_selection,linear_weak,82,0.3333333333333333,0.8,1.85350925032366
stability_selection,linear_weak,83,0.16666666666666666,1.0,1.8962317409388685
stability_selection,linear_weak,84,0.16666666666666666,1.0,1.8445967481546648
stability_selection,linear_weak,85,0.16666666666666666,1.0,1.8554992653259061
stability_selection,linear_weak,86,0.3333333333333333,0.8,1.9445407689782193
stability_selection,linear_weak,87,0.3333333333333333,0.8,1.923007543863898
stability_selection,linear_weak,88,0.16666666666666666,1.0,1.9045936707759614
stability_selection,linear_weak,89,0.25,0.9,1.8534073345609836
stability_selection,linear_weak,90,0.16666666666666666,1.0,1.7454771782890226
stability_selection,linear_weak,91,0.16666666666666666,1.0,1.8611474229591618
stability_selection,linear_weak,92,0.16666666666666666,1.0,1.9068208472288652
stability_selection,linear_weak,93,0.16666666666666666,1.0,1.76812518702525
stability_selection,linear_weak,94,0.16666666666666666,1.0,1.924535885759755
stability_selection,linear_weak,95,0.3333333333333333,0.8,1.9259261838610657
stability_selection,linear_weak,96,0.25,0.9,1.8590981036749674
stability_selection,linear_weak,97,0.16666666666666666,1.0,1.791731265969361
stability_selection,linear_weak,98,0.16666666666666666,1.0,1.8830371676348812
stability_selection,linear_weak,99,0.16666666666666666,1.0,1.9000934414690716
stability_selection,linear_dense,0,0.0,0.8,1.16112691839159
stability_selection,linear_dense,1,0.0,0.8,1.2675118711772988
stability_selection,linear_dense,2,0.0,0.8,1.1360740701991128
stability_selection,linear_dense,3,0.0,0.8,1.1709660875251109
stability_selection,linear_dense,4,0.0,0.8,1.0220695983990569
stability_selection,linear_dense,5,0.0,0.8,1.075946314610762
stability_selection,linear_dense,6,0.0,0.8,1.0554696518476394
stability_selection,linear_dense,7,0.0,0.8,1.1089536468299865
stability_selection,linear_dense,8,0.0,0.8,1.0890450924320887
stability_selection,linear_dense,9,0.0,0.8,1.0398360326668428
stability_selection,linear_dense,10,0.0,0.8,1.117048829308748
stability_selection,linear_dense,11,0.0,0.8,1.0636641289426292
stability_selection,linear_dense,12,0.0,0.8,1.1179618919925187
stability_selection,linear_dense,13,0.0,0.8,1.1348111223530508
stability_selection,linear_dense,14,0.0,0.8,1.0382582761349464
stability_selection,linear_dense,15,0.0,0.8,1.0643435751088186
stability_selection,linear_dense,16,0.0,0.8,1.0521009988264323
stability_selection,linear_dense,17,0.0,0.8,1.1438105573386783
stability_selection,linear_dense,18,0.0,0.8,1.0360156874885418
stability_selection,linear_dense,19,0.0,0.8,1.0868606476488194
stability_selection,linear_dense,20,0.0,0.8,1.0605101721223706
stability_selection,linear_dense,21,0.0,0.8,1.0971653400154657
stability_selection,linear_dense,22,0.0,0.8,1.2146539312603277
stability_selection,linear_dense,23,0.0,0.8,1.1383681491051565
stability_selection,linear_dense,24,0.0,0.8,1.205326338454877
stability_selection,linear_dense,25,0.0,0.8,1.0111784939330606
stability_selection,linear_dense,26,0.0,0.8,1.1191952868281143
stability_selection,linear_dense,27,0.0,0.8,1.1508897152678972
stability_selection,linear_dense,28,0.0,0.8,1.0933326781924944
stability_selection,linear_dense,29,0.0,0.8,1.062811564410769
stability_selection,linear_dense,30,0.0,0.8,1.0624055351538202
stability_selection,linear_dense,31,0.0,0.8,1.0829277410499325
stability_selection,linear_dense,32,0.0,0.8,1.0720675495370515
stability_selection,linear_dense,33,0.0,0.8,1.0826743401313443
stability_selection,linear_dense,34,0.0,0.8,1.1553014523897305
stability_selection,linear_dense,35,0.0,0.8,1.1575928074531052
stability_selection,linear_dense,36,0.0,0.8,1.115692953086947
stability_selection,linear_dense,37,0.0,0.8,1.0814329747662685
stability_selection,linear_dense,38,0.0,0.8,1.1225668042922559
stability_selection,linear_dense,39,0.0,0.8,1.038322728250199
stability_selection,linear_dense,40,0.0,0.8,1.0920542140282201
stability_selection,linear_dense,41,0.0,0.8,1.031701686801609
stability_selection,linear_dense,42,0.0,0.8,1.094244381201984
stability_selection,linear_dense,43,0.0,0.8,1.1641080385622655
stability_selection,linear_dense,44,0.0,0.8,1.1307439255359113
stability_selection,linear_dense,45,0.0,0.8,1.085891461938239
stability_selection,linear_dense,46,0.0,0.8,1.2164405154044218
stability_selection,linear_dense,47,0.0,0.8,1.0501707321928757
stability_selection,linear_dense,48,0.0,0.8,1.0203287998488473
stability_selection,linear_dense,49,0.0,0.8,1.1138338519647144
stability_selection,linear_dense,50,0.0,0.8,1.0235157729078797
stability_selection,linear_dense,51,0.0,0.8,1.084418796575473
stability_selection,linear_dense,52,0.0,0.8,1.0781471948963763
stability_selection,linear_dense,53,0.0,0.8,1.123361910253413
stability_selection,linear_dense,54,0.0,0.8,1.0546174854722068
stability_selection,linear_dense,55,0.0,0.8,1.071629268213431
stability_selection,linear_dense,56,0.0,0.8,1.0674609974991711
stability_selection,linear_dense,57,0.0,0.8,1.1246040287621126
stability_selection,linear_dense,58,0.0,0.8,1.0918463393340188
stability_selection,linear_dense,59,0.0,0.8,1.1200754260081653
stability_selection,linear_dense,60,0.0,0.8,1.148392852834449
stability_selection,linear_dense,61,0.0,0.8,1.06285302988606
stability_selection,linear_dense,62,0.0,0.8,1.0880537151353187
stability_selection,linear_dense,63,0.0,0.8,1.167989616481238
stability_selection,linear_dense,64,0.0,0.8,1.0978525144445785
stability_selection,linear_dense,65,0.0,0.8,1.1957772929726724
stability_selection,linear_dense,66,0.0,0.8,1.0837392292190526
stability_selection,linear_dense,67,0.0,0.8,1.1231079828148864
stability_selection,linear_dense,68,0.0,0.8,1.064704304268038
stability_selection,linear_dense,69,0.0,0.8,1.0608486858730486
stability_selection,linear_dense,70,0.0,0.8,1.1032582815739986
stability_selection,linear_dense,71,0.0,0.8,1.0627583587121947
stability_selection,linear_dense,72,0.0,0.8,1.1185501075530955
stability_selection,linear_dense,73,0.0,0.8,1.0718624145283029
stability_selection,linear_dense,74,0.0,0.8,1.1536472353577343
stability_selection,linear_dense,75,0.0,0.8,1.0402686101095746
stability_selection,linear_dense,76,0.0,0.8,1.0909872850532745
stability_selection,linear_dense,77,0.0,0.8,1.0901420453823145
stability_selection,linear_dense,78,0.0,0.8,1.071352085000885
stability_selection,linear_dense,79,0.0,0.8,1.1336584733976802
stability_selection,linear_dense,80,0.0,0.8,1.0925393414328055
stability_selection,linear_dense,81,0.0,0.8,1.1357242446445652
stability_selection,linear_dense,82,0.0,0.8,1.0884224773738571
stability_selection,linear_dense,83,0.0,0.8,1.0307545753207363
stability_selection,linear_dense,84,0.0,0.8,1.0926910168662778
stability_selection,linear_dense,85,0.0,0.8,1.1431763904939902
stability_selection,linear_dense,86,0.0,0.8,1.1366850427035633
stability_selection,linear_dense,87,0.0,0.8,1.1876076724703115
stability_selection,linear_dense,88,0.0,0.8,1.1358580181509317
stability_selection,linear_dense,89,0.0,0.8,1.1266823741905772
stability_selection,linear_dense,90,0.0,0.8,1.1404136140898993
stability_selection,linear_dense,91,0.0,0.8,1.0198308644554621
stability_selection,linear_dense,92,0.0,0.8,1.1109512172442815
stability_selection,linear_dense,93,0.0,0.8,1.166199434379677
stability_selection,linear_dense,94,0.0,0.8,1.1769701791958018
stability_selection,linear_dense,95,0.0,0.8,1.0013692337038047
stability_selection,linear_dense,96,0.0,0.8,1.0901088819907168
stability_selection,linear_dense,97,0.0,0.8,1.1610779149197514
stability_selection,linear_dense,98,0.0,0.8,1.0785419614433496
stability_selection,linear_dense,99,0.0,0.8,1.095990915556791
stability_selection,nonlinear,0,0.6666666666666666,0.4,1.2774586702130741
stability_selection,nonlinear,1,0.4166666666666667,0.7,1.1419194856104091
stability_selection,nonlinear,2,0.3333333333333333,0.8,1.1214419564833213
stability_selection,nonlinear,3,0.6666666666666666,0.4,1.1847311713158695
stability_selection,nonlinear,4,0.3333333333333333,0.8,1.1101144669710954
stability_selection,nonlinear,5,0.4166666666666667,0.7,1.4178099730719091
stability_selection,nonlinear,6,0.3333333333333333,0.8,1.201090548062468
stability_selection,nonlinear,7,0.5833333333333334,0.5,1.238541309729595
stability_selection,nonlinear,8,0.5833333333333334,0.5,1.3486108671035972
stability_selection,nonlinear,9,0.6666666666666666,0.4,1.253565681540489
stability_selection,nonlinear,10,0.5833333333333334,0.5,1.152895409235467
stability_selection,nonlinear,11,0.5833333333333334,0.5,1.1587914677480895
stability_selection,nonlinear,12,0.5,0.6,1.184786140844367
stability_selection,nonlinear,13,0.6666666666666666,0.4,1.3169973891655047
stability_selection,nonlinear,14,0.3333333333333333,0.8,1.1182718490330588
stability_selection,nonlinear,15,0.6666666666666666,0.4,1.4084648393776409
stability_selection,nonlinear,16,0.4166666666666667,0.7,1.29080877613418
stability_selection,nonlinear,17,0.5833333333333334,0.5,1.279994064617197
stability_selection,nonlinear,18,0.6666666666666666,0.4,1.3000112081703132
stability_selection,nonlinear,19,0.5833333333333334,0.5,1.3055086425205253
stability_selection,nonlinear,20,0.5833333333333334,0.5,1.2108914601922212
stability_selection,nonlinear,21,0.6666666666666666,0.4,1.262710830832975
stability_selection,nonlinear,22,0.6666666666666666,0.4,1.2723198228961343
stability_selection,nonlinear,23,0.5833333333333334,0.5,1.3136551439641926
stability_selection,nonlinear,24,0.4166666666666667,0.7,1.1422021876716402
stability_selection,nonlinear,25,0.6666666666666666,0.4,1.155619571655029
stability_selection,nonlinear,26,0.5833333333333334,0.5,1.246105481202545
stability_selection,nonlinear,27,0.6666666666666666,0.4,1.3036446760872913
stability_selection,nonlinear,28,0.5833333333333334,0.5,1.0708364794254404
stability_selection,nonlinear,29,0.4166666666666667,0.7,1.277548195336227
stability_selection,nonlinear,30,0.6666666666666666,0.4,1.1778507521854338
stability_selection,nonlinear,31,0.6666666666666666,0.4,1.3503046173824957
stability_selection,nonlinear,32,0.5833333333333334,0.5,1.2314019385900554
stability_selection,nonlinear,33,0.5833333333333334,0.5,1.2585911299852657
stability_selection,nonlinear,34,0.4166666666666667,0.7,1.1896795717631568
stability_selection,nonlinear,35,0.3333333333333333,0.8,1.3116928525924938
stability_selection,nonlinear,36,0.5833333333333334,0.5,1.1376643063069483
stability_selection,nonlinear,37,0.5833333333333334,0.5,1.5230974134170059
stability_selection,nonlinear,38,0.4166666666666667,0.7,1.4419240997173177
stability_selection,nonlinear,39,0.5833333333333334,0.5,1.1595497121504432
stability_selection,nonlinear,40,0.5833333333333334,0.5,1.2432263773209642
stability_selection,nonlinear,41,0.4166666666666667,0.7,1.0978400926574172
stability_selection,nonlinear,42,0.5833333333333334,0.5,1.1953249306006635
stability_selection,nonlinear,43,0.5,0.6,1.265056196664174
stability_selection,nonlinear,44,0.5833333333333334,0.5,1.3529825288959243
stability_selection,nonlinear,45,0.5833333333333334,0.5,1.1209665186058917
stability_selection,nonlinear,46,0.6666666666666666,0.4,1.1827415759491169
stability_selection,nonlinear,47,0.5833333333333334,0.5,1.1664465469872571
stability_selection,nonlinear,48,0.5,0.6,1.1646268747371933
stability_selection,nonlinear,49,0.4166666666666667,0.7,1.2247053423216054
stability_selection,nonlinear,50,0.5,0.6,1.1084522827895547
stability_selection,nonlinear,51,0.5833333333333334,0.5,1.3553935823246832
stability_selection,nonlinear,52,0.3333333333333333,0.8,1.1983414963735695
stability_selection,nonlinear,53,0.4166666666666667,0.7,1.1509583276583135
stability_selection,nonlinear,54,0.5833333333333334,0.5,1.7481779941585076
stability_selection,nonlinear,55,0.5,0.6,1.2797207024452941
stability_selection,nonlinear,56,0.4166666666666667,0.7,1.2951294245356733
stability_selection,nonlinear,57,0.5,0.6,1.26642236160877
stability_selection,nonlinear,58,0.25,0.9,1.1190413734532059
stability_selection,nonlinear,59,0.5,0.6,1.1513476682674368
stability_selection,nonlinear,60,0.5833333333333334,0.5,1.1001726177401185
stability_selection,nonlinear,61,0.4166666666666667,0.7,1.1546336853541184
stability_selection,nonlinear,62,0.5,0.6,1.2220501580684837
stability_selection,nonlinear,63,0.5833333333333334,0.5,1.1158531031233079
stability_selection,nonlinear,64,0.5833333333333334,0.5,1.2718180044178198
stability_selection,nonlinear,65,0.5833333333333334,0.5,1.2162203007008034
stability_selection,nonlinear,66,0.5833333333333334,0.5,1.3349089668359035
stability_selection,nonlinear,67,0.5833333333333334,0.5,1.3056354971974127
stability_selection,nonlinear,68,0.6666666666666666,0.4,1.1555288805954924
stability_selection,nonlinear,69,0.3333333333333333,0.8,1.2214854580124195
stability_selection,nonlinear,70,0.6666666666666666,0.4,1.2326329005347454
stability_selection,nonlinear,71,0.3333333333333333,0.8,1.1763584849717428
stability_selection,nonlinear,72,0.5833333333333334,0.5,1.2211995559027393
stability_selection,nonlinear,73,0.4166666666666667,0.7,1.284633675136315
stability_selection,nonlinear,74,0.5833333333333334,0.5,1.2391768440140007
stability_selection,nonlinear,75,0.5,0.6,1.2865030823872396
stability_selection,nonlinear,76,0.4166666666666667,0.7,1.1484115681682847
stability_selection,nonlinear,77,0.5,0.6,1.2953262926537756
stability_selection,nonlinear,78,0.5833333333333334,0.5,1.13871680834781
stability_selection,nonlinear,79,0.6666666666666666,0.4,1.2087856179191128
stability_selection,nonlinear,80,0.6666666666666666,0.4,1.197194487316976
stability_selection,nonlinear,81,0.5,0.6,1.2383705415415733
stability_selection,nonlinear,82,0.5833333333333334,0.5,1.1672537505806149
stability_selection,nonlinear,83,0.5,0.6,1.2696858766014965
stability_selection,nonlinear,84,0.5,0.6,1.1174488019354398
stability_selection,nonlinear,85,0.5,0.6,1.0913288490992499
stability_selection,nonlinear,86,0.5,0.6,1.1501387311193956
stability_selection,nonlinear,87,0.5833333333333334,0.5,1.1882343793418073
stability_selection,nonlinear,88,0.4166666666666667,0.7,1.2497607733470664
stability_selection,nonlinear,89,0.5,0.6,1.1563999879790698
stability_selection,nonlinear,90,0.5,0.6,1.4256315486373654
stability_selection,nonlinear,91,0.5833333333333334,0.5,1.2509450267502071
stability_selection,nonlinear,92,0.4166666666666667,0.7,1.2380259942112564
stability_selection,nonlinear,93,0.5,0.6,1.2183656310579936
stability_selection,nonlinear,94,0.5,0.6,1.3122989448586186
stability_selection,nonlinear,95,0.5,0.6,1.2013359024895272
stability_selection,nonlinear,96,0.5833333333333334,0.5,1.1360256753625368
stability_selection,nonlinear,97,0.6666666666666666,0.4,1.2256488339258935
stability_selection,nonlinear,98,0.6666666666666666,0.4,1.5630525094740781
stability_selection,nonlinear,99,0.5833333333333334,0.5,1.3982408646309774
stability_selection,nonlinear_panel,0,0.5,0.6,1.2349052127074822
stability_selection,nonlinear_panel,1,0.5833333333333334,0.5,1.1985888524815926
stability_selection,nonlinear_panel,2,0.5833333333333334,0.5,1.2169779714984374
stability_selection,nonlinear_panel,3,0.3333333333333333,0.8,1.2384025292373886
stability_selection,nonlinear_panel,4,0.5833333333333334,0.5,1.348292898172001
stability_selection,nonlinear_panel,5,0.5833333333333334,0.5,1.2528955853864032
stability_selection,nonlinear_panel,6,0.4166666666666667,0.7,1.2660048873137566
stability_selection,nonlinear_panel,7,0.5833333333333334,0.5,1.2023299600714163
stability_selection,nonlinear_panel,8,0.4166666666666667,0.7,1.5473187696727277
stability_selection,nonlinear_panel,9,0.6666666666666666,0.4,1.262745311811596
stability_selection,nonlinear_panel,10,0.3333333333333333,0.8,1.3074357033321653
stability_selection,nonlinear_panel,11,0.5,0.6,1.113433191863377
stability_selection,nonlinear_panel,12,0.5833333333333334,0.5,1.1144949860168667
stability_selection,nonlinear_panel,13,0.75,0.3,1.2958307438350907
stability_selection,nonlinear_panel,14,0.5833333333333334,0.5,1.282620682292341
stability_selection,nonlinear_panel,15,0.5833333333333334,0.5,1.1367153587960006
stability_selection,nonlinear_panel,16,0.5833333333333334,0.5,1.2125037786759953
stability_selection,nonlinear_panel,17,0.5,0.6,1.2067913087287736
stability_selection,nonlinear_panel,18,0.75,0.3,1.1785777318726316
stability_selection,nonlinear_panel,19,0.5,0.6,1.3053489524745374
stability_selection,nonlinear_panel,20,0.6666666666666666,0.4,1.3295650686883762
stability_selection,nonlinear_panel,21,0.4166666666666667,0.7,1.2570784737729201
stability_selection,nonlinear_panel,22,0.5,0.6,1.6121502362573483
stability_selection,nonlinear_panel,23,0.5833333333333334,0.5,1.185245309262062
stability_selection,nonlinear_panel,24,0.6666666666666666,0.4,1.1980070079663685
stability_selection,nonlinear_panel,25,0.4166666666666667,0.7,1.3377693108277
stability_selection,nonlinear_panel,26,0.5,0.6,1.253132319776061
stability_selection,nonlinear_panel,27,0.5,0.6,1.3451901624069562
stability_selection,nonlinear_panel,28,0.5833333333333334,0.5,1.2321394351314805
stability_selection,nonlinear_panel,29,0.6666666666666666,0.4,1.1982539514128037
stability_selection,nonlinear_panel,30,0.5833333333333334,0.5,1.3422823228662142
stability_selection,nonlinear_panel,31,0.5833333333333334,0.5,1.1097639220358304
stability_selection,nonlinear_panel,32,0.4166666666666667,0.7,1.043734594419667
stability_selection,nonlinear_panel,33,0.5,0.6,1.2210465530031485
stability_selection,nonlinear_panel,34,0.6666666666666666,0.4,1.1234495287779434
stability_selection,nonlinear_panel,35,0.5,0.6,1.0879887628757525
stability_selection,nonlinear_panel,36,0.4166666666666667,0.7,1.166068848675258
stability_selection,nonlinear_panel,37,0.5,0.6,1.0396141258096623
stability_selection,nonlinear_panel,38,0.4166666666666667,0.7,1.2062030464339328
stability_selection,nonlinear_panel,39,0.75,0.3,1.383590690425013
stability_selection,nonlinear_panel,40,0.4166666666666667,0.7,1.227635527153069
stability_selection,nonlinear_panel,41,0.6666666666666666,0.4,1.177878830293471
stability_selection,nonlinear_panel,42,0.4166666666666667,0.7,1.1273778882482877
stability_selection,nonlinear_panel,43,0.4166666666666667,0.7,1.101555204925594
stability_selection,nonlinear_panel,44,0.5,0.6,1.2494514824579939
stability_selection,nonlinear_panel,45,0.5833333333333334,0.5,1.137425163948526
stability_selection,nonlinear_panel,46,0.6666666666666666,0.4,1.1713762325474506
stability_selection,nonlinear_panel,47,0.5833333333333334,0.5,1.2469053818702982
stability_selection,nonlinear_panel,48,0.5,0.6,1.1629946002962914
stability_selection,nonlinear_panel,49,0.5833333333333334,0.5,1.2370976664309319
stability_selection,nonlinear_panel,50,0.5833333333333334,0.5,1.0789018318588182
stability_selection,nonlinear_panel,51,0.5833333333333334,0.5,1.1005733492405767
stability_selection,nonlinear_panel,52,0.5833333333333334,0.5,1.4123818387920237
stability_selection,nonlinear_panel,53,0.5,0.6,1.156831459450995
stability_selection,nonlinear_panel,54,0.5,0.6,1.1416146440483208
stability_selection,nonlinear_panel,55,0.5833333333333334,0.5,1.232260357649644
stability_selection,nonlinear_panel,56,0.5,0.6,1.370524780088933
stability_selection,nonlinear_panel,57,0.5833333333333334,0.5,1.082165161474852
stability_selection,nonlinear_panel,58,0.5833333333333334,0.5,1.2567538116762107
stability_selection,nonlinear_panel,59,0.5,0.6,1.1143762046574128
stability_selection,nonlinear_panel,60,0.5833333333333334,0.5,1.2704004959243285
stability_selection,nonlinear_panel,61,0.3333333333333333,0.8,1.1090764122848258
stability_selection,nonlinear_panel,62,0.4166666666666667,0.7,1.0617178305285493
stability_selection,nonlinear_panel,63,0.6666666666666666,0.4,1.3059393346585624
stability_selection,nonlinear_panel,64,0.4166666666666667,0.7,1.0575342084800203
stability_selection,nonlinear_panel,65,0.75,0.3,1.1220817863343757
stability_selection,nonlinear_panel,66,0.5833333333333334,0.5,1.2982760020303494
stability_selection,nonlinear_panel,67,0.8333333333333334,0.2,1.2634360788450822
stability_selection,nonlinear_panel,68,0.5833333333333334,0.5,1.1889149365517824
stability_selection,nonlinear_panel,69,0.6666666666666666,0.4,1.2949261820343887
stability_selection,nonlinear_panel,70,0.4166666666666667,0.7,1.08081590960703
stability_selection,nonlinear_panel,71,0.6666666666666666,0.4,1.1943500078983253
stability_selection,nonlinear_panel,72,0.5,0.6,1.2318002705615647
stability_selection,nonlinear_panel,73,0.5,0.6,1.239427033775623
stability_selection,nonlinear_panel,74,0.5,0.6,1.3388645303613298
stability_selection,nonlinear_panel,75,0.6666666666666666,0.4,1.2107570201174156
stability_selection,nonlinear_panel,76,0.3333333333333333,0.8,1.134468418834224
stability_selection,nonlinear_panel,77,0.3333333333333333,0.8,1.0368264694343632
stability_selection,nonlinear_panel,78,0.6666666666666666,0.4,1.2994608232724485
stability_selection,nonlinear_panel,79,0.5833333333333334,0.5,1.2474603059330263
stability_selection,nonlinear_panel,80,0.4166666666666667,0.7,1.17288639137209
stability_selection,nonlinear_panel,81,0.5,0.6,1.3316494382781394
stability_selection,nonlinear_panel,82,0.5833333333333334,0.5,1.1476123489233334
stability_selection,nonlinear_panel,83,0.5833333333333334,0.5,1.156763707942929
stability_selection,nonlinear_panel,84,0.6666666666666666,0.4,1.1381620128629155
stability_selection,nonlinear_panel,85,0.3333333333333333,0.8,1.0209120246947783
stability_selection,nonlinear_panel,86,0.75,0.3,1.2892535710519213
stability_selection,nonlinear_panel,87,0.5833333333333334,0.5,1.0691654202407892
stability_selection,nonlinear_panel,88,0.3333333333333333,0.8,1.1639441349259276
stability_selection,nonlinear_panel,89,0.4166666666666667,0.7,1.0111752215474565
stability_selection,nonlinear_panel,90,0.4166666666666667,0.7,1.3128956122149473
stability_selection,nonlinear_panel,91,0.6666666666666666,0.4,1.1996389170891189
stability_selection,nonlinear_panel,92,0.6666666666666666,0.4,1.1941334819213807
stability_selection,nonlinear_panel,93,0.5,0.6,1.2683035301925683
stability_selection,nonlinear_panel,94,0.5,0.6,1.2181107999808998
stability_selection,nonlinear_panel,95,0.4166666666666667,0.7,1.1728568840976497
stability_selection,nonlinear_panel,96,0.5833333333333334,0.5,1.200703713526186
stability_selection,nonlinear_panel,97,0.5,0.6,1.20802872834123
stability_selection,nonlinear_panel,98,0.4166666666666667,0.7,1.1808452085264165
stability_selection,nonlinear_panel,99,0.4166666666666667,0.7,1.1218869878391529
shadow_trees,linear_sparse,0,0.5833333333333334,1.0,0.6279628301570938
shadow_trees,linear_sparse,1,0.5833333333333334,1.0,0.6342045330653023
shadow_trees,linear_sparse,2,0.5833333333333334,1.0,0.6439695216330114
shadow_trees,linear_sparse,3,0.5833333333333334,1.0,0.5843194670929988
shadow_trees,linear_sparse,4,0.5833333333333334,1.0,0.6085879251595644
shadow_trees,linear_sparse,5,0.6666666666666666,0.8,0.7135526640592269
shadow_trees,linear_sparse,6,0.5833333333333334,1.0,0.602835211348211
shadow_trees,linear_sparse,7,0.5833333333333334,1.0,0.6619601479477867
shadow_trees,linear_sparse,8,0.5833333333333334,1.0,0.6175092555093915
shadow_trees,linear_sparse,9,0.5833333333333334,1.0,0.6596431583216771
shadow_trees,linear_sparse,10,0.5833333333333334,1.0,0.6608963423253098
shadow_trees,linear_sparse,11,0.5833333333333334,1.0,0.5741965805154091
shadow_trees,linear_sparse,12,0.6666666666666666,0.8,0.6849268167988425
shadow_trees,linear_sparse,13,0.5833333333333334,1.0,0.642611975789407
shadow_trees,linear_sparse,14,0.5833333333333334,1.0,0.6483569767803355
shadow_trees,linear_sparse,15,0.5833333333333334,1.0,0.6471767735343019
shadow_trees,linear_sparse,16,0.5833333333333334,1.0,0.6392452455156932
shadow_trees,linear_sparse,17,0.5833333333333334,1.0,0.6621075670763021
shadow_trees,linear_sparse,18,0.5833333333333334,1.0,0.6182982641208028
shadow_trees,linear_sparse,19,0.5833333333333334,1.0,0.5707646936423277
shadow_trees,linear_sparse,20,0.5833333333333334,1.0,0.590756576600681
shadow_trees,linear_sparse,21,0.5833333333333334,1.0,0.6043484791022891
shadow_trees,linear_sparse,22,0.5833333333333334,1.0,0.625941119857958
shadow_trees,linear_sparse,23,0.5833333333333334,1.0,0.6599560472148349
shadow_trees,linear_sparse,24,0.5833333333333334,1.0,0.62956155168236
shadow_trees,linear_sparse,25,0.5833333333333334,1.0,0.6727504284106732
shadow_trees,linear_sparse,26,0.5833333333333334,1.0,0.6297005715750694
shadow_trees,linear_sparse,27,0.5833333333333334,1.0,0.6882525484196825
shadow_trees,linear_sparse,28,0.5833333333333334,1.0,0.6159789247081595
shadow_trees,linear_sparse,29,0.5833333333333334,1.0,0.661237990797513
shadow_trees,linear_sparse,30,0.5833333333333334,1.0,0.6718253038875935
shadow_trees,linear_sparse,31,0.5833333333333334,1.0,0.6627372862499362
shadow_trees,linear_sparse,32,0.6666666666666666,0.8,0.7562986746718359
shadow_trees,linear_sparse,33,0.5833333333333334,1.0,0.616845490451519
shadow_trees,linear_sparse,34,0.5833333333333334,1.0,0.6715921600886978
shadow_trees,linear_sparse,35,0.5833333333333334,1.0,0.5884123103695716
shadow_trees,linear_sparse,36,0.5833333333333334,1.0,0.6620650220588107
shadow_trees,linear_sparse,37,0.5833333333333334,1.0,0.5873263428308909
shadow_trees,linear_sparse,38,0.5833333333333334,1.0,0.6399917229113321
shadow_trees,linear_sparse,39,0.5833333333333334,1.0,0.7100799002587214
shadow_trees,linear_sparse,40,0.5833333333333334,1.0,0.6372829770534781
shadow_trees,linear_sparse,41,0.5833333333333334,1.0,0.6659921376979949
shadow_trees,linear_sparse,42,0.5833333333333334,1.0,0.631016762800216
shadow_trees,linear_sparse,43,0.5833333333333334,1.0,0.6403090648577567
shadow_trees,linear_sparse,44,0.5833333333333334,1.0,0.6287352626799365
shadow_trees,linear_sparse,45,0.5833333333333334,1.0,0.6493220775723074
shadow_trees,linear_sparse,46,0.5833333333333334,1.0,0.6174621652415435
shadow_trees,linear_sparse,47,0.5833333333333334,1.0,0.6017698740139601
shadow_trees,linear_sparse,48,0.5833333333333334,1.0,0.6097944857486366
shadow_trees,linear_sparse,49,0.5833333333333334,1.0,0.6153138904194139
shadow_trees,linear_sparse,50,0.5833333333333334,1.0,0.6354690680778212
shadow_trees,linear_sparse,51,0.5833333333333334,1.0,0.649858586224675
shadow_trees,linear_sparse,52,0.5833333333333334,1.0,0.5962221339104868
shadow_trees,linear_sparse,53,0.5833333333333334,1.0,0.6286943318171143
shadow_trees,linear_sparse,54,0.5833333333333334,1.0,0.6892087315093484
shadow_trees,linear_sparse,55,0.5833333333333334,1.0,0.6784089512183348
shadow_trees,linear_sparse,56,0.5833333333333334,1.0,0.6429245700348082
shadow_trees,linear_sparse,57,0.5833333333333334,1.0,0.5923667854793296
shadow_trees,linear_sparse,58,0.5833333333333334,1.0,0.6238982210434274
shadow_trees,linear_sparse,59,0.5833333333333334,1.0,0.6367767819418639
shadow_trees,linear_sparse,60,0.5833333333333334,1.0,0.7449291750712875
shadow_trees,linear_sparse,61,0.5833333333333334,1.0,0.6464783181824566
shadow_trees,linear_sparse,62,0.5833333333333334,1.0,0.6362768903698858
shadow_trees,linear_sparse,63,0.5833333333333334,1.0,0.7154362505960137
shadow_trees,linear_sparse,64,0.5833333333333334,1.0,0.671831770537193
shadow_trees,linear_sparse,65,0.5833333333333334,1.0,0.6044399349496017
shadow_trees,linear_sparse,66,0.5833333333333334,1.0,0.6463268579428985
shadow_trees,linear_sparse,67,0.5833333333333334,1.0,0.6397012837137552
shadow_trees,linear_sparse,68,0.5833333333333334,1.0,0.6352554270591095
shadow_trees,linear_sparse,69,0.5833333333333334,1.0,0.6687213528137581
shadow_trees,linear_sparse,70,0.5833333333333334,1.0,0.717390397565727
shadow_trees,linear_sparse,71,0.5833333333333334,1.0,0.6368761495851143
shadow_trees,linear_sparse,72,0.5833333333333334,1.0,0.651335090723632
shadow_trees,linear_sparse,73,0.5833333333333334,1.0,0.6774248598004727
shadow_trees,linear_sparse,74,0.5833333333333334,1.0,0.6066373804333743
shadow_trees,linear_sparse,75,0.5833333333333334,1.0,0.6094468834826604
shadow_trees,linear_sparse,76,0.5833333333333334,1.0,0.6261238358135598
shadow_trees,linear_sparse,77,0.5833333333333334,1.0,0.6171924809527979
shadow_trees,linear_sparse,78,0.6666666666666666,0.8,0.7091967312045899
shadow_trees,linear_sparse,79,0.5833333333333334,1.0,0.6250766939502184
shadow_trees,linear_sparse,80,0.5833333333333334,1.0,0.6026703517346297
shadow_trees,linear_sparse,81,0.5833333333333334,1.0,0.6609891695793149
shadow_trees,linear_sparse,82,0.5833333333333334,1.0,0.6456499056214414
shadow_trees,linear_sparse,83,0.5833333333333334,1.0,0.629759700494423
shadow_trees,linear_sparse,84,0.5833333333333334,1.0,0.6284666387082148
shadow_trees,linear_sparse,85,0.5833333333333334,1.0,0.6297570342402488
shadow_trees,linear_sparse,86,0.5833333333333334,1.0,0.6140963192311797
shadow_trees,linear_sparse,87,0.5833333333333334,1.0,0.6797665547855258
shadow_trees,linear_sparse,88,0.5833333333333334,1.0,0.6551172102550678
shadow_trees,linear_sparse,89,0.5833333333333334,1.0,0.5953357499160435
shadow_trees,linear_sparse,90,0.5833333333333334,1.0,0.6480477216819684
shadow_trees,linear_sparse,91,0.5833333333333334,1.0,0.6540585936190139
shadow_trees,linear_sparse,92,0.5833333333333334,1.0,0.6077535986594742
shadow_trees,linear_sparse,93,0.5833333333333334,1.0,0.589250190129854
shadow_trees,linear_sparse,94,0.5833333333333334,1.0,0.6068089809082617
shadow_trees,linear_sparse,95,0.5833333333333334,1.0,0.6505272201103927
shadow_trees,linear_sparse,96,0.5833333333333334,1.0,0.6211881332834349
shadow_trees,linear_sparse,97,0.5833333333333334,1.0,0.5996355515169091
shadow_trees,linear_sparse,98,0.6666666666666666,0.8,0.6230015670113134
shadow_trees,linear_sparse,99,0.5833333333333334,1.0,0.6412244436531106
shadow_trees,linear_medium,0,0.3333333333333333,0.8,1.1720580691411244
shadow_trees,linear_medium,1,0.25,0.9,1.0678186840501274
shadow_trees,linear_medium,2,0.4166666666666667,0.7,1.0954394113694776
shadow_trees,linear_medium,3,0.3333333333333333,0.8,1.1420806976487619
shadow_trees,linear_medium,4,0.3333333333333333,0.8,1.1277167053305057
shadow_trees,linear_medium,5,0.3333333333333333,0.8,1.1252942468484308
shadow_trees,linear_medium,6,0.25,0.9,1.0966676981729397
shadow_trees,linear_medium,7,0.25,0.9,1.0772189717918346
shadow_trees,linear_medium,8,0.3333333333333333,0.8,1.1014581746559509
shadow_trees,linear_medium,9,0.25,0.9,1.0460673153370441
shadow_trees,linear_medium,10,0.25,0.9,1.0983828003913692
shadow_trees,linear_medium,11,0.3333333333333333,0.8,1.056013614804349
shadow_trees,linear_medium,12,0.25,0.9,1.0747407697617415
shadow_trees,linear_medium,13,0.3333333333333333,0.8,1.024310129880761
shadow_trees,linear_medium,14,0.3333333333333333,0.8,1.0598996672302885
shadow_trees,linear_medium,15,0.3333333333333333,0.8,1.0328700822724344
shadow_trees,linear_medium,16,0.3333333333333333,0.8,1.1689795327828987
shadow_trees,linear_medium,17,0.25,0.9,1.1136346602808198
shadow_trees,linear_medium,18,0.25,0.9,1.0598997419038116
shadow_trees,linear_medium,19,0.3333333333333333,0.8,1.0630494007531244
shadow_trees,linear_medium,20,0.4166666666666667,0.7,1.1665425920570016
shadow_trees,linear_medium,21,0.25,0.9,1.0803406515581218
shadow_trees,linear_medium,22,0.3333333333333333,0.8,1.081704090338385
shadow_trees,linear_medium,23,0.25,0.9,1.0639142201338558
shadow_trees,linear_medium,24,0.5,0.6,1.0537904427525702
shadow_trees,linear_medium,25,0.3333333333333333,0.8,1.1502278784202764
shadow_trees,linear_medium,26,0.25,0.9,1.032634952060269
shadow_trees,linear_medium,27,0.4166666666666667,0.7,1.024748763843524
shadow_trees,linear_medium,28,0.5,0.6,1.1038327818255174
shadow_trees,linear_medium,29,0.3333333333333333,0.8,1.0752817862766133
shadow_trees,linear_medium,30,0.4166666666666667,0.7,1.1341809244400627
shadow_trees,linear_medium,31,0.3333333333333333,0.8,1.144078911196634
shadow_trees,linear_medium,32,0.25,0.9,1.0768129300720408
shadow_trees,linear_medium,33,0.3333333333333333,0.8,1.0840703334643549
shadow_trees,linear_medium,34,0.3333333333333333,0.8,1.0663341382888725
shadow_trees,linear_medium,35,0.4166666666666667,0.7,1.115617913319402
shadow_trees,linear_medium,36,0.25,0.9,1.0948288619103346
shadow_trees,linear_medium,37,0.3333333333333333,0.8,1.0978380069739555
shadow_trees,linear_medium,38,0.3333333333333333,0.8,1.1169429053365492
shadow_trees,linear_medium,39,0.3333333333333333,0.8,1.0742329317773405
shadow_trees,linear_medium,40,0.3333333333333333,0.8,1.0947574989408944
shadow_trees,linear_medium,41,0.25,0.9,1.1006183562156189
shadow_trees,linear_medium,42,0.25,0.9,1.0554576916440863
shadow_trees,linear_medium,43,0.3333333333333333,0.8,1.0469476825320696
shadow_trees,linear_medium,44,0.25,0.9,0.9857798337015651
shadow_trees,linear_medium,45,0.3333333333333333,0.8,1.1339801038348558
shadow_trees,linear_medium,46,0.25,0.9,1.1527156963634366
shadow_trees,linear_medium,47,0.3333333333333333,0.8,1.1104321377094275
shadow_trees,linear_medium,48,0.25,0.9,1.1285180576279907
shadow_trees,linear_medium,49,0.3333333333333333,0.8,1.056410966322786
shadow_trees,linear_medium,50,0.4166666666666667,0.7,1.0522136716170185
shadow_trees,linear_medium,51,0.25,0.9,1.06212041388303
shadow_trees,linear_medium,52,0.25,0.9,1.1423878468322872
shadow_trees,linear_medium,53,0.4166666666666667,0.7,1.1052907199244462
shadow_trees,linear_medium,54,0.4166666666666667,0.7,1.0561635588971423
shadow_trees,linear_medium,55,0.25,0.9,1.095004674076885
shadow_trees,linear_medium,56,0.3333333333333333,0.8,1.1256686196817745
shadow_trees,linear_medium,57,0.4166666666666667,0.7,1.1187411040210211
shadow_trees,linear_medium,58,0.3333333333333333,0.8,1.0886304690493427
shadow_trees,linear_medium,59,0.25,0.9,1.0755674135352455
shadow_trees,linear_medium,60,0.25,0.9,1.059329484698339
shadow_trees,linear_medium,61,0.25,0.9,1.081023644090672
shadow_trees,linear_medium,62,0.3333333333333333,0.8,1.113666926905527
shadow_trees,linear_medium,63,0.25,0.9,1.0906951885564868
shadow_trees,linear_medium,64,0.3333333333333333,0.8,1.1656718579546268
shadow_trees,linear_medium,65,0.3333333333333333,0.8,1.0782522860280954
shadow_trees,linear_medium,66,0.3333333333333333,0.8,1.123487247129777
shadow_trees,linear_medium,67,0.3333333333333333,0.8,1.1521603677696743
shadow_trees,linear_medium,68,0.3333333333333333,0.8,1.0812935222445323
shadow_trees,linear_medium,69,0.3333333333333333,0.8,1.0996300681297009
shadow_trees,linear_medium,70,0.3333333333333333,0.8,1.1277746087084783
shadow_trees,linear_medium,71,0.3333333333333333,0.8,1.0039280681443692
shadow_trees,linear_medium,72,0.3333333333333333,0.8,1.1804805979627355
shadow_trees,linear_medium,73,0.3333333333333333,0.8,1.0970426025967752
shadow_trees,linear_medium,74,0.3333333333333333,0.8,1.0513295918481125
shadow_trees,linear_medium,75,0.25,0.9,1.1463188354022305
shadow_trees,linear_medium,76,0.5,0.6,1.145377302305937
shadow_trees,linear_medium,77,0.4166666666666667,0.7,1.114592509384702
shadow_trees,linear_medium,78,0.3333333333333333,0.8,1.1226623504434936
shadow_trees,linear_medium,79,0.3333333333333333,0.8,1.168094455981222
shadow_trees,linear_medium,80,0.3333333333333333,0.8,1.0798198075116265
shadow_trees,linear_medium,81,0.3333333333333333,0.8,1.1451013276538027
shadow_trees,linear_medium,82,0.4166666666666667,0.7,1.1455694928081617
shadow_trees,linear_medium,83,0.3333333333333333,0.8,1.071713977559334
shadow_trees,linear_medium,84,0.3333333333333333,0.8,1.1271591264127045
shadow_trees,linear_medium,85,0.4166666666666667,0.7,1.192985195207787
shadow_trees,linear_medium,86,0.4166666666666667,0.7,1.1235984418403069
shadow_trees,linear_medium,87,0.4166666666666667,0.7,1.0511338461498136
shadow_trees,linear_medium,88,0.4166666666666667,0.7,1.065914098763004
shadow_trees,linear_medium,89,0.3333333333333333,0.8,1.1471220632570809
shadow_trees,linear_medium,90,0.25,0.9,1.0335133631935471
shadow_trees,linear_medium,91,0.3333333333333333,0.8,1.0435630735214967
shadow_trees,linear_medium,92,0.3333333333333333,0.8,1.1497444249137865
shadow_trees,linear_medium,93,0.3333333333333333,0.8,1.0876783710168103
shadow_trees,linear_medium,94,0.3333333333333333,0.8,1.0628075522056835
shadow_trees,linear_medium,95,0.3333333333333333,0.8,1.0431675683135668
shadow_trees,linear_medium,96,0.4166666666666667,0.7,1.0569441094617318
shadow_trees,linear_medium,97,0.25,0.9,1.117634797608014
shadow_trees,linear_medium,98,0.3333333333333333,0.8,1.060202195612972
shadow_trees,linear_medium,99,0.4166666666666667,0.7,1.1207293745974167
shadow_trees,linear_weak,0,0.4166666666666667,0.7,1.9631564569225137
shadow_trees,linear_weak,1,0.25,0.9,1.9311512123327201
shadow_trees,linear_weak,2,0.16666666666666666,1.0,1.8905215794572434
shadow_trees,linear_weak,3,0.4166666666666667,0.7,1.9136170318094246
shadow_trees,linear_weak,4,0.5,0.6,1.959021009882847
shadow_trees,linear_weak,5,0.3333333333333333,0.8,1.8385112892011322
shadow_trees,linear_weak,6,0.4166666666666667,0.7,1.9418615870728904
shadow_trees,linear_weak,7,0.3333333333333333,0.8,1.9570966190470895
shadow_trees,linear_weak,8,0.3333333333333333,0.8,1.9009884181580115
shadow_trees,linear_weak,9,0.4166666666666667,0.7,1.8239888382519864
shadow_trees,linear_weak,10,0.4166666666666667,0.7,1.90729039847696
shadow_trees,linear_weak,11,0.3333333333333333,0.8,1.7929091323306758
shadow_trees,linear_weak,12,0.3333333333333333,0.8,1.802349493108662
shadow_trees,linear_weak,13,0.25,0.9,1.8631733666893466
shadow_trees,linear_weak,14,0.4166666666666667,0.7,1.8696995032421135
shadow_trees,linear_weak,15,0.25,0.9,1.6870619665846032
shadow_trees,linear_weak,16,0.25,0.9,1.960965008551122
shadow_trees,linear_weak,17,0.25,0.9,1.952040581793423
shadow_trees,linear_weak,18,0.3333333333333333,0.8,1.9856055116835314
shadow_trees,linear_weak,19,0.25,0.9,1.917178392010519
shadow_trees,linear_weak,20,0.4166666666666667,0.7,1.8468726222364753
shadow_trees,linear_weak,21,0.3333333333333333,0.8,1.9322141169021925
shadow_trees,linear_weak,22,0.4166666666666667,0.7,1.91081315408162
shadow_trees,linear_weak,23,0.3333333333333333,0.8,1.8352014849696638
shadow_trees,linear_weak,24,0.3333333333333333,0.8,1.8681080497307425
shadow_trees,linear_weak,25,0.4166666666666667,0.7,1.8493460884692965
shadow_trees,linear_weak,26,0.4166666666666667,0.7,1.8486769061924113
shadow_trees,linear_weak,27,0.3333333333333333,0.8,1.9287768628252318
shadow_trees,linear_weak,28,0.3333333333333333,0.8,1.843033938984657
shadow_trees,linear_weak,29,0.3333333333333333,0.8,1.9197743916670384
shadow_trees,linear_weak,30,0.3333333333333333,0.8,1.9039524661573308
shadow_trees,linear_weak,31,0.3333333333333333,0.8,1.8944118346017347
shadow_trees,linear_weak,32,0.3333333333333333,0.8,1.8898378074592972
shadow_trees,linear_weak,33,0.3333333333333333,0.8,1.7595676713532695
shadow_trees,linear_weak,34,0.5,0.6,1.870874148254263
shadow_trees,linear_weak,35,0.4166666666666667,0.7,1.878813145485426
shadow_trees,linear_weak,36,0.5,0.6,1.974474071020094
shadow_trees,linear_weak,37,0.4166666666666667,0.7,2.0287921435476037
shadow_trees,linear_weak,38,0.4166666666666667,0.7,1.9647844442519442
shadow_trees,linear_weak,39,0.4166666666666667,0.7,1.9158921958815467
shadow_trees,linear_weak,40,0.3333333333333333,0.8,1.915087990853351
shadow_trees,linear_weak,41,0.25,0.9,1.893535077199084
shadow_trees,linear_weak,42,0.25,0.9,1.9756772202696875
shadow_trees,linear_weak,43,0.4166666666666667,0.7,1.9689176461576943
shadow_trees,linear_weak,44,0.3333333333333333,0.8,2.0909259487225045
shadow_trees,linear_weak,45,0.4166666666666667,0.7,2.0415089881657655
shadow_trees,linear_weak,46,0.4166666666666667,0.7,1.9351342801310039
shadow_trees,linear_weak,47,0.4166666666666667,0.7,1.8516215168785786
shadow_trees,linear_weak,48,0.4166666666666667,0.7,1.8205138188744352
shadow_trees,linear_weak,49,0.4166666666666667,0.7,1.9315147380568525
shadow_trees,linear_weak,50,0.5,0.6,1.9875764781917127
shadow_trees,linear_weak,51,0.25,0.9,1.8095492658049006
shadow_trees,linear_weak,52,0.3333333333333333,0.8,1.8196047354408618
shadow_trees,linear_weak,53,0.3333333333333333,0.8,1.994898113770888
shadow_trees,linear_weak,54,0.16666666666666666,1.0,1.8689752948095517
shadow_trees,linear_weak,55,0.3333333333333333,0.8,1.9097979050398786
shadow_trees,linear_weak,56,0.3333333333333333,0.8,1.8810231919659712
shadow_trees,linear_weak,57,0.3333333333333333,0.8,1.9076455274255517
shadow_trees,linear_weak,58,0.25,0.9,1.7192886765394118
shadow_trees,linear_weak,59,0.25,0.9,1.911982461537581
shadow_trees,linear_weak,60,0.4166666666666667,0.7,1.825548545228155
shadow_trees,linear_weak,61,0.4166666666666667,0.7,1.9723026641252555
shadow_trees,linear_weak,62,0.3333333333333333,0.8,1.9890512245792067
shadow_trees,linear_weak,63,0.4166666666666667,0.7,1.9400971080405554
shadow_trees,linear_weak,64,0.4166666666666667,0.7,2.0006859712320972
shadow_trees,linear_weak,65,0.3333333333333333,0.8,1.9888099003162072
shadow_trees,linear_weak,66,0.4166666666666667,0.7,2.0060906076704095
shadow_trees,linear_weak,67,0.3333333333333333,0.8,1.8724593189884962
shadow_trees,linear_weak,68,0.3333333333333333,0.8,1.7974602309810932
shadow_trees,linear_weak,69,0.3333333333333333,0.8,1.9434302614586207
shadow_trees,linear_weak,70,0.4166666666666667,0.7,1.9133685396779985
shadow_trees,linear_weak,71,0.3333333333333333,0.8,1.9471290263270877
shadow_trees,linear_weak,72,0.25,0.9,1.8222833920477788
shadow_trees,linear_weak,73,0.3333333333333333,0.8,1.9107240345777945
shadow_trees,linear_weak,74,0.3333333333333333,0.8,1.9691863023039302
shadow_trees,linear_weak,75,0.3333333333333333,0.8,1.9710782684274872
shadow_trees,linear_weak,76,0.4166666666666667,0.7,1.8552053597654417
shadow_trees,linear_weak,77,0.25,0.9,1.8381433912807044
shadow_trees,linear_weak,78,0.5,0.6,1.977640817217982
shadow_trees,linear_weak,79,0.4166666666666667,0.7,1.8334420173009736
shadow_trees,linear_weak,80,0.4166666666666667,0.7,1.9044677522906113
shadow_trees,linear_weak,81,0.25,0.9,1.958029591113261
shadow_trees,linear_weak,82,0.4166666666666667,0.7,1.849978789484648
shadow_trees,linear_weak,83,0.3333333333333333,0.8,1.938612317972246
shadow_trees,linear_weak,84,0.3333333333333333,0.8,1.8834813140038273
shadow_trees,linear_weak,85,0.3333333333333333,0.8,1.8678953618726222
shadow_trees,linear_weak,86,0.5,0.6,1.915352537212939
shadow_trees,linear_weak,87,0.4166666666666667,0.7,1.951821340043934
shadow_trees,linear_weak,88,0.5,0.6,1.9248560536334733
shadow_trees,linear_weak,89,0.5,0.6,1.8767827244338953
shadow_trees,linear_weak,90,0.4166666666666667,0.7,1.8030085446054032
shadow_trees,linear_weak,91,0.3333333333333333,0.8,1.885985599856823
shadow_trees,linear_weak,92,0.3333333333333333,0.8,1.9251218766634748
shadow_trees,linear_weak,93,0.16666666666666666,1.0,1.769560746987027
shadow_trees,linear_weak,94,0.4166666666666667,0.7,1.9591309761665883
shadow_trees,linear_weak,95,0.4166666666666667,0.7,1.9370011128624647
shadow_trees,linear_weak,96,0.3333333333333333,0.8,1.8794822606157573
shadow_trees,linear_weak,97,0.25,0.9,1.8055239764009345
shadow_trees,linear_weak,98,0.4166666666666667,0.7,1.937734284146608
shadow_trees,linear_weak,99,0.3333333333333333,0.8,1.929200059520202
shadow_trees,linear_dense,0,0.25,0.6,1.1414617521491286
shadow_trees,linear_dense,1,0.25,0.6,1.2528909353483737
shadow_trees,linear_dense,2,0.16666666666666666,0.6666666666666666,1.1102572502365768
shadow_trees,linear_dense,3,0.0,0.8,1.1666356744918127
shadow_trees,linear_dense,4,0.25,0.6,1.0701805314568027
shadow_trees,linear_dense,5,0.25,0.6,1.0624159382036684
shadow_trees,linear_dense,6,0.25,0.6,1.0828874335733787
shadow_trees,linear_dense,7,0.08333333333333333,0.7333333333333333,1.1275923848108436
shadow_trees,linear_dense,8,0.0,0.8,1.0773138488323417
shadow_trees,linear_dense,9,0.16666666666666666,0.6666666666666666,1.0664488679916708
shadow_trees,linear_dense,10,0.08333333333333333,0.7333333333333333,1.1295304885774398
shadow_trees,linear_dense,11,0.16666666666666666,0.6666666666666666,1.061885889397419
shadow_trees,linear_dense,12,0.25,0.6,1.1154356101726213
shadow_trees,linear_dense,13,0.16666666666666666,0.6666666666666666,1.1593710864953986
shadow_trees,linear_dense,14,0.25,0.6,1.0664702563194295
shadow_trees,linear_dense,15,0.25,0.6,1.0662974787560842
shadow_trees,linear_dense,16,0.16666666666666666,0.6666666666666666,1.0842856166566355
shadow_trees,linear_dense,17,0.25,0.6,1.1755581476499322
shadow_trees,linear_dense,18,0.25,0.6,1.0562697257216456
shadow_trees,linear_dense,19,0.0,0.8,1.0737216220368098
shadow_trees,linear_dense,20,0.08333333333333333,0.7333333333333333,1.0663724485043158
shadow_trees,linear_dense,21,0.08333333333333333,0.7333333333333333,1.0738762227015628
shadow_trees,linear_dense,22,0.25,0.6,1.2049668324264209
shadow_trees,linear_dense,23,0.16666666666666666,0.6666666666666666,1.1339146340578392
shadow_trees,linear_dense,24,0.25,0.6,1.2198781403242547
shadow_trees,linear_dense,25,0.08333333333333333,0.7333333333333333,1.0082544271965665
shadow_trees,linear_dense,26,0.16666666666666666,0.6666666666666666,1.136772935094288
shadow_trees,linear_dense,27,0.25,0.6,1.160413119667824
shadow_trees,linear_dense,28,0.3333333333333333,0.5333333333333333,1.0761549441827405
shadow_trees,linear_dense,29,0.3333333333333333,0.5333333333333333,1.1185694727578324
shadow_trees,linear_dense,30,0.25,0.6,1.0925395235468836
shadow_trees,linear_dense,31,0.25,0.6,1.0363195924536903
shadow_trees,linear_dense,32,0.16666666666666666,0.6666666666666666,1.0826984341117887
shadow_trees,linear_dense,33,0.16666666666666666,0.6666666666666666,1.0619453341959528
shadow_trees,linear_dense,34,0.25,0.6,1.187878147149294
shadow_trees,linear_dense,35,0.25,0.6,1.1725102447296218
shadow_trees,linear_dense,36,0.16666666666666666,0.6666666666666666,1.093720800818614
shadow_trees,linear_dense,37,0.25,0.6,1.1548144550949437
shadow_trees,linear_dense,38,0.25,0.6,1.153500771970324
shadow_trees,linear_dense,39,0.25,0.6,1.0770531830159649
shadow_trees,linear_dense,40,0.25,0.6,1.0775455564681429
shadow_trees,linear_dense,41,0.25,0.6,1.046434000676039
shadow_trees,linear_dense,42,0.16666666666666666,0.6666666666666666,1.1222446734032174
shadow_trees,linear_dense,43,0.08333333333333333,0.7333333333333333,1.1713721212147916
shadow_trees,linear_dense,44,0.16666666666666666,0.6666666666666666,1.1570537485409718
shadow_trees,linear_dense,45,0.16666666666666666,0.6666666666666666,1.086440029097173
shadow_trees,linear_dense,46,0.25,0.6,1.2081678546954184
shadow_trees,linear_dense,47,0.4166666666666667,0.4666666666666667,1.1001915277444319
shadow_trees,linear_dense,48,0.0,0.8,1.037840737702529
shadow_trees,linear_dense,49,0.16666666666666666,0.6666666666666666,1.1030059333697542
shadow_trees,linear_dense,50,0.16666666666666666,0.6666666666666666,1.05186241348804
shadow_trees,linear_dense,51,0.25,0.6,1.1775009138443966
shadow_trees,linear_dense,52,0.16666666666666666,0.6666666666666666,1.0942861416493737
shadow_trees,linear_dense,53,0.25,0.6,1.1621565632683915
shadow_trees,linear_dense,54,0.08333333333333333,0.7333333333333333,1.0774466828002598
shadow_trees,linear_dense,55,0.16666666666666666,0.6666666666666666,1.0621209108033223
shadow_trees,linear_dense,56,0.25,0.6,1.076467673001067
shadow_trees,linear_dense,57,0.16666666666666666,0.6666666666666666,1.1899683856395111
shadow_trees,linear_dense,58,0.16666666666666666,0.6666666666666666,1.1324750184785686
shadow_trees,linear_dense,59,0.3333333333333333,0.5333333333333333,1.1654239829412982
shadow_trees,linear_dense,60,0.25,0.6,1.1503625923246112
shadow_trees,linear_dense,61,0.16666666666666666,0.6666666666666666,1.0821195621894193
shadow_trees,linear_dense,62,0.16666666666666666,0.6666666666666666,1.1310526096825584
shadow_trees,linear_dense,63,0.08333333333333333,0.7333333333333333,1.143968366615241
shadow_trees,linear_dense,64,0.3333333333333333,0.5333333333333333,1.1088726580104626
shadow_trees,linear_dense,65,0.16666666666666666,0.6666666666666666,1.1937230383235893
shadow_trees,linear_dense,66,0.25,0.6,1.1026063181952452
shadow_trees,linear_dense,67,0.25,0.6,1.1449673892982237
shadow_trees,linear_dense,68,0.3333333333333333,0.5333333333333333,1.1107364330267766
shadow_trees,linear_dense,69,0.3333333333333333,0.5333333333333333,1.1090183686877804
shadow_trees,linear_dense,70,0.25,0.6,1.1246252731382125
shadow_trees,linear_dense,71,0.25,0.6,1.0727051153833242
shadow_trees,linear_dense,72,0.16666666666666666,0.6666666666666666,1.1273277031436029
shadow_trees,linear_dense,73,0.3333333333333333,0.5333333333333333,1.1279900557270273
shadow_trees,linear_dense,74,0.3333333333333333,0.5333333333333333,1.2184601655505929
shadow_trees,linear_dense,75,0.16666666666666666,0.6666666666666666,1.058181227727938
shadow_trees,linear_dense,76,0.08333333333333333,0.7333333333333333,1.1017144045952232
shadow_trees,linear_dense,77,0.16666666666666666,0.6666666666666666,1.1007761019247522
shadow_trees,linear_dense,78,0.16666666666666666,0.6666666666666666,1.0749084703650755
shadow_trees,linear_dense,79,0.16666666666666666,0.6666666666666666,1.1370992609726343
shadow_trees,linear_dense,80,0.25,0.6,1.1227690796673127
shadow_trees,linear_dense,81,0.25,0.6,1.1528196074762336
shadow_trees,linear_dense,82,0.08333333333333333,0.7333333333333333,1.0924021077291828
shadow_trees,linear_dense,83,0.3333333333333333,0.5333333333333333,1.087140301729089
shadow_trees,linear_dense,84,0.16666666666666666,0.6666666666666666,1.1219760202195233
shadow_trees,linear_dense,85,0.16666666666666666,0.6666666666666666,1.2117282177055626
shadow_trees,linear_dense,86,0.3333333333333333,0.5333333333333333,1.1823671055674894
shadow_trees,linear_dense,87,0.16666666666666666,0.6666666666666666,1.1859563831054563
shadow_trees,linear_dense,88,0.16666666666666666,0.6666666666666666,1.1093399850299914
shadow_trees,linear_dense,89,0.08333333333333333,0.7333333333333333,1.1246318564088151
shadow_trees,linear_dense,90,0.25,0.6,1.111037250595952
shadow_trees,linear_dense,91,0.16666666666666666,0.6666666666666666,1.0433401164871972
shadow_trees,linear_dense,92,0.25,0.6,1.1190061758414465
shadow_trees,linear_dense,93,0.16666666666666666,0.6666666666666666,1.2088835036069954
shadow_trees,linear_dense,94,0.3333333333333333,0.5333333333333333,1.1919914568406138
shadow_trees,linear_dense,95,0.16666666666666666,0.6666666666666666,1.0377806551976134
shadow_trees,linear_dense,96,0.25,0.6,1.1290244285614037
shadow_trees,linear_dense,97,0.16666666666666666,0.6666666666666666,1.169632050293312
shadow_trees,linear_dense,98,0.25,0.6,1.0956450257958603
shadow_trees,linear_dense,99,0.25,0.6,1.0919635693471959
shadow_trees,nonlinear,0,0.4166666666666667,0.7,1.1986658664844183
shadow_trees,nonlinear,1,0.16666666666666666,1.0,1.1173224551540464
shadow_trees,nonlinear,2,0.16666666666666666,1.0,1.141225224564298
shadow_trees,nonlinear,3,0.3333333333333333,0.8,1.1419410356122062
shadow_trees,nonlinear,4,0.25,0.9,1.1041211314865103
shadow_trees,nonlinear,5,0.25,0.9,1.4006791065507267
shadow_trees,nonlinear,6,0.25,0.9,1.1716401610399458
shadow_trees,nonlinear,7,0.25,0.9,1.113709110511381
shadow_trees,nonlinear,8,0.16666666666666666,1.0,1.145572050805588
shadow_trees,nonlinear,9,0.16666666666666666,1.0,1.1682856567568805
shadow_trees,nonlinear,10,0.3333333333333333,0.8,1.1138564244534448
shadow_trees,nonlinear,11,0.16666666666666666,1.0,1.0849711290495367
shadow_trees,nonlinear,12,0.25,0.9,1.1625759582447346
shadow_trees,nonlinear,13,0.3333333333333333,0.8,1.234823262974035
shadow_trees,nonlinear,14,0.3333333333333333,0.8,1.1200720110501785
shadow_trees,nonlinear,15,0.25,0.9,1.1810573615292879
shadow_trees,nonlinear,16,0.25,0.9,1.2435743573891718
shadow_trees,nonlinear,17,0.16666666666666666,1.0,1.2102254100901828
shadow_trees,nonlinear,18,0.25,0.9,1.16168152027269
shadow_trees,nonlinear,19,0.3333333333333333,0.8,1.1789150628188234
shadow_trees,nonlinear,20,0.3333333333333333,0.8,1.123822694612028
shadow_trees,nonlinear,21,0.25,0.9,1.1223741561164173
shadow_trees,nonlinear,22,0.25,0.9,1.0579518092973828
shadow_trees,nonlinear,23,0.25,0.9,1.2497006321810131
shadow_trees,nonlinear,24,0.25,0.9,1.1101585225917998
shadow_trees,nonlinear,25,0.25,0.9,1.1394159916501605
shadow_trees,nonlinear,26,0.25,0.9,1.1939441166884384
shadow_trees,nonlinear,27,0.25,0.9,1.1682645085812091
shadow_trees,nonlinear,28,0.3333333333333333,0.8,1.0441097130114285
shadow_trees,nonlinear,29,0.16666666666666666,1.0,1.2484155596245285
shadow_trees,nonlinear,30,0.25,0.9,1.0982255352852848
shadow_trees,nonlinear,31,0.25,0.9,1.185407097990215
shadow_trees,nonlinear,32,0.25,0.9,1.1583202042927638
shadow_trees,nonlinear,33,0.16666666666666666,1.0,1.1561658312793002
shadow_trees,nonlinear,34,0.3333333333333333,0.8,1.1692608972164016
shadow_trees,nonlinear,35,0.25,0.9,1.2943082593745694
shadow_trees,nonlinear,36,0.25,0.9,1.0563156675812329
shadow_trees,nonlinear,37,0.3333333333333333,0.8,1.4791582765507754
shadow_trees,nonlinear,38,0.16666666666666666,1.0,1.4262716978697139
shadow_trees,nonlinear,39,0.3333333333333333,0.8,1.1156557682976729
shadow_trees,nonlinear,40,0.16666666666666666,1.0,1.0902186519762425
shadow_trees,nonlinear,41,0.16666666666666666,1.0,1.0615354106825692
shadow_trees,nonlinear,42,0.3333333333333333,0.8,1.1549396117258282
shadow_trees,nonlinear,43,0.25,0.9,1.1644973791224598
shadow_trees,nonlinear,44,0.25,0.9,1.2468877203898014
shadow_trees,nonlinear,45,0.25,0.9,1.1208864442478879
shadow_trees,nonlinear,46,0.25,0.9,1.095549975539569
shadow_trees,nonlinear,47,0.25,0.9,1.0693804213992733
shadow_trees,nonlinear,48,0.3333333333333333,0.8,1.1608679460197076
shadow_trees,nonlinear,49,0.25,0.9,1.2349980409317523
shadow_trees,nonlinear,50,0.3333333333333333,0.8,1.0521573841313694
shadow_trees,nonlinear,51,0.16666666666666666,1.0,1.2410324806999218
shadow_trees,nonlinear,52,0.16666666666666666,1.0,1.081525099087355
shadow_trees,nonlinear,53,0.3333333333333333,0.8,1.1351792021016047
shadow_trees,nonlinear,54,0.16666666666666666,1.0,1.7028825448846914
shadow_trees,nonlinear,55,0.25,0.9,1.1715935443758736
shadow_trees,nonlinear,56,0.16666666666666666,1.0,1.2611186064262383
shadow_trees,nonlinear,57,0.25,0.9,1.127806743226673
shadow_trees,nonlinear,58,0.16666666666666666,1.0,1.1062101795907069
shadow_trees,nonlinear,59,0.25,0.9,1.1413024931583462
shadow_trees,nonlinear,60,0.25,0.9,1.0686829749701334
shadow_trees,nonlinear,61,0.25,0.9,1.1228596247742104
shadow_trees,nonlinear,62,0.3333333333333333,0.8,1.2048679616672089
shadow_trees,nonlinear,63,0.3333333333333333,0.8,1.0681183460707897
shadow_trees,nonlinear,64,0.25,0.9,1.1579303290005043
shadow_trees,nonlinear,65,0.25,0.9,1.188288992767056
shadow_trees,nonlinear,66,0.25,0.9,1.2423724139372372
shadow_trees,nonlinear,67,0.16666666666666666,1.0,1.1936004626997885
shadow_trees,nonlinear,68,0.3333333333333333,0.8,1.0589402558393561
shadow_trees,nonlinear,69,0.16666666666666666,1.0,1.180816420111971
shadow_trees,nonlinear,70,0.3333333333333333,0.8,1.1717091680309546
shadow_trees,nonlinear,71,0.3333333333333333,0.8,1.1810931439202317
shadow_trees,nonlinear,72,0.3333333333333333,0.8,1.1444000038064472
shadow_trees,nonlinear,73,0.3333333333333333,0.8,1.2114935629250314
shadow_trees,nonlinear,74,0.3333333333333333,0.8,1.1716056395862673
shadow_trees,nonlinear,75,0.4166666666666667,0.7,1.2687685580734605
shadow_trees,nonlinear,76,0.25,0.9,1.1199561973620413
shadow_trees,nonlinear,77,0.16666666666666666,1.0,1.1588911039969811
shadow_trees,nonlinear,78,0.16666666666666666,1.0,1.0166357430577049
shadow_trees,nonlinear,79,0.3333333333333333,0.8,1.1394855339365324
shadow_trees,nonlinear,80,0.25,0.9,1.1043157260061975
shadow_trees,nonlinear,81,0.4166666666666667,0.7,1.1595090145196763
shadow_trees,nonlinear,82,0.16666666666666666,1.0,1.1045588005620093
shadow_trees,nonlinear,83,0.25,0.9,1.262414900082188
shadow_trees,nonlinear,84,0.3333333333333333,0.8,1.095053411933892
shadow_trees,nonlinear,85,0.3333333333333333,0.8,1.0961486602134893
shadow_trees,nonlinear,86,0.3333333333333333,0.8,1.0940629390998773
shadow_trees,nonlinear,87,0.3333333333333333,0.8,1.1000008528537153
shadow_trees,nonlinear,88,0.3333333333333333,0.8,1.2522122842580992
shadow_trees,nonlinear,89,0.3333333333333333,0.8,1.1310644180365748
shadow_trees,nonlinear,90,0.4166666666666667,0.7,1.410641419916607
shadow_trees,nonlinear,91,0.25,0.9,1.1425097369361463
shadow_trees,nonlinear,92,0.16666666666666666,1.0,1.1698385093904653
shadow_trees,nonlinear,93,0.25,0.9,1.0873771021615917
shadow_trees,nonlinear,94,0.25,0.9,1.2762605121100512
shadow_trees,nonlinear,95,0.25,0.9,1.140593974054607
shadow_trees,nonlinear,96,0.3333333333333333,0.8,1.1212045090761469
shadow_trees,nonlinear,97,0.3333333333333333,0.8,1.1329743336526317
shadow_trees,nonlinear,98,0.25,0.9,1.5201763035926
shadow_trees,nonlinear,99,0.25,0.9,1.3305780963960923
shadow_trees,nonlinear_panel,0,0.16666666666666666,1.0,1.1266569463110563
shadow_trees,nonlinear_panel,1,0.3333333333333333,0.8,1.1275121328527182
shadow_trees,nonlinear_panel,2,0.25,0.9,1.186663577475519
shadow_trees,nonlinear_panel,3,0.3333333333333333,0.8,1.2234292866037444
shadow_trees,nonlinear_panel,4,0.25,0.9,1.1549182019571997
shadow_trees,nonlinear_panel,5,0.25,0.9,1.1689829699241643
shadow_trees,nonlinear_panel,6,0.16666666666666666,1.0,1.2440932735049814
shadow_trees,nonlinear_panel,7,0.16666666666666666,1.0,1.1277087760888018
shadow_trees,nonlinear_panel,8,0.3333333333333333,0.8,1.528086603196544
shadow_trees,nonlinear_panel,9,0.16666666666666666,1.0,1.1121429062906354
shadow_trees,nonlinear_panel,10,0.25,0.9,1.3074890951789655
shadow_trees,nonlinear_panel,11,0.3333333333333333,0.8,1.0718236004480572
shadow_trees,nonlinear_panel,12,0.25,0.9,1.0423344571894215
shadow_trees,nonlinear_panel,13,0.3333333333333333,0.8,1.2190809756595258
shadow_trees,nonlinear_panel,14,0.25,0.9,1.1937794860280062
shadow_trees,nonlinear_panel,15,0.3333333333333333,0.8,1.103952264606185
shadow_trees,nonlinear_panel,16,0.3333333333333333,0.8,1.1467487570616925
shadow_trees,nonlinear_panel,17,0.5,0.6,1.185132159077924
shadow_trees,nonlinear_panel,18,0.3333333333333333,0.8,1.13779442015262
shadow_trees,nonlinear_panel,19,0.25,0.9,1.1527922220225588
shadow_trees,nonlinear_panel,20,0.25,0.9,1.2314622605413181
shadow_trees,nonlinear_panel,21,0.4166666666666667,0.7,1.2113918649152033
shadow_trees,nonlinear_panel,22,0.25,0.9,1.5844662405940266
shadow_trees,nonlinear_panel,23,0.25,0.9,1.111456122987391
shadow_trees,nonlinear_panel,24,0.25,0.9,1.0879911936745545
shadow_trees,nonlinear_panel,25,0.3333333333333333,0.8,1.2492933538642819
shadow_trees,nonlinear_panel,26,0.25,0.9,1.168599588041249
shadow_trees,nonlinear_panel,27,0.25,0.9,1.3165679870699316
shadow_trees,nonlinear_panel,28,0.25,0.9,1.0378485414501777
shadow_trees,nonlinear_panel,29,0.25,0.9,1.0778573643721814
shadow_trees,nonlinear_panel,30,0.4166666666666667,0.7,1.311259787214123
shadow_trees,nonlinear_panel,31,0.16666666666666666,1.0,1.0284389024731153
shadow_trees,nonlinear_panel,32,0.4166666666666667,0.7,1.0113622998194542
shadow_trees,nonlinear_panel,33,0.16666666666666666,1.0,1.1631350022380953
shadow_trees,nonlinear_panel,34,0.25,0.9,1.0186505427808592
shadow_trees,nonlinear_panel,35,0.25,0.9,1.043170380203548
shadow_trees,nonlinear_panel,36,0.16666666666666666,1.0,1.1244422728138925
shadow_trees,nonlinear_panel,37,0.25,0.9,0.9985585963065274
shadow_trees,nonlinear_panel,38,0.25,0.9,1.1699614867810695
shadow_trees,nonlinear_panel,39,0.25,0.9,1.1822348607812725
shadow_trees,nonlinear_panel,40,0.25,0.9,1.189716149145729
shadow_trees,nonlinear_panel,41,0.3333333333333333,0.8,1.1040015683871442
shadow_trees,nonlinear_panel,42,0.25,0.9,1.09036852516744
shadow_trees,nonlinear_panel,43,0.4166666666666667,0.7,1.0828584614264125
shadow_trees,nonlinear_panel,44,0.3333333333333333,0.8,1.1993302031769757
shadow_trees,nonlinear_panel,45,0.25,0.9,1.082439744636684
shadow_trees,nonlinear_panel,46,0.4166666666666667,0.7,1.0973382207591256
shadow_trees,nonlinear_panel,47,0.16666666666666666,1.0,1.1458802266403214
shadow_trees,nonlinear_panel,48,0.25,0.9,1.108473829474294
shadow_trees,nonlinear_panel,49,0.16666666666666666,1.0,1.105754877526604
shadow_trees,nonlinear_panel,50,0.16666666666666666,1.0,1.01784856184168
shadow_trees,nonlinear_panel,51,0.25,0.9,1.0474309775060937
shadow_trees,nonlinear_panel,52,0.25,0.9,1.354843473486022
shadow_trees,nonlinear_panel,53,0.3333333333333333,0.8,1.0940139027941118
shadow_trees,nonlinear_panel,54,0.3333333333333333,0.8,1.1028088057908376
shadow_trees,nonlinear_panel,55,0.25,0.9,1.131616670888848
shadow_trees,nonlinear_panel,56,0.16666666666666666,1.0,1.339040055522087
shadow_trees,nonlinear_panel,57,0.3333333333333333,0.8,1.039340492502909
shadow_trees,nonlinear_panel,58,0.3333333333333333,0.8,1.1874101166038427
shadow_trees,nonlinear_panel,59,0.3333333333333333,0.8,1.045764986133256
shadow_trees,nonlinear_panel,60,0.3333333333333333,0.8,1.1979558075460812
shadow_trees,nonlinear_panel,61,0.25,0.9,1.1074154718342077
shadow_trees,nonlinear_panel,62,0.4166666666666667,0.7,1.0457910914148376
shadow_trees,nonlinear_panel,63,0.25,0.9,1.2416458282853768
shadow_trees,nonlinear_panel,64,0.16666666666666666,1.0,0.9892014579011698
shadow_trees,nonlinear_panel,65,0.25,0.9,1.0817335247737299
shadow_trees,nonlinear_panel,66,0.3333333333333333,0.8,1.2784742363872148
shadow_trees,nonlinear_panel,67,0.3333333333333333,0.8,1.1544229383379516
shadow_trees,nonlinear_panel,68,0.4166666666666667,0.7,1.106497487568431
shadow_trees,nonlinear_panel,69,0.25,0.9,1.1731700807880732
shadow_trees,nonlinear_panel,70,0.16666666666666666,1.0,1.0532289238839878
shadow_trees,nonlinear_panel,71,0.25,0.9,1.0953441991869848
shadow_trees,nonlinear_panel,72,0.16666666666666666,1.0,1.1923334425070826
shadow_trees,nonlinear_panel,73,0.25,0.9,1.194373585990593
shadow_trees,nonlinear_panel,74,0.16666666666666666,1.0,1.130281013573929
shadow_trees,nonlinear_panel,75,0.3333333333333333,0.8,1.1540990200698198
shadow_trees,nonlinear_panel,76,0.25,0.9,1.0710042376694917
shadow_trees,nonlinear_panel,77,0.25,0.9,1.0183593144492828
shadow_trees,nonlinear_panel,78,0.25,0.9,1.1550930422771621
shadow_trees,nonlinear_panel,79,0.3333333333333333,0.8,1.1898660478696164
shadow_trees,nonlinear_panel,80,0.3333333333333333,0.8,1.0986499068859188
shadow_trees,nonlinear_panel,81,0.16666666666666666,1.0,1.2397759054729662
shadow_trees,nonlinear_panel,82,0.3333333333333333,0.8,1.0991528723135267
shadow_trees,nonlinear_panel,83,0.16666666666666666,1.0,1.1084019631285482
shadow_trees,nonlinear_panel,84,0.3333333333333333,0.8,1.1034823131882965
shadow_trees,nonlinear_panel,85,0.4166666666666667,0.7,1.0341522940154027
shadow_trees,nonlinear_panel,86,0.4166666666666667,0.7,1.2181225110441498
shadow_trees,nonlinear_panel,87,0.25,0.9,1.0573855769302969
shadow_trees,nonlinear_panel,88,0.16666666666666666,1.0,1.1187260091386133
shadow_trees,nonlinear_panel,89,0.25,0.9,1.0088444553660507
shadow_trees,nonlinear_panel,90,0.25,0.9,1.2587251164890056
shadow_trees,nonlinear_panel,91,0.25,0.9,1.105246856471036
shadow_trees,nonlinear_panel,92,0.3333333333333333,0.8,1.0939986849114407
shadow_trees,nonlinear_panel,93,0.25,0.9,1.213056238425299
shadow_trees,nonlinear_panel,94,0.25,0.9,1.1725269206641882
shadow_trees,nonlinear_panel,95,0.25,0.9,1.1070920698738371
shadow_trees,nonlinear_panel,96,0.25,0.9,1.0834840215596668
shadow_trees,nonlinear_panel,97,0.25,0.9,1.1349836286861534
shadow_trees,nonlinear_panel,98,0.3333333333333333,0.8,1.1572774050284833
shadow_trees,nonlinear_panel,99,0.25,0.9,1.0706808938200194
xgboost_shap,linear_sparse,0,0.5833333333333334,1.0,0.6391570173380388
xgboost_shap,linear_sparse,1,0.5833333333333334,1.0,0.6382734235870244
xgboost_shap,linear_sparse,2,0.5833333333333334,1.0,0.6510518226493464
xgboost_shap,linear_sparse,3,0.5833333333333334,1.0,0.5907737630655503
xgboost_shap,linear_sparse,4,0.5833333333333334,1.0,0.607225663898634
xgboost_shap,linear_sparse,5,0.5833333333333334,1.0,0.6777464390753293
xgboost_shap,linear_sparse,6,0.5833333333333334,1.0,0.6072775636115799
xgboost_shap,linear_sparse,7,0.5833333333333334,1.0,0.6634976387980396
xgboost_shap,linear_sparse,8,0.5833333333333334,1.0,0.6223102262844965
xgboost_shap,linear_sparse,9,0.5833333333333334,1.0,0.6552638036104964
xgboost_shap,linear_sparse,10,0.5833333333333334,1.0,0.6632858589380562
xgboost_shap,linear_sparse,11,0.5833333333333334,1.0,0.572560900595076
xgboost_shap,linear_sparse,12,0.5833333333333334,1.0,0.6492025384803021
xgboost_shap,linear_sparse,13,0.5833333333333334,1.0,0.6582901280707814
xgboost_shap,linear_sparse,14,0.5833333333333334,1.0,0.6527555325099575
xgboost_shap,linear_sparse,15,0.5833333333333334,1.0,0.649560099925132
xgboost_shap,linear_sparse,16,0.5833333333333334,1.0,0.6407566996838508
xgboost_shap,linear_sparse,17,0.5833333333333334,1.0,0.6642189305135997
xgboost_shap,linear_sparse,18,0.5833333333333334,1.0,0.62192923267039
xgboost_shap,linear_sparse,19,0.5833333333333334,1.0,0.5770325469356685
xgboost_shap,linear_sparse,20,0.5833333333333334,1.0,0.5936357552939167
xgboost_shap,linear_sparse,21,0.5833333333333334,1.0,0.6043484791022891
xgboost_shap,linear_sparse,22,0.5833333333333334,1.0,0.6242536193981385
xgboost_shap,linear_sparse,23,0.5833333333333334,1.0,0.6531614947388412
xgboost_shap,linear_sparse,24,0.5833333333333334,1.0,0.6384013725458173
xgboost_shap,linear_sparse,25,0.5833333333333334,1.0,0.6733988475020497
xgboost_shap,linear_sparse,26,0.5833333333333334,1.0,0.6322885830075285
xgboost_shap,linear_sparse,27,0.5833333333333334,1.0,0.6890571904687733
xgboost_shap,linear_sparse,28,0.5833333333333334,1.0,0.6151606399997478
xgboost_shap,linear_sparse,29,0.5833333333333334,1.0,0.6633364819623453
xgboost_shap,linear_sparse,30,0.5833333333333334,1.0,0.6753284598532583
xgboost_shap,linear_sparse,31,0.5833333333333334,1.0,0.6610494547527391
xgboost_shap,linear_sparse,32,0.5833333333333334,1.0,0.6733441471887226
xgboost_shap,linear_sparse,33,0.5833333333333334,1.0,0.6123870197144934
xgboost_shap,linear_sparse,34,0.5833333333333334,1.0,0.6788484576690594
xgboost_shap,linear_sparse,35,0.5833333333333334,1.0,0.5925512689201333
xgboost_shap,linear_sparse,36,0.5833333333333334,1.0,0.6651137575834939
xgboost_shap,linear_sparse,37,0.5833333333333334,1.0,0.5855844381029134
xgboost_shap,linear_sparse,38,0.5833333333333334,1.0,0.6411310390884789
xgboost_shap,linear_sparse,39,0.5833333333333334,1.0,0.7105791606887484
xgboost_shap,linear_sparse,40,0.5833333333333334,1.0,0.6413893140500101
xgboost_shap,linear_sparse,41,0.5833333333333334,1.0,0.6699318429808461
xgboost_shap,linear_sparse,42,0.5833333333333334,1.0,0.637399384628965
xgboost_shap,linear_sparse,43,0.5833333333333334,1.0,0.6422318919807397
xgboost_shap,linear_sparse,44,0.5833333333333334,1.0,0.6288889662902666
xgboost_shap,linear_sparse,45,0.5833333333333334,1.0,0.652288713595114
xgboost_shap,linear_sparse,46,0.5833333333333334,1.0,0.6096365608843555
xgboost_shap,linear_sparse,47,0.5833333333333334,1.0,0.6084692226557203
xgboost_shap,linear_sparse,48,0.5833333333333334,1.0,0.6145065111523061
xgboost_shap,linear_sparse,49,0.5833333333333334,1.0,0.6146153327459732
xgboost_shap,linear_sparse,50,0.5833333333333334,1.0,0.6354690680778212
xgboost_shap,linear_sparse,51,0.5833333333333334,1.0,0.6438558151302507
xgboost_shap,linear_sparse,52,0.5833333333333334,1.0,0.593516895208961
xgboost_shap,linear_sparse,53,0.5833333333333334,1.0,0.6276226655243765
xgboost_shap,linear_sparse,54,0.5833333333333334,1.0,0.6783728786117157
xgboost_shap,linear_sparse,55,0.5833333333333334,1.0,0.6774121071146931
xgboost_shap,linear_sparse,56,0.5833333333333334,1.0,0.6466191615638442
xgboost_shap,linear_sparse,57,0.5833333333333334,1.0,0.5941061655946465
xgboost_shap,linear_sparse,58,0.5833333333333334,1.0,0.6235934060154694
xgboost_shap,linear_sparse,59,0.5833333333333334,1.0,0.6387931918282006
xgboost_shap,linear_sparse,60,0.5833333333333334,1.0,0.7379085071099479
xgboost_shap,linear_sparse,61,0.5833333333333334,1.0,0.6422389227476333
xgboost_shap,linear_sparse,62,0.5833333333333334,1.0,0.631086177847679
xgboost_shap,linear_sparse,63,0.5833333333333334,1.0,0.7205856503948835
xgboost_shap,linear_sparse,64,0.5833333333333334,1.0,0.6711437179124965
xgboost_shap,linear_sparse,65,0.5833333333333334,1.0,0.6093904798701997
xgboost_shap,linear_sparse,66,0.5833333333333334,1.0,0.6463268579428985
xgboost_shap,linear_sparse,67,0.5833333333333334,1.0,0.642819740536714
xgboost_shap,linear_sparse,68,0.5833333333333334,1.0,0.6363380116713796
xgboost_shap,linear_sparse,69,0.5833333333333334,1.0,0.6730986108789944
xgboost_shap,linear_sparse,70,0.5833333333333334,1.0,0.7160630734571278
xgboost_shap,linear_sparse,71,0.5833333333333334,1.0,0.6366710304485258
xgboost_shap,linear_sparse,72,0.5833333333333334,1.0,0.6493087660847804
xgboost_shap,linear_sparse,73,0.5833333333333334,1.0,0.6729633641567873
xgboost_shap,linear_sparse,74,0.5833333333333334,1.0,0.5982926273870468
xgboost_shap,linear_sparse,75,0.5833333333333334,1.0,0.6096539353507794
xgboost_shap,linear_sparse,76,0.5833333333333334,1.0,0.6183062748485159
xgboost_shap,linear_sparse,77,0.5833333333333334,1.0,0.6180459994650775
xgboost_shap,linear_sparse,78,0.5833333333333334,1.0,0.6646303080206866
xgboost_shap,linear_sparse,79,0.5833333333333334,1.0,0.6257832635893672
xgboost_shap,linear_sparse,80,0.5833333333333334,1.0,0.5948106426124221
xgboost_shap,linear_sparse,81,0.5833333333333334,1.0,0.6643672303328108
xgboost_shap,linear_sparse,82,0.5833333333333334,1.0,0.6485878294574833
xgboost_shap,linear_sparse,83,0.5833333333333334,1.0,0.6281925167483702
xgboost_shap,linear_sparse,84,0.5833333333333334,1.0,0.6307990967750098
xgboost_shap,linear_sparse,85,0.5833333333333334,1.0,0.6420625429961789
xgboost_shap,linear_sparse,86,0.5833333333333334,1.0,0.6178469593239376
xgboost_shap,linear_sparse,87,0.5833333333333334,1.0,0.6820751818518738
xgboost_shap,linear_sparse,88,0.5833333333333334,1.0,0.6581662416855343
xgboost_shap,linear_sparse,89,0.5833333333333334,1.0,0.5974573976869879
xgboost_shap,linear_sparse,90,0.5833333333333334,1.0,0.6405689435537096
xgboost_shap,linear_sparse,91,0.5833333333333334,1.0,0.6552799581510148
xgboost_shap,linear_sparse,92,0.5833333333333334,1.0,0.6035633319070887
xgboost_shap,linear_sparse,93,0.5833333333333334,1.0,0.5866228432884347
xgboost_shap,linear_sparse,94,0.5833333333333334,1.0,0.6120179599905604
xgboost_shap,linear_sparse,95,0.5833333333333334,1.0,0.6419605802501978
xgboost_shap,linear_sparse,96,0.5833333333333334,1.0,0.625634380380071
xgboost_shap,linear_sparse,97,0.5833333333333334,1.0,0.6019761055886643
xgboost_shap,linear_sparse,98,0.5833333333333334,1.0,0.6021893359104344
xgboost_shap,linear_sparse,99,0.5833333333333334,1.0,0.6412180014334549
xgboost_shap,linear_medium,0,0.16666666666666666,1.0,1.1039389487060596
xgboost_shap,linear_medium,1,0.16666666666666666,1.0,1.0587445772419586
xgboost_shap,linear_medium,2,0.16666666666666666,1.0,1.0534252264760435
xgboost_shap,linear_medium,3,0.16666666666666666,1.0,1.1185897722667215
xgboost_shap,linear_medium,4,0.16666666666666666,1.0,1.1104361837136183
xgboost_shap,linear_medium,5,0.16666666666666666,1.0,1.0943021204654173
xgboost_shap,linear_medium,6,0.16666666666666666,1.0,1.102995929214426
xgboost_shap,linear_medium,7,0.16666666666666666,1.0,1.0666372970954783
xgboost_shap,linear_medium,8,0.16666666666666666,1.0,1.0973974784881255
xgboost_shap,linear_medium,9,0.16666666666666666,1.0,1.029743843692904
xgboost_shap,linear_medium,10,0.16666666666666666,1.0,1.0860564127272365
xgboost_shap,linear_medium,11,0.25,0.9,1.0514720868358356
xgboost_shap,linear_medium,12,0.16666666666666666,1.0,1.0442379200823062
xgboost_shap,linear_medium,13,0.16666666666666666,1.0,1.013197761114519
xgboost_shap,linear_medium,14,0.16666666666666666,1.0,1.0477346540513424
xgboost_shap,linear_medium,15,0.16666666666666666,1.0,1.0306946650819984
xgboost_shap,linear_medium,16,0.16666666666666666,1.0,1.1404799301273638
xgboost_shap,linear_medium,17,0.16666666666666666,1.0,1.0773340196783738
xgboost_shap,linear_medium,18,0.16666666666666666,1.0,1.0701106459933811
xgboost_shap,linear_medium,19,0.25,0.9,1.0447083430819342
xgboost_shap,linear_medium,20,0.16666666666666666,1.0,1.1558770215893446
xgboost_shap,linear_medium,21,0.16666666666666666,1.0,1.068669478282733
xgboost_shap,linear_medium,22,0.16666666666666666,1.0,1.0506815208415945
xgboost_shap,linear_medium,23,0.16666666666666666,1.0,1.0521325659635457
xgboost_shap,linear_medium,24,0.16666666666666666,1.0,0.9941746124701473
xgboost_shap,linear_medium,25,0.16666666666666666,1.0,1.1314826308865749
xgboost_shap,linear_medium,26,0.16666666666666666,1.0,1.0171309443417764
xgboost_shap,linear_medium,27,0.16666666666666666,1.0,0.9972559030308332
xgboost_shap,linear_medium,28,0.16666666666666666,1.0,1.0268717993379073
xgboost_shap,linear_medium,29,0.16666666666666666,1.0,1.0426154051829406
xgboost_shap,linear_medium,30,0.16666666666666666,1.0,1.1045329715313315
xgboost_shap,linear_medium,31,0.16666666666666666,1.0,1.1121249749198385
xgboost_shap,linear_medium,32,0.16666666666666666,1.0,1.091863127408412
xgboost_shap,linear_medium,33,0.16666666666666666,1.0,1.0488273381015927
xgboost_shap,linear_medium,34,0.16666666666666666,1.0,1.0587234673999057
xgboost_shap,linear_medium,35,0.16666666666666666,1.0,1.0661025854068138
xgboost_shap,linear_medium,36,0.16666666666666666,1.0,1.0764806236294158
xgboost_shap,linear_medium,37,0.25,0.9,1.0882374847024354
xgboost_shap,linear_medium,38,0.25,0.9,1.0926874545086664
xgboost_shap,linear_medium,39,0.16666666666666666,1.0,1.03220712183734
xgboost_shap,linear_medium,40,0.16666666666666666,1.0,1.0641322650949905
xgboost_shap,linear_medium,41,0.16666666666666666,1.0,1.0669169267833725
xgboost_shap,linear_medium,42,0.16666666666666666,1.0,1.041392822473725
xgboost_shap,linear_medium,43,0.16666666666666666,1.0,1.026244608126486
xgboost_shap,linear_medium,44,0.16666666666666666,1.0,0.9654861130848176
xgboost_shap,linear_medium,45,0.16666666666666666,1.0,1.1150174582651535
xgboost_shap,linear_medium,46,0.16666666666666666,1.0,1.1456059732580488
xgboost_shap,linear_medium,47,0.16666666666666666,1.0,1.0873570933732672
xgboost_shap,linear_medium,48,0.16666666666666666,1.0,1.1401836438432444
xgboost_shap,linear_medium,49,0.16666666666666666,1.0,1.0313959661998182
xgboost_shap,linear_medium,50,0.16666666666666666,1.0,1.0466286031796843
xgboost_shap,linear_medium,51,0.16666666666666666,1.0,1.0585031771040903
xgboost_shap,linear_medium,52,0.16666666666666666,1.0,1.1188106105071782
xgboost_shap,linear_medium,53,0.16666666666666666,1.0,1.0886708763756563
xgboost_shap,linear_medium,54,0.16666666666666666,1.0,1.036016350369927
xgboost_shap,linear_medium,55,0.16666666666666666,1.0,1.0925996342835573
xgboost_shap,linear_medium,56,0.16666666666666666,1.0,1.1011661147268683
xgboost_shap,linear_medium,57,0.16666666666666666,1.0,1.1116416781459075
xgboost_shap,linear_medium,58,0.16666666666666666,1.0,1.0668522560766578
xgboost_shap,linear_medium,59,0.16666666666666666,1.0,1.0583572576850837
xgboost_shap,linear_medium,60,0.16666666666666666,1.0,1.0410123458181662
xgboost_shap,linear_medium,61,0.16666666666666666,1.0,1.0735519280580272
xgboost_shap,linear_medium,62,0.16666666666666666,1.0,1.0892217366587167
xgboost_shap,linear_medium,63,0.16666666666666666,1.0,1.0834096553032089
xgboost_shap,linear_medium,64,0.16666666666666666,1.0,1.1298736040316266
xgboost_shap,linear_medium,65,0.16666666666666666,1.0,1.0559178206205084
xgboost_shap,linear_medium,66,0.25,0.9,1.1164711438943413
xgboost_shap,linear_medium,67,0.16666666666666666,1.0,1.1254075082789052
xgboost_shap,linear_medium,68,0.16666666666666666,1.0,1.0642093699262782
xgboost_shap,linear_medium,69,0.16666666666666666,1.0,1.0733094392465874
xgboost_shap,linear_medium,70,0.16666666666666666,1.0,1.0998707998462713
xgboost_shap,linear_medium,71,0.25,0.9,0.9921610314440561
xgboost_shap,linear_medium,72,0.16666666666666666,1.0,1.1680452438108189
xgboost_shap,linear_medium,73,0.16666666666666666,1.0,1.0737336560224082
xgboost_shap,linear_medium,74,0.16666666666666666,1.0,1.0263148420711532
xgboost_shap,linear_medium,75,0.16666666666666666,1.0,1.1320589577536968
xgboost_shap,linear_medium,76,0.25,0.9,1.1145057539563192
xgboost_shap,linear_medium,77,0.16666666666666666,1.0,1.0758372166074115
xgboost_shap,linear_medium,78,0.16666666666666666,1.0,1.0927701261479141
xgboost_shap,linear_medium,79,0.16666666666666666,1.0,1.152439272563802
xgboost_shap,linear_medium,80,0.16666666666666666,1.0,1.0571614523131676
xgboost_shap,linear_medium,81,0.16666666666666666,1.0,1.128454523747974
xgboost_shap,linear_medium,82,0.16666666666666666,1.0,1.1023827548492209
xgboost_shap,linear_medium,83,0.16666666666666666,1.0,1.0429931345580776
xgboost_shap,linear_medium,84,0.16666666666666666,1.0,1.0998965651730443
xgboost_shap,linear_medium,85,0.16666666666666666,1.0,1.151171269118134
xgboost_shap,linear_medium,86,0.16666666666666666,1.0,1.073534626425083
xgboost_shap,linear_medium,87,0.16666666666666666,1.0,1.044567179506948
xgboost_shap,linear_medium,88,0.16666666666666666,1.0,1.0438647014985922
xgboost_shap,linear_medium,89,0.16666666666666666,1.0,1.1294141608850223
xgboost_shap,linear_medium,90,0.16666666666666666,1.0,1.0224062088954315
xgboost_shap,linear_medium,91,0.25,0.9,1.0311695217268675
xgboost_shap,linear_medium,92,0.16666666666666666,1.0,1.116587901790684
xgboost_shap,linear_medium,93,0.16666666666666666,1.0,1.0270569381781305
xgboost_shap,linear_medium,94,0.25,0.9,1.0273041424856602
xgboost_shap,linear_medium,95,0.16666666666666666,1.0,1.0418646717394886
xgboost_shap,linear_medium,96,0.16666666666666666,1.0,1.02940440887768
xgboost_shap,linear_medium,97,0.16666666666666666,1.0,1.0928859289692454
xgboost_shap,linear_medium,98,0.16666666666666666,1.0,1.0591804833565666
xgboost_shap,linear_medium,99,0.16666666666666666,1.0,1.0881912936581983
xgboost_shap,linear_weak,0,0.25,0.9,1.960010476584853
xgboost_shap,linear_weak,1,0.25,0.9,1.9261867445349015
xgboost_shap,linear_weak,2,0.16666666666666666,1.0,1.890209704988275
xgboost_shap,linear_weak,3,0.25,0.9,1.886980205053648
xgboost_shap,linear_weak,4,0.25,0.9,1.9225014148664843
xgboost_shap,linear_weak,5,0.25,0.9,1.807248395279416
xgboost_shap,linear_weak,6,0.25,0.9,1.9562036895516701
xgboost_shap,linear_weak,7,0.16666666666666666,1.0,1.936743576169879
xgboost_shap,linear_weak,8,0.16666666666666666,1.0,1.9165904833548413
xgboost_shap,linear_weak,9,0.3333333333333333,0.8,1.823679679362706
xgboost_shap,linear_weak,10,0.16666666666666666,1.0,1.8660369620655408
xgboost_shap,linear_weak,11,0.25,0.9,1.7956045694829754
xgboost_shap,linear_weak,12,0.16666666666666666,1.0,1.7713110541024828
xgboost_shap,linear_weak,13,0.25,0.9,1.87626282729225
xgboost_shap,linear_weak,14,0.16666666666666666,1.0,1.8424951013849975
xgboost_shap,linear_weak,15,0.16666666666666666,1.0,1.688946123883249
xgboost_shap,linear_weak,16,0.16666666666666666,1.0,1.922159721898036
xgboost_shap,linear_weak,17,0.16666666666666666,1.0,1.9291084617906347
xgboost_shap,linear_weak,18,0.25,0.9,1.9807370184276987
xgboost_shap,linear_weak,19,0.16666666666666666,1.0,1.9066840043714222
xgboost_shap,linear_weak,20,0.25,0.9,1.8545060980520565
xgboost_shap,linear_weak,21,0.25,0.9,1.894770877389776
xgboost_shap,linear_weak,22,0.25,0.9,1.903111268866771
xgboost_shap,linear_weak,23,0.16666666666666666,1.0,1.8461405410520835
xgboost_shap,linear_weak,24,0.25,0.9,1.8497454110639164
xgboost_shap,linear_weak,25,0.25,0.9,1.8450509276487155
xgboost_shap,linear_weak,26,0.16666666666666666,1.0,1.809244341323028
xgboost_shap,linear_weak,27,0.16666666666666666,1.0,1.8898191790808507
xgboost_shap,linear_weak,28,0.25,0.9,1.826372516529276
xgboost_shap,linear_weak,29,0.16666666666666666,1.0,1.899010641149073
xgboost_shap,linear_weak,30,0.25,0.9,1.9103002311900112
xgboost_shap,linear_weak,31,0.16666666666666666,1.0,1.864246117281587
xgboost_shap,linear_weak,32,0.25,0.9,1.8798580791279416
xgboost_shap,linear_weak,33,0.16666666666666666,1.0,1.7508522772150585
xgboost_shap,linear_weak,34,0.16666666666666666,1.0,1.820038287791865
xgboost_shap,linear_weak,35,0.4166666666666667,0.7,1.878813145485426
xgboost_shap,linear_weak,36,0.25,0.9,1.9165689192694566
xgboost_shap,linear_weak,37,0.3333333333333333,0.8,2.025807248574865
xgboost_shap,linear_weak,38,0.25,0.9,1.9307442254081093
xgboost_shap,linear_weak,39,0.16666666666666666,1.0,1.8887110952902797
xgboost_shap,linear_weak,40,0.16666666666666666,1.0,1.9068994072340695
xgboost_shap,linear_weak,41,0.25,0.9,1.8854318159040957
xgboost_shap,linear_weak,42,0.16666666666666666,1.0,1.9767658880954784
xgboost_shap,linear_weak,43,0.16666666666666666,1.0,1.9210293678672694
xgboost_shap,linear_weak,44,0.25,0.9,2.074135761252345
xgboost_shap,linear_weak,45,0.25,0.9,2.060659006624098
xgboost_shap,linear_weak,46,0.16666666666666666,1.0,1.9091229964210852
xgboost_shap,linear_weak,47,0.16666666666666666,1.0,1.831291183640617
xgboost_shap,linear_weak,48,0.16666666666666666,1.0,1.8184627973452225
xgboost_shap,linear_weak,49,0.3333333333333333,0.8,1.921100759299102
xgboost_shap,linear_weak,50,0.3333333333333333,0.8,1.967462131992221
xgboost_shap,linear_weak,51,0.25,0.9,1.8139234217708688
xgboost_shap,linear_weak,52,0.16666666666666666,1.0,1.7894295274064707
xgboost_shap,linear_weak,53,0.25,0.9,1.958474731528061
xgboost_shap,linear_weak,54,0.16666666666666666,1.0,1.8621106224675077
xgboost_shap,linear_weak,55,0.25,0.9,1.9070944959606124
xgboost_shap,linear_weak,56,0.25,0.9,1.889567588126677
xgboost_shap,linear_weak,57,0.25,0.9,1.9012117761144727
xgboost_shap,linear_weak,58,0.3333333333333333,0.8,1.7150340692706758
xgboost_shap,linear_weak,59,0.25,0.9,1.9241087859575028
xgboost_shap,linear_weak,60,0.3333333333333333,0.8,1.7976671907812318
xgboost_shap,linear_weak,61,0.25,0.9,1.9864133892347826
xgboost_shap,linear_weak,62,0.25,0.9,1.9433782520125238
xgboost_shap,linear_weak,63,0.16666666666666666,1.0,1.9597480077483016
xgboost_shap,linear_weak,64,0.25,0.9,1.997438869512685
xgboost_shap,linear_weak,65,0.25,0.9,1.9481415496312726
xgboost_shap,linear_weak,66,0.16666666666666666,1.0,1.9767512652273265
xgboost_shap,linear_weak,67,0.25,0.9,1.8671445778108773
xgboost_shap,linear_weak,68,0.25,0.9,1.8198244114046196
xgboost_shap,linear_weak,69,0.16666666666666666,1.0,1.9116093229486812
xgboost_shap,linear_weak,70,0.25,0.9,1.9232480663108202
xgboost_shap,linear_weak,71,0.16666666666666666,1.0,1.9023247815763051
xgboost_shap,linear_weak,72,0.16666666666666666,1.0,1.8449406311061596
xgboost_shap,linear_weak,73,0.16666666666666666,1.0,1.9784602809514211
xgboost_shap,linear_weak,74,0.16666666666666666,1.0,1.964380552531919
xgboost_shap,linear_weak,75,0.16666666666666666,1.0,1.9407419934385952
xgboost_shap,linear_weak,76,0.3333333333333333,0.8,1.859454233138923
xgboost_shap,linear_weak,77,0.25,0.9,1.8267509627457832
xgboost_shap,linear_weak,78,0.25,0.9,1.9144430817573401
xgboost_shap,linear_weak,79,0.16666666666666666,1.0,1.797936860937388
xgboost_shap,linear_weak,80,0.16666666666666666,1.0,1.880528907616038
xgboost_shap,linear_weak,81,0.16666666666666666,1.0,1.954419170824424
xgboost_shap,linear_weak,82,0.25,0.9,1.8392877827892866
xgboost_shap,linear_weak,83,0.16666666666666666,1.0,1.8962317409388685
xgboost_shap,linear_weak,84,0.16666666666666666,1.0,1.858286944845137
xgboost_shap,linear_weak,85,0.16666666666666666,1.0,1.860691208706693
xgboost_shap,linear_weak,86,0.3333333333333333,0.8,1.920148157658318
xgboost_shap,linear_weak,87,0.3333333333333333,0.8,1.9109598212665073
xgboost_shap,linear_weak,88,0.16666666666666666,1.0,1.9114545403305097
xgboost_shap,linear_weak,89,0.25,0.9,1.831159015420241
xgboost_shap,linear_weak,90,0.16666666666666666,1.0,1.749345537715921
xgboost_shap,linear_weak,91,0.25,0.9,1.867949347475781
xgboost_shap,linear_weak,92,0.16666666666666666,1.0,1.893410982416936
xgboost_shap,linear_weak,93,0.16666666666666666,1.0,1.769560746987027
xgboost_shap,linear_weak,94,0.25,0.9,1.933896831070285
xgboost_shap,linear_weak,95,0.3333333333333333,0.8,1.9476618279379116
xgboost_shap,linear_weak,96,0.25,0.9,1.8600772578603972
xgboost_shap,linear_weak,97,0.16666666666666666,1.0,1.7903550002935136
xgboost_shap,linear_weak,98,0.16666666666666666,1.0,1.8740631006712656
xgboost_shap,linear_weak,99,0.16666666666666666,1.0,1.8970573355700742
xgboost_shap,linear_dense,0,0.08333333333333333,0.7333333333333333,1.1318100729519824
xgboost_shap,linear_dense,1,0.0,0.8,1.2289350052978671
xgboost_shap,linear_dense,2,0.0,0.8,1.1311924706777847
xgboost_shap,linear_dense,3,0.0,0.8,1.1709660875251109
xgboost_shap,linear_dense,4,0.0,0.8,1.0205776372229045
xgboost_shap,linear_dense,5,0.16666666666666666,0.6666666666666666,1.074851650953499
xgboost_shap,linear_dense,6,0.08333333333333333,0.7333333333333333,1.0757455915790022
xgboost_shap,linear_dense,7,0.0,0.8,1.1100333744898845
xgboost_shap,linear_dense,8,0.0,0.8,1.0793039850862305
xgboost_shap,linear_dense,9,0.08333333333333333,0.7333333333333333,1.0524892490749704
xgboost_shap,linear_dense,10,0.0,0.8,1.0918743257445616
xgboost_shap,linear_dense,11,0.08333333333333333,0.7333333333333333,1.0735846755895626
xgboost_shap,linear_dense,12,0.08333333333333333,0.7333333333333333,1.1103036044368313
xgboost_shap,linear_dense,13,0.0,0.8,1.1341002724451927
xgboost_shap,linear_dense,14,0.0,0.8,1.0382582761349464
xgboost_shap,linear_dense,15,0.0,0.8,1.0706932086652803
xgboost_shap,linear_dense,16,0.0,0.8,1.0687336262030962
xgboost_shap,linear_dense,17,0.08333333333333333,0.7333333333333333,1.141807808002759
xgboost_shap,linear_dense,18,0.0,0.8,1.0323640752093988
xgboost_shap,linear_dense,19,0.0,0.8,1.093724452475026
xgboost_shap,linear_dense,20,0.0,0.8,1.0635714463462507
xgboost_shap,linear_dense,21,0.0,0.8,1.0547851392146146
xgboost_shap,linear_dense,22,0.08333333333333333,0.7333333333333333,1.2105462747756544
xgboost_shap,linear_dense,23,0.0,0.8,1.1102335284620768
xgboost_shap,linear_dense,24,0.0,0.8,1.1714995241553496
xgboost_shap,linear_dense,25,0.0,0.8,1.0122561569115713
xgboost_shap,linear_dense,26,0.08333333333333333,0.7333333333333333,1.1309713335777836
xgboost_shap,linear_dense,27,0.0,0.8,1.1373737900370595
xgboost_shap,linear_dense,28,0.08333333333333333,0.7333333333333333,1.0702818346782261
xgboost_shap,linear_dense,29,0.08333333333333333,0.7333333333333333,1.091668571925599
xgboost_shap,linear_dense,30,0.0,0.8,1.0777578142995943
xgboost_shap,linear_dense,31,0.08333333333333333,0.7333333333333333,1.031602254610102
xgboost_shap,linear_dense,32,0.0,0.8,1.0675978537390367
xgboost_shap,linear_dense,33,0.0,0.8,1.0685985536443656
xgboost_shap,linear_dense,34,0.0,0.8,1.141801155122087
xgboost_shap,linear_dense,35,0.08333333333333333,0.7333333333333333,1.138955169661426
xgboost_shap,linear_dense,36,0.0,0.8,1.0879315314981488
xgboost_shap,linear_dense,37,0.0,0.8,1.0881473024671136
xgboost_shap,linear_dense,38,0.0,0.8,1.0819858647951703
xgboost_shap,linear_dense,39,0.0,0.8,1.038322728250199
xgboost_shap,linear_dense,40,0.0,0.8,1.0685918824201786
xgboost_shap,linear_dense,41,0.08333333333333333,0.7333333333333333,1.0364509593829028
xgboost_shap,linear_dense,42,0.0,0.8,1.0932733564837152
xgboost_shap,linear_dense,43,0.0,0.8,1.1617639065091219
xgboost_shap,linear_dense,44,0.0,0.8,1.1274802892641556
xgboost_shap,linear_dense,45,0.08333333333333333,0.7333333333333333,1.0912438622146665
xgboost_shap,linear_dense,46,0.08333333333333333,0.7333333333333333,1.2042380563774222
xgboost_shap,linear_dense,47,0.16666666666666666,0.6666666666666666,1.0581934282295449
xgboost_shap,linear_dense,48,0.0,0.8,1.037840737702529
xgboost_shap,linear_dense,49,0.0,0.8,1.1074434300436145
xgboost_shap,linear_dense,50,0.0,0.8,1.0457129628975026
xgboost_shap,linear_dense,51,0.08333333333333333,0.7333333333333333,1.123123589743125
xgboost_shap,linear_dense,52,0.0,0.8,1.0663676472454122
xgboost_shap,linear_dense,53,0.08333333333333333,0.7333333333333333,1.142933263329982
xgboost_shap,linear_dense,54,0.0,0.8,1.0547437410498874
xgboost_shap,linear_dense,55,0.0,0.8,1.0576595292715214
xgboost_shap,linear_dense,56,0.08333333333333333,0.7333333333333333,1.0712830198564431
xgboost_shap,linear_dense,57,0.0,0.8,1.1267985022118994
xgboost_shap,linear_dense,58,0.0,0.8,1.0738695604563824
xgboost_shap,linear_dense,59,0.0,0.8,1.1109292878850752
xgboost_shap,linear_dense,60,0.0,0.8,1.123939201246868
xgboost_shap,linear_dense,61,0.0,0.8,1.0552047793354302
xgboost_shap,linear_dense,62,0.0,0.8,1.1014158260831035
xgboost_shap,linear_dense,63,0.08333333333333333,0.7333333333333333,1.143968366615241
xgboost_shap,linear_dense,64,0.0,0.8,1.1038238785674361
xgboost_shap,linear_dense,65,0.0,0.8,1.1518831482233007
xgboost_shap,linear_dense,66,0.16666666666666666,0.6666666666666666,1.1031985064775849
xgboost_shap,linear_dense,67,0.0,0.8,1.1309984177206032
xgboost_shap,linear_dense,68,0.0,0.8,1.0524817357393548
xgboost_shap,linear_dense,69,0.0,0.8,1.0523852834544807
xgboost_shap,linear_dense,70,0.0,0.8,1.0835191274997262
xgboost_shap,linear_dense,71,0.08333333333333333,0.7333333333333333,1.0698994230213539
xgboost_shap,linear_dense,72,0.0,0.8,1.1198217319460078
xgboost_shap,linear_dense,73,0.0,0.8,1.0695144627703548
xgboost_shap,linear_dense,74,0.0,0.8,1.1535402571642903
xgboost_shap,linear_dense,75,0.08333333333333333,0.7333333333333333,1.0415926858504685
xgboost_shap,linear_dense,76,0.0,0.8,1.0867610067320475
xgboost_shap,linear_dense,77,0.0,0.8,1.093068699610791
xgboost_shap,linear_dense,78,0.0,0.8,1.0695695075770413
xgboost_shap,linear_dense,79,0.0,0.8,1.136067327488586
xgboost_shap,linear_dense,80,0.0,0.8,1.0827707226358325
xgboost_shap,linear_dense,81,0.0,0.8,1.1373466228081544
xgboost_shap,linear_dense,82,0.0,0.8,1.0522926653350557
xgboost_shap,linear_dense,83,0.0,0.8,1.0357686079617117
xgboost_shap,linear_dense,84,0.0,0.8,1.0895699927540596
xgboost_shap,linear_dense,85,0.0,0.8,1.1431694205841385
xgboost_shap,linear_dense,86,0.0,0.8,1.1282020223159448
xgboost_shap,linear_dense,87,0.0,0.8,1.1683744084966587
xgboost_shap,linear_dense,88,0.0,0.8,1.0846245379635127
xgboost_shap,linear_dense,89,0.0,0.8,1.1266823741905772
xgboost_shap,linear_dense,90,0.0,0.8,1.0892404190500595
xgboost_shap,linear_dense,91,0.0,0.8,1.0284654950433434
xgboost_shap,linear_dense,92,0.0,0.8,1.1016861100325541
xgboost_shap,linear_dense,93,0.0,0.8,1.1653330656888443
xgboost_shap,linear_dense,94,0.0,0.8,1.1852959609364457
xgboost_shap,linear_dense,95,0.0,0.8,1.0019830831678342
xgboost_shap,linear_dense,96,0.0,0.8,1.0889674427720601
xgboost_shap,linear_dense,97,0.0,0.8,1.1502925481170927
xgboost_shap,linear_dense,98,0.0,0.8,1.0717428011277264
xgboost_shap,linear_dense,99,0.0,0.8,1.0809596351720367
xgboost_shap,nonlinear,0,0.16666666666666666,1.0,1.188175402322125
xgboost_shap,nonlinear,1,0.16666666666666666,1.0,1.1136126312569623
xgboost_shap,nonlinear,2,0.16666666666666666,1.0,1.1149069759471975
xgboost_shap,nonlinear,3,0.25,0.9,1.1453621783784946
xgboost_shap,nonlinear,4,0.16666666666666666,1.0,1.1125841488400232
xgboost_shap,nonlinear,5,0.16666666666666666,1.0,1.3855873666524936
xgboost_shap,nonlinear,6,0.16666666666666666,1.0,1.1594966311549288
xgboost_shap,nonlinear,7,0.16666666666666666,1.0,1.1219587086975888
xgboost_shap,nonlinear,8,0.16666666666666666,1.0,1.1505770994862599
xgboost_shap,nonlinear,9,0.16666666666666666,1.0,1.1635622460515977
xgboost_shap,nonlinear,10,0.16666666666666666,1.0,1.1120482932198845
xgboost_shap,nonlinear,11,0.16666666666666666,1.0,1.0904238805732167
xgboost_shap,nonlinear,12,0.16666666666666666,1.0,1.1495372975379565
xgboost_shap,nonlinear,13,0.25,0.9,1.2260895413807253
xgboost_shap,nonlinear,14,0.16666666666666666,1.0,1.1082788503650303
xgboost_shap,nonlinear,15,0.16666666666666666,1.0,1.1758218598184824
xgboost_shap,nonlinear,16,0.16666666666666666,1.0,1.2395603578944059
xgboost_shap,nonlinear,17,0.16666666666666666,1.0,1.2055474299098223
xgboost_shap,nonlinear,18,0.25,0.9,1.1650373165881607
xgboost_shap,nonlinear,19,0.25,0.9,1.1693712616407885
xgboost_shap,nonlinear,20,0.3333333333333333,0.8,1.1370886856776254
xgboost_shap,nonlinear,21,0.25,0.9,1.1312334430400686
xgboost_shap,nonlinear,22,0.16666666666666666,1.0,1.0374802132590308
xgboost_shap,nonlinear,23,0.16666666666666666,1.0,1.2321185690825007
xgboost_shap,nonlinear,24,0.25,0.9,1.1072154992897063
xgboost_shap,nonlinear,25,0.16666666666666666,1.0,1.1316371939069272
xgboost_shap,nonlinear,26,0.16666666666666666,1.0,1.1881785233919808
xgboost_shap,nonlinear,27,0.16666666666666666,1.0,1.1748000246351082
xgboost_shap,nonlinear,28,0.3333333333333333,0.8,1.0596281417342333
xgboost_shap,nonlinear,29,0.16666666666666666,1.0,1.2620842720399752
xgboost_shap,nonlinear,30,0.16666666666666666,1.0,1.0865963342640919
xgboost_shap,nonlinear,31,0.16666666666666666,1.0,1.1820039780081755
xgboost_shap,nonlinear,32,0.16666666666666666,1.0,1.163514564955841
xgboost_shap,nonlinear,33,0.16666666666666666,1.0,1.1602626475350133
xgboost_shap,nonlinear,34,0.16666666666666666,1.0,1.1597850160838505
xgboost_shap,nonlinear,35,0.16666666666666666,1.0,1.3062598980072553
xgboost_shap,nonlinear,36,0.16666666666666666,1.0,1.0565460126460995
xgboost_shap,nonlinear,37,0.25,0.9,1.4888240527763055
xgboost_shap,nonlinear,38,0.16666666666666666,1.0,1.4196869463969246
xgboost_shap,nonlinear,39,0.16666666666666666,1.0,1.1104004821496294
xgboost_shap,nonlinear,40,0.16666666666666666,1.0,1.0961882056148449
xgboost_shap,nonlinear,41,0.16666666666666666,1.0,1.0761341292075832
xgboost_shap,nonlinear,42,0.25,0.9,1.157435855968111
xgboost_shap,nonlinear,43,0.16666666666666666,1.0,1.1408123815126465
xgboost_shap,nonlinear,44,0.25,0.9,1.2589795377907873
xgboost_shap,nonlinear,45,0.16666666666666666,1.0,1.128540986680057
xgboost_shap,nonlinear,46,0.16666666666666666,1.0,1.0988144083099967
xgboost_shap,nonlinear,47,0.16666666666666666,1.0,1.0707936343919833
xgboost_shap,nonlinear,48,0.3333333333333333,0.8,1.156536026285735
xgboost_shap,nonlinear,49,0.25,0.9,1.2382274590147466
xgboost_shap,nonlinear,50,0.16666666666666666,1.0,1.0415111014340055
xgboost_shap,nonlinear,51,0.16666666666666666,1.0,1.2489842567688323
xgboost_shap,nonlinear,52,0.16666666666666666,1.0,1.0883018606841222
xgboost_shap,nonlinear,53,0.25,0.9,1.1238176460744524
xgboost_shap,nonlinear,54,0.16666666666666666,1.0,1.702259738866385
xgboost_shap,nonlinear,55,0.16666666666666666,1.0,1.1694989367108881
xgboost_shap,nonlinear,56,0.25,0.9,1.2941464180258373
xgboost_shap,nonlinear,57,0.16666666666666666,1.0,1.1168659750162613
xgboost_shap,nonlinear,58,0.16666666666666666,1.0,1.109753223162076
xgboost_shap,nonlinear,59,0.16666666666666666,1.0,1.1378964767811415
xgboost_shap,nonlinear,60,0.25,0.9,1.0686829749701334
xgboost_shap,nonlinear,61,0.25,0.9,1.1310559121790706
xgboost_shap,nonlinear,62,0.16666666666666666,1.0,1.2196516521577638
xgboost_shap,nonlinear,63,0.16666666666666666,1.0,1.058468500542299
xgboost_shap,nonlinear,64,0.16666666666666666,1.0,1.1509751800245591
xgboost_shap,nonlinear,65,0.16666666666666666,1.0,1.1704929701861304
xgboost_shap,nonlinear,66,0.16666666666666666,1.0,1.2422749643754778
xgboost_shap,nonlinear,67,0.16666666666666666,1.0,1.1967114946839679
xgboost_shap,nonlinear,68,0.16666666666666666,1.0,1.051963869046553
xgboost_shap,nonlinear,69,0.16666666666666666,1.0,1.1890239013992767
xgboost_shap,nonlinear,70,0.25,0.9,1.1612622207194716
xgboost_shap,nonlinear,71,0.25,0.9,1.1929001197551061
xgboost_shap,nonlinear,72,0.16666666666666666,1.0,1.140196666029859
xgboost_shap,nonlinear,73,0.25,0.9,1.1925078807652627
xgboost_shap,nonlinear,74,0.16666666666666666,1.0,1.1816073919644063
xgboost_shap,nonlinear,75,0.25,0.9,1.2464470197000388
xgboost_shap,nonlinear,76,0.16666666666666666,1.0,1.1327109322075608
xgboost_shap,nonlinear,77,0.16666666666666666,1.0,1.1767183653171038
xgboost_shap,nonlinear,78,0.16666666666666666,1.0,1.0328103343296884
xgboost_shap,nonlinear,79,0.25,0.9,1.153657515991605
xgboost_shap,nonlinear,80,0.16666666666666666,1.0,1.1005950285917976
xgboost_shap,nonlinear,81,0.16666666666666666,1.0,1.1564959919246118
xgboost_shap,nonlinear,82,0.16666666666666666,1.0,1.1080290980652017
xgboost_shap,nonlinear,83,0.25,0.9,1.2366960581419613
xgboost_shap,nonlinear,84,0.25,0.9,1.0930470239705463
xgboost_shap,nonlinear,85,0.25,0.9,1.084293349636191
xgboost_shap,nonlinear,86,0.16666666666666666,1.0,1.0913285229954417
xgboost_shap,nonlinear,87,0.3333333333333333,0.8,1.10208272785239
xgboost_shap,nonlinear,88,0.25,0.9,1.2445747597646875
xgboost_shap,nonlinear,89,0.25,0.9,1.1338465642850961
xgboost_shap,nonlinear,90,0.16666666666666666,1.0,1.3984764272091357
xgboost_shap,nonlinear,91,0.16666666666666666,1.0,1.140046099478892
xgboost_shap,nonlinear,92,0.16666666666666666,1.0,1.1698385093904653
xgboost_shap,nonlinear,93,0.16666666666666666,1.0,1.0944096351921713
xgboost_shap,nonlinear,94,0.25,0.9,1.2888237342793962
xgboost_shap,nonlinear,95,0.16666666666666666,1.0,1.1372499502987556
xgboost_shap,nonlinear,96,0.16666666666666666,1.0,1.1248750840604165
xgboost_shap,nonlinear,97,0.25,0.9,1.1317261722506284
xgboost_shap,nonlinear,98,0.16666666666666666,1.0,1.5505815486033359
xgboost_shap,nonlinear,99,0.3333333333333333,0.8,1.3484808239320085
xgboost_shap,nonlinear_panel,0,0.16666666666666666,1.0,1.1304411964962955
xgboost_shap,nonlinear_panel,1,0.16666666666666666,1.0,1.1301240455891233
xgboost_shap,nonlinear_panel,2,0.16666666666666666,1.0,1.1717952985410622
xgboost_shap,nonlinear_panel,3,0.16666666666666666,1.0,1.2245229303579792
xgboost_shap,nonlinear_panel,4,0.25,0.9,1.1568258761666834
xgboost_shap,nonlinear_panel,5,0.16666666666666666,1.0,1.1794945982061253
xgboost_shap,nonlinear_panel,6,0.16666666666666666,1.0,1.254376432565386
xgboost_shap,nonlinear_panel,7,0.25,0.9,1.1301723787880253
xgboost_shap,nonlinear_panel,8,0.25,0.9,1.5117392654330126
xgboost_shap,nonlinear_panel,9,0.16666666666666666,1.0,1.1121429062906354
xgboost_shap,nonlinear_panel,10,0.16666666666666666,1.0,1.303004966493026
xgboost_shap,nonlinear_panel,11,0.25,0.9,1.0645148963982816
xgboost_shap,nonlinear_panel,12,0.16666666666666666,1.0,1.051282319465476
xgboost_shap,nonlinear_panel,13,0.25,0.9,1.2164208554394091
xgboost_shap,nonlinear_panel,14,0.16666666666666666,1.0,1.1928835314118758
xgboost_shap,nonlinear_panel,15,0.3333333333333333,0.8,1.1038813673925676
xgboost_shap,nonlinear_panel,16,0.25,0.9,1.1619204362616822
xgboost_shap,nonlinear_panel,17,0.25,0.9,1.1653014483715687
xgboost_shap,nonlinear_panel,18,0.25,0.9,1.1210244871726442
xgboost_shap,nonlinear_panel,19,0.25,0.9,1.1488067671841786
xgboost_shap,nonlinear_panel,20,0.16666666666666666,1.0,1.2207893667685183
xgboost_shap,nonlinear_panel,21,0.25,0.9,1.1947210327847861
xgboost_shap,nonlinear_panel,22,0.25,0.9,1.5847550753332338
xgboost_shap,nonlinear_panel,23,0.16666666666666666,1.0,1.103639370433006
xgboost_shap,nonlinear_panel,24,0.16666666666666666,1.0,1.0768044470433529
xgboost_shap,nonlinear_panel,25,0.16666666666666666,1.0,1.247275156612562
xgboost_shap,nonlinear_panel,26,0.16666666666666666,1.0,1.1618548511263598
xgboost_shap,nonlinear_panel,27,0.16666666666666666,1.0,1.293804392786609
xgboost_shap,nonlinear_panel,28,0.16666666666666666,1.0,1.0325416082176264
xgboost_shap,nonlinear_panel,29,0.16666666666666666,1.0,1.0805149120774837
xgboost_shap,nonlinear_panel,30,0.25,0.9,1.2999250976303085
xgboost_shap,nonlinear_panel,31,0.16666666666666666,1.0,1.0344923237568442
xgboost_shap,nonlinear_panel,32,0.16666666666666666,1.0,1.012779919879352
xgboost_shap,nonlinear_panel,33,0.16666666666666666,1.0,1.1692329805921198
xgboost_shap,nonlinear_panel,34,0.16666666666666666,1.0,1.0393254738444921
xgboost_shap,nonlinear_panel,35,0.16666666666666666,1.0,1.0433335648542506
xgboost_shap,nonlinear_panel,36,0.16666666666666666,1.0,1.1286821534139495
xgboost_shap,nonlinear_panel,37,0.25,0.9,1.0053980209044113
xgboost_shap,nonlinear_panel,38,0.16666666666666666,1.0,1.1740247569985918
xgboost_shap,nonlinear_panel,39,0.16666666666666666,1.0,1.1737786909299641
xgboost_shap,nonlinear_panel,40,0.16666666666666666,1.0,1.1896326155569577
xgboost_shap,nonlinear_panel,41,0.3333333333333333,0.8,1.1143532100604636
xgboost_shap,nonlinear_panel,42,0.16666666666666666,1.0,1.100213729539711
xgboost_shap,nonlinear_panel,43,0.16666666666666666,1.0,1.0843857731840898
xgboost_shap,nonlinear_panel,44,0.25,0.9,1.207390466992548
xgboost_shap,nonlinear_panel,45,0.16666666666666666,1.0,1.0719185684956147
xgboost_shap,nonlinear_panel,46,0.16666666666666666,1.0,1.0767424817122624
xgboost_shap,nonlinear_panel,47,0.16666666666666666,1.0,1.1514967828297136
xgboost_shap,nonlinear_panel,48,0.25,0.9,1.1012662851119466
xgboost_shap,nonlinear_panel,49,0.16666666666666666,1.0,1.110890705643465
xgboost_shap,nonlinear_panel,50,0.16666666666666666,1.0,1.0115186900163087
xgboost_shap,nonlinear_panel,51,0.25,0.9,1.0617022248000734
xgboost_shap,nonlinear_panel,52,0.25,0.9,1.3562714268347937
xgboost_shap,nonlinear_panel,53,0.16666666666666666,1.0,1.1013488899224648
xgboost_shap,nonlinear_panel,54,0.16666666666666666,1.0,1.0980269876297637
xgboost_shap,nonlinear_panel,55,0.16666666666666666,1.0,1.1409480540063806
xgboost_shap,nonlinear_panel,56,0.16666666666666666,1.0,1.3452345939839636
xgboost_shap,nonlinear_panel,57,0.25,0.9,1.0469199094270456
xgboost_shap,nonlinear_panel,58,0.16666666666666666,1.0,1.1442747621407647
xgboost_shap,nonlinear_panel,59,0.16666666666666666,1.0,1.0303420359927464
xgboost_shap,nonlinear_panel,60,0.16666666666666666,1.0,1.1820091081705326
xgboost_shap,nonlinear_panel,61,0.16666666666666666,1.0,1.1019164154722116
xgboost_shap,nonlinear_panel,62,0.16666666666666666,1.0,1.0442490546175498
xgboost_shap,nonlinear_panel,63,0.16666666666666666,1.0,1.2325635647429587
xgboost_shap,nonlinear_panel,64,0.16666666666666666,1.0,0.9913586416579642
xgboost_shap,nonlinear_panel,65,0.25,0.9,1.0781376990244873
xgboost_shap,nonlinear_panel,66,0.16666666666666666,1.0,1.2865600698525503
xgboost_shap,nonlinear_panel,67,0.16666666666666666,1.0,1.151444000183305
xgboost_shap,nonlinear_panel,68,0.16666666666666666,1.0,1.1000444652042933
xgboost_shap,nonlinear_panel,69,0.16666666666666666,1.0,1.1644221808714528
xgboost_shap,nonlinear_panel,70,0.16666666666666666,1.0,1.0532289238839878
xgboost_shap,nonlinear_panel,71,0.16666666666666666,1.0,1.094417966371824
xgboost_shap,nonlinear_panel,72,0.16666666666666666,1.0,1.1915930091650349
xgboost_shap,nonlinear_panel,73,0.16666666666666666,1.0,1.1961391762384244
xgboost_shap,nonlinear_panel,74,0.16666666666666666,1.0,1.132577191354172
xgboost_shap,nonlinear_panel,75,0.16666666666666666,1.0,1.1440349494052906
xgboost_shap,nonlinear_panel,76,0.16666666666666666,1.0,1.0754498056012638
xgboost_shap,nonlinear_panel,77,0.25,0.9,1.0197826282521847
xgboost_shap,nonlinear_panel,78,0.16666666666666666,1.0,1.179856537767913
xgboost_shap,nonlinear_panel,79,0.25,0.9,1.1937694247592188
xgboost_shap,nonlinear_panel,80,0.16666666666666666,1.0,1.0822171550021302
xgboost_shap,nonlinear_panel,81,0.16666666666666666,1.0,1.2341348959122032
xgboost_shap,nonlinear_panel,82,0.16666666666666666,1.0,1.0892667137635008
xgboost_shap,nonlinear_panel,83,0.16666666666666666,1.0,1.1084019631285482
xgboost_shap,nonlinear_panel,84,0.16666666666666666,1.0,1.1156742407812388
xgboost_shap,nonlinear_panel,85,0.25,0.9,1.010820411660957
xgboost_shap,nonlinear_panel,86,0.25,0.9,1.201035312270422
xgboost_shap,nonlinear_panel,87,0.16666666666666666,1.0,1.0506219792064246
xgboost_shap,nonlinear_panel,88,0.16666666666666666,1.0,1.1212721561062804
xgboost_shap,nonlinear_panel,89,0.16666666666666666,1.0,0.9933006942969345
xgboost_shap,nonlinear_panel,90,0.16666666666666666,1.0,1.2603063347685333
xgboost_shap,nonlinear_panel,91,0.25,0.9,1.0986964435587732
xgboost_shap,nonlinear_panel,92,0.16666666666666666,1.0,1.0967462324371355
xgboost_shap,nonlinear_panel,93,0.16666666666666666,1.0,1.208653594394624
xgboost_shap,nonlinear_panel,94,0.25,0.9,1.1837224764186316
xgboost_shap,nonlinear_panel,95,0.16666666666666666,1.0,1.1073990957791504
xgboost_shap,nonlinear_panel,96,0.16666666666666666,1.0,1.0829592873989753
xgboost_shap,nonlinear_panel,97,0.16666666666666666,1.0,1.1456728588487293
xgboost_shap,nonlinear_panel,98,0.25,0.9,1.1466948847302254
xgboost_shap,nonlinear_panel,99,0.16666666666666666,1.0,1.0719585339822937
deep_lasso,linear_sparse,0,0.5833333333333334,1.0,0.6366827858968548
deep_lasso,linear_sparse,1,0.5833333333333334,1.0,0.6322579730156213
deep_lasso,linear_sparse,2,0.5833333333333334,1.0,0.6463267897340823
deep_lasso,linear_sparse,3,0.5833333333333334,1.0,0.5880937936783791
deep_lasso,linear_sparse,4,0.5833333333333334,1.0,0.6052655232943353
deep_lasso,linear_sparse,5,0.5833333333333334,1.0,0.6769502755213097
deep_lasso,linear_sparse,6,0.5833333333333334,1.0,0.6051455841062423
deep_lasso,linear_sparse,7,0.5833333333333334,1.0,0.6682705889780911
deep_lasso,linear_sparse,8,0.5833333333333334,1.0,0.6179963395945709
deep_lasso,linear_sparse,9,0.5833333333333334,1.0,0.6584837024133335
deep_lasso,linear_sparse,10,0.5833333333333334,1.0,0.6632858589380562
deep_lasso,linear_sparse,11,0.5833333333333334,1.0,0.5754124478606731
deep_lasso,linear_sparse,12,0.5833333333333334,1.0,0.6562977535449704
deep_lasso,linear_sparse,13,0.5833333333333334,1.0,0.6489345310405314
deep_lasso,linear_sparse,14,0.5833333333333334,1.0,0.6505780107540936
deep_lasso,linear_sparse,15,0.5833333333333334,1.0,0.6489926440246537
deep_lasso,linear_sparse,16,0.5833333333333334,1.0,0.6492504495721086
deep_lasso,linear_sparse,17,0.5833333333333334,1.0,0.6653370383022986
deep_lasso,linear_sparse,18,0.5833333333333334,1.0,0.6232682603443593
deep_lasso,linear_sparse,19,0.5833333333333334,1.0,0.577858683663779
deep_lasso,linear_sparse,20,0.5833333333333334,1.0,0.5936357552939167
deep_lasso,linear_sparse,21,0.5833333333333334,1.0,0.6065137693578315
deep_lasso,linear_sparse,22,0.5833333333333334,1.0,0.6160163847798525
deep_lasso,linear_sparse,23,0.5833333333333334,1.0,0.6556681654683184
deep_lasso,linear_sparse,24,0.5833333333333334,1.0,0.6303747809478023
deep_lasso,linear_sparse,25,0.5833333333333334,1.0,0.6680787302186416
deep_lasso,linear_sparse,26,0.5833333333333334,1.0,0.6312527228837733
deep_lasso,linear_sparse,27,0.5833333333333334,1.0,0.690176335493254
deep_lasso,linear_sparse,28,0.5833333333333334,1.0,0.6169471685896425
deep_lasso,linear_sparse,29,0.5833333333333334,1.0,0.6702728217863901
deep_lasso,linear_sparse,30,0.5833333333333334,1.0,0.6712728601125972
deep_lasso,linear_sparse,31,0.5833333333333334,1.0,0.6578302431169643
deep_lasso,linear_sparse,32,0.5833333333333334,1.0,0.6626583417958586
deep_lasso,linear_sparse,33,0.5833333333333334,1.0,0.6181938227512691
deep_lasso,linear_sparse,34,0.5833333333333334,1.0,0.6778058686342362
deep_lasso,linear_sparse,35,0.5833333333333334,1.0,0.5916752069605922
deep_lasso,linear_sparse,36,0.5833333333333334,1.0,0.6574590722882755
deep_lasso,linear_sparse,37,0.5833333333333334,1.0,0.5865764221106123
deep_lasso,linear_sparse,38,0.5833333333333334,1.0,0.641719150594432
deep_lasso,linear_sparse,39,0.5833333333333334,1.0,0.7105214060078053
deep_lasso,linear_sparse,40,0.5833333333333334,1.0,0.6398190872316548
deep_lasso,linear_sparse,41,0.5833333333333334,1.0,0.6614972053535444
deep_lasso,linear_sparse,42,0.5833333333333334,1.0,0.6374814029882939
deep_lasso,linear_sparse,43,0.5833333333333334,1.0,0.633239712991116
deep_lasso,linear_sparse,44,0.5833333333333334,1.0,0.6250818044638012
deep_lasso,linear_sparse,45,0.5833333333333334,1.0,0.654867858375196
deep_lasso,linear_sparse,46,0.5833333333333334,1.0,0.6045820672302611
deep_lasso,linear_sparse,47,0.5833333333333334,1.0,0.6002052512995749
deep_lasso,linear_sparse,48,0.5833333333333334,1.0,0.6130856956721671
deep_lasso,linear_sparse,49,0.5833333333333334,1.0,0.6145659799456129
deep_lasso,linear_sparse,50,0.5833333333333334,1.0,0.6422425646569137
deep_lasso,linear_sparse,51,0.5833333333333334,1.0,0.647462023740918
deep_lasso,linear_sparse,52,0.5833333333333334,1.0,0.5922010172814822
deep_lasso,linear_sparse,53,0.5833333333333334,1.0,0.6301112929168392
deep_lasso,linear_sparse,54,0.5833333333333334,1.0,0.6852683095448455
deep_lasso,linear_sparse,55,0.5833333333333334,1.0,0.6780868648512756
deep_lasso,linear_sparse,56,0.5833333333333334,1.0,0.6491579415349377
deep_lasso,linear_sparse,57,0.5833333333333334,1.0,0.5942565078097625
deep_lasso,linear_sparse,58,0.5833333333333334,1.0,0.6244726879349909
deep_lasso,linear_sparse,59,0.5833333333333334,1.0,0.6399351755010845
deep_lasso,linear_sparse,60,0.5833333333333334,1.0,0.7539197010509179
deep_lasso,linear_sparse,61,0.5833333333333334,1.0,0.6429302323901865
deep_lasso,linear_sparse,62,0.5833333333333334,1.0,0.631776196873149
deep_lasso,linear_sparse,63,0.5833333333333334,1.0,0.7246546803083339
deep_lasso,linear_sparse,64,0.5833333333333334,1.0,0.6765396298200136
deep_lasso,linear_sparse,65,0.5833333333333334,1.0,0.6080898426339831
deep_lasso,linear_sparse,66,0.5833333333333334,1.0,0.6415561175311423
deep_lasso,linear_sparse,67,0.5833333333333334,1.0,0.6395219160142672
deep_lasso,linear_sparse,68,0.5833333333333334,1.0,0.6392877391755567
deep_lasso,linear_sparse,69,0.5833333333333334,1.0,0.6698754848824278
deep_lasso,linear_sparse,70,0.5833333333333334,1.0,0.7250430782568682
deep_lasso,linear_sparse,71,0.5833333333333334,1.0,0.6397473694535791
deep_lasso,linear_sparse,72,0.5833333333333334,1.0,0.6475340886660437
deep_lasso,linear_sparse,73,0.5833333333333334,1.0,0.6657536608233724
deep_lasso,linear_sparse,74,0.5833333333333334,1.0,0.6038037974901349
deep_lasso,linear_sparse,75,0.5833333333333334,1.0,0.6078951197682935
deep_lasso,linear_sparse,76,0.5833333333333334,1.0,0.6147617479596087
deep_lasso,linear_sparse,77,0.5833333333333334,1.0,0.6204736622701629
deep_lasso,linear_sparse,78,0.5833333333333334,1.0,0.6706107581681919
deep_lasso,linear_sparse,79,0.5833333333333334,1.0,0.6268797654594191
deep_lasso,linear_sparse,80,0.5833333333333334,1.0,0.5978788957853346
deep_lasso,linear_sparse,81,0.5833333333333334,1.0,0.664302121778377
deep_lasso,linear_sparse,82,0.5833333333333334,1.0,0.6478661578547807
deep_lasso,linear_sparse,83,0.5833333333333334,1.0,0.6291038231738453
deep_lasso,linear_sparse,84,0.5833333333333334,1.0,0.6257271378974953
deep_lasso,linear_sparse,85,0.5833333333333334,1.0,0.6388021767503371
deep_lasso,linear_sparse,86,0.5833333333333334,1.0,0.6130774882096085
deep_lasso,linear_sparse,87,0.5833333333333334,1.0,0.6869306261388162
deep_lasso,linear_sparse,88,0.5833333333333334,1.0,0.6610054539573981
deep_lasso,linear_sparse,89,0.5833333333333334,1.0,0.5958673100093473
deep_lasso,linear_sparse,90,0.5833333333333334,1.0,0.6381273654454463
deep_lasso,linear_sparse,91,0.5833333333333334,1.0,0.6562508413726883
deep_lasso,linear_sparse,92,0.5833333333333334,1.0,0.6024356482498229
deep_lasso,linear_sparse,93,0.5833333333333334,1.0,0.586698354371745
deep_lasso,linear_sparse,94,0.5833333333333334,1.0,0.6057383167559983
deep_lasso,linear_sparse,95,0.5833333333333334,1.0,0.6401316727415869
deep_lasso,linear_sparse,96,0.5833333333333334,1.0,0.6238155648580758
deep_lasso,linear_sparse,97,0.5833333333333334,1.0,0.6055587201892038
deep_lasso,linear_sparse,98,0.5833333333333334,1.0,0.595412301002578
deep_lasso,linear_sparse,99,0.5833333333333334,1.0,0.6310461322939529
deep_lasso,linear_medium,0,0.16666666666666666,1.0,1.1038889250076371
deep_lasso,linear_medium,1,0.16666666666666666,1.0,1.0587445772419586
deep_lasso,linear_medium,2,0.16666666666666666,1.0,1.0459723372994423
deep_lasso,linear_medium,3,0.16666666666666666,1.0,1.1220904742841376
deep_lasso,linear_medium,4,0.16666666666666666,1.0,1.1064512190640856
deep_lasso,linear_medium,5,0.16666666666666666,1.0,1.0943021204654173
deep_lasso,linear_medium,6,0.16666666666666666,1.0,1.1013765611178605
deep_lasso,linear_medium,7,0.16666666666666666,1.0,1.0659023405074453
deep_lasso,linear_medium,8,0.16666666666666666,1.0,1.095397480594717
deep_lasso,linear_medium,9,0.16666666666666666,1.0,1.029743843692904
deep_lasso,linear_medium,10,0.16666666666666666,1.0,1.0855672305204227
deep_lasso,linear_medium,11,0.25,0.9,1.0471737575394762
deep_lasso,linear_medium,12,0.16666666666666666,1.0,1.0442379200823062
deep_lasso,linear_medium,13,0.16666666666666666,1.0,1.013197761114519
deep_lasso,linear_medium,14,0.16666666666666666,1.0,1.0477346540513424
deep_lasso,linear_medium,15,0.16666666666666666,1.0,1.0234770146816716
deep_lasso,linear_medium,16,0.16666666666666666,1.0,1.128161341834747
deep_lasso,linear_medium,17,0.16666666666666666,1.0,1.0638581252974104
deep_lasso,linear_medium,18,0.16666666666666666,1.0,1.0701106459933811
deep_lasso,linear_medium,19,0.25,0.9,1.0540851225806132
deep_lasso,linear_medium,20,0.16666666666666666,1.0,1.1559376166099544
deep_lasso,linear_medium,21,0.16666666666666666,1.0,1.068669478282733
deep_lasso,linear_medium,22,0.16666666666666666,1.0,1.0566242687118155
deep_lasso,linear_medium,23,0.16666666666666666,1.0,1.0538625241681323
deep_lasso,linear_medium,24,0.16666666666666666,1.0,0.999661293081327
deep_lasso,linear_medium,25,0.16666666666666666,1.0,1.1224301269917771
deep_lasso,linear_medium,26,0.16666666666666666,1.0,1.0174507219921054
deep_lasso,linear_medium,27,0.16666666666666666,1.0,1.0027835729985881
deep_lasso,linear_medium,28,0.16666666666666666,1.0,1.0268717993379073
deep_lasso,linear_medium,29,0.16666666666666666,1.0,1.0426154051829406
deep_lasso,linear_medium,30,0.16666666666666666,1.0,1.1045329715313315
deep_lasso,linear_medium,31,0.16666666666666666,1.0,1.1059304922406559
deep_lasso,linear_medium,32,0.16666666666666666,1.0,1.0775062916584188
deep_lasso,linear_medium,33,0.16666666666666666,1.0,1.0488273381015927
deep_lasso,linear_medium,34,0.16666666666666666,1.0,1.0553899488577085
deep_lasso,linear_medium,35,0.16666666666666666,1.0,1.0612913708927751
deep_lasso,linear_medium,36,0.16666666666666666,1.0,1.0764806236294158
deep_lasso,linear_medium,37,0.16666666666666666,1.0,1.0753519282840662
deep_lasso,linear_medium,38,0.16666666666666666,1.0,1.072039989676103
deep_lasso,linear_medium,39,0.16666666666666666,1.0,1.0354398787771395
deep_lasso,linear_medium,40,0.16666666666666666,1.0,1.0708867084425522
deep_lasso,linear_medium,41,0.16666666666666666,1.0,1.0812188059603027
deep_lasso,linear_medium,42,0.16666666666666666,1.0,1.041392822473725
deep_lasso,linear_medium,43,0.16666666666666666,1.0,1.026244608126486
deep_lasso,linear_medium,44,0.16666666666666666,1.0,0.9610421958217202
deep_lasso,linear_medium,45,0.16666666666666666,1.0,1.1058465005185774
deep_lasso,linear_medium,46,0.16666666666666666,1.0,1.1513041403177244
deep_lasso,linear_medium,47,0.16666666666666666,1.0,1.069088356873584
deep_lasso,linear_medium,48,0.16666666666666666,1.0,1.12767138734855
deep_lasso,linear_medium,49,0.25,0.9,1.0355044254350114
deep_lasso,linear_medium,50,0.16666666666666666,1.0,1.0352874207071332
deep_lasso,linear_medium,51,0.16666666666666666,1.0,1.0667561361387248
deep_lasso,linear_medium,52,0.16666666666666666,1.0,1.1188106105071782
deep_lasso,linear_medium,53,0.16666666666666666,1.0,1.0886708763756563
deep_lasso,linear_medium,54,0.16666666666666666,1.0,1.0288452278519822
deep_lasso,linear_medium,55,0.16666666666666666,1.0,1.0925996342835573
deep_lasso,linear_medium,56,0.16666666666666666,1.0,1.1066443540735862
deep_lasso,linear_medium,57,0.16666666666666666,1.0,1.1042688755054502
deep_lasso,linear_medium,58,0.16666666666666666,1.0,1.0587431488567232
deep_lasso,linear_medium,59,0.16666666666666666,1.0,1.0667778916787214
deep_lasso,linear_medium,60,0.16666666666666666,1.0,1.0410123458181662
deep_lasso,linear_medium,61,0.16666666666666666,1.0,1.084484698052639
deep_lasso,linear_medium,62,0.16666666666666666,1.0,1.0892217366587167
deep_lasso,linear_medium,63,0.16666666666666666,1.0,1.0849375566613035
deep_lasso,linear_medium,64,0.16666666666666666,1.0,1.1284343857021673
deep_lasso,linear_medium,65,0.16666666666666666,1.0,1.0559178206205084
deep_lasso,linear_medium,66,0.16666666666666666,1.0,1.1068694610201104
deep_lasso,linear_medium,67,0.16666666666666666,1.0,1.1254075082789052
deep_lasso,linear_medium,68,0.16666666666666666,1.0,1.0678403400105292
deep_lasso,linear_medium,69,0.16666666666666666,1.0,1.0733094392465874
deep_lasso,linear_medium,70,0.16666666666666666,1.0,1.0998707998462713
deep_lasso,linear_medium,71,0.16666666666666666,1.0,0.9851452308317425
deep_lasso,linear_medium,72,0.16666666666666666,1.0,1.167239619664479
deep_lasso,linear_medium,73,0.16666666666666666,1.0,1.0737336560224082
deep_lasso,linear_medium,74,0.16666666666666666,1.0,1.03275122969571
deep_lasso,linear_medium,75,0.16666666666666666,1.0,1.1320589577536968
deep_lasso,linear_medium,76,0.16666666666666666,1.0,1.0960891194919935
deep_lasso,linear_medium,77,0.16666666666666666,1.0,1.0678604881867586
deep_lasso,linear_medium,78,0.16666666666666666,1.0,1.0927701261479141
deep_lasso,linear_medium,79,0.16666666666666666,1.0,1.152439272563802
deep_lasso,linear_medium,80,0.16666666666666666,1.0,1.0558109693666726
deep_lasso,linear_medium,81,0.16666666666666666,1.0,1.1242420213741218
deep_lasso,linear_medium,82,0.16666666666666666,1.0,1.1023827548492209
deep_lasso,linear_medium,83,0.16666666666666666,1.0,1.0438929025058108
deep_lasso,linear_medium,84,0.16666666666666666,1.0,1.0998965651730443
deep_lasso,linear_medium,85,0.16666666666666666,1.0,1.1503164372249637
deep_lasso,linear_medium,86,0.16666666666666666,1.0,1.0711634289756968
deep_lasso,linear_medium,87,0.16666666666666666,1.0,1.0335432895231798
deep_lasso,linear_medium,88,0.16666666666666666,1.0,1.0419159352421403
deep_lasso,linear_medium,89,0.16666666666666666,1.0,1.1294141608850223
deep_lasso,linear_medium,90,0.16666666666666666,1.0,1.0224062088954315
deep_lasso,linear_medium,91,0.16666666666666666,1.0,1.0187343165344669
deep_lasso,linear_medium,92,0.16666666666666666,1.0,1.1206189984792767
deep_lasso,linear_medium,93,0.16666666666666666,1.0,1.0385285189211118
deep_lasso,linear_medium,94,0.25,0.9,1.014406253845801
deep_lasso,linear_medium,95,0.16666666666666666,1.0,1.0525703855443393
deep_lasso,linear_medium,96,0.16666666666666666,1.0,1.0188941058263303
deep_lasso,linear_medium,97,0.16666666666666666,1.0,1.1034596706929183
deep_lasso,linear_medium,98,0.16666666666666666,1.0,1.0517941086560434
deep_lasso,linear_medium,99,0.16666666666666666,1.0,1.0826485795867302
deep_lasso,linear_weak,0,0.3333333333333333,0.8,1.9662871497269194
deep_lasso,linear_weak,1,0.25,0.9,1.9171049471043806
deep_lasso,linear_weak,2,0.16666666666666666,1.0,1.8807728286890697
deep_lasso,linear_weak,3,0.3333333333333333,0.8,1.9205288406769219
deep_lasso,linear_weak,4,0.4166666666666667,0.7,1.9487620290072016
deep_lasso,linear_weak,5,0.25,0.9,1.7982075337909569
deep_lasso,linear_weak,6,0.25,0.9,1.9456891815215565
deep_lasso,linear_weak,7,0.16666666666666666,1.0,1.9315776643574656
deep_lasso,linear_weak,8,0.16666666666666666,1.0,1.9165904833548413
deep_lasso,linear_weak,9,0.25,0.9,1.8082361221492242
deep_lasso,linear_weak,10,0.16666666666666666,1.0,1.8851335336956205
deep_lasso,linear_weak,11,0.3333333333333333,0.8,1.79327511067574
deep_lasso,linear_weak,12,0.16666666666666666,1.0,1.7602738704377672
deep_lasso,linear_weak,13,0.16666666666666666,1.0,1.8638211346064957
deep_lasso,linear_weak,14,0.25,0.9,1.8576130374680708
deep_lasso,linear_weak,15,0.25,0.9,1.694680585127828
deep_lasso,linear_weak,16,0.25,0.9,1.9441913450405655
deep_lasso,linear_weak,17,0.16666666666666666,1.0,1.9340100317998605
deep_lasso,linear_weak,18,0.25,0.9,1.9811844018632503
deep_lasso,linear_weak,19,0.16666666666666666,1.0,1.8966131944187958
deep_lasso,linear_weak,20,0.3333333333333333,0.8,1.8307378645378827
deep_lasso,linear_weak,21,0.3333333333333333,0.8,1.915501010492464
deep_lasso,linear_weak,22,0.25,0.9,1.9038312700354523
deep_lasso,linear_weak,23,0.25,0.9,1.8577145971691384
deep_lasso,linear_weak,24,0.25,0.9,1.8432075688108829
deep_lasso,linear_weak,25,0.3333333333333333,0.8,1.8502908850517474
deep_lasso,linear_weak,26,0.16666666666666666,1.0,1.809244341323028
deep_lasso,linear_weak,27,0.16666666666666666,1.0,1.8877790369556526
deep_lasso,linear_weak,28,0.16666666666666666,1.0,1.828582948316508
deep_lasso,linear_weak,29,0.25,0.9,1.8989227024350814
deep_lasso,linear_weak,30,0.3333333333333333,0.8,1.9299375732873596
deep_lasso,linear_weak,31,0.25,0.9,1.879806306395145
deep_lasso,linear_weak,32,0.16666666666666666,1.0,1.8625062442595983
deep_lasso,linear_weak,33,0.16666666666666666,1.0,1.7488888924079478
deep_lasso,linear_weak,34,0.25,0.9,1.8297599793148187
deep_lasso,linear_weak,35,0.3333333333333333,0.8,1.8684546759332208
deep_lasso,linear_weak,36,0.25,0.9,1.9233158489774131
deep_lasso,linear_weak,37,0.25,0.9,2.00764309407786
deep_lasso,linear_weak,38,0.16666666666666666,1.0,1.9186207657872998
deep_lasso,linear_weak,39,0.25,0.9,1.9044045096138584
deep_lasso,linear_weak,40,0.25,0.9,1.9230583745301433
deep_lasso,linear_weak,41,0.25,0.9,1.880185491595736
deep_lasso,linear_weak,42,0.16666666666666666,1.0,1.9564204194420505
deep_lasso,linear_weak,43,0.16666666666666666,1.0,1.9278572530599023
deep_lasso,linear_weak,44,0.25,0.9,2.0732601875209813
deep_lasso,linear_weak,45,0.16666666666666666,1.0,2.058844032236436
deep_lasso,linear_weak,46,0.3333333333333333,0.8,1.8905022283094826
deep_lasso,linear_weak,47,0.16666666666666666,1.0,1.831291183640617
deep_lasso,linear_weak,48,0.25,0.9,1.8228242941310986
deep_lasso,linear_weak,49,0.16666666666666666,1.0,1.9178482566962163
deep_lasso,linear_weak,50,0.3333333333333333,0.8,1.977089940206676
deep_lasso,linear_weak,51,0.16666666666666666,1.0,1.8030118632201295
deep_lasso,linear_weak,52,0.16666666666666666,1.0,1.7985410189841096
deep_lasso,linear_weak,53,0.25,0.9,1.9596245745910024
deep_lasso,linear_weak,54,0.16666666666666666,1.0,1.853055050587417
deep_lasso,linear_weak,55,0.25,0.9,1.9019541183821367
deep_lasso,linear_weak,56,0.25,0.9,1.87446401445972
deep_lasso,linear_weak,57,0.25,0.9,1.8907740625079004
deep_lasso,linear_weak,58,0.3333333333333333,0.8,1.7150340692706758
deep_lasso,linear_weak,59,0.25,0.9,1.934771748723769
deep_lasso,linear_weak,60,0.4166666666666667,0.7,1.8049894180295742
deep_lasso,linear_weak,61,0.25,0.9,1.9750088800437002
deep_lasso,linear_weak,62,0.25,0.9,1.9433782520125238
deep_lasso,linear_weak,63,0.25,0.9,1.9538488215302257
deep_lasso,linear_weak,64,0.3333333333333333,0.8,1.996615528133978
deep_lasso,linear_weak,65,0.25,0.9,1.949988519772222
deep_lasso,linear_weak,66,0.3333333333333333,0.8,2.005911589880444
deep_lasso,linear_weak,67,0.25,0.9,1.8655375251479034
deep_lasso,linear_weak,68,0.25,0.9,1.8102779771345205
deep_lasso,linear_weak,69,0.16666666666666666,1.0,1.9082262260710336
deep_lasso,linear_weak,70,0.16666666666666666,1.0,1.8883277409565384
deep_lasso,linear_weak,71,0.25,0.9,1.9214489614068202
deep_lasso,linear_weak,72,0.16666666666666666,1.0,1.8313462366202027
deep_lasso,linear_weak,73,0.25,0.9,1.9306366528062637
deep_lasso,linear_weak,74,0.16666666666666666,1.0,1.9516998623684432
deep_lasso,linear_weak,75,0.25,0.9,1.9459538254802022
deep_lasso,linear_weak,76,0.3333333333333333,0.8,1.859454233138923
deep_lasso,linear_weak,77,0.16666666666666666,1.0,1.8156775107931815
deep_lasso,linear_weak,78,0.25,0.9,1.909648783574932
deep_lasso,linear_weak,79,0.25,0.9,1.822382009723214
deep_lasso,linear_weak,80,0.4166666666666667,0.7,1.9132748405143607
deep_lasso,linear_weak,81,0.16666666666666666,1.0,1.954419170824424
deep_lasso,linear_weak,82,0.3333333333333333,0.8,1.8420498752346317
deep_lasso,linear_weak,83,0.25,0.9,1.9183926994749803
deep_lasso,linear_weak,84,0.3333333333333333,0.8,1.8713761357087475
deep_lasso,linear_weak,85,0.25,0.9,1.8669232450943762
deep_lasso,linear_weak,86,0.3333333333333333,0.8,1.9104195376239332
deep_lasso,linear_weak,87,0.3333333333333333,0.8,1.9283603527781135
deep_lasso,linear_weak,88,0.4166666666666667,0.7,1.9245392287428977
deep_lasso,linear_weak,89,0.16666666666666666,1.0,1.8057132538246927
deep_lasso,linear_weak,90,0.25,0.9,1.7742827814015105
deep_lasso,linear_weak,91,0.25,0.9,1.884590330196438
deep_lasso,linear_weak,92,0.25,0.9,1.9037821427422328
deep_lasso,linear_weak,93,0.16666666666666666,1.0,1.7684940911097955
deep_lasso,linear_weak,94,0.3333333333333333,0.8,1.9406830920301255
deep_lasso,linear_weak,95,0.3333333333333333,0.8,1.9344752824625109
deep_lasso,linear_weak,96,0.25,0.9,1.8745939925271367
deep_lasso,linear_weak,97,0.25,0.9,1.794309036254663
deep_lasso,linear_weak,98,0.25,0.9,1.8951484502827851
deep_lasso,linear_weak,99,0.25,0.9,1.8938656780082594
deep_lasso,linear_dense,0,0.0,0.8,1.114044715303215
deep_lasso,linear_dense,1,0.0,0.8,1.223618901228213
deep_lasso,linear_dense,2,0.0,0.8,1.1311924706777847
deep_lasso,linear_dense,3,0.0,0.8,1.1648189924176997
deep_lasso,linear_dense,4,0.0,0.8,1.0262070393871472
deep_lasso,linear_dense,5,0.08333333333333333,0.7333333333333333,1.0770009276776702
deep_lasso,linear_dense,6,0.08333333333333333,0.7333333333333333,1.0757455915790022
deep_lasso,linear_dense,7,0.0,0.8,1.1244954782975383
deep_lasso,linear_dense,8,0.0,0.8,1.0773138488323417
deep_lasso,linear_dense,9,0.08333333333333333,0.7333333333333333,1.0555405843930485
deep_lasso,linear_dense,10,0.0,0.8,1.1007853025604948
deep_lasso,linear_dense,11,0.0,0.8,1.05297800492345
deep_lasso,linear_dense,12,0.08333333333333333,0.7333333333333333,1.1036766976822836
deep_lasso,linear_dense,13,0.0,0.8,1.1341002724451927
deep_lasso,linear_dense,14,0.0,0.8,1.0382582761349464
deep_lasso,linear_dense,15,0.0,0.8,1.0706932086652803
deep_lasso,linear_dense,16,0.0,0.8,1.0521009988264323
deep_lasso,linear_dense,17,0.0,0.8,1.141818217446252
deep_lasso,linear_dense,18,0.0,0.8,1.0315512792112922
deep_lasso,linear_dense,19,0.0,0.8,1.093724452475026
deep_lasso,linear_dense,20,0.0,0.8,1.0519074978779865
deep_lasso,linear_dense,21,0.0,0.8,1.0530247678716609
deep_lasso,linear_dense,22,0.0,0.8,1.1794328028720538
deep_lasso,linear_dense,23,0.0,0.8,1.0981858106141908
deep_lasso,linear_dense,24,0.0,0.8,1.1766987717934312
deep_lasso,linear_dense,25,0.0,0.8,1.0037931374358962
deep_lasso,linear_dense,26,0.0,0.8,1.1074638932933403
deep_lasso,linear_dense,27,0.0,0.8,1.126011662002119
deep_lasso,linear_dense,28,0.08333333333333333,0.7333333333333333,1.0702818346782261
deep_lasso,linear_dense,29,0.0,0.8,1.062811564410769
deep_lasso,linear_dense,30,0.0,0.8,1.0808866297562418
deep_lasso,linear_dense,31,0.08333333333333333,0.7333333333333333,1.031602254610102
deep_lasso,linear_dense,32,0.0,0.8,1.0675978537390367
deep_lasso,linear_dense,33,0.0,0.8,1.0685985536443656
deep_lasso,linear_dense,34,0.0,0.8,1.141801155122087
deep_lasso,linear_dense,35,0.0,0.8,1.1360491821529732
deep_lasso,linear_dense,36,0.0,0.8,1.0879315314981488
deep_lasso,linear_dense,37,0.0,0.8,1.0928374824077203
deep_lasso,linear_dense,38,0.0,0.8,1.1241118607453577
deep_lasso,linear_dense,39,0.0,0.8,1.0552570279191327
deep_lasso,linear_dense,40,0.0,0.8,1.0732036364507687
deep_lasso,linear_dense,41,0.08333333333333333,0.7333333333333333,1.0253094857144411
deep_lasso,linear_dense,42,0.0,0.8,1.088301064319019
deep_lasso,linear_dense,43,0.0,0.8,1.1617639065091219
deep_lasso,linear_dense,44,0.0,0.8,1.1274802892641556
deep_lasso,linear_dense,45,0.0,0.8,1.085891461938239
deep_lasso,linear_dense,46,0.0,0.8,1.193072535114814
deep_lasso,linear_dense,47,0.08333333333333333,0.7333333333333333,1.0536464006721082
deep_lasso,linear_dense,48,0.0,0.8,1.037840737702529
deep_lasso,linear_dense,49,0.0,0.8,1.1074434300436145
deep_lasso,linear_dense,50,0.0,0.8,1.0337230134450002
deep_lasso,linear_dense,51,0.0,0.8,1.0899296939263488
deep_lasso,linear_dense,52,0.0,0.8,1.0663676472454122
deep_lasso,linear_dense,53,0.0,0.8,1.126391284305976
deep_lasso,linear_dense,54,0.0,0.8,1.0645232780568332
deep_lasso,linear_dense,55,0.0,0.8,1.0576595292715214
deep_lasso,linear_dense,56,0.08333333333333333,0.7333333333333333,1.0712830198564431
deep_lasso,linear_dense,57,0.0,0.8,1.1267985022118994
deep_lasso,linear_dense,58,0.0,0.8,1.062644352707126
deep_lasso,linear_dense,59,0.0,0.8,1.1133571733279508
deep_lasso,linear_dense,60,0.0,0.8,1.139208769183244
deep_lasso,linear_dense,61,0.0,0.8,1.0575376731009305
deep_lasso,linear_dense,62,0.0,0.8,1.0974027754789057
deep_lasso,linear_dense,63,0.0,0.8,1.1419950329574495
deep_lasso,linear_dense,64,0.0,0.8,1.1038238785674361
deep_lasso,linear_dense,65,0.0,0.8,1.1518831482233007
deep_lasso,linear_dense,66,0.08333333333333333,0.7333333333333333,1.0895702976700916
deep_lasso,linear_dense,67,0.0,0.8,1.1306860021458414
deep_lasso,linear_dense,68,0.0,0.8,1.0524817357393548
deep_lasso,linear_dense,69,0.0,0.8,1.0523852834544807
deep_lasso,linear_dense,70,0.0,0.8,1.0835191274997262
deep_lasso,linear_dense,71,0.0,0.8,1.057302357250362
deep_lasso,linear_dense,72,0.0,0.8,1.1198217319460078
deep_lasso,linear_dense,73,0.0,0.8,1.070080970987549
deep_lasso,linear_dense,74,0.0,0.8,1.1518410139488169
deep_lasso,linear_dense,75,0.0,0.8,1.035810584462795
deep_lasso,linear_dense,76,0.0,0.8,1.0951955260028787
deep_lasso,linear_dense,77,0.0,0.8,1.0914318051173009
deep_lasso,linear_dense,78,0.0,0.8,1.0695695075770413
deep_lasso,linear_dense,79,0.0,0.8,1.136067327488586
deep_lasso,linear_dense,80,0.0,0.8,1.0827707226358325
deep_lasso,linear_dense,81,0.0,0.8,1.1373466228081544
deep_lasso,linear_dense,82,0.0,0.8,1.0522926653350557
deep_lasso,linear_dense,83,0.0,0.8,1.0449981907697148
deep_lasso,linear_dense,84,0.0,0.8,1.0895699927540596
deep_lasso,linear_dense,85,0.0,0.8,1.1431694205841385
deep_lasso,linear_dense,86,0.0,0.8,1.1282020223159448
deep_lasso,linear_dense,87,0.0,0.8,1.1683744084966587
deep_lasso,linear_dense,88,0.0,0.8,1.0732270750954438
deep_lasso,linear_dense,89,0.0,0.8,1.1266823741905772
deep_lasso,linear_dense,90,0.0,0.8,1.0908469013060722
deep_lasso,linear_dense,91,0.0,0.8,1.0116742065245647
deep_lasso,linear_dense,92,0.0,0.8,1.1109512172442815
deep_lasso,linear_dense,93,0.0,0.8,1.1653330656888443
deep_lasso,linear_dense,94,0.0,0.8,1.1852959609364457
deep_lasso,linear_dense,95,0.0,0.8,1.0019830831678342
deep_lasso,linear_dense,96,0.0,0.8,1.0889674427720601
deep_lasso,linear_dense,97,0.0,0.8,1.1705864226884832
deep_lasso,linear_dense,98,0.0,0.8,1.0717428011277264
deep_lasso,linear_dense,99,0.0,0.8,1.0780967333600724
deep_lasso,nonlinear,0,0.3333333333333333,0.8,1.1951106053158953
deep_lasso,nonlinear,1,0.3333333333333333,0.8,1.1310608052023603
deep_lasso,nonlinear,2,0.25,0.9,1.1207700657902722
deep_lasso,nonlinear,3,0.3333333333333333,0.8,1.1466009348220028
deep_lasso,nonlinear,4,0.4166666666666667,0.7,1.115297520191807
deep_lasso,nonlinear,5,0.25,0.9,1.4048912529348474
deep_lasso,nonlinear,6,0.3333333333333333,0.8,1.1670957033271574
deep_lasso,nonlinear,7,0.25,0.9,1.1106339819137405
deep_lasso,nonlinear,8,0.25,0.9,1.1513788826468734
deep_lasso,nonlinear,9,0.25,0.9,1.1626605064297322
deep_lasso,nonlinear,10,0.25,0.9,1.1057852438116957
deep_lasso,nonlinear,11,0.25,0.9,1.0921649675009402
deep_lasso,nonlinear,12,0.4166666666666667,0.7,1.1627700287799634
deep_lasso,nonlinear,13,0.3333333333333333,0.8,1.232069896047797
deep_lasso,nonlinear,14,0.4166666666666667,0.7,1.1192539815904539
deep_lasso,nonlinear,15,0.25,0.9,1.171192124890106
deep_lasso,nonlinear,16,0.25,0.9,1.2411216683936985
deep_lasso,nonlinear,17,0.3333333333333333,0.8,1.2312758815987888
deep_lasso,nonlinear,18,0.25,0.9,1.1704913823021803
deep_lasso,nonlinear,19,0.3333333333333333,0.8,1.1899089156885267
deep_lasso,nonlinear,20,0.3333333333333333,0.8,1.130938102739823
deep_lasso,nonlinear,21,0.4166666666666667,0.7,1.1273902853148141
deep_lasso,nonlinear,22,0.3333333333333333,0.8,1.051310466088226
deep_lasso,nonlinear,23,0.25,0.9,1.245737120564837
deep_lasso,nonlinear,24,0.25,0.9,1.0964903822595458
deep_lasso,nonlinear,25,0.25,0.9,1.130276385992128
deep_lasso,nonlinear,26,0.25,0.9,1.1948730994074257
deep_lasso,nonlinear,27,0.4166666666666667,0.7,1.189038678939207
deep_lasso,nonlinear,28,0.4166666666666667,0.7,1.0466514578196016
deep_lasso,nonlinear,29,0.25,0.9,1.2476606311626617
deep_lasso,nonlinear,30,0.4166666666666667,0.7,1.1069814989979674
deep_lasso,nonlinear,31,0.16666666666666666,1.0,1.178893720985735
deep_lasso,nonlinear,32,0.25,0.9,1.1724550057084815
deep_lasso,nonlinear,33,0.16666666666666666,1.0,1.148959672472858
deep_lasso,nonlinear,34,0.3333333333333333,0.8,1.1666240520299784
deep_lasso,nonlinear,35,0.25,0.9,1.2946396504900597
deep_lasso,nonlinear,36,0.3333333333333333,0.8,1.045475331581148
deep_lasso,nonlinear,37,0.3333333333333333,0.8,1.4822036983983091
deep_lasso,nonlinear,38,0.16666666666666666,1.0,1.412688452951767
deep_lasso,nonlinear,39,0.3333333333333333,0.8,1.1193163405567643
deep_lasso,nonlinear,40,0.25,0.9,1.0761385551968876
deep_lasso,nonlinear,41,0.16666666666666666,1.0,1.0615354106825692
deep_lasso,nonlinear,42,0.3333333333333333,0.8,1.15068822167376
deep_lasso,nonlinear,43,0.16666666666666666,1.0,1.1604487598762852
deep_lasso,nonlinear,44,0.4166666666666667,0.7,1.2495342299815098
deep_lasso,nonlinear,45,0.5,0.6,1.1610475306219294
deep_lasso,nonlinear,46,0.25,0.9,1.096747813112747
deep_lasso,nonlinear,47,0.3333333333333333,0.8,1.0790083899114375
deep_lasso,nonlinear,48,0.4166666666666667,0.7,1.1663624393155634
deep_lasso,nonlinear,49,0.3333333333333333,0.8,1.238783833632359
deep_lasso,nonlinear,50,0.3333333333333333,0.8,1.0415883243258888
deep_lasso,nonlinear,51,0.16666666666666666,1.0,1.2552250581552653
deep_lasso,nonlinear,52,0.25,0.9,1.1002314009222658
deep_lasso,nonlinear,53,0.25,0.9,1.124786662315164
deep_lasso,nonlinear,54,0.25,0.9,1.711856932998753
deep_lasso,nonlinear,55,0.3333333333333333,0.8,1.1949677724269243
deep_lasso,nonlinear,56,0.3333333333333333,0.8,1.3011233390494865
deep_lasso,nonlinear,57,0.25,0.9,1.126435402630005
deep_lasso,nonlinear,58,0.25,0.9,1.116555377371025
deep_lasso,nonlinear,59,0.3333333333333333,0.8,1.1372119631284454
deep_lasso,nonlinear,60,0.4166666666666667,0.7,1.0732090361122621
deep_lasso,nonlinear,61,0.25,0.9,1.1269707008163095
deep_lasso,nonlinear,62,0.4166666666666667,0.7,1.1852396148576054
deep_lasso,nonlinear,63,0.16666666666666666,1.0,1.0505131397410115
deep_lasso,nonlinear,64,0.25,0.9,1.1651551317151108
deep_lasso,nonlinear,65,0.25,0.9,1.1766360356785308
deep_lasso,nonlinear,66,0.3333333333333333,0.8,1.2468788805959232
deep_lasso,nonlinear,67,0.25,0.9,1.1921084915762488
deep_lasso,nonlinear,68,0.25,0.9,1.046214907209122
deep_lasso,nonlinear,69,0.25,0.9,1.1947224854292797
deep_lasso,nonlinear,70,0.4166666666666667,0.7,1.1814578415061963
deep_lasso,nonlinear,71,0.25,0.9,1.1816037030800117
deep_lasso,nonlinear,72,0.4166666666666667,0.7,1.1656947987505342
deep_lasso,nonlinear,73,0.3333333333333333,0.8,1.20851178326207
deep_lasso,nonlinear,74,0.3333333333333333,0.8,1.1886102078930878
deep_lasso,nonlinear,75,0.5,0.6,1.276000415086933
deep_lasso,nonlinear,76,0.25,0.9,1.121592114169257
deep_lasso,nonlinear,77,0.25,0.9,1.1773446781125445
deep_lasso,nonlinear,78,0.3333333333333333,0.8,1.0319168794656854
deep_lasso,nonlinear,79,0.3333333333333333,0.8,1.1483889615816796
deep_lasso,nonlinear,80,0.3333333333333333,0.8,1.1165763619872868
deep_lasso,nonlinear,81,0.4166666666666667,0.7,1.1618281723928063
deep_lasso,nonlinear,82,0.16666666666666666,1.0,1.1080290980652017
deep_lasso,nonlinear,83,0.25,0.9,1.2558085854367762
deep_lasso,nonlinear,84,0.3333333333333333,0.8,1.0902575755457087
deep_lasso,nonlinear,85,0.4166666666666667,0.7,1.1015215830112386
deep_lasso,nonlinear,86,0.3333333333333333,0.8,1.0990830641204483
deep_lasso,nonlinear,87,0.25,0.9,1.097002878078114
deep_lasso,nonlinear,88,0.4166666666666667,0.7,1.236179143149003
deep_lasso,nonlinear,89,0.4166666666666667,0.7,1.160376161111975
deep_lasso,nonlinear,90,0.3333333333333333,0.8,1.4055074493259354
deep_lasso,nonlinear,91,0.25,0.9,1.144460999118361
deep_lasso,nonlinear,92,0.3333333333333333,0.8,1.1759987165370305
deep_lasso,nonlinear,93,0.25,0.9,1.0874593349338328
deep_lasso,nonlinear,94,0.25,0.9,1.2779464648144938
deep_lasso,nonlinear,95,0.25,0.9,1.1446634148255572
deep_lasso,nonlinear,96,0.4166666666666667,0.7,1.1472551682705645
deep_lasso,nonlinear,97,0.4166666666666667,0.7,1.1269130436522574
deep_lasso,nonlinear,98,0.4166666666666667,0.7,1.5408686762979689
deep_lasso,nonlinear,99,0.3333333333333333,0.8,1.334493496478035
deep_lasso,nonlinear_panel,0,0.3333333333333333,0.8,1.1530941189706994
deep_lasso,nonlinear_panel,1,0.3333333333333333,0.8,1.1292872466972395
deep_lasso,nonlinear_panel,2,0.25,0.9,1.164927937471587
deep_lasso,nonlinear_panel,3,0.3333333333333333,0.8,1.232187839781713
deep_lasso,nonlinear_panel,4,0.3333333333333333,0.8,1.1701852052617383
deep_lasso,nonlinear_panel,5,0.25,0.9,1.1904035757349725
deep_lasso,nonlinear_panel,6,0.25,0.9,1.2357559643948073
deep_lasso,nonlinear_panel,7,0.25,0.9,1.1395420304395416
deep_lasso,nonlinear_panel,8,0.3333333333333333,0.8,1.5193388558259235
deep_lasso,nonlinear_panel,9,0.25,0.9,1.1188431451961363
deep_lasso,nonlinear_panel,10,0.3333333333333333,0.8,1.3145797763493157
deep_lasso,nonlinear_panel,11,0.25,0.9,1.077140834164205
deep_lasso,nonlinear_panel,12,0.4166666666666667,0.7,1.0551865462200252
deep_lasso,nonlinear_panel,13,0.3333333333333333,0.8,1.2168175696941854
deep_lasso,nonlinear_panel,14,0.16666666666666666,1.0,1.1928835314118758
deep_lasso,nonlinear_panel,15,0.4166666666666667,0.7,1.108396325271064
deep_lasso,nonlinear_panel,16,0.4166666666666667,0.7,1.1604928517416244
deep_lasso,nonlinear_panel,17,0.4166666666666667,0.7,1.185357871045131
deep_lasso,nonlinear_panel,18,0.4166666666666667,0.7,1.1416858853996683
deep_lasso,nonlinear_panel,19,0.16666666666666666,1.0,1.150623815678292
deep_lasso,nonlinear_panel,20,0.5,0.6,1.257099931997972
deep_lasso,nonlinear_panel,21,0.3333333333333333,0.8,1.188026732167925
deep_lasso,nonlinear_panel,22,0.3333333333333333,0.8,1.6041014407579197
deep_lasso,nonlinear_panel,23,0.3333333333333333,0.8,1.1063066397464765
deep_lasso,nonlinear_panel,24,0.16666666666666666,1.0,1.0813756669652417
deep_lasso,nonlinear_panel,25,0.3333333333333333,0.8,1.253924940190627
deep_lasso,nonlinear_panel,26,0.3333333333333333,0.8,1.1941078695971274
deep_lasso,nonlinear_panel,27,0.25,0.9,1.3016475592742855
deep_lasso,nonlinear_panel,28,0.16666666666666666,1.0,1.0325416082176264
deep_lasso,nonlinear_panel,29,0.25,0.9,1.0704306649731063
deep_lasso,nonlinear_panel,30,0.4166666666666667,0.7,1.3137224946585757
deep_lasso,nonlinear_panel,31,0.25,0.9,1.0308554145964444
deep_lasso,nonlinear_panel,32,0.3333333333333333,0.8,1.0126537103947848
deep_lasso,nonlinear_panel,33,0.25,0.9,1.1508982128556533
deep_lasso,nonlinear_panel,34,0.16666666666666666,1.0,1.0278333158654458
deep_lasso,nonlinear_panel,35,0.25,0.9,1.047910437395213
deep_lasso,nonlinear_panel,36,0.25,0.9,1.1328912483828495
deep_lasso,nonlinear_panel,37,0.4166666666666667,0.7,1.000592948242296
deep_lasso,nonlinear_panel,38,0.25,0.9,1.176626407847091
deep_lasso,nonlinear_panel,39,0.16666666666666666,1.0,1.176210932225383
deep_lasso,nonlinear_panel,40,0.25,0.9,1.1953810705281835
deep_lasso,nonlinear_panel,41,0.3333333333333333,0.8,1.1070854236013172
deep_lasso,nonlinear_panel,42,0.3333333333333333,0.8,1.096053946558562
deep_lasso,nonlinear_panel,43,0.3333333333333333,0.8,1.0789239287805448
deep_lasso,nonlinear_panel,44,0.3333333333333333,0.8,1.1940480510239109
deep_lasso,nonlinear_panel,45,0.16666666666666666,1.0,1.0686493276966982
deep_lasso,nonlinear_panel,46,0.4166666666666667,0.7,1.0870299400678882
deep_lasso,nonlinear_panel,47,0.3333333333333333,0.8,1.1578483603724812
deep_lasso,nonlinear_panel,48,0.25,0.9,1.1026118649160683
deep_lasso,nonlinear_panel,49,0.25,0.9,1.1110903064807012
deep_lasso,nonlinear_panel,50,0.25,0.9,1.0233178212491416
deep_lasso,nonlinear_panel,51,0.25,0.9,1.0505920428153683
deep_lasso,nonlinear_panel,52,0.25,0.9,1.3496236136924369
deep_lasso,nonlinear_panel,53,0.3333333333333333,0.8,1.1087301442183688
deep_lasso,nonlinear_panel,54,0.3333333333333333,0.8,1.099651834159916
deep_lasso,nonlinear_panel,55,0.3333333333333333,0.8,1.1561039152430772
deep_lasso,nonlinear_panel,56,0.25,0.9,1.3459481316638788
deep_lasso,nonlinear_panel,57,0.4166666666666667,0.7,1.027270777985031
deep_lasso,nonlinear_panel,58,0.25,0.9,1.1500219356671437
deep_lasso,nonlinear_panel,59,0.16666666666666666,1.0,1.0318335838972874
deep_lasso,nonlinear_panel,60,0.25,0.9,1.1882846805102463
deep_lasso,nonlinear_panel,61,0.3333333333333333,0.8,1.113142754073525
deep_lasso,nonlinear_panel,62,0.3333333333333333,0.8,1.0454444208879323
deep_lasso,nonlinear_panel,63,0.25,0.9,1.2348620875043679
deep_lasso,nonlinear_panel,64,0.25,0.9,0.9913325191091081
deep_lasso,nonlinear_panel,65,0.4166666666666667,0.7,1.0838287385711158
deep_lasso,nonlinear_panel,66,0.25,0.9,1.284604611237718
deep_lasso,nonlinear_panel,67,0.3333333333333333,0.8,1.1567077945661937
deep_lasso,nonlinear_panel,68,0.3333333333333333,0.8,1.112009715339565
deep_lasso,nonlinear_panel,69,0.25,0.9,1.185140071675736
deep_lasso,nonlinear_panel,70,0.25,0.9,1.0415314380904064
deep_lasso,nonlinear_panel,71,0.3333333333333333,0.8,1.087502912114603
deep_lasso,nonlinear_panel,72,0.3333333333333333,0.8,1.2039493892665902
deep_lasso,nonlinear_panel,73,0.16666666666666666,1.0,1.203071284745732
deep_lasso,nonlinear_panel,74,0.16666666666666666,1.0,1.1296937679393984
deep_lasso,nonlinear_panel,75,0.16666666666666666,1.0,1.150187232029153
deep_lasso,nonlinear_panel,76,0.25,0.9,1.0632333301503196
deep_lasso,nonlinear_panel,77,0.25,0.9,1.033956516017475
deep_lasso,nonlinear_panel,78,0.3333333333333333,0.8,1.1957338540330218
deep_lasso,nonlinear_panel,79,0.3333333333333333,0.8,1.1906941849778827
deep_lasso,nonlinear_panel,80,0.25,0.9,1.0871465564682594
deep_lasso,nonlinear_panel,81,0.25,0.9,1.2432094759997496
deep_lasso,nonlinear_panel,82,0.3333333333333333,0.8,1.0966693167291266
deep_lasso,nonlinear_panel,83,0.16666666666666666,1.0,1.0921181236151307
deep_lasso,nonlinear_panel,84,0.3333333333333333,0.8,1.1315238789898796
deep_lasso,nonlinear_panel,85,0.25,0.9,1.006621276335165
deep_lasso,nonlinear_panel,86,0.4166666666666667,0.7,1.2178475900538297
deep_lasso,nonlinear_panel,87,0.4166666666666667,0.7,1.045734608162596
deep_lasso,nonlinear_panel,88,0.25,0.9,1.1276841708125713
deep_lasso,nonlinear_panel,89,0.3333333333333333,0.8,1.0241481562500832
deep_lasso,nonlinear_panel,90,0.3333333333333333,0.8,1.2600136845369028
deep_lasso,nonlinear_panel,91,0.25,0.9,1.0884145636006681
deep_lasso,nonlinear_panel,92,0.4166666666666667,0.7,1.0828757056909868
deep_lasso,nonlinear_panel,93,0.3333333333333333,0.8,1.2174258139471195
deep_lasso,nonlinear_panel,94,0.25,0.9,1.1846362334624938
deep_lasso,nonlinear_panel,95,0.3333333333333333,0.8,1.1055005561485176
deep_lasso,nonlinear_panel,96,0.3333333333333333,0.8,1.082022476229034
deep_lasso,nonlinear_panel,97,0.25,0.9,1.1341472772408678
deep_lasso,nonlinear_panel,98,0.25,0.9,1.1504772136603019
deep_lasso,nonlinear_panel,99,0.3333333333333333,0.8,1.0961098203323754
tabm,linear_sparse,0,0.5833333333333334,1.0,0.6357797895323339
tabm,linear_sparse,1,0.5833333333333334,1.0,0.63135289640754
tabm,linear_sparse,2,0.5833333333333334,1.0,0.6504690194212113
tabm,linear_sparse,3,0.5833333333333334,1.0,0.581526314450895
tabm,linear_sparse,4,0.5833333333333334,1.0,0.6097093377584044
tabm,linear_sparse,5,0.5833333333333334,1.0,0.679373270054412
tabm,linear_sparse,6,0.5833333333333334,1.0,0.6043271953619681
tabm,linear_sparse,7,0.5833333333333334,1.0,0.6609339784966332
tabm,linear_sparse,8,0.5833333333333334,1.0,0.6131257699488486
tabm,linear_sparse,9,0.5833333333333334,1.0,0.6606949764501923
tabm,linear_sparse,10,0.5833333333333334,1.0,0.6609324405590341
tabm,linear_sparse,11,0.5833333333333334,1.0,0.5755922805814613
tabm,linear_sparse,12,0.5833333333333334,1.0,0.6484834869254068
tabm,linear_sparse,13,0.5833333333333334,1.0,0.6480367472520508
tabm,linear_sparse,14,0.5833333333333334,1.0,0.647172282103761
tabm,linear_sparse,15,0.5833333333333334,1.0,0.6461893526584145
tabm,linear_sparse,16,0.5833333333333334,1.0,0.6407096961132378
tabm,linear_sparse,17,0.5833333333333334,1.0,0.6577193217935804
tabm,linear_sparse,18,0.5833333333333334,1.0,0.6187004120721895
tabm,linear_sparse,19,0.5833333333333334,1.0,0.5675882805571305
tabm,linear_sparse,20,0.5833333333333334,1.0,0.5936357552939167
tabm,linear_sparse,21,0.5833333333333334,1.0,0.6070321195913508
tabm,linear_sparse,22,0.5833333333333334,1.0,0.6246628320188036
tabm,linear_sparse,23,0.5833333333333334,1.0,0.6505807469404586
tabm,linear_sparse,24,0.5833333333333334,1.0,0.6305231058395477
tabm,linear_sparse,25,0.5833333333333334,1.0,0.6713853993548886
tabm,linear_sparse,26,0.5833333333333334,1.0,0.6292028303985034
tabm,linear_sparse,27,0.5833333333333334,1.0,0.6895588537727917
tabm,linear_sparse,28,0.5833333333333334,1.0,0.616074568066089
tabm,linear_sparse,29,0.5833333333333334,1.0,0.6672454802676411
tabm,linear_sparse,30,0.5833333333333334,1.0,0.6689925927017566
tabm,linear_sparse,31,0.5833333333333334,1.0,0.6512143186175733
tabm,linear_sparse,32,0.5833333333333334,1.0,0.6731153245864763
tabm,linear_sparse,33,0.5833333333333334,1.0,0.6092786723835548
tabm,linear_sparse,34,0.5833333333333334,1.0,0.6760327624842354
tabm,linear_sparse,35,0.5833333333333334,1.0,0.5846313463497937
tabm,linear_sparse,36,0.5833333333333334,1.0,0.664616383283615
tabm,linear_sparse,37,0.5833333333333334,1.0,0.5885749322545477
tabm,linear_sparse,38,0.5833333333333334,1.0,0.6428771213458733
tabm,linear_sparse,39,0.5833333333333334,1.0,0.7129950362167623
tabm,linear_sparse,40,0.5833333333333334,1.0,0.6349795216358327
tabm,linear_sparse,41,0.5833333333333334,1.0,0.6613306003996086
tabm,linear_sparse,42,0.5833333333333334,1.0,0.6388376634902144
tabm,linear_sparse,43,0.5833333333333334,1.0,0.6335115859118288
tabm,linear_sparse,44,0.5833333333333334,1.0,0.6242833396204684
tabm,linear_sparse,45,0.5833333333333334,1.0,0.6460776695167062
tabm,linear_sparse,46,0.5833333333333334,1.0,0.6052915785620125
tabm,linear_sparse,47,0.5833333333333334,1.0,0.6063060540643372
tabm,linear_sparse,48,0.5833333333333334,1.0,0.6120706773355354
tabm,linear_sparse,49,0.5833333333333334,1.0,0.615677315521286
tabm,linear_sparse,50,0.5833333333333334,1.0,0.640544148646925
tabm,linear_sparse,51,0.5833333333333334,1.0,0.6474952280820534
tabm,linear_sparse,52,0.5833333333333334,1.0,0.5931139993392146
tabm,linear_sparse,53,0.5833333333333334,1.0,0.6278064784037196
tabm,linear_sparse,54,0.5833333333333334,1.0,0.6875091251333232
tabm,linear_sparse,55,0.5833333333333334,1.0,0.6719047084935396
tabm,linear_sparse,56,0.5833333333333334,1.0,0.6433416069871832
tabm,linear_sparse,57,0.5833333333333334,1.0,0.5961114583511833
tabm,linear_sparse,58,0.5833333333333334,1.0,0.6198081023479619
tabm,linear_sparse,59,0.5833333333333334,1.0,0.6372806827740585
tabm,linear_sparse,60,0.5833333333333334,1.0,0.7414646552181826
tabm,linear_sparse,61,0.5833333333333334,1.0,0.637440028701628
tabm,linear_sparse,62,0.5833333333333334,1.0,0.63194743119553
tabm,linear_sparse,63,0.5833333333333334,1.0,0.7183169790605833
tabm,linear_sparse,64,0.5833333333333334,1.0,0.6652731043506652
tabm,linear_sparse,65,0.5833333333333334,1.0,0.6105408634691349
tabm,linear_sparse,66,0.5833333333333334,1.0,0.6385028809227735
tabm,linear_sparse,67,0.5833333333333334,1.0,0.6415246188797253
tabm,linear_sparse,68,0.5833333333333334,1.0,0.6338968831889963
tabm,linear_sparse,69,0.5833333333333334,1.0,0.6680045408747441
tabm,linear_sparse,70,0.5833333333333334,1.0,0.7010159191703536
tabm,linear_sparse,71,0.5833333333333334,1.0,0.6454944357541464
tabm,linear_sparse,72,0.5833333333333334,1.0,0.6407536877266902
tabm,linear_sparse,73,0.5833333333333334,1.0,0.6693410601119323
tabm,linear_sparse,74,0.5833333333333334,1.0,0.5955379387511708
tabm,linear_sparse,75,0.5833333333333334,1.0,0.6099564014022726
tabm,linear_sparse,76,0.5833333333333334,1.0,0.6205742648173453
tabm,linear_sparse,77,0.5833333333333334,1.0,0.617485819561322
tabm,linear_sparse,78,0.5833333333333334,1.0,0.6609788617568497
tabm,linear_sparse,79,0.5833333333333334,1.0,0.6202677975904205
tabm,linear_sparse,80,0.5833333333333334,1.0,0.5958576238591269
tabm,linear_sparse,81,0.5833333333333334,1.0,0.6609500785914272
tabm,linear_sparse,82,0.5833333333333334,1.0,0.6489402081031791
tabm,linear_sparse,83,0.5833333333333334,1.0,0.6260573462534623
tabm,linear_sparse,84,0.5833333333333334,1.0,0.6262118267355138
tabm,linear_sparse,85,0.5833333333333334,1.0,0.6387357526390348
tabm,linear_sparse,86,0.5833333333333334,1.0,0.6225034900976986
tabm,linear_sparse,87,0.5833333333333334,1.0,0.6771625675930445
tabm,linear_sparse,88,0.5833333333333334,1.0,0.6561140652364651
tabm,linear_sparse,89,0.5833333333333334,1.0,0.6018158184523967
tabm,linear_sparse,90,0.5833333333333334,1.0,0.638476192138012
tabm,linear_sparse,91,0.5833333333333334,1.0,0.6581945293295268
tabm,linear_sparse,92,0.5833333333333334,1.0,0.6023003257702201
tabm,linear_sparse,93,0.5833333333333334,1.0,0.5767648009983453
tabm,linear_sparse,94,0.5833333333333334,1.0,0.6105852640612065
tabm,linear_sparse,95,0.5833333333333334,1.0,0.6455269228333477
tabm,linear_sparse,96,0.5833333333333334,1.0,0.6231246242803589
tabm,linear_sparse,97,0.5833333333333334,1.0,0.6003103018490857
tabm,linear_sparse,98,0.5833333333333334,1.0,0.5961436757120977
tabm,linear_sparse,99,0.5833333333333334,1.0,0.6324523231753353
tabm,linear_medium,0,0.16666666666666666,1.0,1.1052666636820967
tabm,linear_medium,1,0.16666666666666666,1.0,1.055109595634797
tabm,linear_medium,2,0.16666666666666666,1.0,1.0548989081162892
tabm,linear_medium,3,0.16666666666666666,1.0,1.1216561653442496
tabm,linear_medium,4,0.16666666666666666,1.0,1.105661269015233
tabm,linear_medium,5,0.16666666666666666,1.0,1.090182779026144
tabm,linear_medium,6,0.16666666666666666,1.0,1.1096335534237616
tabm,linear_medium,7,0.16666666666666666,1.0,1.0586099027526323
tabm,linear_medium,8,0.25,0.9,1.1037876913189606
tabm,linear_medium,9,0.16666666666666666,1.0,1.0320316591658583
tabm,linear_medium,10,0.16666666666666666,1.0,1.0853702429758407
tabm,linear_medium,11,0.3333333333333333,0.8,1.0650581511051935
tabm,linear_medium,12,0.16666666666666666,1.0,1.0490651404893823
tabm,linear_medium,13,0.16666666666666666,1.0,1.0224412836703178
tabm,linear_medium,14,0.16666666666666666,1.0,1.0528573084801358
tabm,linear_medium,15,0.16666666666666666,1.0,1.019616561229061
tabm,linear_medium,16,0.16666666666666666,1.0,1.1350782064683211
tabm,linear_medium,17,0.16666666666666666,1.0,1.0641312942762158
tabm,linear_medium,18,0.16666666666666666,1.0,1.0603183555889906
tabm,linear_medium,19,0.16666666666666666,1.0,1.0399174438814105
tabm,linear_medium,20,0.16666666666666666,1.0,1.146916581584455
tabm,linear_medium,21,0.16666666666666666,1.0,1.0645798029211306
tabm,linear_medium,22,0.16666666666666666,1.0,1.0562499759632054
tabm,linear_medium,23,0.16666666666666666,1.0,1.0576106615445964
tabm,linear_medium,24,0.16666666666666666,1.0,1.0040119700225527
tabm,linear_medium,25,0.16666666666666666,1.0,1.1325326382072711
tabm,linear_medium,26,0.16666666666666666,1.0,1.0329428233347524
tabm,linear_medium,27,0.16666666666666666,1.0,1.0092547185676874
tabm,linear_medium,28,0.16666666666666666,1.0,1.0331190788757367
tabm,linear_medium,29,0.16666666666666666,1.0,1.0513560730942988
tabm,linear_medium,30,0.16666666666666666,1.0,1.1045329715313315
tabm,linear_medium,31,0.16666666666666666,1.0,1.107312450640656
tabm,linear_medium,32,0.16666666666666666,1.0,1.0775062916584188
tabm,linear_medium,33,0.16666666666666666,1.0,1.0579095202625055
tabm,linear_medium,34,0.16666666666666666,1.0,1.0675623032003447
tabm,linear_medium,35,0.16666666666666666,1.0,1.0577026156472515
tabm,linear_medium,36,0.16666666666666666,1.0,1.0742652142365547
tabm,linear_medium,37,0.16666666666666666,1.0,1.0766056462825366
tabm,linear_medium,38,0.16666666666666666,1.0,1.0838138105452766
tabm,linear_medium,39,0.16666666666666666,1.0,1.040841760837714
tabm,linear_medium,40,0.16666666666666666,1.0,1.0571325123718014
tabm,linear_medium,41,0.16666666666666666,1.0,1.0803391256888943
tabm,linear_medium,42,0.16666666666666666,1.0,1.0398030264040672
tabm,linear_medium,43,0.16666666666666666,1.0,1.0107471184540626
tabm,linear_medium,44,0.16666666666666666,1.0,0.9748146367851125
tabm,linear_medium,45,0.16666666666666666,1.0,1.1003498026510248
tabm,linear_medium,46,0.16666666666666666,1.0,1.1411171617685565
tabm,linear_medium,47,0.16666666666666666,1.0,1.0763780017932572
tabm,linear_medium,48,0.16666666666666666,1.0,1.1265330549607588
tabm,linear_medium,49,0.16666666666666666,1.0,1.0246518906863349
tabm,linear_medium,50,0.16666666666666666,1.0,1.035514452995511
tabm,linear_medium,51,0.16666666666666666,1.0,1.056021396593533
tabm,linear_medium,52,0.16666666666666666,1.0,1.1189954761089642
tabm,linear_medium,53,0.16666666666666666,1.0,1.0886708763756563
tabm,linear_medium,54,0.16666666666666666,1.0,1.0311257778307048
tabm,linear_medium,55,0.16666666666666666,1.0,1.0970154209950103
tabm,linear_medium,56,0.16666666666666666,1.0,1.098324311711828
tabm,linear_medium,57,0.16666666666666666,1.0,1.112487469045788
tabm,linear_medium,58,0.16666666666666666,1.0,1.0628084896507715
tabm,linear_medium,59,0.16666666666666666,1.0,1.070225918371323
tabm,linear_medium,60,0.16666666666666666,1.0,1.036900380568569
tabm,linear_medium,61,0.16666666666666666,1.0,1.0806420808094392
tabm,linear_medium,62,0.16666666666666666,1.0,1.086495022839704
tabm,linear_medium,63,0.16666666666666666,1.0,1.0851954399875035
tabm,linear_medium,64,0.16666666666666666,1.0,1.1215436746349159
tabm,linear_medium,65,0.16666666666666666,1.0,1.0559178206205084
tabm,linear_medium,66,0.16666666666666666,1.0,1.1035432155835647
tabm,linear_medium,67,0.16666666666666666,1.0,1.1217103456425652
tabm,linear_medium,68,0.16666666666666666,1.0,1.0678403400105292
tabm,linear_medium,69,0.16666666666666666,1.0,1.070713640517535
tabm,linear_medium,70,0.16666666666666666,1.0,1.0853437348611412
tabm,linear_medium,71,0.16666666666666666,1.0,0.9926655210284884
tabm,linear_medium,72,0.16666666666666666,1.0,1.1727854528664912
tabm,linear_medium,73,0.16666666666666666,1.0,1.0668110950565695
tabm,linear_medium,74,0.16666666666666666,1.0,1.0364476740700665
tabm,linear_medium,75,0.16666666666666666,1.0,1.1258146533923536
tabm,linear_medium,76,0.16666666666666666,1.0,1.1022263232133898
tabm,linear_medium,77,0.16666666666666666,1.0,1.0666399088753091
tabm,linear_medium,78,0.16666666666666666,1.0,1.091512248239711
tabm,linear_medium,79,0.16666666666666666,1.0,1.1428871630914714
tabm,linear_medium,80,0.16666666666666666,1.0,1.0456087946601762
tabm,linear_medium,81,0.16666666666666666,1.0,1.1240163391996991
tabm,linear_medium,82,0.16666666666666666,1.0,1.0982478269560603
tabm,linear_medium,83,0.16666666666666666,1.0,1.041516914770019
tabm,linear_medium,84,0.16666666666666666,1.0,1.1069855590031483
tabm,linear_medium,85,0.16666666666666666,1.0,1.1503164372249637
tabm,linear_medium,86,0.16666666666666666,1.0,1.0690122457514588
tabm,linear_medium,87,0.16666666666666666,1.0,1.0400143620217381
tabm,linear_medium,88,0.16666666666666666,1.0,1.0382901956152262
tabm,linear_medium,89,0.16666666666666666,1.0,1.130998960879318
tabm,linear_medium,90,0.16666666666666666,1.0,1.0241349302919467
tabm,linear_medium,91,0.16666666666666666,1.0,1.0158034280803536
tabm,linear_medium,92,0.16666666666666666,1.0,1.1105750291724885
tabm,linear_medium,93,0.16666666666666666,1.0,1.0391618687986588
tabm,linear_medium,94,0.16666666666666666,1.0,1.0178999756327731
tabm,linear_medium,95,0.16666666666666666,1.0,1.0525703855443393
tabm,linear_medium,96,0.16666666666666666,1.0,1.0128089948608194
tabm,linear_medium,97,0.16666666666666666,1.0,1.0913952241124039
tabm,linear_medium,98,0.16666666666666666,1.0,1.0506945766763998
tabm,linear_medium,99,0.16666666666666666,1.0,1.0678730862394024
tabm,linear_weak,0,0.16666666666666666,1.0,1.9539459591061445
tabm,linear_weak,1,0.25,0.9,1.9140783269537902
tabm,linear_weak,2,0.16666666666666666,1.0,1.8786982726198267
tabm,linear_weak,3,0.3333333333333333,0.8,1.9171524822413621
tabm,linear_weak,4,0.4166666666666667,0.7,1.9357364874913252
tabm,linear_weak,5,0.3333333333333333,0.8,1.821765859170572
tabm,linear_weak,6,0.25,0.9,1.951337338637795
tabm,linear_weak,7,0.16666666666666666,1.0,1.9400678240686169
tabm,linear_weak,8,0.16666666666666666,1.0,1.912620833398354
tabm,linear_weak,9,0.3333333333333333,0.8,1.820055913354565
tabm,linear_weak,10,0.16666666666666666,1.0,1.8770178592397588
tabm,linear_weak,11,0.16666666666666666,1.0,1.76833114892333
tabm,linear_weak,12,0.16666666666666666,1.0,1.7749184155646276
tabm,linear_weak,13,0.25,0.9,1.852627510546403
tabm,linear_weak,14,0.16666666666666666,1.0,1.8591323493541096
tabm,linear_weak,15,0.25,0.9,1.6994811782462347
tabm,linear_weak,16,0.25,0.9,1.9397188470085907
tabm,linear_weak,17,0.16666666666666666,1.0,1.9224317227939292
tabm,linear_weak,18,0.25,0.9,1.947947832735655
tabm,linear_weak,19,0.16666666666666666,1.0,1.899532028694513
tabm,linear_weak,20,0.16666666666666666,1.0,1.8317740087079077
tabm,linear_weak,21,0.3333333333333333,0.8,1.9116081731655683
tabm,linear_weak,22,0.25,0.9,1.8836881415105606
tabm,linear_weak,23,0.25,0.9,1.8498503374309028
tabm,linear_weak,24,0.25,0.9,1.8459120433710137
tabm,linear_weak,25,0.25,0.9,1.8206792973439136
tabm,linear_weak,26,0.16666666666666666,1.0,1.8066687612830303
tabm,linear_weak,27,0.16666666666666666,1.0,1.864900185633296
tabm,linear_weak,28,0.25,0.9,1.8339719698503691
tabm,linear_weak,29,0.25,0.9,1.9076011889158153
tabm,linear_weak,30,0.16666666666666666,1.0,1.9005853149514957
tabm,linear_weak,31,0.16666666666666666,1.0,1.864246117281587
tabm,linear_weak,32,0.25,0.9,1.8812137414593328
tabm,linear_weak,33,0.25,0.9,1.7584481354518655
tabm,linear_weak,34,0.16666666666666666,1.0,1.8111412082119165
tabm,linear_weak,35,0.16666666666666666,1.0,1.8038915741268384
tabm,linear_weak,36,0.3333333333333333,0.8,1.9521635649269289
tabm,linear_weak,37,0.3333333333333333,0.8,2.0313284990220675
tabm,linear_weak,38,0.25,0.9,1.9098784246434792
tabm,linear_weak,39,0.3333333333333333,0.8,1.9143527976474917
tabm,linear_weak,40,0.16666666666666666,1.0,1.9068994072340695
tabm,linear_weak,41,0.3333333333333333,0.8,1.8694785896137462
tabm,linear_weak,42,0.16666666666666666,1.0,1.967931892739237
tabm,linear_weak,43,0.16666666666666666,1.0,1.924990563675462
tabm,linear_weak,44,0.25,0.9,2.0750050743429953
tabm,linear_weak,45,0.16666666666666666,1.0,2.043783999326377
tabm,linear_weak,46,0.25,0.9,1.9032917299297865
tabm,linear_weak,47,0.25,0.9,1.8323168236234846
tabm,linear_weak,48,0.25,0.9,1.83382707963007
tabm,linear_weak,49,0.16666666666666666,1.0,1.9229847487295268
tabm,linear_weak,50,0.3333333333333333,0.8,1.975920846867553
tabm,linear_weak,51,0.25,0.9,1.8142489174846321
tabm,linear_weak,52,0.16666666666666666,1.0,1.7987264364613917
tabm,linear_weak,53,0.25,0.9,1.944630524711436
tabm,linear_weak,54,0.16666666666666666,1.0,1.868880099656929
tabm,linear_weak,55,0.25,0.9,1.9179100423115578
tabm,linear_weak,56,0.25,0.9,1.876331521789048
tabm,linear_weak,57,0.3333333333333333,0.8,1.9719789775861285
tabm,linear_weak,58,0.3333333333333333,0.8,1.698501785178616
tabm,linear_weak,59,0.25,0.9,1.9197542482128664
tabm,linear_weak,60,0.25,0.9,1.7664732882317893
tabm,linear_weak,61,0.25,0.9,1.970481284106092
tabm,linear_weak,62,0.16666666666666666,1.0,1.9332997078103409
tabm,linear_weak,63,0.16666666666666666,1.0,1.9363700771580084
tabm,linear_weak,64,0.16666666666666666,1.0,1.975779782948252
tabm,linear_weak,65,0.25,0.9,1.9485837891525724
tabm,linear_weak,66,0.25,0.9,1.9845760062376836
tabm,linear_weak,67,0.16666666666666666,1.0,1.8695094728406791
tabm,linear_weak,68,0.16666666666666666,1.0,1.7885498922930276
tabm,linear_weak,69,0.16666666666666666,1.0,1.8976963985679183
tabm,linear_weak,70,0.16666666666666666,1.0,1.891749828544519
tabm,linear_weak,71,0.25,0.9,1.8939273367606941
tabm,linear_weak,72,0.16666666666666666,1.0,1.839048609497801
tabm,linear_weak,73,0.25,0.9,1.9096969874284966
tabm,linear_weak,74,0.16666666666666666,1.0,1.939357334941394
tabm,linear_weak,75,0.25,0.9,1.9654656275426918
tabm,linear_weak,76,0.25,0.9,1.839822791850468
tabm,linear_weak,77,0.16666666666666666,1.0,1.819835006399387
tabm,linear_weak,78,0.3333333333333333,0.8,1.9345050235483974
tabm,linear_weak,79,0.25,0.9,1.817959919979451
tabm,linear_weak,80,0.3333333333333333,0.8,1.9104701844517222
tabm,linear_weak,81,0.16666666666666666,1.0,1.9557844191073512
tabm,linear_weak,82,0.25,0.9,1.840003287662411
tabm,linear_weak,83,0.3333333333333333,0.8,1.9305661093334696
tabm,linear_weak,84,0.16666666666666666,1.0,1.846969723236399
tabm,linear_weak,85,0.16666666666666666,1.0,1.8546628182436913
tabm,linear_weak,86,0.16666666666666666,1.0,1.9113617593836691
tabm,linear_weak,87,0.25,0.9,1.9349289552989928
tabm,linear_weak,88,0.16666666666666666,1.0,1.9106708615649401
tabm,linear_weak,89,0.25,0.9,1.8481649861677374
tabm,linear_weak,90,0.16666666666666666,1.0,1.7579041089523113
tabm,linear_weak,91,0.3333333333333333,0.8,1.8842490058593984
tabm,linear_weak,92,0.16666666666666666,1.0,1.8986704351604875
tabm,linear_weak,93,0.16666666666666666,1.0,1.7684940911097955
tabm,linear_weak,94,0.25,0.9,1.9316809617656194
tabm,linear_weak,95,0.25,0.9,1.9099713487275678
tabm,linear_weak,96,0.3333333333333333,0.8,1.871644111025196
tabm,linear_weak,97,0.16666666666666666,1.0,1.7826280670975208
tabm,linear_weak,98,0.16666666666666666,1.0,1.8778231300682142
tabm,linear_weak,99,0.16666666666666666,1.0,1.8970573355700742
tabm,linear_dense,0,0.0,0.8,1.1301661676044166
tabm,linear_dense,1,0.0,0.8,1.2306668231415838
tabm,linear_dense,2,0.0,0.8,1.1070148560303783
tabm,linear_dense,3,0.0,0.8,1.1709660875251109
tabm,linear_dense,4,0.0,0.8,1.0220695983990569
tabm,linear_dense,5,0.0,0.8,1.0694706606068871
tabm,linear_dense,6,0.0,0.8,1.059224382440788
tabm,linear_dense,7,0.0,0.8,1.1134603361197244
tabm,linear_dense,8,0.0,0.8,1.0773138488323417
tabm,linear_dense,9,0.08333333333333333,0.7333333333333333,1.0458094137811027
tabm,linear_dense,10,0.0,0.8,1.1247626551925451
tabm,linear_dense,11,0.0,0.8,1.0474446604437744
tabm,linear_dense,12,0.0,0.8,1.0995659309849815
tabm,linear_dense,13,0.0,0.8,1.1211991182471868
tabm,linear_dense,14,0.0,0.8,1.0433208380730186
tabm,linear_dense,15,0.0,0.8,1.082908679149617
tabm,linear_dense,16,0.0,0.8,1.0480303065084633
tabm,linear_dense,17,0.0,0.8,1.141818217446252
tabm,linear_dense,18,0.0,0.8,1.0411981953008869
tabm,linear_dense,19,0.0,0.8,1.1003620028370775
tabm,linear_dense,20,0.0,0.8,1.071559514718245
tabm,linear_dense,21,0.0,0.8,1.0638004310236697
tabm,linear_dense,22,0.0,0.8,1.2019547608809928
tabm,linear_dense,23,0.0,0.8,1.1317472180888293
tabm,linear_dense,24,0.0,0.8,1.1690463761467358
tabm,linear_dense,25,0.0,0.8,1.0210571128718406
tabm,linear_dense,26,0.0,0.8,1.1074638932933403
tabm,linear_dense,27,0.0,0.8,1.1410662939762963
tabm,linear_dense,28,0.0,0.8,1.082357120181791
tabm,linear_dense,29,0.0,0.8,1.062811564410769
tabm,linear_dense,30,0.0,0.8,1.0527670977875583
tabm,linear_dense,31,0.0,0.8,1.0184425222303135
tabm,linear_dense,32,0.0,0.8,1.0720675495370515
tabm,linear_dense,33,0.0,0.8,1.066334086795245
tabm,linear_dense,34,0.0,0.8,1.141801155122087
tabm,linear_dense,35,0.0,0.8,1.137365284094796
tabm,linear_dense,36,0.0,0.8,1.0879315314981488
tabm,linear_dense,37,0.0,0.8,1.0928374824077203
tabm,linear_dense,38,0.0,0.8,1.1225668042922559
tabm,linear_dense,39,0.0,0.8,1.038322728250199
tabm,linear_dense,40,0.0,0.8,1.0758857385656004
tabm,linear_dense,41,0.0,0.8,1.029094733931626
tabm,linear_dense,42,0.0,0.8,1.094244381201984
tabm,linear_dense,43,0.0,0.8,1.1617639065091219
tabm,linear_dense,44,0.0,0.8,1.1274802892641556
tabm,linear_dense,45,0.0,0.8,1.085891461938239
tabm,linear_dense,46,0.0,0.8,1.2164405154044218
tabm,linear_dense,47,0.0,0.8,1.0463834372948697
tabm,linear_dense,48,0.0,0.8,1.02352435120931
tabm,linear_dense,49,0.0,0.8,1.1038309279870362
tabm,linear_dense,50,0.0,0.8,1.038373678618657
tabm,linear_dense,51,0.0,0.8,1.100873109142007
tabm,linear_dense,52,0.0,0.8,1.0663676472454122
tabm,linear_dense,53,0.0,0.8,1.128596182045592
tabm,linear_dense,54,0.0,0.8,1.044637898293861
tabm,linear_dense,55,0.0,0.8,1.06113490478876
tabm,linear_dense,56,0.0,0.8,1.0588544852276844
tabm,linear_dense,57,0.0,0.8,1.1267985022118994
tabm,linear_dense,58,0.0,0.8,1.0729611195572295
tabm,linear_dense,59,0.0,0.8,1.1184043562317547
tabm,linear_dense,60,0.0,0.8,1.1415537593297547
tabm,linear_dense,61,0.0,0.8,1.0913818367671895
tabm,linear_dense,62,0.0,0.8,1.1042879610689864
tabm,linear_dense,63,0.0,0.8,1.1707517328241002
tabm,linear_dense,64,0.0,0.8,1.0911832495160105
tabm,linear_dense,65,0.0,0.8,1.1518831482233007
tabm,linear_dense,66,0.0,0.8,1.079277986777087
tabm,linear_dense,67,0.0,0.8,1.1376286638376594
tabm,linear_dense,68,0.0,0.8,1.0502308936243552
tabm,linear_dense,69,0.0,0.8,1.0560923313791983
tabm,linear_dense,70,0.0,0.8,1.079070034760619
tabm,linear_dense,71,0.0,0.8,1.0631854661082663
tabm,linear_dense,72,0.0,0.8,1.138959086907698
tabm,linear_dense,73,0.0,0.8,1.073858414428663
tabm,linear_dense,74,0.0,0.8,1.1536472353577343
tabm,linear_dense,75,0.0,0.8,1.027188650833832
tabm,linear_dense,76,0.08333333333333333,0.7333333333333333,1.1177111521654792
tabm,linear_dense,77,0.0,0.8,1.0915622084371215
tabm,linear_dense,78,0.0,0.8,1.064879389997067
tabm,linear_dense,79,0.0,0.8,1.1219278162267738
tabm,linear_dense,80,0.0,0.8,1.0864467922835626
tabm,linear_dense,81,0.0,0.8,1.1752209033393695
tabm,linear_dense,82,0.0,0.8,1.053297424990973
tabm,linear_dense,83,0.0,0.8,1.0307545753207363
tabm,linear_dense,84,0.0,0.8,1.0926910168662778
tabm,linear_dense,85,0.0,0.8,1.1431763904939902
tabm,linear_dense,86,0.0,0.8,1.1205653245369742
tabm,linear_dense,87,0.0,0.8,1.1755494739406596
tabm,linear_dense,88,0.0,0.8,1.1272734225828094
tabm,linear_dense,89,0.0,0.8,1.1071372218420878
tabm,linear_dense,90,0.0,0.8,1.0892404190500595
tabm,linear_dense,91,0.0,0.8,1.0190908548496587
tabm,linear_dense,92,0.0,0.8,1.1044729363687236
tabm,linear_dense,93,0.0,0.8,1.1708938478942188
tabm,linear_dense,94,0.0,0.8,1.1769701791958018
tabm,linear_dense,95,0.0,0.8,1.0019830831678342
tabm,linear_dense,96,0.0,0.8,1.0809934597009658
tabm,linear_dense,97,0.0,0.8,1.1705864226884832
tabm,linear_dense,98,0.0,0.8,1.0386835272331418
tabm,linear_dense,99,0.0,0.8,1.0735478851508484
tabm,nonlinear,0,0.3333333333333333,0.8,1.1968876827419554
tabm,nonlinear,1,0.25,0.9,1.126257918781296
tabm,nonlinear,2,0.3333333333333333,0.8,1.13481208116003
tabm,nonlinear,3,0.3333333333333333,0.8,1.1458139882175695
tabm,nonlinear,4,0.5,0.6,1.132709900511438
tabm,nonlinear,5,0.25,0.9,1.398965428889406
tabm,nonlinear,6,0.25,0.9,1.1581915694057106
tabm,nonlinear,7,0.25,0.9,1.1086539088823115
tabm,nonlinear,8,0.25,0.9,1.1405133350013192
tabm,nonlinear,9,0.3333333333333333,0.8,1.1606151962747786
tabm,nonlinear,10,0.25,0.9,1.1137076447219956
tabm,nonlinear,11,0.3333333333333333,0.8,1.1025029587335407
tabm,nonlinear,12,0.4166666666666667,0.7,1.1724329805220273
tabm,nonlinear,13,0.3333333333333333,0.8,1.2299533991006766
tabm,nonlinear,14,0.3333333333333333,0.8,1.1150895684494053
tabm,nonlinear,15,0.25,0.9,1.1799357700814013
tabm,nonlinear,16,0.4166666666666667,0.7,1.2640376118437804
tabm,nonlinear,17,0.16666666666666666,1.0,1.2055474299098223
tabm,nonlinear,18,0.3333333333333333,0.8,1.185113992802171
tabm,nonlinear,19,0.4166666666666667,0.7,1.1756835279207727
tabm,nonlinear,20,0.25,0.9,1.1307327102629938
tabm,nonlinear,21,0.25,0.9,1.1154949767487694
tabm,nonlinear,22,0.3333333333333333,0.8,1.0508324898837125
tabm,nonlinear,23,0.3333333333333333,0.8,1.2478717772336758
tabm,nonlinear,24,0.25,0.9,1.0940891175331513
tabm,nonlinear,25,0.25,0.9,1.130276385992128
tabm,nonlinear,26,0.25,0.9,1.1768096615224939
tabm,nonlinear,27,0.25,0.9,1.1830216813188885
tabm,nonlinear,28,0.4166666666666667,0.7,1.0388512867199524
tabm,nonlinear,29,0.25,0.9,1.2440496919775719
tabm,nonlinear,30,0.25,0.9,1.0845694911669863
tabm,nonlinear,31,0.25,0.9,1.1953646538914495
tabm,nonlinear,32,0.25,0.9,1.1645177611956348
tabm,nonlinear,33,0.25,0.9,1.1438310640259146
tabm,nonlinear,34,0.25,0.9,1.1615146193896686
tabm,nonlinear,35,0.25,0.9,1.2813074297067388
tabm,nonlinear,36,0.25,0.9,1.04946435149301
tabm,nonlinear,37,0.3333333333333333,0.8,1.490825487109699
tabm,nonlinear,38,0.16666666666666666,1.0,1.4204315687219833
tabm,nonlinear,39,0.25,0.9,1.1122624929870277
tabm,nonlinear,40,0.25,0.9,1.1108776812348549
tabm,nonlinear,41,0.25,0.9,1.0686689834098073
tabm,nonlinear,42,0.4166666666666667,0.7,1.149842472359683
tabm,nonlinear,43,0.16666666666666666,1.0,1.145896216832442
tabm,nonlinear,44,0.4166666666666667,0.7,1.2757637248296279
tabm,nonlinear,45,0.4166666666666667,0.7,1.1502614781028166
tabm,nonlinear,46,0.3333333333333333,0.8,1.1154250770928278
tabm,nonlinear,47,0.5,0.6,1.1119003711316608
tabm,nonlinear,48,0.25,0.9,1.1473759039854783
tabm,nonlinear,49,0.25,0.9,1.2412334631352204
tabm,nonlinear,50,0.3333333333333333,0.8,1.0477136534843865
tabm,nonlinear,51,0.16666666666666666,1.0,1.255306812586757
tabm,nonlinear,52,0.25,0.9,1.079692117570301
tabm,nonlinear,53,0.25,0.9,1.1253793911957315
tabm,nonlinear,54,0.25,0.9,1.7090772900864775
tabm,nonlinear,55,0.25,0.9,1.1822604320107062
tabm,nonlinear,56,0.3333333333333333,0.8,1.270464123738324
tabm,nonlinear,57,0.16666666666666666,1.0,1.1246714064000773
tabm,nonlinear,58,0.3333333333333333,0.8,1.122710012193778
tabm,nonlinear,59,0.3333333333333333,0.8,1.1537146382066676
tabm,nonlinear,60,0.4166666666666667,0.7,1.0871889034074171
tabm,nonlinear,61,0.16666666666666666,1.0,1.1292233385534611
tabm,nonlinear,62,0.3333333333333333,0.8,1.2117797071311356
tabm,nonlinear,63,0.3333333333333333,0.8,1.0792395905143182
tabm,nonlinear,64,0.25,0.9,1.164669939446635
tabm,nonlinear,65,0.4166666666666667,0.7,1.205118994851058
tabm,nonlinear,66,0.3333333333333333,0.8,1.2494587710172929
tabm,nonlinear,67,0.25,0.9,1.2018715175866321
tabm,nonlinear,68,0.3333333333333333,0.8,1.0565275592714696
tabm,nonlinear,69,0.3333333333333333,0.8,1.1970365917861125
tabm,nonlinear,70,0.3333333333333333,0.8,1.1710329678554037
tabm,nonlinear,71,0.5,0.6,1.213418506763093
tabm,nonlinear,72,0.25,0.9,1.1232091853800787
tabm,nonlinear,73,0.25,0.9,1.1890166346456545
tabm,nonlinear,74,0.25,0.9,1.1752176053656562
tabm,nonlinear,75,0.3333333333333333,0.8,1.2564053937908786
tabm,nonlinear,76,0.25,0.9,1.1356450720102327
tabm,nonlinear,77,0.25,0.9,1.1896957519961595
tabm,nonlinear,78,0.16666666666666666,1.0,1.0360620956350863
tabm,nonlinear,79,0.3333333333333333,0.8,1.147508694020207
tabm,nonlinear,80,0.25,0.9,1.1157080105254813
tabm,nonlinear,81,0.3333333333333333,0.8,1.1611526502844693
tabm,nonlinear,82,0.25,0.9,1.109721949798528
tabm,nonlinear,83,0.4166666666666667,0.7,1.256706674817523
tabm,nonlinear,84,0.5,0.6,1.077164510643157
tabm,nonlinear,85,0.4166666666666667,0.7,1.0936818377899178
tabm,nonlinear,86,0.16666666666666666,1.0,1.0679475335747222
tabm,nonlinear,87,0.4166666666666667,0.7,1.0984346027373688
tabm,nonlinear,88,0.25,0.9,1.2256507752365797
tabm,nonlinear,89,0.3333333333333333,0.8,1.1462759231773847
tabm,nonlinear,90,0.3333333333333333,0.8,1.4032369174293213
tabm,nonlinear,91,0.16666666666666666,1.0,1.140046099478892
tabm,nonlinear,92,0.3333333333333333,0.8,1.1776593340837487
tabm,nonlinear,93,0.25,0.9,1.0769204820258258
tabm,nonlinear,94,0.25,0.9,1.2766419225887073
tabm,nonlinear,95,0.16666666666666666,1.0,1.142150639918541
tabm,nonlinear,96,0.3333333333333333,0.8,1.1440671151601882
tabm,nonlinear,97,0.4166666666666667,0.7,1.1448408760368975
tabm,nonlinear,98,0.25,0.9,1.5501415707836936
tabm,nonlinear,99,0.25,0.9,1.3366988347177462
tabm,nonlinear_panel,0,0.3333333333333333,0.8,1.140052579079885
tabm,nonlinear_panel,1,0.3333333333333333,0.8,1.1399350472537688
tabm,nonlinear_panel,2,0.16666666666666666,1.0,1.161233889629444
tabm,nonlinear_panel,3,0.25,0.9,1.2128207402987514
tabm,nonlinear_panel,4,0.3333333333333333,0.8,1.1592359833200176
tabm,nonlinear_panel,5,0.3333333333333333,0.8,1.1778167364167325
tabm,nonlinear_panel,6,0.3333333333333333,0.8,1.2555886398954463
tabm,nonlinear_panel,7,0.3333333333333333,0.8,1.155285844280403
tabm,nonlinear_panel,8,0.3333333333333333,0.8,1.5103681428261482
tabm,nonlinear_panel,9,0.3333333333333333,0.8,1.1236552380131608
tabm,nonlinear_panel,10,0.3333333333333333,0.8,1.3143915358158471
tabm,nonlinear_panel,11,0.3333333333333333,0.8,1.0824716967276016
tabm,nonlinear_panel,12,0.4166666666666667,0.7,1.0634919437039296
tabm,nonlinear_panel,13,0.3333333333333333,0.8,1.2285813377436647
tabm,nonlinear_panel,14,0.16666666666666666,1.0,1.1928835314118758
tabm,nonlinear_panel,15,0.4166666666666667,0.7,1.1240045227365716
tabm,nonlinear_panel,16,0.5,0.6,1.1753842648058253
tabm,nonlinear_panel,17,0.3333333333333333,0.8,1.1690581529056794
tabm,nonlinear_panel,18,0.3333333333333333,0.8,1.1324570562345262
tabm,nonlinear_panel,19,0.25,0.9,1.1554911182577863
tabm,nonlinear_panel,20,0.25,0.9,1.221597975639156
tabm,nonlinear_panel,21,0.4166666666666667,0.7,1.185222466166356
tabm,nonlinear_panel,22,0.25,0.9,1.5871826527655415
tabm,nonlinear_panel,23,0.25,0.9,1.1052852826859505
tabm,nonlinear_panel,24,0.3333333333333333,0.8,1.1057953447389295
tabm,nonlinear_panel,25,0.3333333333333333,0.8,1.2512589559167082
tabm,nonlinear_panel,26,0.3333333333333333,0.8,1.1717015824885992
tabm,nonlinear_panel,27,0.3333333333333333,0.8,1.307521640197285
tabm,nonlinear_panel,28,0.16666666666666666,1.0,1.01406040966099
tabm,nonlinear_panel,29,0.25,0.9,1.087642282543799
tabm,nonlinear_panel,30,0.3333333333333333,0.8,1.3019873014732901
tabm,nonlinear_panel,31,0.4166666666666667,0.7,1.0368055018358884
tabm,nonlinear_panel,32,0.4166666666666667,0.7,1.0189167475264802
tabm,nonlinear_panel,33,0.25,0.9,1.150768186045866
tabm,nonlinear_panel,34,0.25,0.9,1.0112749790972122
tabm,nonlinear_panel,35,0.16666666666666666,1.0,1.0401967501365865
tabm,nonlinear_panel,36,0.25,0.9,1.1328912483828495
tabm,nonlinear_panel,37,0.3333333333333333,0.8,0.9981258433011454
tabm,nonlinear_panel,38,0.4166666666666667,0.7,1.1991426093481619
tabm,nonlinear_panel,39,0.25,0.9,1.1753418955287542
tabm,nonlinear_panel,40,0.25,0.9,1.204434347599469
tabm,nonlinear_panel,41,0.4166666666666667,0.7,1.102966072693676
tabm,nonlinear_panel,42,0.4166666666666667,0.7,1.0868444510770081
tabm,nonlinear_panel,43,0.3333333333333333,0.8,1.0745407637411302
tabm,nonlinear_panel,44,0.4166666666666667,0.7,1.2135738711407538
tabm,nonlinear_panel,45,0.3333333333333333,0.8,1.0927827758387576
tabm,nonlinear_panel,46,0.3333333333333333,0.8,1.0935103581364034
tabm,nonlinear_panel,47,0.25,0.9,1.144259020156371
tabm,nonlinear_panel,48,0.25,0.9,1.0883273903153823
tabm,nonlinear_panel,49,0.25,0.9,1.1154435689286504
tabm,nonlinear_panel,50,0.3333333333333333,0.8,1.0211348745400803
tabm,nonlinear_panel,51,0.3333333333333333,0.8,1.0506060356486813
tabm,nonlinear_panel,52,0.3333333333333333,0.8,1.3640744015973614
tabm,nonlinear_panel,53,0.3333333333333333,0.8,1.1012956574599984
tabm,nonlinear_panel,54,0.25,0.9,1.0981123370583157
tabm,nonlinear_panel,55,0.25,0.9,1.131616670888848
tabm,nonlinear_panel,56,0.16666666666666666,1.0,1.348942763856769
tabm,nonlinear_panel,57,0.5,0.6,1.075914462153611
tabm,nonlinear_panel,58,0.25,0.9,1.1536257773341065
tabm,nonlinear_panel,59,0.16666666666666666,1.0,1.0384662855529088
tabm,nonlinear_panel,60,0.3333333333333333,0.8,1.1927123562943387
tabm,nonlinear_panel,61,0.25,0.9,1.1020313152667482
tabm,nonlinear_panel,62,0.25,0.9,1.0390068323212047
tabm,nonlinear_panel,63,0.3333333333333333,0.8,1.244487899633007
tabm,nonlinear_panel,64,0.25,0.9,0.9823368871641026
tabm,nonlinear_panel,65,0.3333333333333333,0.8,1.0881395385217338
tabm,nonlinear_panel,66,0.3333333333333333,0.8,1.2721781145785134
tabm,nonlinear_panel,67,0.4166666666666667,0.7,1.1710150947850584
tabm,nonlinear_panel,68,0.25,0.9,1.0986054921964004
tabm,nonlinear_panel,69,0.4166666666666667,0.7,1.2017398690104788
tabm,nonlinear_panel,70,0.16666666666666666,1.0,1.0532289238839878
tabm,nonlinear_panel,71,0.25,0.9,1.101053238480209
tabm,nonlinear_panel,72,0.3333333333333333,0.8,1.194041068822962
tabm,nonlinear_panel,73,0.25,0.9,1.1936004894778163
tabm,nonlinear_panel,74,0.25,0.9,1.1446281122033832
tabm,nonlinear_panel,75,0.25,0.9,1.1515884465931654
tabm,nonlinear_panel,76,0.25,0.9,1.0841263353930106
tabm,nonlinear_panel,77,0.25,0.9,1.0230399644017767
tabm,nonlinear_panel,78,0.4166666666666667,0.7,1.1728985869850637
tabm,nonlinear_panel,79,0.5,0.6,1.2249428577080852
tabm,nonlinear_panel,80,0.3333333333333333,0.8,1.0838877257104995
tabm,nonlinear_panel,81,0.3333333333333333,0.8,1.2547646983894145
tabm,nonlinear_panel,82,0.3333333333333333,0.8,1.0997579957919925
tabm,nonlinear_panel,83,0.25,0.9,1.1061716789334894
tabm,nonlinear_panel,84,0.4166666666666667,0.7,1.1471128365725036
tabm,nonlinear_panel,85,0.4166666666666667,0.7,1.0189598712272563
tabm,nonlinear_panel,86,0.4166666666666667,0.7,1.2039657230928331
tabm,nonlinear_panel,87,0.4166666666666667,0.7,1.0529516708047095
tabm,nonlinear_panel,88,0.16666666666666666,1.0,1.1197551583530865
tabm,nonlinear_panel,89,0.3333333333333333,0.8,1.021487629295857
tabm,nonlinear_panel,90,0.3333333333333333,0.8,1.2630935290645962
tabm,nonlinear_panel,91,0.25,0.9,1.0823636108147727
tabm,nonlinear_panel,92,0.25,0.9,1.0802637512465805
tabm,nonlinear_panel,93,0.3333333333333333,0.8,1.222919403736709
tabm,nonlinear_panel,94,0.4166666666666667,0.7,1.1668099095391486
tabm,nonlinear_panel,95,0.3333333333333333,0.8,1.1071427225467412
tabm,nonlinear_panel,96,0.3333333333333333,0.8,1.1016019145215548
tabm,nonlinear_panel,97,0.16666666666666666,1.0,1.1339819255401733
tabm,nonlinear_panel,98,0.3333333333333333,0.8,1.1514430299709046
tabm,nonlinear_panel,99,0.5,0.6,1.128268894319519
vtfs,linear_sparse,0,0.5833333333333334,1.0,0.6251601149909876
vtfs,linear_sparse,1,0.6666666666666666,0.8,0.6631517255147306
vtfs,linear_sparse,2,0.8333333333333334,0.4,0.8950365025650691
vtfs,linear_sparse,3,0.75,0.6,0.6662947495916991
vtfs,linear_sparse,4,0.6666666666666666,0.8,0.6699125129493628
vtfs,linear_sparse,5,0.6666666666666666,0.8,0.7090860700747419
vtfs,linear_sparse,6,0.75,0.6,0.7051721502280063
vtfs,linear_sparse,7,0.75,0.6,0.7722068028777849
vtfs,linear_sparse,8,0.8333333333333334,0.4,0.7623751463272347
vtfs,linear_sparse,9,0.5833333333333334,1.0,0.6645320360707478
vtfs,linear_sparse,10,0.6666666666666666,0.8,0.7357943850938099
vtfs,linear_sparse,11,0.5833333333333334,1.0,0.5707777086869168
vtfs,linear_sparse,12,0.6666666666666666,0.8,0.6778531069969976
vtfs,linear_sparse,13,0.75,0.6,0.7780614990796999
vtfs,linear_sparse,14,0.6666666666666666,0.8,0.7176926557324252
vtfs,linear_sparse,15,0.6666666666666666,0.8,0.689322549448189
vtfs,linear_sparse,16,0.6666666666666666,0.8,0.7333023115519892
vtfs,linear_sparse,17,0.6666666666666666,0.8,0.8090187911908829
vtfs,linear_sparse,18,0.6666666666666666,0.8,0.7213029473531886
vtfs,linear_sparse,19,0.75,0.6,0.6613481047653313
vtfs,linear_sparse,20,0.75,0.6,0.7753675010455835
vtfs,linear_sparse,21,0.6666666666666666,0.8,0.675552766557552
vtfs,linear_sparse,22,0.75,0.6,0.7055867140391335
vtfs,linear_sparse,23,0.5833333333333334,1.0,0.6516903711210087
vtfs,linear_sparse,24,0.6666666666666666,0.8,0.7684343590639745
vtfs,linear_sparse,25,0.75,0.6,0.779686280861728
vtfs,linear_sparse,26,0.6666666666666666,0.8,0.6973864051289946
vtfs,linear_sparse,27,0.5833333333333334,1.0,0.6749206496237828
vtfs,linear_sparse,28,0.6666666666666666,0.8,0.6603536249329953
vtfs,linear_sparse,29,0.5833333333333334,1.0,0.655088271413035
vtfs,linear_sparse,30,0.5833333333333334,1.0,0.6638227594184507
vtfs,linear_sparse,31,0.6666666666666666,0.8,0.7640416199644195
vtfs,linear_sparse,32,0.6666666666666666,0.8,0.7499646778656366
vtfs,linear_sparse,33,0.5833333333333334,1.0,0.6084929316428781
vtfs,linear_sparse,34,0.6666666666666666,0.8,0.7845207479710866
vtfs,linear_sparse,35,0.75,0.6,0.6501680677299122
vtfs,linear_sparse,36,0.5833333333333334,1.0,0.6671509677706569
vtfs,linear_sparse,37,0.8333333333333334,0.4,0.7318556938939629
vtfs,linear_sparse,38,0.5833333333333334,1.0,0.6333069322367887
vtfs,linear_sparse,39,0.6666666666666666,0.8,0.7929234130056994
vtfs,linear_sparse,40,0.5833333333333334,1.0,0.6415870648933983
vtfs,linear_sparse,41,0.6666666666666666,0.8,0.7419638431774669
vtfs,linear_sparse,42,0.5833333333333334,1.0,0.6422302158922839
vtfs,linear_sparse,43,0.75,0.6,0.7363140737444387
vtfs,linear_sparse,44,0.6666666666666666,0.8,0.6595774352441416
vtfs,linear_sparse,45,0.5833333333333334,1.0,0.6520775952324303
vtfs,linear_sparse,46,0.5833333333333334,1.0,0.608188203491152
vtfs,linear_sparse,47,0.75,0.6,0.8475759261122107
vtfs,linear_sparse,48,0.6666666666666666,0.8,0.7459380687971913
vtfs,linear_sparse,49,0.5833333333333334,1.0,0.6120789481683122
vtfs,linear_sparse,50,0.6666666666666666,0.8,0.7134971053952786
vtfs,linear_sparse,51,0.75,0.6,0.7822286554456426
vtfs,linear_sparse,52,0.75,0.6,0.6953506686131765
vtfs,linear_sparse,53,0.5833333333333334,1.0,0.6291506818189102
vtfs,linear_sparse,54,0.6666666666666666,0.8,0.7725348043913473
vtfs,linear_sparse,55,0.6666666666666666,0.8,0.7887613031848864
vtfs,linear_sparse,56,0.8333333333333334,0.4,0.8125019587188693
vtfs,linear_sparse,57,0.6666666666666666,0.8,0.6633696428071967
vtfs,linear_sparse,58,0.6666666666666666,0.8,0.704833865780726
vtfs,linear_sparse,59,0.5833333333333334,1.0,0.6440840297386382
vtfs,linear_sparse,60,0.5833333333333334,1.0,0.744762042999801
vtfs,linear_sparse,61,0.6666666666666666,0.8,0.6778431332127883
vtfs,linear_sparse,62,0.6666666666666666,0.8,0.688691837377709
vtfs,linear_sparse,63,0.75,0.6,0.8597626958484945
vtfs,linear_sparse,64,0.6666666666666666,0.8,0.757703401069823
vtfs,linear_sparse,65,0.6666666666666666,0.8,0.6582804254623019
vtfs,linear_sparse,66,0.75,0.6,0.8161711741482407
vtfs,linear_sparse,67,0.75,0.6,0.7218427515195689
vtfs,linear_sparse,68,0.75,0.6,0.7985746407159924
vtfs,linear_sparse,69,0.6666666666666666,0.8,0.750161385710912
vtfs,linear_sparse,70,0.75,0.6,0.9004115344357373
vtfs,linear_sparse,71,0.8333333333333334,0.4,0.7748101243340411
vtfs,linear_sparse,72,0.5833333333333334,1.0,0.6436586094036806
vtfs,linear_sparse,73,0.6666666666666666,0.8,0.7666277503779174
vtfs,linear_sparse,74,0.6666666666666666,0.8,0.6376842119195896
vtfs,linear_sparse,75,0.6666666666666666,0.8,0.7615619784657195
vtfs,linear_sparse,76,0.5833333333333334,1.0,0.6173999651633028
vtfs,linear_sparse,77,0.6666666666666666,0.8,0.6553408654029759
vtfs,linear_sparse,78,0.75,0.6,0.8230876807265282
vtfs,linear_sparse,79,0.6666666666666666,0.8,0.6740273256975617
vtfs,linear_sparse,80,0.6666666666666666,0.8,0.6367846913117385
vtfs,linear_sparse,81,0.75,0.6,0.8150529941236113
vtfs,linear_sparse,82,0.5833333333333334,1.0,0.6457582571424457
vtfs,linear_sparse,83,0.75,0.6,0.7567617444815168
vtfs,linear_sparse,84,0.5833333333333334,1.0,0.6292869159771457
vtfs,linear_sparse,85,0.6666666666666666,0.8,0.6768226827988858
vtfs,linear_sparse,86,0.6666666666666666,0.8,0.6950653634559142
vtfs,linear_sparse,87,0.8333333333333334,0.4,0.8657704248352036
vtfs,linear_sparse,88,0.75,0.6,0.7887890899374614
vtfs,linear_sparse,89,0.8333333333333334,0.4,0.7234438048164159
vtfs,linear_sparse,90,0.6666666666666666,0.8,0.7443619440843712
vtfs,linear_sparse,91,0.6666666666666666,0.8,0.727088950913825
vtfs,linear_sparse,92,0.6666666666666666,0.8,0.6667386148732802
vtfs,linear_sparse,93,0.5833333333333334,1.0,0.5710709106178622
vtfs,linear_sparse,94,0.6666666666666666,0.8,0.72882783841714
vtfs,linear_sparse,95,0.5833333333333334,1.0,0.6412970948572293
vtfs,linear_sparse,96,0.6666666666666666,0.8,0.6528830522929464
vtfs,linear_sparse,97,0.5833333333333334,1.0,0.5969541554723171
vtfs,linear_sparse,98,0.75,0.6,0.7802614780870836
vtfs,linear_sparse,99,0.6666666666666666,0.8,0.7161718205990215
vtfs,linear_medium,0,0.5,0.6,1.1510310572589244
vtfs,linear_medium,1,0.5,0.6,1.1277045805947499
vtfs,linear_medium,2,0.6666666666666666,0.4,1.1549768757528396
vtfs,linear_medium,3,0.5,0.6,1.2601880321158885
vtfs,linear_medium,4,0.3333333333333333,0.8,1.1578096638039768
vtfs,linear_medium,5,0.5,0.6,1.1291948954015119
vtfs,linear_medium,6,0.3333333333333333,0.8,1.1453600069631071
vtfs,linear_medium,7,0.5833333333333334,0.5,1.128363989610738
vtfs,linear_medium,8,0.4166666666666667,0.7,1.1370698326522617
vtfs,linear_medium,9,0.4166666666666667,0.7,1.080611166609946
vtfs,linear_medium,10,0.75,0.3,1.2125588793564535
vtfs,linear_medium,11,0.5,0.6,1.1393058272887104
vtfs,linear_medium,12,0.5833333333333334,0.5,1.1675318000630586
vtfs,linear_medium,13,0.4166666666666667,0.7,1.0562263896425348
vtfs,linear_medium,14,0.4166666666666667,0.7,1.13080765992724
vtfs,linear_medium,15,0.5,0.6,1.0959930217378056
vtfs,linear_medium,16,0.5833333333333334,0.5,1.220235945751799
vtfs,linear_medium,17,0.5,0.6,1.1815342547873349
vtfs,linear_medium,18,0.5833333333333334,0.5,1.1478703531165397
vtfs,linear_medium,19,0.5,0.6,1.1048160738635306
vtfs,linear_medium,20,0.3333333333333333,0.8,1.2060533538305662
vtfs,linear_medium,21,0.5,0.6,1.1658233903518853
vtfs,linear_medium,22,0.4166666666666667,0.7,1.0876637277101218
vtfs,linear_medium,23,0.5833333333333334,0.5,1.1201345057272412
vtfs,linear_medium,24,0.5,0.6,1.0401567114028885
vtfs,linear_medium,25,0.6666666666666666,0.4,1.2440513820163424
vtfs,linear_medium,26,0.5833333333333334,0.5,1.1210701661581006
vtfs,linear_medium,27,0.5,0.6,1.115992005045083
vtfs,linear_medium,28,0.75,0.3,1.1571632488436436
vtfs,linear_medium,29,0.6666666666666666,0.4,1.1978362942551335
vtfs,linear_medium,30,0.9166666666666666,0.1,1.3743420080975597
vtfs,linear_medium,31,0.5833333333333334,0.5,1.2068724179819572
vtfs,linear_medium,32,0.5833333333333334,0.5,1.1370271606537383
vtfs,linear_medium,33,0.3333333333333333,0.8,1.1263410831695253
vtfs,linear_medium,34,0.5833333333333334,0.5,1.1660115003246552
vtfs,linear_medium,35,0.3333333333333333,0.8,1.082219968865556
vtfs,linear_medium,36,0.5833333333333334,0.5,1.226343945738255
vtfs,linear_medium,37,0.5,0.6,1.1371459846217389
vtfs,linear_medium,38,0.6666666666666666,0.4,1.1669201608636686
vtfs,linear_medium,39,0.5833333333333334,0.5,1.1292773945118038
vtfs,linear_medium,40,0.4166666666666667,0.7,1.0853366573867609
vtfs,linear_medium,41,0.5833333333333334,0.5,1.2261247123770382
vtfs,linear_medium,42,0.4166666666666667,0.7,1.0854111081890865
vtfs,linear_medium,43,0.5833333333333334,0.5,1.1256892014239006
vtfs,linear_medium,44,0.5,0.6,1.0399231352373273
vtfs,linear_medium,45,0.3333333333333333,0.8,1.150631048447169
vtfs,linear_medium,46,0.4166666666666667,0.7,1.2002570774632342
vtfs,linear_medium,47,0.4166666666666667,0.7,1.1169013804151182
vtfs,linear_medium,48,0.5,0.6,1.1818604878264416
vtfs,linear_medium,49,0.5833333333333334,0.5,1.1401433550038849
vtfs,linear_medium,50,0.5833333333333334,0.5,1.1242959785511644
vtfs,linear_medium,51,0.4166666666666667,0.7,1.0684995606153525
vtfs,linear_medium,52,0.5833333333333334,0.5,1.1894980593229847
vtfs,linear_medium,53,0.5,0.6,1.152084417338763
vtfs,linear_medium,54,0.5,0.6,1.0770562655023048
vtfs,linear_medium,55,0.5,0.6,1.18484364459884
vtfs,linear_medium,56,0.6666666666666666,0.4,1.2064319337803708
vtfs,linear_medium,57,0.5,0.6,1.1705300838443011
vtfs,linear_medium,58,0.5,0.6,1.1580523858402736
vtfs,linear_medium,59,0.5,0.6,1.2040698034276467
vtfs,linear_medium,60,0.5833333333333334,0.5,1.1054071190372625
vtfs,linear_medium,61,0.5,0.6,1.170246688673684
vtfs,linear_medium,62,0.5833333333333334,0.5,1.2284312337423906
vtfs,linear_medium,63,0.5833333333333334,0.5,1.1394568491889423
vtfs,linear_medium,64,0.3333333333333333,0.8,1.1423452307490047
vtfs,linear_medium,65,0.4166666666666667,0.7,1.0798970303996651
vtfs,linear_medium,66,0.6666666666666666,0.4,1.2291586223844577
vtfs,linear_medium,67,0.6666666666666666,0.4,1.2550541693637005
vtfs,linear_medium,68,0.5833333333333334,0.5,1.11867898262624
vtfs,linear_medium,69,0.5,0.6,1.1373578729131293
vtfs,linear_medium,70,0.6666666666666666,0.4,1.2883767444717413
vtfs,linear_medium,71,0.4166666666666667,0.7,1.0525102531323087
vtfs,linear_medium,72,0.5,0.6,1.281920347137094
vtfs,linear_medium,73,0.6666666666666666,0.4,1.1655702453660934
vtfs,linear_medium,74,0.5,0.6,1.1133767592053665
vtfs,linear_medium,75,0.6666666666666666,0.4,1.233071947786832
vtfs,linear_medium,76,0.5833333333333334,0.5,1.2014461538473602
vtfs,linear_medium,77,0.4166666666666667,0.7,1.086445056486991
vtfs,linear_medium,78,0.5,0.6,1.1691106525904718
vtfs,linear_medium,79,0.25,0.9,1.1837366366722084
vtfs,linear_medium,80,0.4166666666666667,0.7,1.1019790756812948
vtfs,linear_medium,81,0.6666666666666666,0.4,1.262917726957339
vtfs,linear_medium,82,0.5833333333333334,0.5,1.2232860596448818
vtfs,linear_medium,83,0.5,0.6,1.0937879519231841
vtfs,linear_medium,84,0.3333333333333333,0.8,1.1437613660393873
vtfs,linear_medium,85,0.5833333333333334,0.5,1.2342424351905554
vtfs,linear_medium,86,0.6666666666666666,0.4,1.1781850257289717
vtfs,linear_medium,87,0.5833333333333334,0.5,1.089692535520679
vtfs,linear_medium,88,0.5833333333333334,0.5,1.11283237261944
vtfs,linear_medium,89,0.6666666666666666,0.4,1.2091729466054324
vtfs,linear_medium,90,0.5833333333333334,0.5,1.1173715949284113
vtfs,linear_medium,91,0.5,0.6,1.0950831928272515
vtfs,linear_medium,92,0.6666666666666666,0.4,1.1855004697020541
vtfs,linear_medium,93,0.5833333333333334,0.5,1.2186608545256874
vtfs,linear_medium,94,0.5833333333333334,0.5,1.177022326317722
vtfs,linear_medium,95,0.5833333333333334,0.5,1.0882629637614076
vtfs,linear_medium,96,0.6666666666666666,0.4,1.1329987016291911
vtfs,linear_medium,97,0.6666666666666666,0.4,1.2344504674849412
vtfs,linear_medium,98,0.5833333333333334,0.5,1.15523854000155
vtfs,linear_medium,99,0.4166666666666667,0.7,1.1092871761613465
vtfs,linear_weak,0,0.4166666666666667,0.7,2.002136605787822
vtfs,linear_weak,1,0.5833333333333334,0.5,1.9607618825268085
vtfs,linear_weak,2,0.4166666666666667,0.7,1.9014083699527375
vtfs,linear_weak,3,0.3333333333333333,0.8,1.8764422971458414
vtfs,linear_weak,4,0.5,0.6,1.9536762850487397
vtfs,linear_weak,5,0.5833333333333334,0.5,1.9015461399301492
vtfs,linear_weak,6,0.5833333333333334,0.5,1.9719354572565582
vtfs,linear_weak,7,0.4166666666666667,0.7,1.9618237859849368
vtfs,linear_weak,8,0.6666666666666666,0.4,1.9544119476773254
vtfs,linear_weak,9,0.5833333333333334,0.5,1.8200923172638779
vtfs,linear_weak,10,0.5833333333333334,0.5,1.9241496012507542
vtfs,linear_weak,11,0.3333333333333333,0.8,1.8350012310668908
vtfs,linear_weak,12,0.5833333333333334,0.5,1.808733339706161
vtfs,linear_weak,13,0.4166666666666667,0.7,1.9021056781566543
vtfs,linear_weak,14,0.6666666666666666,0.4,1.9049100315156426
vtfs,linear_weak,15,0.5,0.6,1.7277870681535898
vtfs,linear_weak,16,0.5833333333333334,0.5,1.9836145598492771
vtfs,linear_weak,17,0.4166666666666667,0.7,2.0020969311970953
vtfs,linear_weak,18,0.5,0.6,1.9754384118776724
vtfs,linear_weak,19,0.4166666666666667,0.7,1.9629674076379378
vtfs,linear_weak,20,0.5,0.6,1.8804730157705984
vtfs,linear_weak,21,0.5833333333333334,0.5,1.9507459110850767
vtfs,linear_weak,22,0.4166666666666667,0.7,1.9086847442843227
vtfs,linear_weak,23,0.5833333333333334,0.5,1.8576042152526542
vtfs,linear_weak,24,0.6666666666666666,0.4,1.8744593915035945
vtfs,linear_weak,25,0.5,0.6,1.8450141515689054
vtfs,linear_weak,26,0.5,0.6,1.8308315921692722
vtfs,linear_weak,27,0.6666666666666666,0.4,2.085021529222578
vtfs,linear_weak,28,0.5833333333333334,0.5,1.8914105107859651
vtfs,linear_weak,29,0.5833333333333334,0.5,1.9297494159987774
vtfs,linear_weak,30,0.3333333333333333,0.8,1.91255130395634
vtfs,linear_weak,31,0.6666666666666666,0.4,1.9810160277378577
vtfs,linear_weak,32,0.5833333333333334,0.5,1.931953446234154
vtfs,linear_weak,33,0.5,0.6,1.8489869924923474
vtfs,linear_weak,34,0.5833333333333334,0.5,1.8661453529974688
vtfs,linear_weak,35,0.5833333333333334,0.5,1.91315971740687
vtfs,linear_weak,36,0.5833333333333334,0.5,2.045966600643934
vtfs,linear_weak,37,0.5833333333333334,0.5,2.0550998453995564
vtfs,linear_weak,38,0.5,0.6,1.9899866582229015
vtfs,linear_weak,39,0.5833333333333334,0.5,1.9676128434713265
vtfs,linear_weak,40,0.5,0.6,1.9582589284218113
vtfs,linear_weak,41,0.5833333333333334,0.5,1.96827063866941
vtfs,linear_weak,42,0.5833333333333334,0.5,2.015826614340434
vtfs,linear_weak,43,0.5,0.6,1.9837305891823787
vtfs,linear_weak,44,0.5833333333333334,0.5,2.1268058111009
vtfs,linear_weak,45,0.5,0.6,2.0443476160530016
vtfs,linear_weak,46,0.75,0.3,1.980060385862021
vtfs,linear_weak,47,0.5833333333333334,0.5,1.9282227710526643
vtfs,linear_weak,48,0.5833333333333334,0.5,1.8613203355463985
vtfs,linear_weak,49,0.6666666666666666,0.4,1.9584519325641392
vtfs,linear_weak,50,0.5833333333333334,0.5,2.0066878518855487
vtfs,linear_weak,51,0.4166666666666667,0.7,1.823550425122376
vtfs,linear_weak,52,0.4166666666666667,0.7,1.816022278228812
vtfs,linear_weak,53,0.5833333333333334,0.5,2.0099482872916674
vtfs,linear_weak,54,0.6666666666666666,0.4,1.912622904885936
vtfs,linear_weak,55,0.5833333333333334,0.5,1.9483352155007745
vtfs,linear_weak,56,0.5833333333333334,0.5,1.985918678797758
vtfs,linear_weak,57,0.5833333333333334,0.5,1.940096852758951
vtfs,linear_weak,58,0.5833333333333334,0.5,1.754314839932293
vtfs,linear_weak,59,0.3333333333333333,0.8,1.9364636622378242
vtfs,linear_weak,60,0.5833333333333334,0.5,1.8362227401573874
vtfs,linear_weak,61,0.5833333333333334,0.5,2.0230517327351105
vtfs,linear_weak,62,0.8333333333333334,0.2,1.9979277466259147
vtfs,linear_weak,63,0.75,0.3,2.0420076241883316
vtfs,linear_weak,64,0.5,0.6,1.9923126827583393
vtfs,linear_weak,65,0.5,0.6,1.9637940851305271
vtfs,linear_weak,66,0.5833333333333334,0.5,2.024251652678351
vtfs,linear_weak,67,0.6666666666666666,0.4,2.019272029009781
vtfs,linear_weak,68,0.4166666666666667,0.7,1.8298788672544517
vtfs,linear_weak,69,0.3333333333333333,0.8,1.90905557724019
vtfs,linear_weak,70,0.6666666666666666,0.4,1.9971234098122825
vtfs,linear_weak,71,0.5833333333333334,0.5,1.9971148761166533
vtfs,linear_weak,72,0.5,0.6,1.8666082316801096
vtfs,linear_weak,73,0.5833333333333334,0.5,1.9526156833720492
vtfs,linear_weak,74,0.4166666666666667,0.7,2.044873729742116
vtfs,linear_weak,75,0.5,0.6,2.0239981719604443
vtfs,linear_weak,76,0.5,0.6,1.8393672679377064
vtfs,linear_weak,77,0.5833333333333334,0.5,1.843224089301182
vtfs,linear_weak,78,0.5,0.6,1.9764407810673148
vtfs,linear_weak,79,0.5833333333333334,0.5,1.8869763769162442
vtfs,linear_weak,80,0.5833333333333334,0.5,1.93369972423216
vtfs,linear_weak,81,0.5833333333333334,0.5,1.9911873845202392
vtfs,linear_weak,82,0.5,0.6,1.8925193168553767
vtfs,linear_weak,83,0.5,0.6,1.9451967938734274
vtfs,linear_weak,84,0.3333333333333333,0.8,1.8953039495610633
vtfs,linear_weak,85,0.6666666666666666,0.4,1.8873203984360682
vtfs,linear_weak,86,0.5,0.6,1.9349732587941937
vtfs,linear_weak,87,0.5,0.6,2.0010095927993974
vtfs,linear_weak,88,0.4166666666666667,0.7,1.8786634746813342
vtfs,linear_weak,89,0.5,0.6,1.9238504703101778
vtfs,linear_weak,90,0.6666666666666666,0.4,1.8783953892625087
vtfs,linear_weak,91,0.5,0.6,1.9603613608632102
vtfs,linear_weak,92,0.5,0.6,1.9676685720732598
vtfs,linear_weak,93,0.5,0.6,1.829951658444225
vtfs,linear_weak,94,0.6666666666666666,0.4,1.9754555821968647
vtfs,linear_weak,95,0.4166666666666667,0.7,1.9196437937821493
vtfs,linear_weak,96,0.5833333333333334,0.5,1.8642365333039512
vtfs,linear_weak,97,0.5,0.6,1.859377995286476
vtfs,linear_weak,98,0.5833333333333334,0.5,1.9964628152742128
vtfs,linear_weak,99,0.5,0.6,1.9338046147720274
vtfs,linear_dense,0,0.3333333333333333,0.5333333333333333,1.2354605494044073
vtfs,linear_dense,1,0.4166666666666667,0.4666666666666667,1.2442597566815432
vtfs,linear_dense,2,0.4166666666666667,0.4666666666666667,1.1548098346449975
vtfs,linear_dense,3,0.5,0.4,1.2396708366768132
vtfs,linear_dense,4,0.5,0.4,1.1396847067577727
vtfs,linear_dense,5,0.3333333333333333,0.5333333333333333,1.0834344003920675
vtfs,linear_dense,6,0.16666666666666666,0.6666666666666666,1.0640116812984748
vtfs,linear_dense,7,0.5833333333333334,0.3333333333333333,1.1416627400506585
vtfs,linear_dense,8,0.3333333333333333,0.5333333333333333,1.101615939487985
vtfs,linear_dense,9,0.25,0.6,1.065680967783539
vtfs,linear_dense,10,0.5833333333333334,0.3333333333333333,1.1707710185308888
vtfs,linear_dense,11,0.4166666666666667,0.4666666666666667,1.1360733375695902
vtfs,linear_dense,12,0.6666666666666666,0.26666666666666666,1.213913793315167
vtfs,linear_dense,13,0.4166666666666667,0.4666666666666667,1.1738829895441263
vtfs,linear_dense,14,0.25,0.6,1.089941093573227
vtfs,linear_dense,15,0.4166666666666667,0.4666666666666667,1.1229551035766625
vtfs,linear_dense,16,0.16666666666666666,0.6666666666666666,1.0744035779211338
vtfs,linear_dense,17,0.5,0.4,1.2375562499207888
vtfs,linear_dense,18,0.5,0.4,1.1009325337164706
vtfs,linear_dense,19,0.25,0.6,1.1283089833011632
vtfs,linear_dense,20,0.5833333333333334,0.3333333333333333,1.1599251035911058
vtfs,linear_dense,21,0.5,0.4,1.1248529257771145
vtfs,linear_dense,22,0.4166666666666667,0.4666666666666667,1.2534148028685934
vtfs,linear_dense,23,0.3333333333333333,0.5333333333333333,1.207737524476673
vtfs,linear_dense,24,0.3333333333333333,0.5333333333333333,1.2416236394039835
vtfs,linear_dense,25,0.3333333333333333,0.5333333333333333,1.0341352162432178
vtfs,linear_dense,26,0.5833333333333334,0.3333333333333333,1.2119126736617505
vtfs,linear_dense,27,0.25,0.6,1.3033152109729016
vtfs,linear_dense,28,0.5,0.4,1.1740179804146946
vtfs,linear_dense,29,0.5,0.4,1.1165374280115756
vtfs,linear_dense,30,0.25,0.6,1.1499025606922917
vtfs,linear_dense,31,0.4166666666666667,0.4666666666666667,1.1024107692951026
vtfs,linear_dense,32,0.5,0.4,1.1526964074518289
vtfs,linear_dense,33,0.4166666666666667,0.4666666666666667,1.1373131651069421
vtfs,linear_dense,34,0.5,0.4,1.2253250026172846
vtfs,linear_dense,35,0.4166666666666667,0.4666666666666667,1.2324927427497279
vtfs,linear_dense,36,0.4166666666666667,0.4666666666666667,1.0844448461430793
vtfs,linear_dense,37,0.5833333333333334,0.3333333333333333,1.2307493407750003
vtfs,linear_dense,38,0.3333333333333333,0.5333333333333333,1.143071173466587
vtfs,linear_dense,39,0.25,0.6,1.0649608362338105
vtfs,linear_dense,40,0.4166666666666667,0.4666666666666667,1.1127627679638954
vtfs,linear_dense,41,0.3333333333333333,0.5333333333333333,1.0812439389714803
vtfs,linear_dense,42,0.4166666666666667,0.4666666666666667,1.174309799240706
vtfs,linear_dense,43,0.5833333333333334,0.3333333333333333,1.2600314758939433
vtfs,linear_dense,44,0.4166666666666667,0.4666666666666667,1.1904785695034437
vtfs,linear_dense,45,0.4166666666666667,0.4666666666666667,1.156184741469735
vtfs,linear_dense,46,0.3333333333333333,0.5333333333333333,1.2043414445775404
vtfs,linear_dense,47,0.4166666666666667,0.4666666666666667,1.1177658055089947
vtfs,linear_dense,48,0.5,0.4,1.089713610908594
vtfs,linear_dense,49,0.25,0.6,1.1361872870140695
vtfs,linear_dense,50,0.5,0.4,1.1285064711726225
vtfs,linear_dense,51,0.3333333333333333,0.5333333333333333,1.1390108216167842
vtfs,linear_dense,52,0.16666666666666666,0.6666666666666666,1.0859007984489621
vtfs,linear_dense,53,0.25,0.6,1.1952073205566387
vtfs,linear_dense,54,0.3333333333333333,0.5333333333333333,1.0919254486741892
vtfs,linear_dense,55,0.3333333333333333,0.5333333333333333,1.117144144463475
vtfs,linear_dense,56,0.3333333333333333,0.5333333333333333,1.103005430612009
vtfs,linear_dense,57,0.6666666666666666,0.26666666666666666,1.3214532583114817
vtfs,linear_dense,58,0.3333333333333333,0.5333333333333333,1.124987705324922
vtfs,linear_dense,59,0.4166666666666667,0.4666666666666667,1.1658517733352438
vtfs,linear_dense,60,0.5833333333333334,0.3333333333333333,1.237512315648012
vtfs,linear_dense,61,0.25,0.6,1.1442880285133998
vtfs,linear_dense,62,0.25,0.6,1.17208480719815
vtfs,linear_dense,63,0.4166666666666667,0.4666666666666667,1.219324202689695
vtfs,linear_dense,64,0.25,0.6,1.1268654921101655
vtfs,linear_dense,65,0.5,0.4,1.2787668543715918
vtfs,linear_dense,66,0.4166666666666667,0.4666666666666667,1.1342117549866522
vtfs,linear_dense,67,0.4166666666666667,0.4666666666666667,1.2566982208586883
vtfs,linear_dense,68,0.4166666666666667,0.4666666666666667,1.1300929944568276
vtfs,linear_dense,69,0.4166666666666667,0.4666666666666667,1.095872680458613
vtfs,linear_dense,70,0.3333333333333333,0.5333333333333333,1.2052096224219657
vtfs,linear_dense,71,0.25,0.6,1.1229893488188836
vtfs,linear_dense,72,0.3333333333333333,0.5333333333333333,1.308276355601512
vtfs,linear_dense,73,0.5833333333333334,0.3333333333333333,1.1298935734182476
vtfs,linear_dense,74,0.25,0.6,1.2021801862118175
vtfs,linear_dense,75,0.3333333333333333,0.5333333333333333,1.0754787698807633
vtfs,linear_dense,76,0.5833333333333334,0.3333333333333333,1.1950262481430427
vtfs,linear_dense,77,0.4166666666666667,0.4666666666666667,1.166135607653957
vtfs,linear_dense,78,0.4166666666666667,0.4666666666666667,1.1214905727457694
vtfs,linear_dense,79,0.3333333333333333,0.5333333333333333,1.187639494042621
vtfs,linear_dense,80,0.25,0.6,1.1300819544607252
vtfs,linear_dense,81,0.5833333333333334,0.3333333333333333,1.1913031044103228
vtfs,linear_dense,82,0.3333333333333333,0.5333333333333333,1.133719111076173
vtfs,linear_dense,83,0.4166666666666667,0.4666666666666667,1.122369966319604
vtfs,linear_dense,84,0.3333333333333333,0.5333333333333333,1.2808637589088772
vtfs,linear_dense,85,0.4166666666666667,0.4666666666666667,1.2656806690181928
vtfs,linear_dense,86,0.4166666666666667,0.4666666666666667,1.2436762259750769
vtfs,linear_dense,87,0.4166666666666667,0.4666666666666667,1.231177007296455
vtfs,linear_dense,88,0.3333333333333333,0.5333333333333333,1.121285831259499
vtfs,linear_dense,89,0.3333333333333333,0.5333333333333333,1.1186794523090733
vtfs,linear_dense,90,0.3333333333333333,0.5333333333333333,1.1627307026868248
vtfs,linear_dense,91,0.25,0.6,1.0533482035514088
vtfs,linear_dense,92,0.3333333333333333,0.5333333333333333,1.172147961925737
vtfs,linear_dense,93,0.4166666666666667,0.4666666666666667,1.2360989916099516
vtfs,linear_dense,94,0.4166666666666667,0.4666666666666667,1.2345514481130142
vtfs,linear_dense,95,0.3333333333333333,0.5333333333333333,1.0760856714020544
vtfs,linear_dense,96,0.25,0.6,1.155799501216535
vtfs,linear_dense,97,0.4166666666666667,0.4666666666666667,1.2763493363476794
vtfs,linear_dense,98,0.4166666666666667,0.4666666666666667,1.1126602003595707
vtfs,linear_dense,99,0.5,0.4,1.2525881220312791
vtfs,nonlinear,0,0.6666666666666666,0.4,1.2877325694317938
vtfs,nonlinear,1,0.5833333333333334,0.5,1.1849038723007368
vtfs,nonlinear,2,0.4166666666666667,0.7,1.235758274975388
vtfs,nonlinear,3,0.5,0.6,1.183242167590128
vtfs,nonlinear,4,0.5833333333333334,0.5,1.1275547225838451
vtfs,nonlinear,5,0.5,0.6,1.6215755874410478
vtfs,nonlinear,6,0.5833333333333334,0.5,1.214309577531373
vtfs,nonlinear,7,0.5,0.6,1.1508147619323519
vtfs,nonlinear,8,0.4166666666666667,0.7,1.1783994336524573
vtfs,nonlinear,9,0.5,0.6,1.2023347055718372
vtfs,nonlinear,10,0.4166666666666667,0.7,1.1241224336407885
vtfs,nonlinear,11,0.4166666666666667,0.7,1.1114704451455533
vtfs,nonlinear,12,0.5833333333333334,0.5,1.202363998692058
vtfs,nonlinear,13,0.4166666666666667,0.7,1.3232543943021804
vtfs,nonlinear,14,0.25,0.9,1.1065716709865052
vtfs,nonlinear,15,0.5,0.6,1.2486937932950843
vtfs,nonlinear,16,0.5833333333333334,0.5,1.3086307166464801
vtfs,nonlinear,17,0.3333333333333333,0.8,1.255861508389732
vtfs,nonlinear,18,0.5833333333333334,0.5,1.2398209307342047
vtfs,nonlinear,19,0.4166666666666667,0.7,1.1842412087593839
vtfs,nonlinear,20,0.4166666666666667,0.7,1.1604768975259574
vtfs,nonlinear,21,0.5833333333333334,0.5,1.2422508224957869
vtfs,nonlinear,22,0.5833333333333334,0.5,1.1358153246249973
vtfs,nonlinear,23,0.5,0.6,1.2505630656432571
vtfs,nonlinear,24,0.4166666666666667,0.7,1.1285982200616231
vtfs,nonlinear,25,0.5,0.6,1.2662337721498664
vtfs,nonlinear,26,0.5,0.6,1.2373858623416156
vtfs,nonlinear,27,0.5,0.6,1.2343113636804994
vtfs,nonlinear,28,0.6666666666666666,0.4,1.1121874212193383
vtfs,nonlinear,29,0.5833333333333334,0.5,1.3181455555623596
vtfs,nonlinear,30,0.5,0.6,1.1512518746184621
vtfs,nonlinear,31,0.5,0.6,1.2540227622148352
vtfs,nonlinear,32,0.5,0.6,1.2371588314695048
vtfs,nonlinear,33,0.5,0.6,1.2022105061348143
vtfs,nonlinear,34,0.5833333333333334,0.5,1.2120907509906476
vtfs,nonlinear,35,0.5,0.6,1.3271646440590332
vtfs,nonlinear,36,0.5833333333333334,0.5,1.0976046846907184
vtfs,nonlinear,37,0.5833333333333334,0.5,1.504273246245725
vtfs,nonlinear,38,0.4166666666666667,0.7,1.4308181635965318
vtfs,nonlinear,39,0.5,0.6,1.1259884433167229
vtfs,nonlinear,40,0.6666666666666666,0.4,1.21390347281886
vtfs,nonlinear,41,0.5833333333333334,0.5,1.160729976816201
vtfs,nonlinear,42,0.5,0.6,1.15824786841174
vtfs,nonlinear,43,0.5,0.6,1.223943914530059
vtfs,nonlinear,44,0.5833333333333334,0.5,1.333745513206746
vtfs,nonlinear,45,0.5833333333333334,0.5,1.138431444628685
vtfs,nonlinear,46,0.5,0.6,1.1207064242677551
vtfs,nonlinear,47,0.4166666666666667,0.7,1.0986941753413195
vtfs,nonlinear,48,0.4166666666666667,0.7,1.1673338739435624
vtfs,nonlinear,49,0.5833333333333334,0.5,1.3802437156591372
vtfs,nonlinear,50,0.5,0.6,1.0555946949663741
vtfs,nonlinear,51,0.5,0.6,1.3002896002471234
vtfs,nonlinear,52,0.5,0.6,1.1325661626349843
vtfs,nonlinear,53,0.5,0.6,1.3804686631920835
vtfs,nonlinear,54,0.4166666666666667,0.7,1.7493343274661255
vtfs,nonlinear,55,0.3333333333333333,0.8,1.1993813011074912
vtfs,nonlinear,56,0.4166666666666667,0.7,1.2940007402945386
vtfs,nonlinear,57,0.5833333333333334,0.5,1.1625053170703117
vtfs,nonlinear,58,0.5833333333333334,0.5,1.1905698954306663
vtfs,nonlinear,59,0.6666666666666666,0.4,1.245979872905153
vtfs,nonlinear,60,0.6666666666666666,0.4,1.1046197142116503
vtfs,nonlinear,61,0.5,0.6,1.171873014306302
vtfs,nonlinear,62,0.5,0.6,1.230404655623361
vtfs,nonlinear,63,0.5833333333333334,0.5,1.0709058118478396
vtfs,nonlinear,64,0.5,0.6,1.1736281949299492
vtfs,nonlinear,65,0.5,0.6,1.2268578623320066
vtfs,nonlinear,66,0.5,0.6,1.2515742022623424
vtfs,nonlinear,67,0.6666666666666666,0.4,1.2958481510950681
vtfs,nonlinear,68,0.5,0.6,1.1043117166529346
vtfs,nonlinear,69,0.5833333333333334,0.5,1.2819624158565752
vtfs,nonlinear,70,0.5,0.6,1.1895645154395877
vtfs,nonlinear,71,0.5,0.6,1.2401251267961133
vtfs,nonlinear,72,0.3333333333333333,0.8,1.1406305734541287
vtfs,nonlinear,73,0.6666666666666666,0.4,1.2340485309525984
vtfs,nonlinear,74,0.5,0.6,1.2205875020377306
vtfs,nonlinear,75,0.6666666666666666,0.4,1.2660953420471572
vtfs,nonlinear,76,0.6666666666666666,0.4,1.2138650649022593
vtfs,nonlinear,77,0.5,0.6,1.281180554140692
vtfs,nonlinear,78,0.5833333333333334,0.5,1.1143057612146043
vtfs,nonlinear,79,0.5,0.6,1.176865787892371
vtfs,nonlinear,80,0.5,0.6,1.1438424130995497
vtfs,nonlinear,81,0.5833333333333334,0.5,1.2001662217665832
vtfs,nonlinear,82,0.4166666666666667,0.7,1.1394012865151248
vtfs,nonlinear,83,0.4166666666666667,0.7,1.2896046370099117
vtfs,nonlinear,84,0.5,0.6,1.1787133479983576
vtfs,nonlinear,85,0.5833333333333334,0.5,1.1529433018754611
vtfs,nonlinear,86,0.5,0.6,1.0888682106016534
vtfs,nonlinear,87,0.5,0.6,1.1339305257273726
vtfs,nonlinear,88,0.5,0.6,1.3822564526388255
vtfs,nonlinear,89,0.6666666666666666,0.4,1.2104693836622027
vtfs,nonlinear,90,0.5,0.6,1.4324449142779223
vtfs,nonlinear,91,0.4166666666666667,0.7,1.1352906518313461
vtfs,nonlinear,92,0.5833333333333334,0.5,1.2166227825231837
vtfs,nonlinear,93,0.3333333333333333,0.8,1.0993452539989481
vtfs,nonlinear,94,0.4166666666666667,0.7,1.3084238890485136
vtfs,nonlinear,95,0.4166666666666667,0.7,1.1511877577925507
vtfs,nonlinear,96,0.5,0.6,1.152816466951595
vtfs,nonlinear,97,0.5833333333333334,0.5,1.187006129894113
vtfs,nonlinear,98,0.5,0.6,1.5419818489824744
vtfs,nonlinear,99,0.4166666666666667,0.7,1.3801353293374115
vtfs,nonlinear_panel,0,0.5833333333333334,0.5,1.1922095009465816
vtfs,nonlinear_panel,1,0.4166666666666667,0.7,1.1273950208137908
vtfs,nonlinear_panel,2,0.4166666666666667,0.7,1.1736944937980098
vtfs,nonlinear_panel,3,0.4166666666666667,0.7,1.2259986128079061
vtfs,nonlinear_panel,4,0.4166666666666667,0.7,1.1706959617630948
vtfs,nonlinear_panel,5,0.75,0.3,1.2626741654766942
vtfs,nonlinear_panel,6,0.5833333333333334,0.5,1.351512154323064
vtfs,nonlinear_panel,7,0.5,0.6,1.2326167837418915
vtfs,nonlinear_panel,8,0.5,0.6,1.5433075610533604
vtfs,nonlinear_panel,9,0.5,0.6,1.1775718597773182
vtfs,nonlinear_panel,10,0.6666666666666666,0.4,1.3473411333396685
vtfs,nonlinear_panel,11,0.5,0.6,1.1944648431938731
vtfs,nonlinear_panel,12,0.5833333333333334,0.5,1.0947354417586788
vtfs,nonlinear_panel,13,0.6666666666666666,0.4,1.2625879961897382
vtfs,nonlinear_panel,14,0.6666666666666666,0.4,1.3261054788676314
vtfs,nonlinear_panel,15,0.4166666666666667,0.7,1.1269284204452539
vtfs,nonlinear_panel,16,0.3333333333333333,0.8,1.1928666020940477
vtfs,nonlinear_panel,17,0.4166666666666667,0.7,1.1768087273393428
vtfs,nonlinear_panel,18,0.5833333333333334,0.5,1.1604414448034972
vtfs,nonlinear_panel,19,0.5,0.6,1.1651301486138066
vtfs,nonlinear_panel,20,0.4166666666666667,0.7,1.2493171818889395
vtfs,nonlinear_panel,21,0.5833333333333334,0.5,1.2513910007490092
vtfs,nonlinear_panel,22,0.3333333333333333,0.8,1.5682653021241506
vtfs,nonlinear_panel,23,0.5,0.6,1.1298751958604312
vtfs,nonlinear_panel,24,0.5,0.6,1.1382087776575338
vtfs,nonlinear_panel,25,0.5833333333333334,0.5,1.3781795236774308
vtfs,nonlinear_panel,26,0.5833333333333334,0.5,1.284930755998584
vtfs,nonlinear_panel,27,0.5833333333333334,0.5,1.3504701278540083
vtfs,nonlinear_panel,28,0.5833333333333334,0.5,1.0768322180034384
vtfs,nonlinear_panel,29,0.5833333333333334,0.5,1.138658932589908
vtfs,nonlinear_panel,30,0.5,0.6,1.4492497314018102
vtfs,nonlinear_panel,31,0.5833333333333334,0.5,1.0749886552744927
vtfs,nonlinear_panel,32,0.5833333333333334,0.5,1.1366880743064596
vtfs,nonlinear_panel,33,0.5,0.6,1.2198315411313883
vtfs,nonlinear_panel,34,0.5833333333333334,0.5,1.0724433826567445
vtfs,nonlinear_panel,35,0.5,0.6,1.080226949194405
vtfs,nonlinear_panel,36,0.5,0.6,1.1568615845307548
vtfs,nonlinear_panel,37,0.4166666666666667,0.7,1.0146395784155189
vtfs,nonlinear_panel,38,0.5,0.6,1.2216648145674063
vtfs,nonlinear_panel,39,0.4166666666666667,0.7,1.2310444083122236
vtfs,nonlinear_panel,40,0.5833333333333334,0.5,1.286358055365793
vtfs,nonlinear_panel,41,0.3333333333333333,0.8,1.1272838469107664
vtfs,nonlinear_panel,42,0.5,0.6,1.148062293302095
vtfs,nonlinear_panel,43,0.5,0.6,1.0939042170788742
vtfs,nonlinear_panel,44,0.6666666666666666,0.4,1.2653227355502286
vtfs,nonlinear_panel,45,0.3333333333333333,0.8,1.11017448830969
vtfs,nonlinear_panel,46,0.5833333333333334,0.5,1.2097681659755488
vtfs,nonlinear_panel,47,0.5,0.6,1.2039803851752005
vtfs,nonlinear_panel,48,0.6666666666666666,0.4,1.1596828592235726
vtfs,nonlinear_panel,49,0.3333333333333333,0.8,1.1136812554224926
vtfs,nonlinear_panel,50,0.5833333333333334,0.5,1.1094053019878105
vtfs,nonlinear_panel,51,0.5,0.6,1.0577961793102906
vtfs,nonlinear_panel,52,0.5,0.6,1.4011918015802114
vtfs,nonlinear_panel,53,0.5833333333333334,0.5,1.1365538256427636
vtfs,nonlinear_panel,54,0.5833333333333334,0.5,1.182035952370512
vtfs,nonlinear_panel,55,0.5833333333333334,0.5,1.2396597566353051
vtfs,nonlinear_panel,56,0.5,0.6,1.3751239795116934
vtfs,nonlinear_panel,57,0.5833333333333334,0.5,1.0524263668038882
vtfs,nonlinear_panel,58,0.5,0.6,1.1896819538820766
vtfs,nonlinear_panel,59,0.4166666666666667,0.7,1.0598852781170125
vtfs,nonlinear_panel,60,0.5833333333333334,0.5,1.2682994586580276
vtfs,nonlinear_panel,61,0.4166666666666667,0.7,1.1154885223269833
vtfs,nonlinear_panel,62,0.5833333333333334,0.5,1.155049738768248
vtfs,nonlinear_panel,63,0.5,0.6,1.2511531303688055
vtfs,nonlinear_panel,64,0.5833333333333334,0.5,1.0720624839307014
vtfs,nonlinear_panel,65,0.6666666666666666,0.4,1.0912007445998244
vtfs,nonlinear_panel,66,0.6666666666666666,0.4,1.414308886439454
vtfs,nonlinear_panel,67,0.6666666666666666,0.4,1.236854878888748
vtfs,nonlinear_panel,68,0.4166666666666667,0.7,1.117966778462374
vtfs,nonlinear_panel,69,0.6666666666666666,0.4,1.2331249026378726
vtfs,nonlinear_panel,70,0.4166666666666667,0.7,1.0939675238838642
vtfs,nonlinear_panel,71,0.4166666666666667,0.7,1.094782544974584
vtfs,nonlinear_panel,72,0.4166666666666667,0.7,1.2586615863340687
vtfs,nonlinear_panel,73,0.5833333333333334,0.5,1.2749017878660807
vtfs,nonlinear_panel,74,0.4166666666666667,0.7,1.159006912213954
vtfs,nonlinear_panel,75,0.6666666666666666,0.4,1.2493461232514829
vtfs,nonlinear_panel,76,0.5833333333333334,0.5,1.1662993834244735
vtfs,nonlinear_panel,77,0.5833333333333334,0.5,1.0999634062559098
vtfs,nonlinear_panel,78,0.5,0.6,1.2525180039896613
vtfs,nonlinear_panel,79,0.5,0.6,1.2407533592207587
vtfs,nonlinear_panel,80,0.5833333333333334,0.5,1.1303917061305613
vtfs,nonlinear_panel,81,0.5833333333333334,0.5,1.385950899853715
vtfs,nonlinear_panel,82,0.5833333333333334,0.5,1.1524641630415244
vtfs,nonlinear_panel,83,0.4166666666666667,0.7,1.1280883774583945
vtfs,nonlinear_panel,84,0.5833333333333334,0.5,1.1197085202079913
vtfs,nonlinear_panel,85,0.6666666666666666,0.4,1.117219052149231
vtfs,nonlinear_panel,86,0.6666666666666666,0.4,1.2691929364901426
vtfs,nonlinear_panel,87,0.5,0.6,1.073059664111801
vtfs,nonlinear_panel,88,0.75,0.3,1.2349406496652495
vtfs,nonlinear_panel,89,0.4166666666666667,0.7,1.0166275000268905
vtfs,nonlinear_panel,90,0.6666666666666666,0.4,1.293938039300163
vtfs,nonlinear_panel,91,0.5833333333333334,0.5,1.1269753160792204
vtfs,nonlinear_panel,92,0.4166666666666667,0.7,1.0900539652926626
vtfs,nonlinear_panel,93,0.4166666666666667,0.7,1.232042918422473
vtfs,nonlinear_panel,94,0.6666666666666666,0.4,1.303163950916288
vtfs,nonlinear_panel,95,0.4166666666666667,0.7,1.1331776606672368
vtfs,nonlinear_panel,96,0.4166666666666667,0.7,1.223787950742799
vtfs,nonlinear_panel,97,0.5,0.6,1.277968202514837
vtfs,nonlinear_panel,98,0.5,0.6,1.1724696072165857
vtfs,nonlinear_panel,99,0.5,0.6,1.1219700707582263
dl_jacobian,linear_sparse,0,0.5833333333333334,1.0,0.6357874461524715
dl_jacobian,linear_sparse,1,0.5833333333333334,1.0,0.6308647707404045
dl_jacobian,linear_sparse,2,0.5833333333333334,1.0,0.6441818038572759
dl_jacobian,linear_sparse,3,0.5833333333333334,1.0,0.5867309576197204
dl_jacobian,linear_sparse,4,0.5833333333333334,1.0,0.613543754524986
dl_jacobian,linear_sparse,5,0.5833333333333334,1.0,0.6718475711082252
dl_jacobian,linear_sparse,6,0.5833333333333334,1.0,0.6069274245166133
dl_jacobian,linear_sparse,7,0.5833333333333334,1.0,0.663704723918973
dl_jacobian,linear_sparse,8,0.5833333333333334,1.0,0.6122441709276576
dl_jacobian,linear_sparse,9,0.5833333333333334,1.0,0.6587056823573714
dl_jacobian,linear_sparse,10,0.5833333333333334,1.0,0.6606776491584372
dl_jacobian,linear_sparse,11,0.5833333333333334,1.0,0.570891102412416
dl_jacobian,linear_sparse,12,0.5833333333333334,1.0,0.6589039530144924
dl_jacobian,linear_sparse,13,0.5833333333333334,1.0,0.6486750288517882
dl_jacobian,linear_sparse,14,0.5833333333333334,1.0,0.6505780107540936
dl_jacobian,linear_sparse,15,0.5833333333333334,1.0,0.650523759702556
dl_jacobian,linear_sparse,16,0.5833333333333334,1.0,0.6326495133418728
dl_jacobian,linear_sparse,17,0.5833333333333334,1.0,0.6542586577686085
dl_jacobian,linear_sparse,18,0.5833333333333334,1.0,0.6133736800233659
dl_jacobian,linear_sparse,19,0.5833333333333334,1.0,0.5794431405639173
dl_jacobian,linear_sparse,20,0.5833333333333334,1.0,0.5994265026864568
dl_jacobian,linear_sparse,21,0.5833333333333334,1.0,0.6053827937162785
dl_jacobian,linear_sparse,22,0.5833333333333334,1.0,0.6157456258372848
dl_jacobian,linear_sparse,23,0.5833333333333334,1.0,0.6493933105965486
dl_jacobian,linear_sparse,24,0.5833333333333334,1.0,0.6261854465911938
dl_jacobian,linear_sparse,25,0.5833333333333334,1.0,0.6652465461954412
dl_jacobian,linear_sparse,26,0.5833333333333334,1.0,0.6247877545278023
dl_jacobian,linear_sparse,27,0.5833333333333334,1.0,0.6981322074119094
dl_jacobian,linear_sparse,28,0.5833333333333334,1.0,0.6223807537769274
dl_jacobian,linear_sparse,29,0.5833333333333334,1.0,0.6682959352663077
dl_jacobian,linear_sparse,30,0.5833333333333334,1.0,0.6693834597327242
dl_jacobian,linear_sparse,31,0.5833333333333334,1.0,0.652705767218234
dl_jacobian,linear_sparse,32,0.5833333333333334,1.0,0.6662191526817902
dl_jacobian,linear_sparse,33,0.5833333333333334,1.0,0.6138624659370928
dl_jacobian,linear_sparse,34,0.5833333333333334,1.0,0.6764581191442104
dl_jacobian,linear_sparse,35,0.5833333333333334,1.0,0.5898063094687794
dl_jacobian,linear_sparse,36,0.5833333333333334,1.0,0.6609838001199241
dl_jacobian,linear_sparse,37,0.5833333333333334,1.0,0.5838952610193838
dl_jacobian,linear_sparse,38,0.5833333333333334,1.0,0.6409398580266171
dl_jacobian,linear_sparse,39,0.5833333333333334,1.0,0.7105214060078053
dl_jacobian,linear_sparse,40,0.5833333333333334,1.0,0.6430814814402974
dl_jacobian,linear_sparse,41,0.5833333333333334,1.0,0.6648125728316675
dl_jacobian,linear_sparse,42,0.5833333333333334,1.0,0.6297036000543768
dl_jacobian,linear_sparse,43,0.5833333333333334,1.0,0.6465248981149551
dl_jacobian,linear_sparse,44,0.5833333333333334,1.0,0.6280964292509149
dl_jacobian,linear_sparse,45,0.5833333333333334,1.0,0.6519012012695327
dl_jacobian,linear_sparse,46,0.5833333333333334,1.0,0.6102917075672849
dl_jacobian,linear_sparse,47,0.5833333333333334,1.0,0.6024637243471899
dl_jacobian,linear_sparse,48,0.5833333333333334,1.0,0.6108270142454687
dl_jacobian,linear_sparse,49,0.5833333333333334,1.0,0.6155985693796513
dl_jacobian,linear_sparse,50,0.5833333333333334,1.0,0.6436925019806123
dl_jacobian,linear_sparse,51,0.5833333333333334,1.0,0.6431688670217224
dl_jacobian,linear_sparse,52,0.5833333333333334,1.0,0.5921156243252923
dl_jacobian,linear_sparse,53,0.5833333333333334,1.0,0.626020227515446
dl_jacobian,linear_sparse,54,0.5833333333333334,1.0,0.6836169959795984
dl_jacobian,linear_sparse,55,0.5833333333333334,1.0,0.6738370494920504
dl_jacobian,linear_sparse,56,0.5833333333333334,1.0,0.6447719883347093
dl_jacobian,linear_sparse,57,0.5833333333333334,1.0,0.592869359111143
dl_jacobian,linear_sparse,58,0.5833333333333334,1.0,0.624567911197555
dl_jacobian,linear_sparse,59,0.5833333333333334,1.0,0.6411133972012709
dl_jacobian,linear_sparse,60,0.5833333333333334,1.0,0.7481736610139905
dl_jacobian,linear_sparse,61,0.5833333333333334,1.0,0.6315291217261946
dl_jacobian,linear_sparse,62,0.5833333333333334,1.0,0.6300730993971599
dl_jacobian,linear_sparse,63,0.5833333333333334,1.0,0.7200717475726642
dl_jacobian,linear_sparse,64,0.5833333333333334,1.0,0.6746707417539396
dl_jacobian,linear_sparse,65,0.5833333333333334,1.0,0.6045367936095777
dl_jacobian,linear_sparse,66,0.5833333333333334,1.0,0.6398628031327033
dl_jacobian,linear_sparse,67,0.5833333333333334,1.0,0.6429291052560818
dl_jacobian,linear_sparse,68,0.5833333333333334,1.0,0.6410418931133671
dl_jacobian,linear_sparse,69,0.5833333333333334,1.0,0.665797319131828
dl_jacobian,linear_sparse,70,0.5833333333333334,1.0,0.7106785814893776
dl_jacobian,linear_sparse,71,0.5833333333333334,1.0,0.6441644841133218
dl_jacobian,linear_sparse,72,0.5833333333333334,1.0,0.647508107404128
dl_jacobian,linear_sparse,73,0.5833333333333334,1.0,0.6664233887998189
dl_jacobian,linear_sparse,74,0.5833333333333334,1.0,0.6006970700346584
dl_jacobian,linear_sparse,75,0.5833333333333334,1.0,0.6023778959868307
dl_jacobian,linear_sparse,76,0.5833333333333334,1.0,0.6168348779680288
dl_jacobian,linear_sparse,77,0.5833333333333334,1.0,0.6136200343251835
dl_jacobian,linear_sparse,78,0.5833333333333334,1.0,0.6575507452322307
dl_jacobian,linear_sparse,79,0.5833333333333334,1.0,0.6269645167642145
dl_jacobian,linear_sparse,80,0.5833333333333334,1.0,0.5993068863636037
dl_jacobian,linear_sparse,81,0.5833333333333334,1.0,0.6596370033089439
dl_jacobian,linear_sparse,82,0.5833333333333334,1.0,0.6353568210093324
dl_jacobian,linear_sparse,83,0.5833333333333334,1.0,0.6244705239549543
dl_jacobian,linear_sparse,84,0.5833333333333334,1.0,0.6265599662971127
dl_jacobian,linear_sparse,85,0.5833333333333334,1.0,0.6401592440222722
dl_jacobian,linear_sparse,86,0.5833333333333334,1.0,0.615821754849224
dl_jacobian,linear_sparse,87,0.5833333333333334,1.0,0.6817671781951329
dl_jacobian,linear_sparse,88,0.5833333333333334,1.0,0.6600284133053785
dl_jacobian,linear_sparse,89,0.5833333333333334,1.0,0.6000895448942989
dl_jacobian,linear_sparse,90,0.5833333333333334,1.0,0.642935155976135
dl_jacobian,linear_sparse,91,0.5833333333333334,1.0,0.6580174190380244
dl_jacobian,linear_sparse,92,0.5833333333333334,1.0,0.6060186964792568
dl_jacobian,linear_sparse,93,0.5833333333333334,1.0,0.5872702397001114
dl_jacobian,linear_sparse,94,0.5833333333333334,1.0,0.6048431916012387
dl_jacobian,linear_sparse,95,0.5833333333333334,1.0,0.6398295972771665
dl_jacobian,linear_sparse,96,0.5833333333333334,1.0,0.619542864775701
dl_jacobian,linear_sparse,97,0.5833333333333334,1.0,0.6008737524157389
dl_jacobian,linear_sparse,98,0.5833333333333334,1.0,0.5955789659999978
dl_jacobian,linear_sparse,99,0.5833333333333334,1.0,0.6368092758766394
dl_jacobian,linear_medium,0,0.16666666666666666,1.0,1.1034953879745684
dl_jacobian,linear_medium,1,0.16666666666666666,1.0,1.05785248802172
dl_jacobian,linear_medium,2,0.16666666666666666,1.0,1.0492376560868069
dl_jacobian,linear_medium,3,0.16666666666666666,1.0,1.1254921637842903
dl_jacobian,linear_medium,4,0.16666666666666666,1.0,1.1182558105748095
dl_jacobian,linear_medium,5,0.16666666666666666,1.0,1.091066446632313
dl_jacobian,linear_medium,6,0.16666666666666666,1.0,1.0994787726988473
dl_jacobian,linear_medium,7,0.16666666666666666,1.0,1.066017086142793
dl_jacobian,linear_medium,8,0.16666666666666666,1.0,1.0962590785184345
dl_jacobian,linear_medium,9,0.16666666666666666,1.0,1.0320316591658583
dl_jacobian,linear_medium,10,0.16666666666666666,1.0,1.0855672305204227
dl_jacobian,linear_medium,11,0.16666666666666666,1.0,1.0497064797285283
dl_jacobian,linear_medium,12,0.16666666666666666,1.0,1.0442379200823062
dl_jacobian,linear_medium,13,0.16666666666666666,1.0,1.0164933713544115
dl_jacobian,linear_medium,14,0.16666666666666666,1.0,1.048937145175799
dl_jacobian,linear_medium,15,0.16666666666666666,1.0,1.0234770146816716
dl_jacobian,linear_medium,16,0.16666666666666666,1.0,1.136051420526059
dl_jacobian,linear_medium,17,0.16666666666666666,1.0,1.0722226507829118
dl_jacobian,linear_medium,18,0.16666666666666666,1.0,1.0679490406186902
dl_jacobian,linear_medium,19,0.16666666666666666,1.0,1.0416345136081555
dl_jacobian,linear_medium,20,0.16666666666666666,1.0,1.1466899959161792
dl_jacobian,linear_medium,21,0.16666666666666666,1.0,1.067166398222232
dl_jacobian,linear_medium,22,0.16666666666666666,1.0,1.0535790651002794
dl_jacobian,linear_medium,23,0.16666666666666666,1.0,1.0538625241681323
dl_jacobian,linear_medium,24,0.16666666666666666,1.0,1.0041470466712048
dl_jacobian,linear_medium,25,0.16666666666666666,1.0,1.1349642072992254
dl_jacobian,linear_medium,26,0.16666666666666666,1.0,1.032654981059636
dl_jacobian,linear_medium,27,0.16666666666666666,1.0,1.00461138976319
dl_jacobian,linear_medium,28,0.16666666666666666,1.0,1.0174936010352411
dl_jacobian,linear_medium,29,0.16666666666666666,1.0,1.0455250674460657
dl_jacobian,linear_medium,30,0.16666666666666666,1.0,1.1045329715313315
dl_jacobian,linear_medium,31,0.16666666666666666,1.0,1.1091450603881061
dl_jacobian,linear_medium,32,0.16666666666666666,1.0,1.0723163832172766
dl_jacobian,linear_medium,33,0.16666666666666666,1.0,1.0579095202625055
dl_jacobian,linear_medium,34,0.16666666666666666,1.0,1.0553899488577085
dl_jacobian,linear_medium,35,0.16666666666666666,1.0,1.0720701114008386
dl_jacobian,linear_medium,36,0.16666666666666666,1.0,1.0742652142365547
dl_jacobian,linear_medium,37,0.16666666666666666,1.0,1.0767790520263651
dl_jacobian,linear_medium,38,0.16666666666666666,1.0,1.0729387506647583
dl_jacobian,linear_medium,39,0.16666666666666666,1.0,1.0248764131870998
dl_jacobian,linear_medium,40,0.16666666666666666,1.0,1.0631583132973605
dl_jacobian,linear_medium,41,0.16666666666666666,1.0,1.0812188059603027
dl_jacobian,linear_medium,42,0.16666666666666666,1.0,1.039146388527587
dl_jacobian,linear_medium,43,0.16666666666666666,1.0,1.022044538944924
dl_jacobian,linear_medium,44,0.16666666666666666,1.0,0.9605492341235964
dl_jacobian,linear_medium,45,0.16666666666666666,1.0,1.1055107463894585
dl_jacobian,linear_medium,46,0.16666666666666666,1.0,1.140113725344524
dl_jacobian,linear_medium,47,0.16666666666666666,1.0,1.0725544130445368
dl_jacobian,linear_medium,48,0.16666666666666666,1.0,1.1395918404901717
dl_jacobian,linear_medium,49,0.16666666666666666,1.0,1.0337064197955317
dl_jacobian,linear_medium,50,0.16666666666666666,1.0,1.0388310437758375
dl_jacobian,linear_medium,51,0.16666666666666666,1.0,1.0667561361387248
dl_jacobian,linear_medium,52,0.16666666666666666,1.0,1.1157232010852007
dl_jacobian,linear_medium,53,0.16666666666666666,1.0,1.092631727314304
dl_jacobian,linear_medium,54,0.16666666666666666,1.0,1.034843293920306
dl_jacobian,linear_medium,55,0.16666666666666666,1.0,1.0972607174145816
dl_jacobian,linear_medium,56,0.16666666666666666,1.0,1.0887479072766968
dl_jacobian,linear_medium,57,0.16666666666666666,1.0,1.1116416781459075
dl_jacobian,linear_medium,58,0.16666666666666666,1.0,1.0672153756199567
dl_jacobian,linear_medium,59,0.16666666666666666,1.0,1.061277165110526
dl_jacobian,linear_medium,60,0.16666666666666666,1.0,1.036900380568569
dl_jacobian,linear_medium,61,0.16666666666666666,1.0,1.0714473820227692
dl_jacobian,linear_medium,62,0.16666666666666666,1.0,1.0852594189760212
dl_jacobian,linear_medium,63,0.16666666666666666,1.0,1.0866149678915
dl_jacobian,linear_medium,64,0.16666666666666666,1.0,1.1326442986218848
dl_jacobian,linear_medium,65,0.16666666666666666,1.0,1.0559178206205084
dl_jacobian,linear_medium,66,0.16666666666666666,1.0,1.109115034549625
dl_jacobian,linear_medium,67,0.16666666666666666,1.0,1.1253178215623791
dl_jacobian,linear_medium,68,0.16666666666666666,1.0,1.0693325260046078
dl_jacobian,linear_medium,69,0.16666666666666666,1.0,1.0713072102657613
dl_jacobian,linear_medium,70,0.16666666666666666,1.0,1.098103347415422
dl_jacobian,linear_medium,71,0.16666666666666666,1.0,0.9946646853920753
dl_jacobian,linear_medium,72,0.16666666666666666,1.0,1.1727854528664912
dl_jacobian,linear_medium,73,0.16666666666666666,1.0,1.0737336560224082
dl_jacobian,linear_medium,74,0.16666666666666666,1.0,1.0353065040535607
dl_jacobian,linear_medium,75,0.16666666666666666,1.0,1.1229730166561915
dl_jacobian,linear_medium,76,0.16666666666666666,1.0,1.0960891194919935
dl_jacobian,linear_medium,77,0.16666666666666666,1.0,1.0758372166074115
dl_jacobian,linear_medium,78,0.16666666666666666,1.0,1.0910009162156555
dl_jacobian,linear_medium,79,0.16666666666666666,1.0,1.1452935399343747
dl_jacobian,linear_medium,80,0.16666666666666666,1.0,1.0558109693666726
dl_jacobian,linear_medium,81,0.16666666666666666,1.0,1.1242420213741218
dl_jacobian,linear_medium,82,0.16666666666666666,1.0,1.0942197823360358
dl_jacobian,linear_medium,83,0.16666666666666666,1.0,1.0429931345580776
dl_jacobian,linear_medium,84,0.16666666666666666,1.0,1.0998965651730443
dl_jacobian,linear_medium,85,0.16666666666666666,1.0,1.1503164372249637
dl_jacobian,linear_medium,86,0.16666666666666666,1.0,1.0711634289756968
dl_jacobian,linear_medium,87,0.16666666666666666,1.0,1.0458499642843617
dl_jacobian,linear_medium,88,0.16666666666666666,1.0,1.0419159352421403
dl_jacobian,linear_medium,89,0.16666666666666666,1.0,1.1294141608850223
dl_jacobian,linear_medium,90,0.16666666666666666,1.0,1.0224062088954315
dl_jacobian,linear_medium,91,0.16666666666666666,1.0,1.0216955628451698
dl_jacobian,linear_medium,92,0.16666666666666666,1.0,1.1206189984792767
dl_jacobian,linear_medium,93,0.16666666666666666,1.0,1.038533627981427
dl_jacobian,linear_medium,94,0.16666666666666666,1.0,1.019598261966658
dl_jacobian,linear_medium,95,0.16666666666666666,1.0,1.0397306873047374
dl_jacobian,linear_medium,96,0.16666666666666666,1.0,1.0174070839722458
dl_jacobian,linear_medium,97,0.16666666666666666,1.0,1.093261909711364
dl_jacobian,linear_medium,98,0.16666666666666666,1.0,1.0517941086560434
dl_jacobian,linear_medium,99,0.16666666666666666,1.0,1.0746184495695978
dl_jacobian,linear_weak,0,0.16666666666666666,1.0,1.946385030077107
dl_jacobian,linear_weak,1,0.16666666666666666,1.0,1.9134492768164042
dl_jacobian,linear_weak,2,0.16666666666666666,1.0,1.8765855917605994
dl_jacobian,linear_weak,3,0.16666666666666666,1.0,1.8774043824269926
dl_jacobian,linear_weak,4,0.3333333333333333,0.8,1.9268134305505658
dl_jacobian,linear_weak,5,0.25,0.9,1.7982075337909569
dl_jacobian,linear_weak,6,0.16666666666666666,1.0,1.9515306460596908
dl_jacobian,linear_weak,7,0.4166666666666667,0.7,1.996700972346282
dl_jacobian,linear_weak,8,0.16666666666666666,1.0,1.9139355651370682
dl_jacobian,linear_weak,9,0.25,0.9,1.8024368101838726
dl_jacobian,linear_weak,10,0.16666666666666666,1.0,1.8851335336956205
dl_jacobian,linear_weak,11,0.16666666666666666,1.0,1.7935233057742028
dl_jacobian,linear_weak,12,0.16666666666666666,1.0,1.7707026178611147
dl_jacobian,linear_weak,13,0.16666666666666666,1.0,1.840235486829895
dl_jacobian,linear_weak,14,0.16666666666666666,1.0,1.8424951013849975
dl_jacobian,linear_weak,15,0.16666666666666666,1.0,1.6985318836733179
dl_jacobian,linear_weak,16,0.16666666666666666,1.0,1.9232224978321741
dl_jacobian,linear_weak,17,0.16666666666666666,1.0,1.9269480778877992
dl_jacobian,linear_weak,18,0.25,0.9,1.9895532833250913
dl_jacobian,linear_weak,19,0.16666666666666666,1.0,1.906413612124233
dl_jacobian,linear_weak,20,0.25,0.9,1.852022406675831
dl_jacobian,linear_weak,21,0.4166666666666667,0.7,1.9378184789630257
dl_jacobian,linear_weak,22,0.16666666666666666,1.0,1.90250075622027
dl_jacobian,linear_weak,23,0.16666666666666666,1.0,1.826570295090747
dl_jacobian,linear_weak,24,0.3333333333333333,0.8,1.8366792734897481
dl_jacobian,linear_weak,25,0.16666666666666666,1.0,1.818279396360117
dl_jacobian,linear_weak,26,0.16666666666666666,1.0,1.809244341323028
dl_jacobian,linear_weak,27,0.16666666666666666,1.0,1.8721033630711514
dl_jacobian,linear_weak,28,0.25,0.9,1.8327917309741855
dl_jacobian,linear_weak,29,0.25,0.9,1.9146726102199028
dl_jacobian,linear_weak,30,0.16666666666666666,1.0,1.8989128991661326
dl_jacobian,linear_weak,31,0.16666666666666666,1.0,1.864246117281587
dl_jacobian,linear_weak,32,0.16666666666666666,1.0,1.8863348884298394
dl_jacobian,linear_weak,33,0.16666666666666666,1.0,1.7288777342066337
dl_jacobian,linear_weak,34,0.16666666666666666,1.0,1.8098070822215064
dl_jacobian,linear_weak,35,0.3333333333333333,0.8,1.8646995920077034
dl_jacobian,linear_weak,36,0.25,0.9,1.9203497089501391
dl_jacobian,linear_weak,37,0.25,0.9,2.015916084213695
dl_jacobian,linear_weak,38,0.16666666666666666,1.0,1.909162294025226
dl_jacobian,linear_weak,39,0.16666666666666666,1.0,1.8785202678827018
dl_jacobian,linear_weak,40,0.16666666666666666,1.0,1.8860816479190736
dl_jacobian,linear_weak,41,0.25,0.9,1.8981250091823727
dl_jacobian,linear_weak,42,0.16666666666666666,1.0,1.9544510870470218
dl_jacobian,linear_weak,43,0.16666666666666666,1.0,1.924990563675462
dl_jacobian,linear_weak,44,0.16666666666666666,1.0,2.062902581022302
dl_jacobian,linear_weak,45,0.16666666666666666,1.0,2.0445460673477216
dl_jacobian,linear_weak,46,0.3333333333333333,0.8,1.8875143438213506
dl_jacobian,linear_weak,47,0.16666666666666666,1.0,1.8342434006427246
dl_jacobian,linear_weak,48,0.25,0.9,1.814863472406223
dl_jacobian,linear_weak,49,0.25,0.9,1.939594133420055
dl_jacobian,linear_weak,50,0.3333333333333333,0.8,1.969188410582044
dl_jacobian,linear_weak,51,0.16666666666666666,1.0,1.8064918459069528
dl_jacobian,linear_weak,52,0.16666666666666666,1.0,1.8016209324714556
dl_jacobian,linear_weak,53,0.25,0.9,1.944630524711436
dl_jacobian,linear_weak,54,0.16666666666666666,1.0,1.8580489859287062
dl_jacobian,linear_weak,55,0.16666666666666666,1.0,1.8938988542325756
dl_jacobian,linear_weak,56,0.16666666666666666,1.0,1.8690691375101218
dl_jacobian,linear_weak,57,0.3333333333333333,0.8,1.9061362800273147
dl_jacobian,linear_weak,58,0.3333333333333333,0.8,1.7239505531868353
dl_jacobian,linear_weak,59,0.25,0.9,1.9501442748941353
dl_jacobian,linear_weak,60,0.25,0.9,1.7924964049902057
dl_jacobian,linear_weak,61,0.25,0.9,1.9594015054269962
dl_jacobian,linear_weak,62,0.25,0.9,1.9433782520125238
dl_jacobian,linear_weak,63,0.16666666666666666,1.0,1.9608751394706456
dl_jacobian,linear_weak,64,0.16666666666666666,1.0,1.9845160238151083
dl_jacobian,linear_weak,65,0.25,0.9,1.949988519772222
dl_jacobian,linear_weak,66,0.16666666666666666,1.0,1.9652592345684832
dl_jacobian,linear_weak,67,0.25,0.9,1.8921128506416056
dl_jacobian,linear_weak,68,0.16666666666666666,1.0,1.818580350127495
dl_jacobian,linear_weak,69,0.16666666666666666,1.0,1.8996206750335496
dl_jacobian,linear_weak,70,0.16666666666666666,1.0,1.8830111330250316
dl_jacobian,linear_weak,71,0.16666666666666666,1.0,1.9051489829227424
dl_jacobian,linear_weak,72,0.16666666666666666,1.0,1.8368060272994124
dl_jacobian,linear_weak,73,0.25,0.9,1.9306366528062637
dl_jacobian,linear_weak,74,0.16666666666666666,1.0,1.9478340338755895
dl_jacobian,linear_weak,75,0.16666666666666666,1.0,1.948883260619644
dl_jacobian,linear_weak,76,0.25,0.9,1.8591476988354714
dl_jacobian,linear_weak,77,0.25,0.9,1.8059330515822367
dl_jacobian,linear_weak,78,0.3333333333333333,0.8,1.9204573031354664
dl_jacobian,linear_weak,79,0.25,0.9,1.8181862935528232
dl_jacobian,linear_weak,80,0.16666666666666666,1.0,1.8805967816440041
dl_jacobian,linear_weak,81,0.16666666666666666,1.0,1.9557844191073512
dl_jacobian,linear_weak,82,0.25,0.9,1.835238466647011
dl_jacobian,linear_weak,83,0.16666666666666666,1.0,1.907372230669591
dl_jacobian,linear_weak,84,0.16666666666666666,1.0,1.8587934547992933
dl_jacobian,linear_weak,85,0.16666666666666666,1.0,1.860691208706693
dl_jacobian,linear_weak,86,0.3333333333333333,0.8,1.9122374039590107
dl_jacobian,linear_weak,87,0.25,0.9,1.9224689126220185
dl_jacobian,linear_weak,88,0.3333333333333333,0.8,1.919404476442594
dl_jacobian,linear_weak,89,0.16666666666666666,1.0,1.8057132538246927
dl_jacobian,linear_weak,90,0.16666666666666666,1.0,1.7604944804157308
dl_jacobian,linear_weak,91,0.16666666666666666,1.0,1.8665000724263487
dl_jacobian,linear_weak,92,0.25,0.9,1.9239389968410072
dl_jacobian,linear_weak,93,0.16666666666666666,1.0,1.7646459110774677
dl_jacobian,linear_weak,94,0.25,0.9,1.9321142319943283
dl_jacobian,linear_weak,95,0.25,0.9,1.9301847593964352
dl_jacobian,linear_weak,96,0.25,0.9,1.8676575636572474
dl_jacobian,linear_weak,97,0.25,0.9,1.7835304939237242
dl_jacobian,linear_weak,98,0.16666666666666666,1.0,1.8740631006712656
dl_jacobian,linear_weak,99,0.16666666666666666,1.0,1.8970208379010953
dl_jacobian,linear_dense,0,0.0,0.8,1.1561201421015452
dl_jacobian,linear_dense,1,0.0,0.8,1.234306024357009
dl_jacobian,linear_dense,2,0.0,0.8,1.1360740701991128
dl_jacobian,linear_dense,3,0.0,0.8,1.1681416632618828
dl_jacobian,linear_dense,4,0.0,0.8,1.0220695983990569
dl_jacobian,linear_dense,5,0.0,0.8,1.0646294589551253
dl_jacobian,linear_dense,6,0.0,0.8,1.059224382440788
dl_jacobian,linear_dense,7,0.0,0.8,1.1076678565376432
dl_jacobian,linear_dense,8,0.0,0.8,1.082573742334031
dl_jacobian,linear_dense,9,0.0,0.8,1.048383002484685
dl_jacobian,linear_dense,10,0.0,0.8,1.1236564632123696
dl_jacobian,linear_dense,11,0.0,0.8,1.0474446604437744
dl_jacobian,linear_dense,12,0.0,0.8,1.105981224633584
dl_jacobian,linear_dense,13,0.0,0.8,1.1341002724451927
dl_jacobian,linear_dense,14,0.0,0.8,1.0541375805353703
dl_jacobian,linear_dense,15,0.0,0.8,1.0643435751088186
dl_jacobian,linear_dense,16,0.0,0.8,1.0521009988264323
dl_jacobian,linear_dense,17,0.0,0.8,1.141818217446252
dl_jacobian,linear_dense,18,0.0,0.8,1.0302647245778411
dl_jacobian,linear_dense,19,0.0,0.8,1.097934051283975
dl_jacobian,linear_dense,20,0.0,0.8,1.047076833300471
dl_jacobian,linear_dense,21,0.0,0.8,1.0942393170485611
dl_jacobian,linear_dense,22,0.0,0.8,1.2146539312603277
dl_jacobian,linear_dense,23,0.0,0.8,1.1383681491051565
dl_jacobian,linear_dense,24,0.0,0.8,1.205326338454877
dl_jacobian,linear_dense,25,0.0,0.8,1.0111784939330606
dl_jacobian,linear_dense,26,0.0,0.8,1.1074638932933403
dl_jacobian,linear_dense,27,0.0,0.8,1.1410662939762963
dl_jacobian,linear_dense,28,0.0,0.8,1.0725864122067228
dl_jacobian,linear_dense,29,0.0,0.8,1.062811564410769
dl_jacobian,linear_dense,30,0.0,0.8,1.068795111964784
dl_jacobian,linear_dense,31,0.0,0.8,1.049889732092942
dl_jacobian,linear_dense,32,0.0,0.8,1.0720675495370515
dl_jacobian,linear_dense,33,0.0,0.8,1.0685985536443656
dl_jacobian,linear_dense,34,0.0,0.8,1.1559218093914991
dl_jacobian,linear_dense,35,0.0,0.8,1.1360491821529732
dl_jacobian,linear_dense,36,0.0,0.8,1.119130886710187
dl_jacobian,linear_dense,37,0.0,0.8,1.0814329747662685
dl_jacobian,linear_dense,38,0.0,0.8,1.1140077693937376
dl_jacobian,linear_dense,39,0.0,0.8,1.038322728250199
dl_jacobian,linear_dense,40,0.0,0.8,1.0758857385656004
dl_jacobian,linear_dense,41,0.0,0.8,1.0093643518897903
dl_jacobian,linear_dense,42,0.0,0.8,1.1007353217240738
dl_jacobian,linear_dense,43,0.0,0.8,1.1622025324480671
dl_jacobian,linear_dense,44,0.0,0.8,1.1274802892641556
dl_jacobian,linear_dense,45,0.0,0.8,1.085891461938239
dl_jacobian,linear_dense,46,0.0,0.8,1.1865934087791654
dl_jacobian,linear_dense,47,0.0,0.8,1.0501707321928757
dl_jacobian,linear_dense,48,0.0,0.8,1.0424122982632615
dl_jacobian,linear_dense,49,0.0,0.8,1.1102595365466494
dl_jacobian,linear_dense,50,0.0,0.8,1.0386474141886968
dl_jacobian,linear_dense,51,0.0,0.8,1.084418796575473
dl_jacobian,linear_dense,52,0.0,0.8,1.0663676472454122
dl_jacobian,linear_dense,53,0.0,0.8,1.126391284305976
dl_jacobian,linear_dense,54,0.0,0.8,1.048079527259663
dl_jacobian,linear_dense,55,0.0,0.8,1.0659680729740528
dl_jacobian,linear_dense,56,0.0,0.8,1.0464582849237527
dl_jacobian,linear_dense,57,0.0,0.8,1.1267985022118994
dl_jacobian,linear_dense,58,0.0,0.8,1.0948536697092506
dl_jacobian,linear_dense,59,0.0,0.8,1.1002704359865096
dl_jacobian,linear_dense,60,0.0,0.8,1.1356388515503588
dl_jacobian,linear_dense,61,0.0,0.8,1.0727130624803252
dl_jacobian,linear_dense,62,0.0,0.8,1.0974027754789057
dl_jacobian,linear_dense,63,0.0,0.8,1.1639633695880751
dl_jacobian,linear_dense,64,0.0,0.8,1.0911832495160105
dl_jacobian,linear_dense,65,0.0,0.8,1.1957772929726724
dl_jacobian,linear_dense,66,0.0,0.8,1.0837392292190526
dl_jacobian,linear_dense,67,0.0,0.8,1.1403797473866033
dl_jacobian,linear_dense,68,0.0,0.8,1.0626005046952633
dl_jacobian,linear_dense,69,0.0,0.8,1.0608486858730486
dl_jacobian,linear_dense,70,0.0,0.8,1.1001694162805555
dl_jacobian,linear_dense,71,0.0,0.8,1.0575467836408148
dl_jacobian,linear_dense,72,0.0,0.8,1.1198217319460078
dl_jacobian,linear_dense,73,0.0,0.8,1.0741402196899603
dl_jacobian,linear_dense,74,0.0,0.8,1.1630270725015701
dl_jacobian,linear_dense,75,0.0,0.8,1.0402686101095746
dl_jacobian,linear_dense,76,0.0,0.8,1.0951955260028787
dl_jacobian,linear_dense,77,0.0,0.8,1.0914318051173009
dl_jacobian,linear_dense,78,0.0,0.8,1.06753791737325
dl_jacobian,linear_dense,79,0.0,0.8,1.1219278162267738
dl_jacobian,linear_dense,80,0.0,0.8,1.0827707226358325
dl_jacobian,linear_dense,81,0.0,0.8,1.1357242446445652
dl_jacobian,linear_dense,82,0.0,0.8,1.0522926653350557
dl_jacobian,linear_dense,83,0.0,0.8,1.0588622745330603
dl_jacobian,linear_dense,84,0.0,0.8,1.0926910168662778
dl_jacobian,linear_dense,85,0.0,0.8,1.1431763904939902
dl_jacobian,linear_dense,86,0.0,0.8,1.1282020223159448
dl_jacobian,linear_dense,87,0.0,0.8,1.1750155573273189
dl_jacobian,linear_dense,88,0.0,0.8,1.1275687319634455
dl_jacobian,linear_dense,89,0.0,0.8,1.1071372218420878
dl_jacobian,linear_dense,90,0.0,0.8,1.1404136140898993
dl_jacobian,linear_dense,91,0.0,0.8,1.0116742065245647
dl_jacobian,linear_dense,92,0.0,0.8,1.1109512172442815
dl_jacobian,linear_dense,93,0.0,0.8,1.166199434379677
dl_jacobian,linear_dense,94,0.0,0.8,1.1646919179137067
dl_jacobian,linear_dense,95,0.0,0.8,0.995610444776634
dl_jacobian,linear_dense,96,0.0,0.8,1.0889674427720601
dl_jacobian,linear_dense,97,0.0,0.8,1.162392311940608
dl_jacobian,linear_dense,98,0.0,0.8,1.0586307488191684
dl_jacobian,linear_dense,99,0.0,0.8,1.095990915556791
dl_jacobian,nonlinear,0,0.25,0.9,1.2002630269365757
dl_jacobian,nonlinear,1,0.3333333333333333,0.8,1.1333505145636666
dl_jacobian,nonlinear,2,0.3333333333333333,0.8,1.133037049529483
dl_jacobian,nonlinear,3,0.25,0.9,1.13596955451511
dl_jacobian,nonlinear,4,0.4166666666666667,0.7,1.11144220686818
dl_jacobian,nonlinear,5,0.3333333333333333,0.8,1.4079004321738842
dl_jacobian,nonlinear,6,0.3333333333333333,0.8,1.1670957033271574
dl_jacobian,nonlinear,7,0.3333333333333333,0.8,1.1234594845073458
dl_jacobian,nonlinear,8,0.25,0.9,1.1513788826468734
dl_jacobian,nonlinear,9,0.25,0.9,1.158087732282979
dl_jacobian,nonlinear,10,0.25,0.9,1.104902793912271
dl_jacobian,nonlinear,11,0.25,0.9,1.0972558418948462
dl_jacobian,nonlinear,12,0.4166666666666667,0.7,1.1622956835155074
dl_jacobian,nonlinear,13,0.4166666666666667,0.7,1.2345408716943702
dl_jacobian,nonlinear,14,0.5,0.6,1.1839749301414233
dl_jacobian,nonlinear,15,0.25,0.9,1.1747264226990384
dl_jacobian,nonlinear,16,0.3333333333333333,0.8,1.2632223496464114
dl_jacobian,nonlinear,17,0.3333333333333333,0.8,1.2386099864715259
dl_jacobian,nonlinear,18,0.3333333333333333,0.8,1.1770342370173552
dl_jacobian,nonlinear,19,0.4166666666666667,0.7,1.1826922880995565
dl_jacobian,nonlinear,20,0.3333333333333333,0.8,1.130414976137767
dl_jacobian,nonlinear,21,0.4166666666666667,0.7,1.1387938813860208
dl_jacobian,nonlinear,22,0.3333333333333333,0.8,1.0682565128028605
dl_jacobian,nonlinear,23,0.25,0.9,1.2447316055645685
dl_jacobian,nonlinear,24,0.25,0.9,1.1049231604892094
dl_jacobian,nonlinear,25,0.25,0.9,1.1166461360359814
dl_jacobian,nonlinear,26,0.25,0.9,1.1792835278890892
dl_jacobian,nonlinear,27,0.3333333333333333,0.8,1.183543804360181
dl_jacobian,nonlinear,28,0.5,0.6,1.0553966350011084
dl_jacobian,nonlinear,29,0.3333333333333333,0.8,1.2421312251217396
dl_jacobian,nonlinear,30,0.3333333333333333,0.8,1.0982773420454677
dl_jacobian,nonlinear,31,0.25,0.9,1.1894113307641436
dl_jacobian,nonlinear,32,0.25,0.9,1.1732246855105937
dl_jacobian,nonlinear,33,0.25,0.9,1.1540958644723416
dl_jacobian,nonlinear,34,0.25,0.9,1.1632330784596407
dl_jacobian,nonlinear,35,0.3333333333333333,0.8,1.2933022946262995
dl_jacobian,nonlinear,36,0.3333333333333333,0.8,1.0522408113319566
dl_jacobian,nonlinear,37,0.5833333333333334,0.5,1.4905904886050978
dl_jacobian,nonlinear,38,0.25,0.9,1.420264841617542
dl_jacobian,nonlinear,39,0.3333333333333333,0.8,1.114771978542501
dl_jacobian,nonlinear,40,0.4166666666666667,0.7,1.1058093581820567
dl_jacobian,nonlinear,41,0.16666666666666666,1.0,1.0615354106825692
dl_jacobian,nonlinear,42,0.4166666666666667,0.7,1.1637746294549436
dl_jacobian,nonlinear,43,0.16666666666666666,1.0,1.1531987940115354
dl_jacobian,nonlinear,44,0.4166666666666667,0.7,1.248268092130928
dl_jacobian,nonlinear,45,0.5833333333333334,0.5,1.1805407748665186
dl_jacobian,nonlinear,46,0.4166666666666667,0.7,1.1288703813932055
dl_jacobian,nonlinear,47,0.3333333333333333,0.8,1.077350854630089
dl_jacobian,nonlinear,48,0.4166666666666667,0.7,1.1690578960930298
dl_jacobian,nonlinear,49,0.3333333333333333,0.8,1.2725369584647759
dl_jacobian,nonlinear,50,0.3333333333333333,0.8,1.0460831187503163
dl_jacobian,nonlinear,51,0.16666666666666666,1.0,1.2489842567688323
dl_jacobian,nonlinear,52,0.16666666666666666,1.0,1.0780895242347877
dl_jacobian,nonlinear,53,0.3333333333333333,0.8,1.1338300343359593
dl_jacobian,nonlinear,54,0.3333333333333333,0.8,1.6996542974601052
dl_jacobian,nonlinear,55,0.25,0.9,1.1883751574102008
dl_jacobian,nonlinear,56,0.25,0.9,1.300961733129197
dl_jacobian,nonlinear,57,0.25,0.9,1.1266917443333873
dl_jacobian,nonlinear,58,0.25,0.9,1.1173185471221383
dl_jacobian,nonlinear,59,0.4166666666666667,0.7,1.1616080734982595
dl_jacobian,nonlinear,60,0.3333333333333333,0.8,1.069893184369994
dl_jacobian,nonlinear,61,0.25,0.9,1.1322698619003135
dl_jacobian,nonlinear,62,0.3333333333333333,0.8,1.2030699292244815
dl_jacobian,nonlinear,63,0.4166666666666667,0.7,1.103167837504575
dl_jacobian,nonlinear,64,0.25,0.9,1.1574007581178754
dl_jacobian,nonlinear,65,0.16666666666666666,1.0,1.1810912368169646
dl_jacobian,nonlinear,66,0.3333333333333333,0.8,1.2466890700410487
dl_jacobian,nonlinear,67,0.16666666666666666,1.0,1.193233675965098
dl_jacobian,nonlinear,68,0.16666666666666666,1.0,1.034689362210029
dl_jacobian,nonlinear,69,0.25,0.9,1.1895488424935774
dl_jacobian,nonlinear,70,0.5,0.6,1.1694804173237732
dl_jacobian,nonlinear,71,0.3333333333333333,0.8,1.1769300232425133
dl_jacobian,nonlinear,72,0.3333333333333333,0.8,1.1565731842585976
dl_jacobian,nonlinear,73,0.3333333333333333,0.8,1.1983080427498152
dl_jacobian,nonlinear,74,0.25,0.9,1.1853510636564362
dl_jacobian,nonlinear,75,0.3333333333333333,0.8,1.2543207999147952
dl_jacobian,nonlinear,76,0.3333333333333333,0.8,1.1347786685010361
dl_jacobian,nonlinear,77,0.25,0.9,1.1835619813748872
dl_jacobian,nonlinear,78,0.3333333333333333,0.8,1.0292792267240634
dl_jacobian,nonlinear,79,0.3333333333333333,0.8,1.1380652620141798
dl_jacobian,nonlinear,80,0.25,0.9,1.1006188474131633
dl_jacobian,nonlinear,81,0.4166666666666667,0.7,1.1668283610860555
dl_jacobian,nonlinear,82,0.25,0.9,1.1104992333203876
dl_jacobian,nonlinear,83,0.25,0.9,1.231783897607265
dl_jacobian,nonlinear,84,0.3333333333333333,0.8,1.096177413511574
dl_jacobian,nonlinear,85,0.3333333333333333,0.8,1.1004102039670343
dl_jacobian,nonlinear,86,0.4166666666666667,0.7,1.1433782104954167
dl_jacobian,nonlinear,87,0.3333333333333333,0.8,1.1063697384955202
dl_jacobian,nonlinear,88,0.4166666666666667,0.7,1.2447019362216876
dl_jacobian,nonlinear,89,0.5,0.6,1.1759031288937747
dl_jacobian,nonlinear,90,0.3333333333333333,0.8,1.3970015138351715
dl_jacobian,nonlinear,91,0.25,0.9,1.152271823189214
dl_jacobian,nonlinear,92,0.3333333333333333,0.8,1.176395001855808
dl_jacobian,nonlinear,93,0.4166666666666667,0.7,1.0980919045820177
dl_jacobian,nonlinear,94,0.3333333333333333,0.8,1.2821081839574624
dl_jacobian,nonlinear,95,0.16666666666666666,1.0,1.1392977032024147
dl_jacobian,nonlinear,96,0.4166666666666667,0.7,1.1354488136740328
dl_jacobian,nonlinear,97,0.4166666666666667,0.7,1.1364272424070812
dl_jacobian,nonlinear,98,0.4166666666666667,0.7,1.536257378407805
dl_jacobian,nonlinear,99,0.4166666666666667,0.7,1.3548817837716494
dl_jacobian,nonlinear_panel,0,0.3333333333333333,0.8,1.1273220991864563
dl_jacobian,nonlinear_panel,1,0.25,0.9,1.1354866975204916
dl_jacobian,nonlinear_panel,2,0.4166666666666667,0.7,1.1749924013483524
dl_jacobian,nonlinear_panel,3,0.16666666666666666,1.0,1.23925609688203
dl_jacobian,nonlinear_panel,4,0.4166666666666667,0.7,1.1619247257891254
dl_jacobian,nonlinear_panel,5,0.25,0.9,1.1774734551452226
dl_jacobian,nonlinear_panel,6,0.3333333333333333,0.8,1.2506301399977147
dl_jacobian,nonlinear_panel,7,0.25,0.9,1.1502351301985965
dl_jacobian,nonlinear_panel,8,0.25,0.9,1.512320239539188
dl_jacobian,nonlinear_panel,9,0.25,0.9,1.1209894270737832
dl_jacobian,nonlinear_panel,10,0.16666666666666666,1.0,1.3070453541810076
dl_jacobian,nonlinear_panel,11,0.3333333333333333,0.8,1.0662489597487177
dl_jacobian,nonlinear_panel,12,0.3333333333333333,0.8,1.0583475432425653
dl_jacobian,nonlinear_panel,13,0.3333333333333333,0.8,1.227584626126536
dl_jacobian,nonlinear_panel,14,0.25,0.9,1.206565697062028
dl_jacobian,nonlinear_panel,15,0.4166666666666667,0.7,1.1215464927016363
dl_jacobian,nonlinear_panel,16,0.5833333333333334,0.5,1.166191420054034
dl_jacobian,nonlinear_panel,17,0.4166666666666667,0.7,1.1745598320428103
dl_jacobian,nonlinear_panel,18,0.4166666666666667,0.7,1.14524954207888
dl_jacobian,nonlinear_panel,19,0.25,0.9,1.156622485367132
dl_jacobian,nonlinear_panel,20,0.3333333333333333,0.8,1.2334907122419019
dl_jacobian,nonlinear_panel,21,0.25,0.9,1.1843749948104765
dl_jacobian,nonlinear_panel,22,0.3333333333333333,0.8,1.597939056617769
dl_jacobian,nonlinear_panel,23,0.25,0.9,1.0994608363373912
dl_jacobian,nonlinear_panel,24,0.25,0.9,1.079957783981511
dl_jacobian,nonlinear_panel,25,0.25,0.9,1.2495586767646858
dl_jacobian,nonlinear_panel,26,0.3333333333333333,0.8,1.1846720255080043
dl_jacobian,nonlinear_panel,27,0.3333333333333333,0.8,1.3294017640300082
dl_jacobian,nonlinear_panel,28,0.16666666666666666,1.0,1.0325416082176264
dl_jacobian,nonlinear_panel,29,0.3333333333333333,0.8,1.0979607620936076
dl_jacobian,nonlinear_panel,30,0.4166666666666667,0.7,1.3110401594119736
dl_jacobian,nonlinear_panel,31,0.25,0.9,1.0355153981071605
dl_jacobian,nonlinear_panel,32,0.4166666666666667,0.7,1.0261396254003894
dl_jacobian,nonlinear_panel,33,0.3333333333333333,0.8,1.1670550968975206
dl_jacobian,nonlinear_panel,34,0.25,0.9,1.0251237499454207
dl_jacobian,nonlinear_panel,35,0.25,0.9,1.049847335411718
dl_jacobian,nonlinear_panel,36,0.3333333333333333,0.8,1.1504673386219022
dl_jacobian,nonlinear_panel,37,0.4166666666666667,0.7,0.999071254682851
dl_jacobian,nonlinear_panel,38,0.25,0.9,1.1947080454099719
dl_jacobian,nonlinear_panel,39,0.16666666666666666,1.0,1.176117974130843
dl_jacobian,nonlinear_panel,40,0.25,0.9,1.1942983815714172
dl_jacobian,nonlinear_panel,41,0.3333333333333333,0.8,1.11638759327089
dl_jacobian,nonlinear_panel,42,0.3333333333333333,0.8,1.0971247852880135
dl_jacobian,nonlinear_panel,43,0.3333333333333333,0.8,1.0889792425054619
dl_jacobian,nonlinear_panel,44,0.3333333333333333,0.8,1.2255683587648178
dl_jacobian,nonlinear_panel,45,0.3333333333333333,0.8,1.0859626036236831
dl_jacobian,nonlinear_panel,46,0.4166666666666667,0.7,1.0954717007470351
dl_jacobian,nonlinear_panel,47,0.3333333333333333,0.8,1.1652155327922926
dl_jacobian,nonlinear_panel,48,0.3333333333333333,0.8,1.136031198424509
dl_jacobian,nonlinear_panel,49,0.3333333333333333,0.8,1.1273634064445262
dl_jacobian,nonlinear_panel,50,0.3333333333333333,0.8,1.0272346014951341
dl_jacobian,nonlinear_panel,51,0.3333333333333333,0.8,1.0501782023068653
dl_jacobian,nonlinear_panel,52,0.3333333333333333,0.8,1.3684668205745179
dl_jacobian,nonlinear_panel,53,0.4166666666666667,0.7,1.117670508302707
dl_jacobian,nonlinear_panel,54,0.3333333333333333,0.8,1.1034334045303853
dl_jacobian,nonlinear_panel,55,0.3333333333333333,0.8,1.1540523782274803
dl_jacobian,nonlinear_panel,56,0.3333333333333333,0.8,1.3640170319997034
dl_jacobian,nonlinear_panel,57,0.5,0.6,1.0467388844600238
dl_jacobian,nonlinear_panel,58,0.3333333333333333,0.8,1.1823663485098193
dl_jacobian,nonlinear_panel,59,0.16666666666666666,1.0,1.0235326477959075
dl_jacobian,nonlinear_panel,60,0.25,0.9,1.1882846805102463
dl_jacobian,nonlinear_panel,61,0.16666666666666666,1.0,1.0879810672975174
dl_jacobian,nonlinear_panel,62,0.25,0.9,1.0445491312018385
dl_jacobian,nonlinear_panel,63,0.25,0.9,1.2271897801030969
dl_jacobian,nonlinear_panel,64,0.3333333333333333,0.8,1.009975834659374
dl_jacobian,nonlinear_panel,65,0.3333333333333333,0.8,1.0884711034323442
dl_jacobian,nonlinear_panel,66,0.3333333333333333,0.8,1.273778348475834
dl_jacobian,nonlinear_panel,67,0.3333333333333333,0.8,1.159733003458925
dl_jacobian,nonlinear_panel,68,0.25,0.9,1.100553501974309
dl_jacobian,nonlinear_panel,69,0.25,0.9,1.1958165128517888
dl_jacobian,nonlinear_panel,70,0.25,0.9,1.0541504333143112
dl_jacobian,nonlinear_panel,71,0.3333333333333333,0.8,1.0883412719692789
dl_jacobian,nonlinear_panel,72,0.3333333333333333,0.8,1.1944853342040858
dl_jacobian,nonlinear_panel,73,0.25,0.9,1.20212601350812
dl_jacobian,nonlinear_panel,74,0.25,0.9,1.1250984223509153
dl_jacobian,nonlinear_panel,75,0.25,0.9,1.1487487386813995
dl_jacobian,nonlinear_panel,76,0.25,0.9,1.079830262616028
dl_jacobian,nonlinear_panel,77,0.25,0.9,1.0222090924238687
dl_jacobian,nonlinear_panel,78,0.3333333333333333,0.8,1.1668507617008186
dl_jacobian,nonlinear_panel,79,0.5,0.6,1.2106253851593805
dl_jacobian,nonlinear_panel,80,0.25,0.9,1.0796799522991427
dl_jacobian,nonlinear_panel,81,0.3333333333333333,0.8,1.2519253932057877
dl_jacobian,nonlinear_panel,82,0.3333333333333333,0.8,1.0851940450431217
dl_jacobian,nonlinear_panel,83,0.25,0.9,1.0957681287275005
dl_jacobian,nonlinear_panel,84,0.3333333333333333,0.8,1.1034265250708974
dl_jacobian,nonlinear_panel,85,0.16666666666666666,1.0,1.0192492664927222
dl_jacobian,nonlinear_panel,86,0.5,0.6,1.2329513391728861
dl_jacobian,nonlinear_panel,87,0.4166666666666667,0.7,1.0553755141461634
dl_jacobian,nonlinear_panel,88,0.25,0.9,1.1294112980449191
dl_jacobian,nonlinear_panel,89,0.25,0.9,1.0064572738729731
dl_jacobian,nonlinear_panel,90,0.16666666666666666,1.0,1.2515253707789136
dl_jacobian,nonlinear_panel,91,0.3333333333333333,0.8,1.0948457153331552
dl_jacobian,nonlinear_panel,92,0.4166666666666667,0.7,1.09858552196861
dl_jacobian,nonlinear_panel,93,0.25,0.9,1.2081743623146994
dl_jacobian,nonlinear_panel,94,0.3333333333333333,0.8,1.1741316926833176
dl_jacobian,nonlinear_panel,95,0.3333333333333333,0.8,1.1072856937303805
dl_jacobian,nonlinear_panel,96,0.25,0.9,1.0969061662536086
dl_jacobian,nonlinear_panel,97,0.16666666666666666,1.0,1.1348319945538063
dl_jacobian,nonlinear_panel,98,0.25,0.9,1.1621811285730161
dl_jacobian,nonlinear_panel,99,0.3333333333333333,0.8,1.103084533725719
dl_jacobian_lossrank,linear_sparse,0,0.5833333333333334,1.0,0.6338574703888268
dl_jacobian_lossrank,linear_sparse,1,0.5833333333333334,1.0,0.6345858638392425
dl_jacobian_lossrank,linear_sparse,2,0.5833333333333334,1.0,0.6446187302342352
dl_jacobian_lossrank,linear_sparse,3,0.5833333333333334,1.0,0.5833317889560345
dl_jacobian_lossrank,linear_sparse,4,0.5833333333333334,1.0,0.613543754524986
dl_jacobian_lossrank,linear_sparse,5,0.5833333333333334,1.0,0.6826631603772803
dl_jacobian_lossrank,linear_sparse,6,0.5833333333333334,1.0,0.6036227121722825
dl_jacobian_lossrank,linear_sparse,7,0.5833333333333334,1.0,0.663704723918973
dl_jacobian_lossrank,linear_sparse,8,0.5833333333333334,1.0,0.6122441709276576
dl_jacobian_lossrank,linear_sparse,9,0.5833333333333334,1.0,0.6594346840068347
dl_jacobian_lossrank,linear_sparse,10,0.5833333333333334,1.0,0.6609324405590341
dl_jacobian_lossrank,linear_sparse,11,0.5833333333333334,1.0,0.570891102412416
dl_jacobian_lossrank,linear_sparse,12,0.5833333333333334,1.0,0.6589039530144924
dl_jacobian_lossrank,linear_sparse,13,0.5833333333333334,1.0,0.6474231806163756
dl_jacobian_lossrank,linear_sparse,14,0.5833333333333334,1.0,0.6483918317554469
dl_jacobian_lossrank,linear_sparse,15,0.5833333333333334,1.0,0.650523759702556
dl_jacobian_lossrank,linear_sparse,16,0.5833333333333334,1.0,0.6383239537305666
dl_jacobian_lossrank,linear_sparse,17,0.5833333333333334,1.0,0.6574242764656127
dl_jacobian_lossrank,linear_sparse,18,0.5833333333333334,1.0,0.6133736800233659
dl_jacobian_lossrank,linear_sparse,19,0.5833333333333334,1.0,0.5794431405639173
dl_jacobian_lossrank,linear_sparse,20,0.5833333333333334,1.0,0.5994265026864568
dl_jacobian_lossrank,linear_sparse,21,0.5833333333333334,1.0,0.6046722900575267
dl_jacobian_lossrank,linear_sparse,22,0.5833333333333334,1.0,0.6157456258372848
dl_jacobian_lossrank,linear_sparse,23,0.5833333333333334,1.0,0.6493933105965486
dl_jacobian_lossrank,linear_sparse,24,0.5833333333333334,1.0,0.6261854465911938
dl_jacobian_lossrank,linear_sparse,25,0.5833333333333334,1.0,0.6691117790130929
dl_jacobian_lossrank,linear_sparse,26,0.5833333333333334,1.0,0.6247877545278023
dl_jacobian_lossrank,linear_sparse,27,0.5833333333333334,1.0,0.6965501245610982
dl_jacobian_lossrank,linear_sparse,28,0.5833333333333334,1.0,0.6223807537769274
dl_jacobian_lossrank,linear_sparse,29,0.5833333333333334,1.0,0.6682959352663077
dl_jacobian_lossrank,linear_sparse,30,0.5833333333333334,1.0,0.6679789654346016
dl_jacobian_lossrank,linear_sparse,31,0.5833333333333334,1.0,0.652705767218234
dl_jacobian_lossrank,linear_sparse,32,0.5833333333333334,1.0,0.6662191526817902
dl_jacobian_lossrank,linear_sparse,33,0.5833333333333334,1.0,0.6113475508500742
dl_jacobian_lossrank,linear_sparse,34,0.5833333333333334,1.0,0.6790296737891378
dl_jacobian_lossrank,linear_sparse,35,0.5833333333333334,1.0,0.5867218241057104
dl_jacobian_lossrank,linear_sparse,36,0.5833333333333334,1.0,0.6608084134091676
dl_jacobian_lossrank,linear_sparse,37,0.5833333333333334,1.0,0.5846463301719574
dl_jacobian_lossrank,linear_sparse,38,0.5833333333333334,1.0,0.6404078364449164
dl_jacobian_lossrank,linear_sparse,39,0.5833333333333334,1.0,0.7105214060078053
dl_jacobian_lossrank,linear_sparse,40,0.5833333333333334,1.0,0.6430814814402974
dl_jacobian_lossrank,linear_sparse,41,0.5833333333333334,1.0,0.6648125728316675
dl_jacobian_lossrank,linear_sparse,42,0.5833333333333334,1.0,0.6295627251393476
dl_jacobian_lossrank,linear_sparse,43,0.5833333333333334,1.0,0.6465248981149551
dl_jacobian_lossrank,linear_sparse,44,0.5833333333333334,1.0,0.6280964292509149
dl_jacobian_lossrank,linear_sparse,45,0.5833333333333334,1.0,0.6519012012695327
dl_jacobian_lossrank,linear_sparse,46,0.5833333333333334,1.0,0.6102917075672849
dl_jacobian_lossrank,linear_sparse,47,0.5833333333333334,1.0,0.6024637243471899
dl_jacobian_lossrank,linear_sparse,48,0.5833333333333334,1.0,0.6085715311186221
dl_jacobian_lossrank,linear_sparse,49,0.5833333333333334,1.0,0.6155985693796513
dl_jacobian_lossrank,linear_sparse,50,0.5833333333333334,1.0,0.6436925019806123
dl_jacobian_lossrank,linear_sparse,51,0.5833333333333334,1.0,0.6431688670217224
dl_jacobian_lossrank,linear_sparse,52,0.5833333333333334,1.0,0.5895949765595594
dl_jacobian_lossrank,linear_sparse,53,0.5833333333333334,1.0,0.626020227515446
dl_jacobian_lossrank,linear_sparse,54,0.5833333333333334,1.0,0.6851677227487311
dl_jacobian_lossrank,linear_sparse,55,0.5833333333333334,1.0,0.6781850481552282
dl_jacobian_lossrank,linear_sparse,56,0.5833333333333334,1.0,0.6469430428393619
dl_jacobian_lossrank,linear_sparse,57,0.5833333333333334,1.0,0.5958419545802232
dl_jacobian_lossrank,linear_sparse,58,0.5833333333333334,1.0,0.6228263010198716
dl_jacobian_lossrank,linear_sparse,59,0.5833333333333334,1.0,0.636593129854035
dl_jacobian_lossrank,linear_sparse,60,0.5833333333333334,1.0,0.7515640762527859
dl_jacobian_lossrank,linear_sparse,61,0.5833333333333334,1.0,0.6316406667218389
dl_jacobian_lossrank,linear_sparse,62,0.5833333333333334,1.0,0.6300730993971599
dl_jacobian_lossrank,linear_sparse,63,0.5833333333333334,1.0,0.7200717475726642
dl_jacobian_lossrank,linear_sparse,64,0.5833333333333334,1.0,0.6740048386062587
dl_jacobian_lossrank,linear_sparse,65,0.5833333333333334,1.0,0.6045367936095777
dl_jacobian_lossrank,linear_sparse,66,0.5833333333333334,1.0,0.6416566762458163
dl_jacobian_lossrank,linear_sparse,67,0.5833333333333334,1.0,0.639570836736707
dl_jacobian_lossrank,linear_sparse,68,0.5833333333333334,1.0,0.6371891928124065
dl_jacobian_lossrank,linear_sparse,69,0.5833333333333334,1.0,0.6649429805362818
dl_jacobian_lossrank,linear_sparse,70,0.5833333333333334,1.0,0.7128280272866568
dl_jacobian_lossrank,linear_sparse,71,0.5833333333333334,1.0,0.6423231990300953
dl_jacobian_lossrank,linear_sparse,72,0.5833333333333334,1.0,0.647508107404128
dl_jacobian_lossrank,linear_sparse,73,0.5833333333333334,1.0,0.6738890852111523
dl_jacobian_lossrank,linear_sparse,74,0.5833333333333334,1.0,0.6006970700346584
dl_jacobian_lossrank,linear_sparse,75,0.5833333333333334,1.0,0.6023423529072166
dl_jacobian_lossrank,linear_sparse,76,0.5833333333333334,1.0,0.6168348779680288
dl_jacobian_lossrank,linear_sparse,77,0.5833333333333334,1.0,0.6155012470271167
dl_jacobian_lossrank,linear_sparse,78,0.5833333333333334,1.0,0.657475316630581
dl_jacobian_lossrank,linear_sparse,79,0.5833333333333334,1.0,0.6269645167642145
dl_jacobian_lossrank,linear_sparse,80,0.5833333333333334,1.0,0.5993068863636037
dl_jacobian_lossrank,linear_sparse,81,0.5833333333333334,1.0,0.6594846003982697
dl_jacobian_lossrank,linear_sparse,82,0.5833333333333334,1.0,0.651600532218853
dl_jacobian_lossrank,linear_sparse,83,0.5833333333333334,1.0,0.6244705239549543
dl_jacobian_lossrank,linear_sparse,84,0.5833333333333334,1.0,0.6265599662971127
dl_jacobian_lossrank,linear_sparse,85,0.5833333333333334,1.0,0.6401592440222722
dl_jacobian_lossrank,linear_sparse,86,0.5833333333333334,1.0,0.6156373780018508
dl_jacobian_lossrank,linear_sparse,87,0.5833333333333334,1.0,0.6814975252204081
dl_jacobian_lossrank,linear_sparse,88,0.5833333333333334,1.0,0.6600284133053785
dl_jacobian_lossrank,linear_sparse,89,0.5833333333333334,1.0,0.6000528647933355
dl_jacobian_lossrank,linear_sparse,90,0.5833333333333334,1.0,0.642935155976135
dl_jacobian_lossrank,linear_sparse,91,0.5833333333333334,1.0,0.6596622970478788
dl_jacobian_lossrank,linear_sparse,92,0.5833333333333334,1.0,0.6060186964792568
dl_jacobian_lossrank,linear_sparse,93,0.5833333333333334,1.0,0.5893506992286264
dl_jacobian_lossrank,linear_sparse,94,0.5833333333333334,1.0,0.6007410487225994
dl_jacobian_lossrank,linear_sparse,95,0.5833333333333334,1.0,0.6414680548501654
dl_jacobian_lossrank,linear_sparse,96,0.5833333333333334,1.0,0.6243383866786975
dl_jacobian_lossrank,linear_sparse,97,0.5833333333333334,1.0,0.6007815887445073
dl_jacobian_lossrank,linear_sparse,98,0.5833333333333334,1.0,0.5973017145554653
dl_jacobian_lossrank,linear_sparse,99,0.5833333333333334,1.0,0.6410219923091823
dl_jacobian_lossrank,linear_medium,0,0.16666666666666666,1.0,1.0907239849643378
dl_jacobian_lossrank,linear_medium,1,0.16666666666666666,1.0,1.05785248802172
dl_jacobian_lossrank,linear_medium,2,0.16666666666666666,1.0,1.0492376560868069
dl_jacobian_lossrank,linear_medium,3,0.16666666666666666,1.0,1.1254921637842903
dl_jacobian_lossrank,linear_medium,4,0.16666666666666666,1.0,1.1085514191749903
dl_jacobian_lossrank,linear_medium,5,0.16666666666666666,1.0,1.091066446632313
dl_jacobian_lossrank,linear_medium,6,0.16666666666666666,1.0,1.0994787726988473
dl_jacobian_lossrank,linear_medium,7,0.16666666666666666,1.0,1.066017086142793
dl_jacobian_lossrank,linear_medium,8,0.16666666666666666,1.0,1.0962590785184345
dl_jacobian_lossrank,linear_medium,9,0.16666666666666666,1.0,1.0320316591658583
dl_jacobian_lossrank,linear_medium,10,0.16666666666666666,1.0,1.0855672305204227
dl_jacobian_lossrank,linear_medium,11,0.16666666666666666,1.0,1.0497064797285283
dl_jacobian_lossrank,linear_medium,12,0.16666666666666666,1.0,1.0442379200823062
dl_jacobian_lossrank,linear_medium,13,0.16666666666666666,1.0,1.0164933713544115
dl_jacobian_lossrank,linear_medium,14,0.16666666666666666,1.0,1.0453450049257802
dl_jacobian_lossrank,linear_medium,15,0.16666666666666666,1.0,1.0234770146816716
dl_jacobian_lossrank,linear_medium,16,0.16666666666666666,1.0,1.136051420526059
dl_jacobian_lossrank,linear_medium,17,0.16666666666666666,1.0,1.0722226507829118
dl_jacobian_lossrank,linear_medium,18,0.16666666666666666,1.0,1.0679490406186902
dl_jacobian_lossrank,linear_medium,19,0.16666666666666666,1.0,1.0416345136081555
dl_jacobian_lossrank,linear_medium,20,0.16666666666666666,1.0,1.1559376166099544
dl_jacobian_lossrank,linear_medium,21,0.16666666666666666,1.0,1.0654650917129618
dl_jacobian_lossrank,linear_medium,22,0.16666666666666666,1.0,1.0535790651002794
dl_jacobian_lossrank,linear_medium,23,0.16666666666666666,1.0,1.0538625241681323
dl_jacobian_lossrank,linear_medium,24,0.16666666666666666,1.0,1.0041470466712048
dl_jacobian_lossrank,linear_medium,25,0.16666666666666666,1.0,1.1349642072992254
dl_jacobian_lossrank,linear_medium,26,0.16666666666666666,1.0,1.032654981059636
dl_jacobian_lossrank,linear_medium,27,0.16666666666666666,1.0,1.00461138976319
dl_jacobian_lossrank,linear_medium,28,0.16666666666666666,1.0,1.0242374934746064
dl_jacobian_lossrank,linear_medium,29,0.16666666666666666,1.0,1.0455250674460657
dl_jacobian_lossrank,linear_medium,30,0.16666666666666666,1.0,1.1045329715313315
dl_jacobian_lossrank,linear_medium,31,0.16666666666666666,1.0,1.1091450603881061
dl_jacobian_lossrank,linear_medium,32,0.16666666666666666,1.0,1.0723163832172766
dl_jacobian_lossrank,linear_medium,33,0.16666666666666666,1.0,1.0579095202625055
dl_jacobian_lossrank,linear_medium,34,0.16666666666666666,1.0,1.0553899488577085
dl_jacobian_lossrank,linear_medium,35,0.16666666666666666,1.0,1.0720701114008386
dl_jacobian_lossrank,linear_medium,36,0.16666666666666666,1.0,1.0742652142365547
dl_jacobian_lossrank,linear_medium,37,0.16666666666666666,1.0,1.0736966551989535
dl_jacobian_lossrank,linear_medium,38,0.16666666666666666,1.0,1.0729387506647583
dl_jacobian_lossrank,linear_medium,39,0.16666666666666666,1.0,1.0248764131870998
dl_jacobian_lossrank,linear_medium,40,0.16666666666666666,1.0,1.0630928261830566
dl_jacobian_lossrank,linear_medium,41,0.16666666666666666,1.0,1.0812188059603027
dl_jacobian_lossrank,linear_medium,42,0.16666666666666666,1.0,1.039146388527587
dl_jacobian_lossrank,linear_medium,43,0.16666666666666666,1.0,1.022044538944924
dl_jacobian_lossrank,linear_medium,44,0.16666666666666666,1.0,0.9605492341235964
dl_jacobian_lossrank,linear_medium,45,0.16666666666666666,1.0,1.1086653309194598
dl_jacobian_lossrank,linear_medium,46,0.16666666666666666,1.0,1.140113725344524
dl_jacobian_lossrank,linear_medium,47,0.16666666666666666,1.0,1.0764241999813935
dl_jacobian_lossrank,linear_medium,48,0.16666666666666666,1.0,1.1395918404901717
dl_jacobian_lossrank,linear_medium,49,0.16666666666666666,1.0,1.0337064197955317
dl_jacobian_lossrank,linear_medium,50,0.16666666666666666,1.0,1.0388310437758375
dl_jacobian_lossrank,linear_medium,51,0.16666666666666666,1.0,1.0667561361387248
dl_jacobian_lossrank,linear_medium,52,0.16666666666666666,1.0,1.1157232010852007
dl_jacobian_lossrank,linear_medium,53,0.16666666666666666,1.0,1.092631727314304
dl_jacobian_lossrank,linear_medium,54,0.16666666666666666,1.0,1.034843293920306
dl_jacobian_lossrank,linear_medium,55,0.16666666666666666,1.0,1.0972607174145816
dl_jacobian_lossrank,linear_medium,56,0.16666666666666666,1.0,1.0887479072766968
dl_jacobian_lossrank,linear_medium,57,0.16666666666666666,1.0,1.1116416781459075
dl_jacobian_lossrank,linear_medium,58,0.16666666666666666,1.0,1.0672153756199567
dl_jacobian_lossrank,linear_medium,59,0.16666666666666666,1.0,1.061277165110526
dl_jacobian_lossrank,linear_medium,60,0.16666666666666666,1.0,1.036900380568569
dl_jacobian_lossrank,linear_medium,61,0.16666666666666666,1.0,1.0735568300210854
dl_jacobian_lossrank,linear_medium,62,0.16666666666666666,1.0,1.0852594189760212
dl_jacobian_lossrank,linear_medium,63,0.16666666666666666,1.0,1.0849375566613035
dl_jacobian_lossrank,linear_medium,64,0.16666666666666666,1.0,1.1326442986218848
dl_jacobian_lossrank,linear_medium,65,0.16666666666666666,1.0,1.0559178206205084
dl_jacobian_lossrank,linear_medium,66,0.16666666666666666,1.0,1.109115034549625
dl_jacobian_lossrank,linear_medium,67,0.16666666666666666,1.0,1.1253178215623791
dl_jacobian_lossrank,linear_medium,68,0.16666666666666666,1.0,1.0693325260046078
dl_jacobian_lossrank,linear_medium,69,0.16666666666666666,1.0,1.0713072102657613
dl_jacobian_lossrank,linear_medium,70,0.16666666666666666,1.0,1.098103347415422
dl_jacobian_lossrank,linear_medium,71,0.16666666666666666,1.0,0.9946646853920753
dl_jacobian_lossrank,linear_medium,72,0.16666666666666666,1.0,1.1727854528664912
dl_jacobian_lossrank,linear_medium,73,0.16666666666666666,1.0,1.0737336560224082
dl_jacobian_lossrank,linear_medium,74,0.16666666666666666,1.0,1.0353065040535607
dl_jacobian_lossrank,linear_medium,75,0.16666666666666666,1.0,1.1229730166561915
dl_jacobian_lossrank,linear_medium,76,0.16666666666666666,1.0,1.0960891194919935
dl_jacobian_lossrank,linear_medium,77,0.16666666666666666,1.0,1.0698818465794997
dl_jacobian_lossrank,linear_medium,78,0.16666666666666666,1.0,1.0910009162156555
dl_jacobian_lossrank,linear_medium,79,0.16666666666666666,1.0,1.1478329201595616
dl_jacobian_lossrank,linear_medium,80,0.16666666666666666,1.0,1.0558109693666726
dl_jacobian_lossrank,linear_medium,81,0.16666666666666666,1.0,1.1242420213741218
dl_jacobian_lossrank,linear_medium,82,0.16666666666666666,1.0,1.0942197823360358
dl_jacobian_lossrank,linear_medium,83,0.16666666666666666,1.0,1.0429931345580776
dl_jacobian_lossrank,linear_medium,84,0.16666666666666666,1.0,1.0998965651730443
dl_jacobian_lossrank,linear_medium,85,0.16666666666666666,1.0,1.1503164372249637
dl_jacobian_lossrank,linear_medium,86,0.16666666666666666,1.0,1.0711634289756968
dl_jacobian_lossrank,linear_medium,87,0.16666666666666666,1.0,1.0458499642843617
dl_jacobian_lossrank,linear_medium,88,0.16666666666666666,1.0,1.0482672429108033
dl_jacobian_lossrank,linear_medium,89,0.16666666666666666,1.0,1.1294141608850223
dl_jacobian_lossrank,linear_medium,90,0.16666666666666666,1.0,1.0224062088954315
dl_jacobian_lossrank,linear_medium,91,0.16666666666666666,1.0,1.0216955628451698
dl_jacobian_lossrank,linear_medium,92,0.16666666666666666,1.0,1.1206189984792767
dl_jacobian_lossrank,linear_medium,93,0.16666666666666666,1.0,1.0323126246618775
dl_jacobian_lossrank,linear_medium,94,0.16666666666666666,1.0,1.019598261966658
dl_jacobian_lossrank,linear_medium,95,0.16666666666666666,1.0,1.0397306873047374
dl_jacobian_lossrank,linear_medium,96,0.16666666666666666,1.0,1.0174070839722458
dl_jacobian_lossrank,linear_medium,97,0.16666666666666666,1.0,1.093261909711364
dl_jacobian_lossrank,linear_medium,98,0.16666666666666666,1.0,1.0517941086560434
dl_jacobian_lossrank,linear_medium,99,0.16666666666666666,1.0,1.075444394699357
dl_jacobian_lossrank,linear_weak,0,0.16666666666666666,1.0,1.946385030077107
dl_jacobian_lossrank,linear_weak,1,0.16666666666666666,1.0,1.9134492768164042
dl_jacobian_lossrank,linear_weak,2,0.16666666666666666,1.0,1.8765855917605994
dl_jacobian_lossrank,linear_weak,3,0.16666666666666666,1.0,1.8774043824269926
dl_jacobian_lossrank,linear_weak,4,0.3333333333333333,0.8,1.9268134305505658
dl_jacobian_lossrank,linear_weak,5,0.25,0.9,1.8181011833054652
dl_jacobian_lossrank,linear_weak,6,0.16666666666666666,1.0,1.9515306460596908
dl_jacobian_lossrank,linear_weak,7,0.4166666666666667,0.7,1.996700972346282
dl_jacobian_lossrank,linear_weak,8,0.16666666666666666,1.0,1.9139355651370682
dl_jacobian_lossrank,linear_weak,9,0.25,0.9,1.8024368101838726
dl_jacobian_lossrank,linear_weak,10,0.16666666666666666,1.0,1.8660369620655408
dl_jacobian_lossrank,linear_weak,11,0.16666666666666666,1.0,1.7807823218534982
dl_jacobian_lossrank,linear_weak,12,0.16666666666666666,1.0,1.7809771716930547
dl_jacobian_lossrank,linear_weak,13,0.16666666666666666,1.0,1.840235486829895
dl_jacobian_lossrank,linear_weak,14,0.16666666666666666,1.0,1.850566259023055
dl_jacobian_lossrank,linear_weak,15,0.16666666666666666,1.0,1.6985318836733179
dl_jacobian_lossrank,linear_weak,16,0.16666666666666666,1.0,1.9232224978321741
dl_jacobian_lossrank,linear_weak,17,0.16666666666666666,1.0,1.9269480778877992
dl_jacobian_lossrank,linear_weak,18,0.25,0.9,1.9895532833250913
dl_jacobian_lossrank,linear_weak,19,0.16666666666666666,1.0,1.906413612124233
dl_jacobian_lossrank,linear_weak,20,0.25,0.9,1.842075360209345
dl_jacobian_lossrank,linear_weak,21,0.4166666666666667,0.7,1.9301336166536844
dl_jacobian_lossrank,linear_weak,22,0.16666666666666666,1.0,1.8943524812538166
dl_jacobian_lossrank,linear_weak,23,0.16666666666666666,1.0,1.826570295090747
dl_jacobian_lossrank,linear_weak,24,0.3333333333333333,0.8,1.8366099145049533
dl_jacobian_lossrank,linear_weak,25,0.16666666666666666,1.0,1.818279396360117
dl_jacobian_lossrank,linear_weak,26,0.16666666666666666,1.0,1.809244341323028
dl_jacobian_lossrank,linear_weak,27,0.16666666666666666,1.0,1.8721033630711514
dl_jacobian_lossrank,linear_weak,28,0.25,0.9,1.8327917309741855
dl_jacobian_lossrank,linear_weak,29,0.25,0.9,1.9146726102199028
dl_jacobian_lossrank,linear_weak,30,0.16666666666666666,1.0,1.8989128991661326
dl_jacobian_lossrank,linear_weak,31,0.16666666666666666,1.0,1.864246117281587
dl_jacobian_lossrank,linear_weak,32,0.16666666666666666,1.0,1.8863348884298394
dl_jacobian_lossrank,linear_weak,33,0.16666666666666666,1.0,1.7288777342066337
dl_jacobian_lossrank,linear_weak,34,0.16666666666666666,1.0,1.8098070822215064
dl_jacobian_lossrank,linear_weak,35,0.3333333333333333,0.8,1.8646995920077034
dl_jacobian_lossrank,linear_weak,36,0.25,0.9,1.9203497089501391
dl_jacobian_lossrank,linear_weak,37,0.25,0.9,2.015364875066667
dl_jacobian_lossrank,linear_weak,38,0.16666666666666666,1.0,1.9145436592016443
dl_jacobian_lossrank,linear_weak,39,0.16666666666666666,1.0,1.8785202678827018
dl_jacobian_lossrank,linear_weak,40,0.16666666666666666,1.0,1.9068994072340695
dl_jacobian_lossrank,linear_weak,41,0.25,0.9,1.8981250091823727
dl_jacobian_lossrank,linear_weak,42,0.16666666666666666,1.0,1.9544510870470218
dl_jacobian_lossrank,linear_weak,43,0.16666666666666666,1.0,1.924990563675462
dl_jacobian_lossrank,linear_weak,44,0.16666666666666666,1.0,2.062902581022302
dl_jacobian_lossrank,linear_weak,45,0.16666666666666666,1.0,2.0445460673477216
dl_jacobian_lossrank,linear_weak,46,0.3333333333333333,0.8,1.8875143438213506
dl_jacobian_lossrank,linear_weak,47,0.16666666666666666,1.0,1.8342434006427246
dl_jacobian_lossrank,linear_weak,48,0.25,0.9,1.814863472406223
dl_jacobian_lossrank,linear_weak,49,0.25,0.9,1.939594133420055
dl_jacobian_lossrank,linear_weak,50,0.3333333333333333,0.8,1.969188410582044
dl_jacobian_lossrank,linear_weak,51,0.16666666666666666,1.0,1.8064918459069528
dl_jacobian_lossrank,linear_weak,52,0.16666666666666666,1.0,1.8016209324714556
dl_jacobian_lossrank,linear_weak,53,0.25,0.9,1.944630524711436
dl_jacobian_lossrank,linear_weak,54,0.16666666666666666,1.0,1.8580489859287062
dl_jacobian_lossrank,linear_weak,55,0.16666666666666666,1.0,1.8938988542325756
dl_jacobian_lossrank,linear_weak,56,0.16666666666666666,1.0,1.8690691375101218
dl_jacobian_lossrank,linear_weak,57,0.3333333333333333,0.8,1.9061362800273147
dl_jacobian_lossrank,linear_weak,58,0.3333333333333333,0.8,1.7239505531868353
dl_jacobian_lossrank,linear_weak,59,0.25,0.9,1.9501442748941353
dl_jacobian_lossrank,linear_weak,60,0.25,0.9,1.7924964049902057
dl_jacobian_lossrank,linear_weak,61,0.25,0.9,1.9594015054269962
dl_jacobian_lossrank,linear_weak,62,0.25,0.9,1.9433782520125238
dl_jacobian_lossrank,linear_weak,63,0.16666666666666666,1.0,1.9464617995559697
dl_jacobian_lossrank,linear_weak,64,0.16666666666666666,1.0,1.964046934899261
dl_jacobian_lossrank,linear_weak,65,0.25,0.9,1.949988519772222
dl_jacobian_lossrank,linear_weak,66,0.16666666666666666,1.0,1.9738872251837496
dl_jacobian_lossrank,linear_weak,67,0.16666666666666666,1.0,1.8827064208451938
dl_jacobian_lossrank,linear_weak,68,0.16666666666666666,1.0,1.8100676001413425
dl_jacobian_lossrank,linear_weak,69,0.16666666666666666,1.0,1.8996206750335496
dl_jacobian_lossrank,linear_weak,70,0.16666666666666666,1.0,1.8830111330250316
dl_jacobian_lossrank,linear_weak,71,0.16666666666666666,1.0,1.9051489829227424
dl_jacobian_lossrank,linear_weak,72,0.16666666666666666,1.0,1.8208661334582248
dl_jacobian_lossrank,linear_weak,73,0.25,0.9,1.9306366528062637
dl_jacobian_lossrank,linear_weak,74,0.16666666666666666,1.0,1.9478340338755895
dl_jacobian_lossrank,linear_weak,75,0.16666666666666666,1.0,1.948883260619644
dl_jacobian_lossrank,linear_weak,76,0.25,0.9,1.846522101025715
dl_jacobian_lossrank,linear_weak,77,0.16666666666666666,1.0,1.8006379033473716
dl_jacobian_lossrank,linear_weak,78,0.3333333333333333,0.8,1.9204573031354664
dl_jacobian_lossrank,linear_weak,79,0.25,0.9,1.8181862935528232
dl_jacobian_lossrank,linear_weak,80,0.16666666666666666,1.0,1.8805967816440041
dl_jacobian_lossrank,linear_weak,81,0.25,0.9,1.9635060293156503
dl_jacobian_lossrank,linear_weak,82,0.25,0.9,1.835238466647011
dl_jacobian_lossrank,linear_weak,83,0.16666666666666666,1.0,1.907372230669591
dl_jacobian_lossrank,linear_weak,84,0.16666666666666666,1.0,1.8587934547992933
dl_jacobian_lossrank,linear_weak,85,0.16666666666666666,1.0,1.860691208706693
dl_jacobian_lossrank,linear_weak,86,0.25,0.9,1.8968410033864591
dl_jacobian_lossrank,linear_weak,87,0.25,0.9,1.9224689126220185
dl_jacobian_lossrank,linear_weak,88,0.3333333333333333,0.8,1.919404476442594
dl_jacobian_lossrank,linear_weak,89,0.16666666666666666,1.0,1.8184605848737452
dl_jacobian_lossrank,linear_weak,90,0.16666666666666666,1.0,1.7604944804157308
dl_jacobian_lossrank,linear_weak,91,0.16666666666666666,1.0,1.8665000724263487
dl_jacobian_lossrank,linear_weak,92,0.25,0.9,1.9239389968410072
dl_jacobian_lossrank,linear_weak,93,0.16666666666666666,1.0,1.7646459110774677
dl_jacobian_lossrank,linear_weak,94,0.25,0.9,1.9321142319943283
dl_jacobian_lossrank,linear_weak,95,0.25,0.9,1.9301847593964352
dl_jacobian_lossrank,linear_weak,96,0.25,0.9,1.8676575636572474
dl_jacobian_lossrank,linear_weak,97,0.25,0.9,1.7818694289476136
dl_jacobian_lossrank,linear_weak,98,0.16666666666666666,1.0,1.8740631006712656
dl_jacobian_lossrank,linear_weak,99,0.16666666666666666,1.0,1.8970208379010953
dl_jacobian_lossrank,linear_dense,0,0.0,0.8,1.1561201421015452
dl_jacobian_lossrank,linear_dense,1,0.0,0.8,1.234306024357009
dl_jacobian_lossrank,linear_dense,2,0.0,0.8,1.1360740701991128
dl_jacobian_lossrank,linear_dense,3,0.0,0.8,1.1709660875251109
dl_jacobian_lossrank,linear_dense,4,0.0,0.8,1.0220695983990569
dl_jacobian_lossrank,linear_dense,5,0.0,0.8,1.0646294589551253
dl_jacobian_lossrank,linear_dense,6,0.0,0.8,1.0713451566385297
dl_jacobian_lossrank,linear_dense,7,0.0,0.8,1.1076678565376432
dl_jacobian_lossrank,linear_dense,8,0.0,0.8,1.082573742334031
dl_jacobian_lossrank,linear_dense,9,0.0,0.8,1.048383002484685
dl_jacobian_lossrank,linear_dense,10,0.0,0.8,1.117048829308748
dl_jacobian_lossrank,linear_dense,11,0.0,0.8,1.0623843123097225
dl_jacobian_lossrank,linear_dense,12,0.0,0.8,1.1113087304495928
dl_jacobian_lossrank,linear_dense,13,0.0,0.8,1.1341002724451927
dl_jacobian_lossrank,linear_dense,14,0.0,0.8,1.0541375805353703
dl_jacobian_lossrank,linear_dense,15,0.0,0.8,1.0643435751088186
dl_jacobian_lossrank,linear_dense,16,0.0,0.8,1.0521009988264323
dl_jacobian_lossrank,linear_dense,17,0.0,0.8,1.1438105573386783
dl_jacobian_lossrank,linear_dense,18,0.0,0.8,1.0302647245778411
dl_jacobian_lossrank,linear_dense,19,0.0,0.8,1.097934051283975
dl_jacobian_lossrank,linear_dense,20,0.0,0.8,1.047076833300471
dl_jacobian_lossrank,linear_dense,21,0.0,0.8,1.0942393170485611
dl_jacobian_lossrank,linear_dense,22,0.0,0.8,1.199225096923314
dl_jacobian_lossrank,linear_dense,23,0.0,0.8,1.1383681491051565
dl_jacobian_lossrank,linear_dense,24,0.0,0.8,1.205326338454877
dl_jacobian_lossrank,linear_dense,25,0.0,0.8,1.0179238277906046
dl_jacobian_lossrank,linear_dense,26,0.0,0.8,1.1074638932933403
dl_jacobian_lossrank,linear_dense,27,0.0,0.8,1.1410662939762963
dl_jacobian_lossrank,linear_dense,28,0.0,0.8,1.0725864122067228
dl_jacobian_lossrank,linear_dense,29,0.0,0.8,1.0807226957508471
dl_jacobian_lossrank,linear_dense,30,0.0,0.8,1.068795111964784
dl_jacobian_lossrank,linear_dense,31,0.0,0.8,1.049889732092942
dl_jacobian_lossrank,linear_dense,32,0.0,0.8,1.0720675495370515
dl_jacobian_lossrank,linear_dense,33,0.0,0.8,1.0685985536443656
dl_jacobian_lossrank,linear_dense,34,0.0,0.8,1.1559218093914991
dl_jacobian_lossrank,linear_dense,35,0.0,0.8,1.1360491821529732
dl_jacobian_lossrank,linear_dense,36,0.0,0.8,1.1059014392529918
dl_jacobian_lossrank,linear_dense,37,0.0,0.8,1.0814329747662685
dl_jacobian_lossrank,linear_dense,38,0.0,0.8,1.1140077693937376
dl_jacobian_lossrank,linear_dense,39,0.0,0.8,1.038322728250199
dl_jacobian_lossrank,linear_dense,40,0.0,0.8,1.0758857385656004
dl_jacobian_lossrank,linear_dense,41,0.0,0.8,1.0093643518897903
dl_jacobian_lossrank,linear_dense,42,0.0,0.8,1.1007353217240738
dl_jacobian_lossrank,linear_dense,43,0.0,0.8,1.1650286208645524
dl_jacobian_lossrank,linear_dense,44,0.0,0.8,1.1274802892641556
dl_jacobian_lossrank,linear_dense,45,0.0,0.8,1.085891461938239
dl_jacobian_lossrank,linear_dense,46,0.0,0.8,1.1865934087791654
dl_jacobian_lossrank,linear_dense,47,0.0,0.8,1.0501707321928757
dl_jacobian_lossrank,linear_dense,48,0.0,0.8,1.02352435120931
dl_jacobian_lossrank,linear_dense,49,0.0,0.8,1.1102595365466494
dl_jacobian_lossrank,linear_dense,50,0.0,0.8,1.0386474141886968
dl_jacobian_lossrank,linear_dense,51,0.0,0.8,1.084418796575473
dl_jacobian_lossrank,linear_dense,52,0.0,0.8,1.0792863446063172
dl_jacobian_lossrank,linear_dense,53,0.0,0.8,1.126391284305976
dl_jacobian_lossrank,linear_dense,54,0.0,0.8,1.048079527259663
dl_jacobian_lossrank,linear_dense,55,0.0,0.8,1.0659680729740528
dl_jacobian_lossrank,linear_dense,56,0.0,0.8,1.0464582849237527
dl_jacobian_lossrank,linear_dense,57,0.0,0.8,1.1267985022118994
dl_jacobian_lossrank,linear_dense,58,0.0,0.8,1.0948536697092506
dl_jacobian_lossrank,linear_dense,59,0.0,0.8,1.1002704359865096
dl_jacobian_lossrank,linear_dense,60,0.0,0.8,1.1356388515503588
dl_jacobian_lossrank,linear_dense,61,0.0,0.8,1.0727130624803252
dl_jacobian_lossrank,linear_dense,62,0.0,0.8,1.0974027754789057
dl_jacobian_lossrank,linear_dense,63,0.0,0.8,1.1639633695880751
dl_jacobian_lossrank,linear_dense,64,0.0,0.8,1.0911832495160105
dl_jacobian_lossrank,linear_dense,65,0.0,0.8,1.1957772929726724
dl_jacobian_lossrank,linear_dense,66,0.0,0.8,1.0837392292190526
dl_jacobian_lossrank,linear_dense,67,0.0,0.8,1.1484347005638287
dl_jacobian_lossrank,linear_dense,68,0.0,0.8,1.0626005046952633
dl_jacobian_lossrank,linear_dense,69,0.0,0.8,1.0608486858730486
dl_jacobian_lossrank,linear_dense,70,0.0,0.8,1.1001694162805555
dl_jacobian_lossrank,linear_dense,71,0.0,0.8,1.0575467836408148
dl_jacobian_lossrank,linear_dense,72,0.0,0.8,1.1198217319460078
dl_jacobian_lossrank,linear_dense,73,0.0,0.8,1.0741402196899603
dl_jacobian_lossrank,linear_dense,74,0.0,0.8,1.1630270725015701
dl_jacobian_lossrank,linear_dense,75,0.0,0.8,1.0402686101095746
dl_jacobian_lossrank,linear_dense,76,0.0,0.8,1.0951955260028787
dl_jacobian_lossrank,linear_dense,77,0.0,0.8,1.0914318051173009
dl_jacobian_lossrank,linear_dense,78,0.0,0.8,1.06753791737325
dl_jacobian_lossrank,linear_dense,79,0.0,0.8,1.1219278162267738
dl_jacobian_lossrank,linear_dense,80,0.0,0.8,1.0925393414328055
dl_jacobian_lossrank,linear_dense,81,0.0,0.8,1.1357242446445652
dl_jacobian_lossrank,linear_dense,82,0.0,0.8,1.0522926653350557
dl_jacobian_lossrank,linear_dense,83,0.0,0.8,1.0588622745330603
dl_jacobian_lossrank,linear_dense,84,0.0,0.8,1.0926910168662778
dl_jacobian_lossrank,linear_dense,85,0.0,0.8,1.1431763904939902
dl_jacobian_lossrank,linear_dense,86,0.0,0.8,1.1282020223159448
dl_jacobian_lossrank,linear_dense,87,0.0,0.8,1.1750155573273189
dl_jacobian_lossrank,linear_dense,88,0.0,0.8,1.1275687319634455
dl_jacobian_lossrank,linear_dense,89,0.0,0.8,1.1266823741905772
dl_jacobian_lossrank,linear_dense,90,0.0,0.8,1.1404136140898993
dl_jacobian_lossrank,linear_dense,91,0.0,0.8,1.0116742065245647
dl_jacobian_lossrank,linear_dense,92,0.0,0.8,1.1109512172442815
dl_jacobian_lossrank,linear_dense,93,0.0,0.8,1.166199434379677
dl_jacobian_lossrank,linear_dense,94,0.0,0.8,1.1646919179137067
dl_jacobian_lossrank,linear_dense,95,0.0,0.8,0.995610444776634
dl_jacobian_lossrank,linear_dense,96,0.0,0.8,1.0889674427720601
dl_jacobian_lossrank,linear_dense,97,0.0,0.8,1.1610779149197514
dl_jacobian_lossrank,linear_dense,98,0.0,0.8,1.0586307488191684
dl_jacobian_lossrank,linear_dense,99,0.0,0.8,1.095990915556791
dl_jacobian_lossrank,nonlinear,0,0.25,0.9,1.2002630269365757
dl_jacobian_lossrank,nonlinear,1,0.3333333333333333,0.8,1.1290205389426293
dl_jacobian_lossrank,nonlinear,2,0.3333333333333333,0.8,1.1285919908684805
dl_jacobian_lossrank,nonlinear,3,0.3333333333333333,0.8,1.1407874874702348
dl_jacobian_lossrank,nonlinear,4,0.4166666666666667,0.7,1.1235203580896078
dl_jacobian_lossrank,nonlinear,5,0.3333333333333333,0.8,1.409199207499457
dl_jacobian_lossrank,nonlinear,6,0.3333333333333333,0.8,1.1682946902460234
dl_jacobian_lossrank,nonlinear,7,0.3333333333333333,0.8,1.1234594845073458
dl_jacobian_lossrank,nonlinear,8,0.25,0.9,1.1513788826468734
dl_jacobian_lossrank,nonlinear,9,0.3333333333333333,0.8,1.18036657160883
dl_jacobian_lossrank,nonlinear,10,0.25,0.9,1.104891290296813
dl_jacobian_lossrank,nonlinear,11,0.25,0.9,1.0925148069958066
dl_jacobian_lossrank,nonlinear,12,0.4166666666666667,0.7,1.1622956835155074
dl_jacobian_lossrank,nonlinear,13,0.3333333333333333,0.8,1.2198015108192306
dl_jacobian_lossrank,nonlinear,14,0.5,0.6,1.1839749301414233
dl_jacobian_lossrank,nonlinear,15,0.25,0.9,1.1662891847703958
dl_jacobian_lossrank,nonlinear,16,0.3333333333333333,0.8,1.2550115392134435
dl_jacobian_lossrank,nonlinear,17,0.3333333333333333,0.8,1.2386099864715259
dl_jacobian_lossrank,nonlinear,18,0.3333333333333333,0.8,1.1729896721128625
dl_jacobian_lossrank,nonlinear,19,0.4166666666666667,0.7,1.1936666723075646
dl_jacobian_lossrank,nonlinear,20,0.3333333333333333,0.8,1.130414976137767
dl_jacobian_lossrank,nonlinear,21,0.4166666666666667,0.7,1.137453657703154
dl_jacobian_lossrank,nonlinear,22,0.3333333333333333,0.8,1.0563736806668114
dl_jacobian_lossrank,nonlinear,23,0.3333333333333333,0.8,1.2537035599548407
dl_jacobian_lossrank,nonlinear,24,0.25,0.9,1.1037610064457772
dl_jacobian_lossrank,nonlinear,25,0.25,0.9,1.1166461360359814
dl_jacobian_lossrank,nonlinear,26,0.25,0.9,1.1948730994074257
dl_jacobian_lossrank,nonlinear,27,0.3333333333333333,0.8,1.1674077345067924
dl_jacobian_lossrank,nonlinear,28,0.5,0.6,1.0558986360550418
dl_jacobian_lossrank,nonlinear,29,0.3333333333333333,0.8,1.2421312251217396
dl_jacobian_lossrank,nonlinear,30,0.3333333333333333,0.8,1.1061267006554631
dl_jacobian_lossrank,nonlinear,31,0.25,0.9,1.1894113307641436
dl_jacobian_lossrank,nonlinear,32,0.25,0.9,1.176216552111831
dl_jacobian_lossrank,nonlinear,33,0.25,0.9,1.1469302599826068
dl_jacobian_lossrank,nonlinear,34,0.25,0.9,1.1632330784596407
dl_jacobian_lossrank,nonlinear,35,0.16666666666666666,1.0,1.2858106721948732
dl_jacobian_lossrank,nonlinear,36,0.3333333333333333,0.8,1.0458065557908116
dl_jacobian_lossrank,nonlinear,37,0.5833333333333334,0.5,1.4914938504013804
dl_jacobian_lossrank,nonlinear,38,0.25,0.9,1.420264841617542
dl_jacobian_lossrank,nonlinear,39,0.3333333333333333,0.8,1.1220305258156635
dl_jacobian_lossrank,nonlinear,40,0.4166666666666667,0.7,1.124667267986765
dl_jacobian_lossrank,nonlinear,41,0.16666666666666666,1.0,1.0615354106825692
dl_jacobian_lossrank,nonlinear,42,0.4166666666666667,0.7,1.1698057291317947
dl_jacobian_lossrank,nonlinear,43,0.25,0.9,1.183643768898746
dl_jacobian_lossrank,nonlinear,44,0.4166666666666667,0.7,1.248268092130928
dl_jacobian_lossrank,nonlinear,45,0.5833333333333334,0.5,1.185045181882707
dl_jacobian_lossrank,nonlinear,46,0.25,0.9,1.0929691415022296
dl_jacobian_lossrank,nonlinear,47,0.3333333333333333,0.8,1.0759635086145627
dl_jacobian_lossrank,nonlinear,48,0.3333333333333333,0.8,1.1676416612865996
dl_jacobian_lossrank,nonlinear,49,0.25,0.9,1.2381433210440498
dl_jacobian_lossrank,nonlinear,50,0.3333333333333333,0.8,1.0446806140015952
dl_jacobian_lossrank,nonlinear,51,0.16666666666666666,1.0,1.2646777870669608
dl_jacobian_lossrank,nonlinear,52,0.16666666666666666,1.0,1.0780895242347877
dl_jacobian_lossrank,nonlinear,53,0.3333333333333333,0.8,1.136821353389863
dl_jacobian_lossrank,nonlinear,54,0.25,0.9,1.700167836653927
dl_jacobian_lossrank,nonlinear,55,0.25,0.9,1.1883751574102008
dl_jacobian_lossrank,nonlinear,56,0.3333333333333333,0.8,1.3071796111058103
dl_jacobian_lossrank,nonlinear,57,0.25,0.9,1.1312149421482014
dl_jacobian_lossrank,nonlinear,58,0.3333333333333333,0.8,1.1337508910694256
dl_jacobian_lossrank,nonlinear,59,0.4166666666666667,0.7,1.1769984645356384
dl_jacobian_lossrank,nonlinear,60,0.4166666666666667,0.7,1.0652516383299493
dl_jacobian_lossrank,nonlinear,61,0.25,0.9,1.1369770603430214
dl_jacobian_lossrank,nonlinear,62,0.3333333333333333,0.8,1.2030699292244815
dl_jacobian_lossrank,nonlinear,63,0.4166666666666667,0.7,1.0971329589257905
dl_jacobian_lossrank,nonlinear,64,0.25,0.9,1.1574007581178754
dl_jacobian_lossrank,nonlinear,65,0.25,0.9,1.1924552381297782
dl_jacobian_lossrank,nonlinear,66,0.4166666666666667,0.7,1.2485034312346135
dl_jacobian_lossrank,nonlinear,67,0.16666666666666666,1.0,1.195750898515238
dl_jacobian_lossrank,nonlinear,68,0.25,0.9,1.0462423723341912
dl_jacobian_lossrank,nonlinear,69,0.25,0.9,1.1895488424935774
dl_jacobian_lossrank,nonlinear,70,0.5833333333333334,0.5,1.1891214270724506
dl_jacobian_lossrank,nonlinear,71,0.3333333333333333,0.8,1.1951803313864902
dl_jacobian_lossrank,nonlinear,72,0.4166666666666667,0.7,1.1656947987505342
dl_jacobian_lossrank,nonlinear,73,0.3333333333333333,0.8,1.2011465969903568
dl_jacobian_lossrank,nonlinear,74,0.25,0.9,1.1853510636564362
dl_jacobian_lossrank,nonlinear,75,0.3333333333333333,0.8,1.2539663557479026
dl_jacobian_lossrank,nonlinear,76,0.5,0.6,1.1431856935572333
dl_jacobian_lossrank,nonlinear,77,0.25,0.9,1.1893284016172794
dl_jacobian_lossrank,nonlinear,78,0.3333333333333333,0.8,1.0292792267240634
dl_jacobian_lossrank,nonlinear,79,0.3333333333333333,0.8,1.1666152740790192
dl_jacobian_lossrank,nonlinear,80,0.25,0.9,1.0987995150029364
dl_jacobian_lossrank,nonlinear,81,0.5,0.6,1.1857551300419622
dl_jacobian_lossrank,nonlinear,82,0.25,0.9,1.1104992333203876
dl_jacobian_lossrank,nonlinear,83,0.25,0.9,1.2454625891083546
dl_jacobian_lossrank,nonlinear,84,0.3333333333333333,0.8,1.0946921738598114
dl_jacobian_lossrank,nonlinear,85,0.3333333333333333,0.8,1.1004226408454802
dl_jacobian_lossrank,nonlinear,86,0.3333333333333333,0.8,1.088851878373518
dl_jacobian_lossrank,nonlinear,87,0.3333333333333333,0.8,1.1064399266445581
dl_jacobian_lossrank,nonlinear,88,0.4166666666666667,0.7,1.237499588653732
dl_jacobian_lossrank,nonlinear,89,0.5,0.6,1.1759031288937747
dl_jacobian_lossrank,nonlinear,90,0.5,0.6,1.4086384769388618
dl_jacobian_lossrank,nonlinear,91,0.25,0.9,1.152271823189214
dl_jacobian_lossrank,nonlinear,92,0.3333333333333333,0.8,1.176395001855808
dl_jacobian_lossrank,nonlinear,93,0.4166666666666667,0.7,1.0980919045820177
dl_jacobian_lossrank,nonlinear,94,0.3333333333333333,0.8,1.2821081839574624
dl_jacobian_lossrank,nonlinear,95,0.16666666666666666,1.0,1.136802885531862
dl_jacobian_lossrank,nonlinear,96,0.4166666666666667,0.7,1.1300383143081654
dl_jacobian_lossrank,nonlinear,97,0.4166666666666667,0.7,1.1364272424070812
dl_jacobian_lossrank,nonlinear,98,0.4166666666666667,0.7,1.5379840468945067
dl_jacobian_lossrank,nonlinear,99,0.4166666666666667,0.7,1.36959145579826
dl_jacobian_lossrank,nonlinear_panel,0,0.3333333333333333,0.8,1.1462148659345655
dl_jacobian_lossrank,nonlinear_panel,1,0.25,0.9,1.1358454864129646
dl_jacobian_lossrank,nonlinear_panel,2,0.5,0.6,1.164941491729432
dl_jacobian_lossrank,nonlinear_panel,3,0.25,0.9,1.2314350871879693
dl_jacobian_lossrank,nonlinear_panel,4,0.4166666666666667,0.7,1.1619247257891254
dl_jacobian_lossrank,nonlinear_panel,5,0.16666666666666666,1.0,1.1784574927703995
dl_jacobian_lossrank,nonlinear_panel,6,0.3333333333333333,0.8,1.2400270729216147
dl_jacobian_lossrank,nonlinear_panel,7,0.25,0.9,1.1511567223692913
dl_jacobian_lossrank,nonlinear_panel,8,0.25,0.9,1.512320239539188
dl_jacobian_lossrank,nonlinear_panel,9,0.3333333333333333,0.8,1.1507220132894718
dl_jacobian_lossrank,nonlinear_panel,10,0.16666666666666666,1.0,1.2952537395233874
dl_jacobian_lossrank,nonlinear_panel,11,0.3333333333333333,0.8,1.0743454507311183
dl_jacobian_lossrank,nonlinear_panel,12,0.3333333333333333,0.8,1.04011969605897
dl_jacobian_lossrank,nonlinear_panel,13,0.3333333333333333,0.8,1.2284793661482096
dl_jacobian_lossrank,nonlinear_panel,14,0.3333333333333333,0.8,1.2044457457188489
dl_jacobian_lossrank,nonlinear_panel,15,0.5,0.6,1.1230930520913989
dl_jacobian_lossrank,nonlinear_panel,16,0.5833333333333334,0.5,1.166191420054034
dl_jacobian_lossrank,nonlinear_panel,17,0.4166666666666667,0.7,1.1743083907200629
dl_jacobian_lossrank,nonlinear_panel,18,0.4166666666666667,0.7,1.1482724128339274
dl_jacobian_lossrank,nonlinear_panel,19,0.25,0.9,1.1500171381079314
dl_jacobian_lossrank,nonlinear_panel,20,0.25,0.9,1.2254000188842051
dl_jacobian_lossrank,nonlinear_panel,21,0.25,0.9,1.1949527979149874
dl_jacobian_lossrank,nonlinear_panel,22,0.3333333333333333,0.8,1.587927240839018
dl_jacobian_lossrank,nonlinear_panel,23,0.25,0.9,1.0951746620898937
dl_jacobian_lossrank,nonlinear_panel,24,0.25,0.9,1.079957783981511
dl_jacobian_lossrank,nonlinear_panel,25,0.25,0.9,1.2565864903320023
dl_jacobian_lossrank,nonlinear_panel,26,0.25,0.9,1.1628660080255946
dl_jacobian_lossrank,nonlinear_panel,27,0.3333333333333333,0.8,1.3261954712248623
dl_jacobian_lossrank,nonlinear_panel,28,0.16666666666666666,1.0,1.0325416082176264
dl_jacobian_lossrank,nonlinear_panel,29,0.4166666666666667,0.7,1.1238777109109879
dl_jacobian_lossrank,nonlinear_panel,30,0.4166666666666667,0.7,1.3119142989053414
dl_jacobian_lossrank,nonlinear_panel,31,0.25,0.9,1.0355153981071605
dl_jacobian_lossrank,nonlinear_panel,32,0.4166666666666667,0.7,1.0142244197685184
dl_jacobian_lossrank,nonlinear_panel,33,0.3333333333333333,0.8,1.179920494658373
dl_jacobian_lossrank,nonlinear_panel,34,0.16666666666666666,1.0,1.0187772049197994
dl_jacobian_lossrank,nonlinear_panel,35,0.25,0.9,1.049847335411718
dl_jacobian_lossrank,nonlinear_panel,36,0.3333333333333333,0.8,1.1504673386219022
dl_jacobian_lossrank,nonlinear_panel,37,0.4166666666666667,0.7,0.9956564017027743
dl_jacobian_lossrank,nonlinear_panel,38,0.3333333333333333,0.8,1.1920596650590023
dl_jacobian_lossrank,nonlinear_panel,39,0.16666666666666666,1.0,1.1711691256334364
dl_jacobian_lossrank,nonlinear_panel,40,0.25,0.9,1.1864279075940192
dl_jacobian_lossrank,nonlinear_panel,41,0.3333333333333333,0.8,1.107385785236966
dl_jacobian_lossrank,nonlinear_panel,42,0.3333333333333333,0.8,1.0918252847116918
dl_jacobian_lossrank,nonlinear_panel,43,0.4166666666666667,0.7,1.0833263981119705
dl_jacobian_lossrank,nonlinear_panel,44,0.4166666666666667,0.7,1.2287013284060273
dl_jacobian_lossrank,nonlinear_panel,45,0.3333333333333333,0.8,1.0859626036236831
dl_jacobian_lossrank,nonlinear_panel,46,0.4166666666666667,0.7,1.0958825353301538
dl_jacobian_lossrank,nonlinear_panel,47,0.4166666666666667,0.7,1.1778470146406623
dl_jacobian_lossrank,nonlinear_panel,48,0.3333333333333333,0.8,1.136031198424509
dl_jacobian_lossrank,nonlinear_panel,49,0.3333333333333333,0.8,1.1303223195495442
dl_jacobian_lossrank,nonlinear_panel,50,0.3333333333333333,0.8,1.0181161041080304
dl_jacobian_lossrank,nonlinear_panel,51,0.3333333333333333,0.8,1.0544303441963705
dl_jacobian_lossrank,nonlinear_panel,52,0.3333333333333333,0.8,1.3684668205745179
dl_jacobian_lossrank,nonlinear_panel,53,0.4166666666666667,0.7,1.1127479305165193
dl_jacobian_lossrank,nonlinear_panel,54,0.3333333333333333,0.8,1.1034334045303853
dl_jacobian_lossrank,nonlinear_panel,55,0.3333333333333333,0.8,1.1465853130028112
dl_jacobian_lossrank,nonlinear_panel,56,0.16666666666666666,1.0,1.3427552506639775
dl_jacobian_lossrank,nonlinear_panel,57,0.5,0.6,1.0537603461448661
dl_jacobian_lossrank,nonlinear_panel,58,0.3333333333333333,0.8,1.1823663485098193
dl_jacobian_lossrank,nonlinear_panel,59,0.25,0.9,1.0462119359580786
dl_jacobian_lossrank,nonlinear_panel,60,0.25,0.9,1.1882846805102463
dl_jacobian_lossrank,nonlinear_panel,61,0.25,0.9,1.104131461255987
dl_jacobian_lossrank,nonlinear_panel,62,0.3333333333333333,0.8,1.0479976719504214
dl_jacobian_lossrank,nonlinear_panel,63,0.25,0.9,1.2168007766911269
dl_jacobian_lossrank,nonlinear_panel,64,0.3333333333333333,0.8,1.0136225875369689
dl_jacobian_lossrank,nonlinear_panel,65,0.3333333333333333,0.8,1.0884711034323442
dl_jacobian_lossrank,nonlinear_panel,66,0.3333333333333333,0.8,1.2849724241551403
dl_jacobian_lossrank,nonlinear_panel,67,0.3333333333333333,0.8,1.1568196035390654
dl_jacobian_lossrank,nonlinear_panel,68,0.25,0.9,1.100553501974309
dl_jacobian_lossrank,nonlinear_panel,69,0.3333333333333333,0.8,1.1910767938167892
dl_jacobian_lossrank,nonlinear_panel,70,0.25,0.9,1.0541504333143112
dl_jacobian_lossrank,nonlinear_panel,71,0.3333333333333333,0.8,1.0883412719692789
dl_jacobian_lossrank,nonlinear_panel,72,0.3333333333333333,0.8,1.2034485391943621
dl_jacobian_lossrank,nonlinear_panel,73,0.25,0.9,1.20212601350812
dl_jacobian_lossrank,nonlinear_panel,74,0.16666666666666666,1.0,1.1312802642529398
dl_jacobian_lossrank,nonlinear_panel,75,0.25,0.9,1.1503464994146384
dl_jacobian_lossrank,nonlinear_panel,76,0.25,0.9,1.0710042376694917
dl_jacobian_lossrank,nonlinear_panel,77,0.3333333333333333,0.8,1.0403610744384835
dl_jacobian_lossrank,nonlinear_panel,78,0.3333333333333333,0.8,1.1852724398006402
dl_jacobian_lossrank,nonlinear_panel,79,0.5,0.6,1.2106842317021873
dl_jacobian_lossrank,nonlinear_panel,80,0.16666666666666666,1.0,1.0810298369813136
dl_jacobian_lossrank,nonlinear_panel,81,0.3333333333333333,0.8,1.2519253932057877
dl_jacobian_lossrank,nonlinear_panel,82,0.3333333333333333,0.8,1.1095274910019752
dl_jacobian_lossrank,nonlinear_panel,83,0.25,0.9,1.108232187067991
dl_jacobian_lossrank,nonlinear_panel,84,0.4166666666666667,0.7,1.1191369411000955
dl_jacobian_lossrank,nonlinear_panel,85,0.3333333333333333,0.8,1.0307704125925898
dl_jacobian_lossrank,nonlinear_panel,86,0.5833333333333334,0.5,1.232894741961104
dl_jacobian_lossrank,nonlinear_panel,87,0.4166666666666667,0.7,1.0553755141461634
dl_jacobian_lossrank,nonlinear_panel,88,0.25,0.9,1.1294112980449191
dl_jacobian_lossrank,nonlinear_panel,89,0.25,0.9,1.0064572738729731
dl_jacobian_lossrank,nonlinear_panel,90,0.3333333333333333,0.8,1.2600136845369028
dl_jacobian_lossrank,nonlinear_panel,91,0.3333333333333333,0.8,1.0885963178215445
dl_jacobian_lossrank,nonlinear_panel,92,0.4166666666666667,0.7,1.09858552196861
dl_jacobian_lossrank,nonlinear_panel,93,0.25,0.9,1.2094511083272335
dl_jacobian_lossrank,nonlinear_panel,94,0.4166666666666667,0.7,1.1802298618487228
dl_jacobian_lossrank,nonlinear_panel,95,0.3333333333333333,0.8,1.097607726312177
dl_jacobian_lossrank,nonlinear_panel,96,0.3333333333333333,0.8,1.111557326552886
dl_jacobian_lossrank,nonlinear_panel,97,0.16666666666666666,1.0,1.1348319945538063
dl_jacobian_lossrank,nonlinear_panel,98,0.25,0.9,1.162749101861886
dl_jacobian_lossrank,nonlinear_panel,99,0.3333333333333333,0.8,1.097939208325701
dl_score_only,linear_sparse,0,0.5833333333333334,1.0,0.6371772664104569
dl_score_only,linear_sparse,1,0.5833333333333334,1.0,0.6258849329612914
dl_score_only,linear_sparse,2,0.5833333333333334,1.0,0.6463267897340823
dl_score_only,linear_sparse,3,0.5833333333333334,1.0,0.5880937936783791
dl_score_only,linear_sparse,4,0.5833333333333334,1.0,0.610546336444708
dl_score_only,linear_sparse,5,0.5833333333333334,1.0,0.6777464390753293
dl_score_only,linear_sparse,6,0.5833333333333334,1.0,0.6051455841062423
dl_score_only,linear_sparse,7,0.5833333333333334,1.0,0.6637447180931337
dl_score_only,linear_sparse,8,0.5833333333333334,1.0,0.6108600894495664
dl_score_only,linear_sparse,9,0.5833333333333334,1.0,0.6547828629059101
dl_score_only,linear_sparse,10,0.5833333333333334,1.0,0.6632858589380562
dl_score_only,linear_sparse,11,0.5833333333333334,1.0,0.5754124478606731
dl_score_only,linear_sparse,12,0.5833333333333334,1.0,0.6562977535449704
dl_score_only,linear_sparse,13,0.5833333333333334,1.0,0.6489345310405314
dl_score_only,linear_sparse,14,0.5833333333333334,1.0,0.6505780107540936
dl_score_only,linear_sparse,15,0.5833333333333334,1.0,0.6546798143348782
dl_score_only,linear_sparse,16,0.5833333333333334,1.0,0.6492504495721086
dl_score_only,linear_sparse,17,0.5833333333333334,1.0,0.6570140133325628
dl_score_only,linear_sparse,18,0.5833333333333334,1.0,0.6232682603443593
dl_score_only,linear_sparse,19,0.5833333333333334,1.0,0.577858683663779
dl_score_only,linear_sparse,20,0.5833333333333334,1.0,0.5936357552939167
dl_score_only,linear_sparse,21,0.5833333333333334,1.0,0.6065137693578315
dl_score_only,linear_sparse,22,0.5833333333333334,1.0,0.6275791356665285
dl_score_only,linear_sparse,23,0.5833333333333334,1.0,0.6550500754106683
dl_score_only,linear_sparse,24,0.5833333333333334,1.0,0.6379804558570894
dl_score_only,linear_sparse,25,0.5833333333333334,1.0,0.6754447890995859
dl_score_only,linear_sparse,26,0.5833333333333334,1.0,0.6242325657909502
dl_score_only,linear_sparse,27,0.5833333333333334,1.0,0.690176335493254
dl_score_only,linear_sparse,28,0.5833333333333334,1.0,0.6169471685896425
dl_score_only,linear_sparse,29,0.5833333333333334,1.0,0.6702728217863901
dl_score_only,linear_sparse,30,0.5833333333333334,1.0,0.6712728601125972
dl_score_only,linear_sparse,31,0.5833333333333334,1.0,0.6505862126923824
dl_score_only,linear_sparse,32,0.5833333333333334,1.0,0.6626583417958586
dl_score_only,linear_sparse,33,0.5833333333333334,1.0,0.6140447337987353
dl_score_only,linear_sparse,34,0.5833333333333334,1.0,0.6767833019307619
dl_score_only,linear_sparse,35,0.5833333333333334,1.0,0.5916752069605922
dl_score_only,linear_sparse,36,0.5833333333333334,1.0,0.661766171879925
dl_score_only,linear_sparse,37,0.5833333333333334,1.0,0.5865764221106123
dl_score_only,linear_sparse,38,0.5833333333333334,1.0,0.6390691602819898
dl_score_only,linear_sparse,39,0.5833333333333334,1.0,0.7105214060078053
dl_score_only,linear_sparse,40,0.5833333333333334,1.0,0.6398190872316548
dl_score_only,linear_sparse,41,0.5833333333333334,1.0,0.6614972053535444
dl_score_only,linear_sparse,42,0.5833333333333334,1.0,0.6374814029882939
dl_score_only,linear_sparse,43,0.5833333333333334,1.0,0.633239712991116
dl_score_only,linear_sparse,44,0.5833333333333334,1.0,0.6250818044638012
dl_score_only,linear_sparse,45,0.5833333333333334,1.0,0.654867858375196
dl_score_only,linear_sparse,46,0.5833333333333334,1.0,0.6045820672302611
dl_score_only,linear_sparse,47,0.5833333333333334,1.0,0.6002052512995749
dl_score_only,linear_sparse,48,0.5833333333333334,1.0,0.6089646949351288
dl_score_only,linear_sparse,49,0.5833333333333334,1.0,0.6145659799456129
dl_score_only,linear_sparse,50,0.5833333333333334,1.0,0.6332463446737447
dl_score_only,linear_sparse,51,0.5833333333333334,1.0,0.647462023740918
dl_score_only,linear_sparse,52,0.5833333333333334,1.0,0.5989322514896682
dl_score_only,linear_sparse,53,0.5833333333333334,1.0,0.6301112929168392
dl_score_only,linear_sparse,54,0.5833333333333334,1.0,0.6915175769708749
dl_score_only,linear_sparse,55,0.5833333333333334,1.0,0.6848795734910561
dl_score_only,linear_sparse,56,0.5833333333333334,1.0,0.6507047540790666
dl_score_only,linear_sparse,57,0.5833333333333334,1.0,0.5942565078097625
dl_score_only,linear_sparse,58,0.5833333333333334,1.0,0.6235934060154694
dl_score_only,linear_sparse,59,0.5833333333333334,1.0,0.6399351755010845
dl_score_only,linear_sparse,60,0.5833333333333334,1.0,0.7497483520212359
dl_score_only,linear_sparse,61,0.5833333333333334,1.0,0.6433720385483858
dl_score_only,linear_sparse,62,0.5833333333333334,1.0,0.631776196873149
dl_score_only,linear_sparse,63,0.5833333333333334,1.0,0.7239081249539498
dl_score_only,linear_sparse,64,0.5833333333333334,1.0,0.6765396298200136
dl_score_only,linear_sparse,65,0.5833333333333334,1.0,0.6102915450947717
dl_score_only,linear_sparse,66,0.5833333333333334,1.0,0.6415561175311423
dl_score_only,linear_sparse,67,0.5833333333333334,1.0,0.6398798146287309
dl_score_only,linear_sparse,68,0.5833333333333334,1.0,0.6392877391755567
dl_score_only,linear_sparse,69,0.5833333333333334,1.0,0.6698754848824278
dl_score_only,linear_sparse,70,0.5833333333333334,1.0,0.7256579354475488
dl_score_only,linear_sparse,71,0.5833333333333334,1.0,0.6414959086630236
dl_score_only,linear_sparse,72,0.5833333333333334,1.0,0.6475340886660437
dl_score_only,linear_sparse,73,0.5833333333333334,1.0,0.6657536608233724
dl_score_only,linear_sparse,74,0.5833333333333334,1.0,0.5991942112562434
dl_score_only,linear_sparse,75,0.5833333333333334,1.0,0.6065384020517678
dl_score_only,linear_sparse,76,0.5833333333333334,1.0,0.6155888642145633
dl_score_only,linear_sparse,77,0.5833333333333334,1.0,0.6179924925698521
dl_score_only,linear_sparse,78,0.5833333333333334,1.0,0.6706107581681919
dl_score_only,linear_sparse,79,0.5833333333333334,1.0,0.6282795828503918
dl_score_only,linear_sparse,80,0.5833333333333334,1.0,0.5911111941800924
dl_score_only,linear_sparse,81,0.5833333333333334,1.0,0.6622672073045923
dl_score_only,linear_sparse,82,0.5833333333333334,1.0,0.6365913491943506
dl_score_only,linear_sparse,83,0.5833333333333334,1.0,0.6291038231738453
dl_score_only,linear_sparse,84,0.5833333333333334,1.0,0.6257271378974953
dl_score_only,linear_sparse,85,0.5833333333333334,1.0,0.6353279944673413
dl_score_only,linear_sparse,86,0.5833333333333334,1.0,0.6130774882096085
dl_score_only,linear_sparse,87,0.5833333333333334,1.0,0.6828123600864299
dl_score_only,linear_sparse,88,0.5833333333333334,1.0,0.6590038719709288
dl_score_only,linear_sparse,89,0.5833333333333334,1.0,0.6003033310300455
dl_score_only,linear_sparse,90,0.5833333333333334,1.0,0.6387778333519881
dl_score_only,linear_sparse,91,0.5833333333333334,1.0,0.6620663053251005
dl_score_only,linear_sparse,92,0.5833333333333334,1.0,0.6024356482498229
dl_score_only,linear_sparse,93,0.5833333333333334,1.0,0.5919130630727626
dl_score_only,linear_sparse,94,0.5833333333333334,1.0,0.6057383167559983
dl_score_only,linear_sparse,95,0.5833333333333334,1.0,0.6401316727415869
dl_score_only,linear_sparse,96,0.5833333333333334,1.0,0.6249742298497756
dl_score_only,linear_sparse,97,0.5833333333333334,1.0,0.5994674964395854
dl_score_only,linear_sparse,98,0.5833333333333334,1.0,0.5967419498561494
dl_score_only,linear_sparse,99,0.5833333333333334,1.0,0.6310461322939529
dl_score_only,linear_medium,0,0.16666666666666666,1.0,1.1038889250076371
dl_score_only,linear_medium,1,0.16666666666666666,1.0,1.0485379782420485
dl_score_only,linear_medium,2,0.16666666666666666,1.0,1.0459723372994423
dl_score_only,linear_medium,3,0.16666666666666666,1.0,1.1185897722667215
dl_score_only,linear_medium,4,0.16666666666666666,1.0,1.1064512190640856
dl_score_only,linear_medium,5,0.16666666666666666,1.0,1.0943021204654173
dl_score_only,linear_medium,6,0.16666666666666666,1.0,1.1013765611178605
dl_score_only,linear_medium,7,0.16666666666666666,1.0,1.0659023405074453
dl_score_only,linear_medium,8,0.16666666666666666,1.0,1.095397480594717
dl_score_only,linear_medium,9,0.16666666666666666,1.0,1.029743843692904
dl_score_only,linear_medium,10,0.16666666666666666,1.0,1.0855672305204227
dl_score_only,linear_medium,11,0.25,0.9,1.0471737575394762
dl_score_only,linear_medium,12,0.16666666666666666,1.0,1.0442379200823062
dl_score_only,linear_medium,13,0.16666666666666666,1.0,1.013197761114519
dl_score_only,linear_medium,14,0.16666666666666666,1.0,1.0477346540513424
dl_score_only,linear_medium,15,0.16666666666666666,1.0,1.0234770146816716
dl_score_only,linear_medium,16,0.16666666666666666,1.0,1.128161341834747
dl_score_only,linear_medium,17,0.16666666666666666,1.0,1.0638581252974104
dl_score_only,linear_medium,18,0.16666666666666666,1.0,1.0640772586363472
dl_score_only,linear_medium,19,0.25,0.9,1.0540851225806132
dl_score_only,linear_medium,20,0.16666666666666666,1.0,1.149782200195667
dl_score_only,linear_medium,21,0.16666666666666666,1.0,1.068669478282733
dl_score_only,linear_medium,22,0.16666666666666666,1.0,1.0566242687118155
dl_score_only,linear_medium,23,0.16666666666666666,1.0,1.0538625241681323
dl_score_only,linear_medium,24,0.16666666666666666,1.0,0.999661293081327
dl_score_only,linear_medium,25,0.16666666666666666,1.0,1.1224301269917771
dl_score_only,linear_medium,26,0.16666666666666666,1.0,1.0174507219921054
dl_score_only,linear_medium,27,0.16666666666666666,1.0,1.0027835729985881
dl_score_only,linear_medium,28,0.16666666666666666,1.0,1.0268717993379073
dl_score_only,linear_medium,29,0.16666666666666666,1.0,1.0426154051829406
dl_score_only,linear_medium,30,0.16666666666666666,1.0,1.1045329715313315
dl_score_only,linear_medium,31,0.16666666666666666,1.0,1.1121249749198385
dl_score_only,linear_medium,32,0.16666666666666666,1.0,1.0775062916584188
dl_score_only,linear_medium,33,0.16666666666666666,1.0,1.0488273381015927
dl_score_only,linear_medium,34,0.16666666666666666,1.0,1.0553899488577085
dl_score_only,linear_medium,35,0.16666666666666666,1.0,1.0612913708927751
dl_score_only,linear_medium,36,0.16666666666666666,1.0,1.0764806236294158
dl_score_only,linear_medium,37,0.16666666666666666,1.0,1.0753519282840662
dl_score_only,linear_medium,38,0.16666666666666666,1.0,1.072039989676103
dl_score_only,linear_medium,39,0.16666666666666666,1.0,1.0354398787771395
dl_score_only,linear_medium,40,0.16666666666666666,1.0,1.0708867084425522
dl_score_only,linear_medium,41,0.16666666666666666,1.0,1.0812188059603027
dl_score_only,linear_medium,42,0.16666666666666666,1.0,1.041392822473725
dl_score_only,linear_medium,43,0.16666666666666666,1.0,1.026244608126486
dl_score_only,linear_medium,44,0.16666666666666666,1.0,0.9610421958217202
dl_score_only,linear_medium,45,0.16666666666666666,1.0,1.1058465005185774
dl_score_only,linear_medium,46,0.16666666666666666,1.0,1.1513041403177244
dl_score_only,linear_medium,47,0.16666666666666666,1.0,1.069088356873584
dl_score_only,linear_medium,48,0.16666666666666666,1.0,1.1284929719201968
dl_score_only,linear_medium,49,0.25,0.9,1.0355044254350114
dl_score_only,linear_medium,50,0.16666666666666666,1.0,1.0352874207071332
dl_score_only,linear_medium,51,0.16666666666666666,1.0,1.0667561361387248
dl_score_only,linear_medium,52,0.16666666666666666,1.0,1.1188106105071782
dl_score_only,linear_medium,53,0.16666666666666666,1.0,1.0886708763756563
dl_score_only,linear_medium,54,0.16666666666666666,1.0,1.0390113492268054
dl_score_only,linear_medium,55,0.16666666666666666,1.0,1.0925996342835573
dl_score_only,linear_medium,56,0.16666666666666666,1.0,1.1066443540735862
dl_score_only,linear_medium,57,0.16666666666666666,1.0,1.1042688755054502
dl_score_only,linear_medium,58,0.16666666666666666,1.0,1.0587431488567232
dl_score_only,linear_medium,59,0.16666666666666666,1.0,1.0667778916787214
dl_score_only,linear_medium,60,0.16666666666666666,1.0,1.0410123458181662
dl_score_only,linear_medium,61,0.16666666666666666,1.0,1.084484698052639
dl_score_only,linear_medium,62,0.16666666666666666,1.0,1.0892217366587167
dl_score_only,linear_medium,63,0.16666666666666666,1.0,1.0866149678915
dl_score_only,linear_medium,64,0.16666666666666666,1.0,1.1284343857021673
dl_score_only,linear_medium,65,0.16666666666666666,1.0,1.0559178206205084
dl_score_only,linear_medium,66,0.16666666666666666,1.0,1.1068694610201104
dl_score_only,linear_medium,67,0.16666666666666666,1.0,1.1254075082789052
dl_score_only,linear_medium,68,0.16666666666666666,1.0,1.0669851718166723
dl_score_only,linear_medium,69,0.16666666666666666,1.0,1.0733094392465874
dl_score_only,linear_medium,70,0.16666666666666666,1.0,1.0998707998462713
dl_score_only,linear_medium,71,0.16666666666666666,1.0,0.9851452308317425
dl_score_only,linear_medium,72,0.16666666666666666,1.0,1.167239619664479
dl_score_only,linear_medium,73,0.16666666666666666,1.0,1.0737336560224082
dl_score_only,linear_medium,74,0.16666666666666666,1.0,1.03275122969571
dl_score_only,linear_medium,75,0.16666666666666666,1.0,1.1320589577536968
dl_score_only,linear_medium,76,0.16666666666666666,1.0,1.0960891194919935
dl_score_only,linear_medium,77,0.16666666666666666,1.0,1.0678604881867586
dl_score_only,linear_medium,78,0.16666666666666666,1.0,1.0927701261479141
dl_score_only,linear_medium,79,0.16666666666666666,1.0,1.152439272563802
dl_score_only,linear_medium,80,0.16666666666666666,1.0,1.0558109693666726
dl_score_only,linear_medium,81,0.16666666666666666,1.0,1.1242420213741218
dl_score_only,linear_medium,82,0.16666666666666666,1.0,1.1023827548492209
dl_score_only,linear_medium,83,0.16666666666666666,1.0,1.0438929025058108
dl_score_only,linear_medium,84,0.16666666666666666,1.0,1.0998965651730443
dl_score_only,linear_medium,85,0.16666666666666666,1.0,1.1503164372249637
dl_score_only,linear_medium,86,0.16666666666666666,1.0,1.0711634289756968
dl_score_only,linear_medium,87,0.16666666666666666,1.0,1.0335432895231798
dl_score_only,linear_medium,88,0.16666666666666666,1.0,1.0419159352421403
dl_score_only,linear_medium,89,0.16666666666666666,1.0,1.1294141608850223
dl_score_only,linear_medium,90,0.16666666666666666,1.0,1.0224062088954315
dl_score_only,linear_medium,91,0.16666666666666666,1.0,1.0187343165344669
dl_score_only,linear_medium,92,0.16666666666666666,1.0,1.1206189984792767
dl_score_only,linear_medium,93,0.16666666666666666,1.0,1.0385285189211118
dl_score_only,linear_medium,94,0.25,0.9,1.023455501409645
dl_score_only,linear_medium,95,0.16666666666666666,1.0,1.0575073917766737
dl_score_only,linear_medium,96,0.16666666666666666,1.0,1.0188941058263303
dl_score_only,linear_medium,97,0.16666666666666666,1.0,1.1034596706929183
dl_score_only,linear_medium,98,0.16666666666666666,1.0,1.0527484268845881
dl_score_only,linear_medium,99,0.16666666666666666,1.0,1.0773288979083595
dl_score_only,linear_weak,0,0.3333333333333333,0.8,1.9662871497269194
dl_score_only,linear_weak,1,0.25,0.9,1.9171049471043806
dl_score_only,linear_weak,2,0.16666666666666666,1.0,1.8807728286890697
dl_score_only,linear_weak,3,0.3333333333333333,0.8,1.9205288406769219
dl_score_only,linear_weak,4,0.4166666666666667,0.7,1.9487620290072016
dl_score_only,linear_weak,5,0.25,0.9,1.7982075337909569
dl_score_only,linear_weak,6,0.25,0.9,1.9314595520356321
dl_score_only,linear_weak,7,0.16666666666666666,1.0,1.9315776643574656
dl_score_only,linear_weak,8,0.16666666666666666,1.0,1.9165904833548413
dl_score_only,linear_weak,9,0.25,0.9,1.8082361221492242
dl_score_only,linear_weak,10,0.16666666666666666,1.0,1.8851335336956205
dl_score_only,linear_weak,11,0.3333333333333333,0.8,1.7929091323306758
dl_score_only,linear_weak,12,0.16666666666666666,1.0,1.7602738704377672
dl_score_only,linear_weak,13,0.16666666666666666,1.0,1.8638211346064957
dl_score_only,linear_weak,14,0.25,0.9,1.8576130374680708
dl_score_only,linear_weak,15,0.16666666666666666,1.0,1.6881051866327743
dl_score_only,linear_weak,16,0.25,0.9,1.9441913450405655
dl_score_only,linear_weak,17,0.16666666666666666,1.0,1.9340100317998605
dl_score_only,linear_weak,18,0.25,0.9,1.9811844018632503
dl_score_only,linear_weak,19,0.16666666666666666,1.0,1.8966131944187958
dl_score_only,linear_weak,20,0.3333333333333333,0.8,1.8307378645378827
dl_score_only,linear_weak,21,0.3333333333333333,0.8,1.915501010492464
dl_score_only,linear_weak,22,0.25,0.9,1.9116711639954007
dl_score_only,linear_weak,23,0.25,0.9,1.8577145971691384
dl_score_only,linear_weak,24,0.25,0.9,1.8393973534711427
dl_score_only,linear_weak,25,0.25,0.9,1.8353523210578262
dl_score_only,linear_weak,26,0.16666666666666666,1.0,1.798258714644064
dl_score_only,linear_weak,27,0.16666666666666666,1.0,1.8877790369556526
dl_score_only,linear_weak,28,0.16666666666666666,1.0,1.828582948316508
dl_score_only,linear_weak,29,0.25,0.9,1.8989227024350814
dl_score_only,linear_weak,30,0.3333333333333333,0.8,1.9299375732873596
dl_score_only,linear_weak,31,0.16666666666666666,1.0,1.8652478839937698
dl_score_only,linear_weak,32,0.16666666666666666,1.0,1.8625062442595983
dl_score_only,linear_weak,33,0.16666666666666666,1.0,1.7488888924079478
dl_score_only,linear_weak,34,0.25,0.9,1.8297599793148187
dl_score_only,linear_weak,35,0.3333333333333333,0.8,1.8684546759332208
dl_score_only,linear_weak,36,0.25,0.9,1.9233158489774131
dl_score_only,linear_weak,37,0.25,0.9,2.0109771982716955
dl_score_only,linear_weak,38,0.16666666666666666,1.0,1.9186207657872998
dl_score_only,linear_weak,39,0.25,0.9,1.9044045096138584
dl_score_only,linear_weak,40,0.25,0.9,1.9230583745301433
dl_score_only,linear_weak,41,0.25,0.9,1.880185491595736
dl_score_only,linear_weak,42,0.16666666666666666,1.0,1.9725563607889616
dl_score_only,linear_weak,43,0.16666666666666666,1.0,1.9278572530599023
dl_score_only,linear_weak,44,0.25,0.9,2.0732601875209813
dl_score_only,linear_weak,45,0.16666666666666666,1.0,2.058844032236436
dl_score_only,linear_weak,46,0.3333333333333333,0.8,1.8905022283094826
dl_score_only,linear_weak,47,0.25,0.9,1.852874228488003
dl_score_only,linear_weak,48,0.25,0.9,1.8228242941310986
dl_score_only,linear_weak,49,0.25,0.9,1.9223071273198862
dl_score_only,linear_weak,50,0.3333333333333333,0.8,1.977089940206676
dl_score_only,linear_weak,51,0.16666666666666666,1.0,1.8030118632201295
dl_score_only,linear_weak,52,0.16666666666666666,1.0,1.7988338804762245
dl_score_only,linear_weak,53,0.25,0.9,1.9596245745910024
dl_score_only,linear_weak,54,0.16666666666666666,1.0,1.853055050587417
dl_score_only,linear_weak,55,0.25,0.9,1.9019541183821367
dl_score_only,linear_weak,56,0.25,0.9,1.87446401445972
dl_score_only,linear_weak,57,0.25,0.9,1.89754417801994
dl_score_only,linear_weak,58,0.3333333333333333,0.8,1.7150340692706758
dl_score_only,linear_weak,59,0.25,0.9,1.934771748723769
dl_score_only,linear_weak,60,0.4166666666666667,0.7,1.8049894180295742
dl_score_only,linear_weak,61,0.25,0.9,1.9750088800437002
dl_score_only,linear_weak,62,0.25,0.9,1.9433782520125238
dl_score_only,linear_weak,63,0.25,0.9,1.9538488215302257
dl_score_only,linear_weak,64,0.3333333333333333,0.8,1.996615528133978
dl_score_only,linear_weak,65,0.25,0.9,1.949988519772222
dl_score_only,linear_weak,66,0.3333333333333333,0.8,2.005911589880444
dl_score_only,linear_weak,67,0.25,0.9,1.8655375251479034
dl_score_only,linear_weak,68,0.25,0.9,1.8102779771345205
dl_score_only,linear_weak,69,0.16666666666666666,1.0,1.9082262260710336
dl_score_only,linear_weak,70,0.16666666666666666,1.0,1.8883277409565384
dl_score_only,linear_weak,71,0.25,0.9,1.9214489614068202
dl_score_only,linear_weak,72,0.16666666666666666,1.0,1.8313462366202027
dl_score_only,linear_weak,73,0.25,0.9,1.9306366528062637
dl_score_only,linear_weak,74,0.16666666666666666,1.0,1.9516998623684432
dl_score_only,linear_weak,75,0.25,0.9,1.9426577269748817
dl_score_only,linear_weak,76,0.3333333333333333,0.8,1.859454233138923
dl_score_only,linear_weak,77,0.16666666666666666,1.0,1.8156775107931815
dl_score_only,linear_weak,78,0.25,0.9,1.909648783574932
dl_score_only,linear_weak,79,0.25,0.9,1.822382009723214
dl_score_only,linear_weak,80,0.4166666666666667,0.7,1.9132748405143607
dl_score_only,linear_weak,81,0.16666666666666666,1.0,1.954419170824424
dl_score_only,linear_weak,82,0.3333333333333333,0.8,1.8420498752346317
dl_score_only,linear_weak,83,0.25,0.9,1.9128799033771653
dl_score_only,linear_weak,84,0.3333333333333333,0.8,1.8737170912242367
dl_score_only,linear_weak,85,0.25,0.9,1.8669232450943762
dl_score_only,linear_weak,86,0.3333333333333333,0.8,1.8983667554179444
dl_score_only,linear_weak,87,0.3333333333333333,0.8,1.9283603527781135
dl_score_only,linear_weak,88,0.4166666666666667,0.7,1.9288368202014408
dl_score_only,linear_weak,89,0.16666666666666666,1.0,1.8057132538246927
dl_score_only,linear_weak,90,0.16666666666666666,1.0,1.7536863563660399
dl_score_only,linear_weak,91,0.25,0.9,1.884590330196438
dl_score_only,linear_weak,92,0.25,0.9,1.9037821427422328
dl_score_only,linear_weak,93,0.16666666666666666,1.0,1.7684940911097955
dl_score_only,linear_weak,94,0.25,0.9,1.9391422450756082
dl_score_only,linear_weak,95,0.3333333333333333,0.8,1.9344752824625109
dl_score_only,linear_weak,96,0.25,0.9,1.8745939925271367
dl_score_only,linear_weak,97,0.25,0.9,1.794309036254663
dl_score_only,linear_weak,98,0.25,0.9,1.9001152428602786
dl_score_only,linear_weak,99,0.25,0.9,1.8938656780082594
dl_score_only,linear_dense,0,0.0,0.8,1.114044715303215
dl_score_only,linear_dense,1,0.0,0.8,1.223618901228213
dl_score_only,linear_dense,2,0.0,0.8,1.1311924706777847
dl_score_only,linear_dense,3,0.0,0.8,1.1648189924176997
dl_score_only,linear_dense,4,0.0,0.8,1.0205776372229045
dl_score_only,linear_dense,5,0.08333333333333333,0.7333333333333333,1.0770009276776702
dl_score_only,linear_dense,6,0.08333333333333333,0.7333333333333333,1.0757455915790022
dl_score_only,linear_dense,7,0.0,0.8,1.1244954782975383
dl_score_only,linear_dense,8,0.0,0.8,1.0773138488323417
dl_score_only,linear_dense,9,0.08333333333333333,0.7333333333333333,1.0555405843930485
dl_score_only,linear_dense,10,0.0,0.8,1.1007853025604948
dl_score_only,linear_dense,11,0.0,0.8,1.05297800492345
dl_score_only,linear_dense,12,0.08333333333333333,0.7333333333333333,1.1036766976822836
dl_score_only,linear_dense,13,0.0,0.8,1.1341002724451927
dl_score_only,linear_dense,14,0.0,0.8,1.0382582761349464
dl_score_only,linear_dense,15,0.0,0.8,1.0706932086652803
dl_score_only,linear_dense,16,0.0,0.8,1.0521009988264323
dl_score_only,linear_dense,17,0.0,0.8,1.141818217446252
dl_score_only,linear_dense,18,0.0,0.8,1.0315512792112922
dl_score_only,linear_dense,19,0.0,0.8,1.097934051283975
dl_score_only,linear_dense,20,0.0,0.8,1.0519074978779865
dl_score_only,linear_dense,21,0.0,0.8,1.0530247678716609
dl_score_only,linear_dense,22,0.0,0.8,1.1794328028720538
dl_score_only,linear_dense,23,0.0,0.8,1.0981858106141908
dl_score_only,linear_dense,24,0.0,0.8,1.1714995241553496
dl_score_only,linear_dense,25,0.0,0.8,1.0037931374358962
dl_score_only,linear_dense,26,0.0,0.8,1.1074638932933403
dl_score_only,linear_dense,27,0.0,0.8,1.126011662002119
dl_score_only,linear_dense,28,0.08333333333333333,0.7333333333333333,1.0702818346782261
dl_score_only,linear_dense,29,0.0,0.8,1.062811564410769
dl_score_only,linear_dense,30,0.0,0.8,1.0808866297562418
dl_score_only,linear_dense,31,0.08333333333333333,0.7333333333333333,1.031602254610102
dl_score_only,linear_dense,32,0.0,0.8,1.0675978537390367
dl_score_only,linear_dense,33,0.0,0.8,1.0685985536443656
dl_score_only,linear_dense,34,0.0,0.8,1.141801155122087
dl_score_only,linear_dense,35,0.0,0.8,1.1360491821529732
dl_score_only,linear_dense,36,0.0,0.8,1.0879315314981488
dl_score_only,linear_dense,37,0.0,0.8,1.0814329747662685
dl_score_only,linear_dense,38,0.0,0.8,1.1241118607453577
dl_score_only,linear_dense,39,0.0,0.8,1.0552570279191327
dl_score_only,linear_dense,40,0.0,0.8,1.0732036364507687
dl_score_only,linear_dense,41,0.08333333333333333,0.7333333333333333,1.0253094857144411
dl_score_only,linear_dense,42,0.0,0.8,1.088301064319019
dl_score_only,linear_dense,43,0.0,0.8,1.1617639065091219
dl_score_only,linear_dense,44,0.0,0.8,1.1274802892641556
dl_score_only,linear_dense,45,0.0,0.8,1.085891461938239
dl_score_only,linear_dense,46,0.0,0.8,1.193072535114814
dl_score_only,linear_dense,47,0.08333333333333333,0.7333333333333333,1.0536464006721082
dl_score_only,linear_dense,48,0.0,0.8,1.037840737702529
dl_score_only,linear_dense,49,0.0,0.8,1.1074434300436145
dl_score_only,linear_dense,50,0.0,0.8,1.0337230134450002
dl_score_only,linear_dense,51,0.0,0.8,1.0899296939263488
dl_score_only,linear_dense,52,0.0,0.8,1.0663676472454122
dl_score_only,linear_dense,53,0.0,0.8,1.126391284305976
dl_score_only,linear_dense,54,0.0,0.8,1.0645232780568332
dl_score_only,linear_dense,55,0.0,0.8,1.0576595292715214
dl_score_only,linear_dense,56,0.08333333333333333,0.7333333333333333,1.0712830198564431
dl_score_only,linear_dense,57,0.0,0.8,1.1267985022118994
dl_score_only,linear_dense,58,0.0,0.8,1.062644352707126
dl_score_only,linear_dense,59,0.0,0.8,1.1109292878850752
dl_score_only,linear_dense,60,0.0,0.8,1.139208769183244
dl_score_only,linear_dense,61,0.0,0.8,1.0575376731009305
dl_score_only,linear_dense,62,0.0,0.8,1.0974027754789057
dl_score_only,linear_dense,63,0.0,0.8,1.1419950329574495
dl_score_only,linear_dense,64,0.0,0.8,1.1038238785674361
dl_score_only,linear_dense,65,0.0,0.8,1.1518831482233007
dl_score_only,linear_dense,66,0.08333333333333333,0.7333333333333333,1.0895702976700916
dl_score_only,linear_dense,67,0.0,0.8,1.1306860021458414
dl_score_only,linear_dense,68,0.0,0.8,1.0524817357393548
dl_score_only,linear_dense,69,0.0,0.8,1.0523852834544807
dl_score_only,linear_dense,70,0.0,0.8,1.0835191274997262
dl_score_only,linear_dense,71,0.0,0.8,1.057302357250362
dl_score_only,linear_dense,72,0.0,0.8,1.1198217319460078
dl_score_only,linear_dense,73,0.0,0.8,1.0776374818619674
dl_score_only,linear_dense,74,0.0,0.8,1.1518410139488169
dl_score_only,linear_dense,75,0.0,0.8,1.035810584462795
dl_score_only,linear_dense,76,0.0,0.8,1.0951955260028787
dl_score_only,linear_dense,77,0.0,0.8,1.0914318051173009
dl_score_only,linear_dense,78,0.0,0.8,1.0695695075770413
dl_score_only,linear_dense,79,0.0,0.8,1.136067327488586
dl_score_only,linear_dense,80,0.0,0.8,1.0827707226358325
dl_score_only,linear_dense,81,0.0,0.8,1.1373466228081544
dl_score_only,linear_dense,82,0.0,0.8,1.0522926653350557
dl_score_only,linear_dense,83,0.0,0.8,1.0449981907697148
dl_score_only,linear_dense,84,0.0,0.8,1.0895699927540596
dl_score_only,linear_dense,85,0.0,0.8,1.1431694205841385
dl_score_only,linear_dense,86,0.0,0.8,1.1282020223159448
dl_score_only,linear_dense,87,0.0,0.8,1.1683744084966587
dl_score_only,linear_dense,88,0.0,0.8,1.0732270750954438
dl_score_only,linear_dense,89,0.0,0.8,1.1266823741905772
dl_score_only,linear_dense,90,0.0,0.8,1.0908469013060722
dl_score_only,linear_dense,91,0.0,0.8,1.0116742065245647
dl_score_only,linear_dense,92,0.0,0.8,1.1109512172442815
dl_score_only,linear_dense,93,0.0,0.8,1.1653330656888443
dl_score_only,linear_dense,94,0.0,0.8,1.1852959609364457
dl_score_only,linear_dense,95,0.0,0.8,0.995610444776634
dl_score_only,linear_dense,96,0.0,0.8,1.0889674427720601
dl_score_only,linear_dense,97,0.0,0.8,1.1705864226884832
dl_score_only,linear_dense,98,0.0,0.8,1.0717428011277264
dl_score_only,linear_dense,99,0.0,0.8,1.0780967333600724
dl_score_only,nonlinear,0,0.3333333333333333,0.8,1.1951106053158953
dl_score_only,nonlinear,1,0.25,0.9,1.120467679662693
dl_score_only,nonlinear,2,0.25,0.9,1.1270086361800158
dl_score_only,nonlinear,3,0.3333333333333333,0.8,1.1466009348220028
dl_score_only,nonlinear,4,0.4166666666666667,0.7,1.1120518166692388
dl_score_only,nonlinear,5,0.25,0.9,1.4048912529348474
dl_score_only,nonlinear,6,0.3333333333333333,0.8,1.173373514915641
dl_score_only,nonlinear,7,0.25,0.9,1.1106339819137405
dl_score_only,nonlinear,8,0.25,0.9,1.1513788826468734
dl_score_only,nonlinear,9,0.25,0.9,1.1713678904669442
dl_score_only,nonlinear,10,0.3333333333333333,0.8,1.1177337710526702
dl_score_only,nonlinear,11,0.25,0.9,1.0921649675009402
dl_score_only,nonlinear,12,0.4166666666666667,0.7,1.1545680012007062
dl_score_only,nonlinear,13,0.3333333333333333,0.8,1.232069896047797
dl_score_only,nonlinear,14,0.3333333333333333,0.8,1.1122411204341651
dl_score_only,nonlinear,15,0.3333333333333333,0.8,1.1735930901813454
dl_score_only,nonlinear,16,0.3333333333333333,0.8,1.2495119195087412
dl_score_only,nonlinear,17,0.3333333333333333,0.8,1.213260744126851
dl_score_only,nonlinear,18,0.3333333333333333,0.8,1.1857293502239037
dl_score_only,nonlinear,19,0.3333333333333333,0.8,1.1789150628188234
dl_score_only,nonlinear,20,0.3333333333333333,0.8,1.130938102739823
dl_score_only,nonlinear,21,0.4166666666666667,0.7,1.1341870633624207
dl_score_only,nonlinear,22,0.3333333333333333,0.8,1.057643622133352
dl_score_only,nonlinear,23,0.25,0.9,1.2447316055645685
dl_score_only,nonlinear,24,0.25,0.9,1.1077970607313896
dl_score_only,nonlinear,25,0.16666666666666666,1.0,1.1175476264752537
dl_score_only,nonlinear,26,0.25,0.9,1.1948730994074257
dl_score_only,nonlinear,27,0.3333333333333333,0.8,1.1813276675973903
dl_score_only,nonlinear,28,0.4166666666666667,0.7,1.0466514578196016
dl_score_only,nonlinear,29,0.25,0.9,1.2476606311626617
dl_score_only,nonlinear,30,0.4166666666666667,0.7,1.099634988116545
dl_score_only,nonlinear,31,0.16666666666666666,1.0,1.178893720985735
dl_score_only,nonlinear,32,0.25,0.9,1.1737491185712083
dl_score_only,nonlinear,33,0.16666666666666666,1.0,1.1477662493647658
dl_score_only,nonlinear,34,0.25,0.9,1.1563116744283115
dl_score_only,nonlinear,35,0.3333333333333333,0.8,1.3007285148672263
dl_score_only,nonlinear,36,0.3333333333333333,0.8,1.055697688468765
dl_score_only,nonlinear,37,0.3333333333333333,0.8,1.4822036983983091
dl_score_only,nonlinear,38,0.16666666666666666,1.0,1.412688452951767
dl_score_only,nonlinear,39,0.25,0.9,1.1129705859660863
dl_score_only,nonlinear,40,0.25,0.9,1.0761385551968876
dl_score_only,nonlinear,41,0.16666666666666666,1.0,1.0615354106825692
dl_score_only,nonlinear,42,0.3333333333333333,0.8,1.154431879561474
dl_score_only,nonlinear,43,0.16666666666666666,1.0,1.1604487598762852
dl_score_only,nonlinear,44,0.4166666666666667,0.7,1.2495342299815098
dl_score_only,nonlinear,45,0.4166666666666667,0.7,1.138532333077934
dl_score_only,nonlinear,46,0.25,0.9,1.094782965714418
dl_score_only,nonlinear,47,0.3333333333333333,0.8,1.0773162337299969
dl_score_only,nonlinear,48,0.4166666666666667,0.7,1.156321903901308
dl_score_only,nonlinear,49,0.3333333333333333,0.8,1.238783833632359
dl_score_only,nonlinear,50,0.3333333333333333,0.8,1.0419004943857813
dl_score_only,nonlinear,51,0.16666666666666666,1.0,1.2552250581552653
dl_score_only,nonlinear,52,0.25,0.9,1.1002314009222658
dl_score_only,nonlinear,53,0.25,0.9,1.124786662315164
dl_score_only,nonlinear,54,0.25,0.9,1.711856932998753
dl_score_only,nonlinear,55,0.3333333333333333,0.8,1.1949677724269243
dl_score_only,nonlinear,56,0.25,0.9,1.2921021103791126
dl_score_only,nonlinear,57,0.25,0.9,1.126435402630005
dl_score_only,nonlinear,58,0.16666666666666666,1.0,1.1062101795907069
dl_score_only,nonlinear,59,0.3333333333333333,0.8,1.1454361049467547
dl_score_only,nonlinear,60,0.3333333333333333,0.8,1.1026385821855893
dl_score_only,nonlinear,61,0.25,0.9,1.1328584633064922
dl_score_only,nonlinear,62,0.4166666666666667,0.7,1.1990835786754421
dl_score_only,nonlinear,63,0.16666666666666666,1.0,1.0505131397410115
dl_score_only,nonlinear,64,0.25,0.9,1.1651551317151108
dl_score_only,nonlinear,65,0.25,0.9,1.189218654329237
dl_score_only,nonlinear,66,0.3333333333333333,0.8,1.2486256236436843
dl_score_only,nonlinear,67,0.25,0.9,1.1921084915762488
dl_score_only,nonlinear,68,0.25,0.9,1.0485985114905028
dl_score_only,nonlinear,69,0.25,0.9,1.1947224854292797
dl_score_only,nonlinear,70,0.4166666666666667,0.7,1.1833571989462919
dl_score_only,nonlinear,71,0.25,0.9,1.1855645899124623
dl_score_only,nonlinear,72,0.4166666666666667,0.7,1.1656947987505342
dl_score_only,nonlinear,73,0.3333333333333333,0.8,1.20851178326207
dl_score_only,nonlinear,74,0.25,0.9,1.1818241627790629
dl_score_only,nonlinear,75,0.4166666666666667,0.7,1.2604247620852727
dl_score_only,nonlinear,76,0.25,0.9,1.1189586556766293
dl_score_only,nonlinear,77,0.25,0.9,1.1773446781125445
dl_score_only,nonlinear,78,0.3333333333333333,0.8,1.0319168794656854
dl_score_only,nonlinear,79,0.25,0.9,1.1458208735492899
dl_score_only,nonlinear,80,0.3333333333333333,0.8,1.1165763619872868
dl_score_only,nonlinear,81,0.4166666666666667,0.7,1.1618281723928063
dl_score_only,nonlinear,82,0.16666666666666666,1.0,1.1080290980652017
dl_score_only,nonlinear,83,0.25,0.9,1.2479556593964722
dl_score_only,nonlinear,84,0.3333333333333333,0.8,1.092416116669153
dl_score_only,nonlinear,85,0.3333333333333333,0.8,1.1051320221123453
dl_score_only,nonlinear,86,0.3333333333333333,0.8,1.0870164580549937
dl_score_only,nonlinear,87,0.25,0.9,1.0952030952284286
dl_score_only,nonlinear,88,0.4166666666666667,0.7,1.236179143149003
dl_score_only,nonlinear,89,0.4166666666666667,0.7,1.1547373675194716
dl_score_only,nonlinear,90,0.25,0.9,1.4039444116793531
dl_score_only,nonlinear,91,0.25,0.9,1.144460999118361
dl_score_only,nonlinear,92,0.3333333333333333,0.8,1.1759987165370305
dl_score_only,nonlinear,93,0.25,0.9,1.0874593349338328
dl_score_only,nonlinear,94,0.25,0.9,1.2771375679042787
dl_score_only,nonlinear,95,0.25,0.9,1.1446634148255572
dl_score_only,nonlinear,96,0.3333333333333333,0.8,1.1382723716560628
dl_score_only,nonlinear,97,0.3333333333333333,0.8,1.1269261083095807
dl_score_only,nonlinear,98,0.4166666666666667,0.7,1.5408686762979689
dl_score_only,nonlinear,99,0.3333333333333333,0.8,1.334493496478035
dl_score_only,nonlinear_panel,0,0.3333333333333333,0.8,1.1366096340547613
dl_score_only,nonlinear_panel,1,0.3333333333333333,0.8,1.1364259493588722
dl_score_only,nonlinear_panel,2,0.25,0.9,1.173323716819626
dl_score_only,nonlinear_panel,3,0.3333333333333333,0.8,1.232187839781713
dl_score_only,nonlinear_panel,4,0.3333333333333333,0.8,1.1701852052617383
dl_score_only,nonlinear_panel,5,0.25,0.9,1.1904035757349725
dl_score_only,nonlinear_panel,6,0.25,0.9,1.2357559643948073
dl_score_only,nonlinear_panel,7,0.25,0.9,1.1395420304395416
dl_score_only,nonlinear_panel,8,0.4166666666666667,0.7,1.5212548405171504
dl_score_only,nonlinear_panel,9,0.25,0.9,1.1188431451961363
dl_score_only,nonlinear_panel,10,0.25,0.9,1.3134168164648838
dl_score_only,nonlinear_panel,11,0.25,0.9,1.067135637320935
dl_score_only,nonlinear_panel,12,0.3333333333333333,0.8,1.0593462485420264
dl_score_only,nonlinear_panel,13,0.3333333333333333,0.8,1.2182980967639203
dl_score_only,nonlinear_panel,14,0.25,0.9,1.1937794860280062
dl_score_only,nonlinear_panel,15,0.4166666666666667,0.7,1.112761066914351
dl_score_only,nonlinear_panel,16,0.4166666666666667,0.7,1.1604928517416244
dl_score_only,nonlinear_panel,17,0.4166666666666667,0.7,1.185357871045131
dl_score_only,nonlinear_panel,18,0.4166666666666667,0.7,1.1477407204360215
dl_score_only,nonlinear_panel,19,0.16666666666666666,1.0,1.150623815678292
dl_score_only,nonlinear_panel,20,0.4166666666666667,0.7,1.2424507414113708
dl_score_only,nonlinear_panel,21,0.25,0.9,1.1887925427540513
dl_score_only,nonlinear_panel,22,0.3333333333333333,0.8,1.6041014407579197
dl_score_only,nonlinear_panel,23,0.25,0.9,1.117181843288242
dl_score_only,nonlinear_panel,24,0.25,0.9,1.089688377009077
dl_score_only,nonlinear_panel,25,0.3333333333333333,0.8,1.253924940190627
dl_score_only,nonlinear_panel,26,0.3333333333333333,0.8,1.1846763824343292
dl_score_only,nonlinear_panel,27,0.25,0.9,1.31008949548266
dl_score_only,nonlinear_panel,28,0.16666666666666666,1.0,1.0325416082176264
dl_score_only,nonlinear_panel,29,0.25,0.9,1.0778573643721814
dl_score_only,nonlinear_panel,30,0.4166666666666667,0.7,1.3123975646034496
dl_score_only,nonlinear_panel,31,0.25,0.9,1.0410202446614114
dl_score_only,nonlinear_panel,32,0.3333333333333333,0.8,1.0126537103947848
dl_score_only,nonlinear_panel,33,0.25,0.9,1.1508982128556533
dl_score_only,nonlinear_panel,34,0.16666666666666666,1.0,1.0278333158654458
dl_score_only,nonlinear_panel,35,0.25,0.9,1.047910437395213
dl_score_only,nonlinear_panel,36,0.16666666666666666,1.0,1.1304006503835358
dl_score_only,nonlinear_panel,37,0.3333333333333333,0.8,0.9942254427529843
dl_score_only,nonlinear_panel,38,0.25,0.9,1.1874106990903528
dl_score_only,nonlinear_panel,39,0.16666666666666666,1.0,1.176210932225383
dl_score_only,nonlinear_panel,40,0.16666666666666666,1.0,1.1882334867690287
dl_score_only,nonlinear_panel,41,0.25,0.9,1.1096111149847727
dl_score_only,nonlinear_panel,42,0.3333333333333333,0.8,1.096053946558562
dl_score_only,nonlinear_panel,43,0.3333333333333333,0.8,1.0789239287805448
dl_score_only,nonlinear_panel,44,0.3333333333333333,0.8,1.2099973830349537
dl_score_only,nonlinear_panel,45,0.16666666666666666,1.0,1.063682522213145
dl_score_only,nonlinear_panel,46,0.4166666666666667,0.7,1.0870299400678882
dl_score_only,nonlinear_panel,47,0.3333333333333333,0.8,1.1732472807983187
dl_score_only,nonlinear_panel,48,0.25,0.9,1.1026118649160683
dl_score_only,nonlinear_panel,49,0.25,0.9,1.1110903064807012
dl_score_only,nonlinear_panel,50,0.25,0.9,1.0167310686386457
dl_score_only,nonlinear_panel,51,0.25,0.9,1.0505920428153683
dl_score_only,nonlinear_panel,52,0.16666666666666666,1.0,1.3344807377454935
dl_score_only,nonlinear_panel,53,0.3333333333333333,0.8,1.1087301442183688
dl_score_only,nonlinear_panel,54,0.3333333333333333,0.8,1.1041333865729177
dl_score_only,nonlinear_panel,55,0.3333333333333333,0.8,1.1475657209979049
dl_score_only,nonlinear_panel,56,0.25,0.9,1.3576982015584176
dl_score_only,nonlinear_panel,57,0.4166666666666667,0.7,1.027270777985031
dl_score_only,nonlinear_panel,58,0.25,0.9,1.1500219356671437
dl_score_only,nonlinear_panel,59,0.25,0.9,1.0370187106117275
dl_score_only,nonlinear_panel,60,0.25,0.9,1.1882846805102463
dl_score_only,nonlinear_panel,61,0.25,0.9,1.0970595755731212
dl_score_only,nonlinear_panel,62,0.3333333333333333,0.8,1.050551957624958
dl_score_only,nonlinear_panel,63,0.25,0.9,1.2348620875043679
dl_score_only,nonlinear_panel,64,0.25,0.9,0.9913325191091081
dl_score_only,nonlinear_panel,65,0.4166666666666667,0.7,1.0874721278884245
dl_score_only,nonlinear_panel,66,0.25,0.9,1.275480640370957
dl_score_only,nonlinear_panel,67,0.3333333333333333,0.8,1.1567077945661937
dl_score_only,nonlinear_panel,68,0.3333333333333333,0.8,1.1147334134860005
dl_score_only,nonlinear_panel,69,0.16666666666666666,1.0,1.1681934506237501
dl_score_only,nonlinear_panel,70,0.25,0.9,1.0415314380904064
dl_score_only,nonlinear_panel,71,0.3333333333333333,0.8,1.087502912114603
dl_score_only,nonlinear_panel,72,0.3333333333333333,0.8,1.2039493892665902
dl_score_only,nonlinear_panel,73,0.16666666666666666,1.0,1.203071284745732
dl_score_only,nonlinear_panel,74,0.16666666666666666,1.0,1.1296937679393984
dl_score_only,nonlinear_panel,75,0.16666666666666666,1.0,1.150187232029153
dl_score_only,nonlinear_panel,76,0.25,0.9,1.0632333301503196
dl_score_only,nonlinear_panel,77,0.25,0.9,1.0340942025268427
dl_score_only,nonlinear_panel,78,0.3333333333333333,0.8,1.1674468576075996
dl_score_only,nonlinear_panel,79,0.4166666666666667,0.7,1.210532362282608
dl_score_only,nonlinear_panel,80,0.3333333333333333,0.8,1.0890352333031634
dl_score_only,nonlinear_panel,81,0.25,0.9,1.2432094759997496
dl_score_only,nonlinear_panel,82,0.3333333333333333,0.8,1.0966693167291266
dl_score_only,nonlinear_panel,83,0.16666666666666666,1.0,1.0888434764189427
dl_score_only,nonlinear_panel,84,0.3333333333333333,0.8,1.1391860739422834
dl_score_only,nonlinear_panel,85,0.3333333333333333,0.8,1.0210137282814098
dl_score_only,nonlinear_panel,86,0.4166666666666667,0.7,1.233943799456079
dl_score_only,nonlinear_panel,87,0.3333333333333333,0.8,1.047880021521417
dl_score_only,nonlinear_panel,88,0.25,0.9,1.1276841708125713
dl_score_only,nonlinear_panel,89,0.3333333333333333,0.8,1.0174813397553433
dl_score_only,nonlinear_panel,90,0.25,0.9,1.2491671305247656
dl_score_only,nonlinear_panel,91,0.25,0.9,1.084953813588496
dl_score_only,nonlinear_panel,92,0.4166666666666667,0.7,1.0828757056909868
dl_score_only,nonlinear_panel,93,0.25,0.9,1.214260787230033
dl_score_only,nonlinear_panel,94,0.3333333333333333,0.8,1.1726875914840453
dl_score_only,nonlinear_panel,95,0.3333333333333333,0.8,1.1055124960644855
dl_score_only,nonlinear_panel,96,0.25,0.9,1.0765122887305798
dl_score_only,nonlinear_panel,97,0.25,0.9,1.1341472772408678
dl_score_only,nonlinear_panel,98,0.25,0.9,1.1504772136603019
dl_score_only,nonlinear_panel,99,0.3333333333333333,0.8,1.068217207725148
tabm_budget_gate,linear_sparse,0,0.5833333333333334,1.0,0.6383645998972585
tabm_budget_gate,linear_sparse,1,0.5833333333333334,1.0,0.636718170758856
tabm_budget_gate,linear_sparse,2,0.5833333333333334,1.0,0.641861812308643
tabm_budget_gate,linear_sparse,3,0.5833333333333334,1.0,0.5830555395718178
tabm_budget_gate,linear_sparse,4,0.5833333333333334,1.0,0.6115247170906538
tabm_budget_gate,linear_sparse,5,0.5833333333333334,1.0,0.6839830167319964
tabm_budget_gate,linear_sparse,6,0.5833333333333334,1.0,0.6047826326186102
tabm_budget_gate,linear_sparse,7,0.5833333333333334,1.0,0.6716277044560646
tabm_budget_gate,linear_sparse,8,0.5833333333333334,1.0,0.6160290122189618
tabm_budget_gate,linear_sparse,9,0.5833333333333334,1.0,0.6548729604252951
tabm_budget_gate,linear_sparse,10,0.5833333333333334,1.0,0.6607158704079804
tabm_budget_gate,linear_sparse,11,0.5833333333333334,1.0,0.5747454825714774
tabm_budget_gate,linear_sparse,12,0.5833333333333334,1.0,0.6538419828964017
tabm_budget_gate,linear_sparse,13,0.5833333333333334,1.0,0.6506771265003685
tabm_budget_gate,linear_sparse,14,0.5833333333333334,1.0,0.6462429514709845
tabm_budget_gate,linear_sparse,15,0.5833333333333334,1.0,0.6478082328391984
tabm_budget_gate,linear_sparse,16,0.5833333333333334,1.0,0.6446273214737972
tabm_budget_gate,linear_sparse,17,0.5833333333333334,1.0,0.6656870655385903
tabm_budget_gate,linear_sparse,18,0.5833333333333334,1.0,0.6247659602777306
tabm_budget_gate,linear_sparse,19,0.5833333333333334,1.0,0.5793236599500466
tabm_budget_gate,linear_sparse,20,0.5833333333333334,1.0,0.5867617535005317
tabm_budget_gate,linear_sparse,21,0.5833333333333334,1.0,0.6083609976911373
tabm_budget_gate,linear_sparse,22,0.5833333333333334,1.0,0.6213569418117194
tabm_budget_gate,linear_sparse,23,0.5833333333333334,1.0,0.65378191889342
tabm_budget_gate,linear_sparse,24,0.5833333333333334,1.0,0.628851742231342
tabm_budget_gate,linear_sparse,25,0.5833333333333334,1.0,0.6800023288234367
tabm_budget_gate,linear_sparse,26,0.5833333333333334,1.0,0.6320865383979518
tabm_budget_gate,linear_sparse,27,0.5833333333333334,1.0,0.6843630966460736
tabm_budget_gate,linear_sparse,28,0.5833333333333334,1.0,0.617506216663503
tabm_budget_gate,linear_sparse,29,0.5833333333333334,1.0,0.6630387694610183
tabm_budget_gate,linear_sparse,30,0.5833333333333334,1.0,0.6742386098924124
tabm_budget_gate,linear_sparse,31,0.5833333333333334,1.0,0.64660276048007
tabm_budget_gate,linear_sparse,32,0.5833333333333334,1.0,0.6634513964040982
tabm_budget_gate,linear_sparse,33,0.5833333333333334,1.0,0.6101155028543582
tabm_budget_gate,linear_sparse,34,0.5833333333333334,1.0,0.6849120154084442
tabm_budget_gate,linear_sparse,35,0.5833333333333334,1.0,0.5891409093692278
tabm_budget_gate,linear_sparse,36,0.5833333333333334,1.0,0.6586744270297613
tabm_budget_gate,linear_sparse,37,0.5833333333333334,1.0,0.5856549110960927
tabm_budget_gate,linear_sparse,38,0.5833333333333334,1.0,0.6403471255150492
tabm_budget_gate,linear_sparse,39,0.5833333333333334,1.0,0.7049308282356173
tabm_budget_gate,linear_sparse,40,0.5833333333333334,1.0,0.6450886055481397
tabm_budget_gate,linear_sparse,41,0.5833333333333334,1.0,0.6638485668050501
tabm_budget_gate,linear_sparse,42,0.5833333333333334,1.0,0.6376953732703303
tabm_budget_gate,linear_sparse,43,0.5833333333333334,1.0,0.6464624491304981
tabm_budget_gate,linear_sparse,44,0.5833333333333334,1.0,0.62102191995039
tabm_budget_gate,linear_sparse,45,0.5833333333333334,1.0,0.651401986847515
tabm_budget_gate,linear_sparse,46,0.5833333333333334,1.0,0.6091004059467098
tabm_budget_gate,linear_sparse,47,0.5833333333333334,1.0,0.6078783638359259
tabm_budget_gate,linear_sparse,48,0.5833333333333334,1.0,0.6057854646772256
tabm_budget_gate,linear_sparse,49,0.5833333333333334,1.0,0.6163307587378489
tabm_budget_gate,linear_sparse,50,0.5833333333333334,1.0,0.6426849165926439
tabm_budget_gate,linear_sparse,51,0.5833333333333334,1.0,0.6513871653125236
tabm_budget_gate,linear_sparse,52,0.5833333333333334,1.0,0.5841721858043262
tabm_budget_gate,linear_sparse,53,0.5833333333333334,1.0,0.6319952704822641
tabm_budget_gate,linear_sparse,54,0.5833333333333334,1.0,0.6822841511376958
tabm_budget_gate,linear_sparse,55,0.5833333333333334,1.0,0.675561165833011
tabm_budget_gate,linear_sparse,56,0.5833333333333334,1.0,0.6527291928241538
tabm_budget_gate,linear_sparse,57,0.5833333333333334,1.0,0.5957055070070265
tabm_budget_gate,linear_sparse,58,0.5833333333333334,1.0,0.624176171230446
tabm_budget_gate,linear_sparse,59,0.5833333333333334,1.0,0.6381824591401247
tabm_budget_gate,linear_sparse,60,0.5833333333333334,1.0,0.7488929490486149
tabm_budget_gate,linear_sparse,61,0.5833333333333334,1.0,0.6453458438669989
tabm_budget_gate,linear_sparse,62,0.5833333333333334,1.0,0.636073041476637
tabm_budget_gate,linear_sparse,63,0.5833333333333334,1.0,0.7262682676529736
tabm_budget_gate,linear_sparse,64,0.5833333333333334,1.0,0.6693230063704141
tabm_budget_gate,linear_sparse,65,0.5833333333333334,1.0,0.6023964207945379
tabm_budget_gate,linear_sparse,66,0.5833333333333334,1.0,0.6504250698488299
tabm_budget_gate,linear_sparse,67,0.5833333333333334,1.0,0.6392368421313194
tabm_budget_gate,linear_sparse,68,0.5833333333333334,1.0,0.6351178560061026
tabm_budget_gate,linear_sparse,69,0.5833333333333334,1.0,0.6708522281072864
tabm_budget_gate,linear_sparse,70,0.5833333333333334,1.0,0.7216396502166759
tabm_budget_gate,linear_sparse,71,0.5833333333333334,1.0,0.6515936406033785
tabm_budget_gate,linear_sparse,72,0.5833333333333334,1.0,0.6469857564505967
tabm_budget_gate,linear_sparse,73,0.5833333333333334,1.0,0.6762203156154041
tabm_budget_gate,linear_sparse,74,0.5833333333333334,1.0,0.5946541900848057
tabm_budget_gate,linear_sparse,75,0.5833333333333334,1.0,0.6130296928691046
tabm_budget_gate,linear_sparse,76,0.5833333333333334,1.0,0.619485768579879
tabm_budget_gate,linear_sparse,77,0.5833333333333334,1.0,0.6139080019157612
tabm_budget_gate,linear_sparse,78,0.5833333333333334,1.0,0.6704095212192702
tabm_budget_gate,linear_sparse,79,0.5833333333333334,1.0,0.6218076645335681
tabm_budget_gate,linear_sparse,80,0.5833333333333334,1.0,0.5911352302769306
tabm_budget_gate,linear_sparse,81,0.5833333333333334,1.0,0.6664272431735836
tabm_budget_gate,linear_sparse,82,0.5833333333333334,1.0,0.6442152996426141
tabm_budget_gate,linear_sparse,83,0.5833333333333334,1.0,0.6297756953522565
tabm_budget_gate,linear_sparse,84,0.5833333333333334,1.0,0.6267001963869228
tabm_budget_gate,linear_sparse,85,0.5833333333333334,1.0,0.6357055823927655
tabm_budget_gate,linear_sparse,86,0.5833333333333334,1.0,0.6144343953205945
tabm_budget_gate,linear_sparse,87,0.5833333333333334,1.0,0.6828698225559738
tabm_budget_gate,linear_sparse,88,0.5833333333333334,1.0,0.6538547358563817
tabm_budget_gate,linear_sparse,89,0.5833333333333334,1.0,0.5941243012972732
tabm_budget_gate,linear_sparse,90,0.5833333333333334,1.0,0.6357142426541127
tabm_budget_gate,linear_sparse,91,0.5833333333333334,1.0,0.6559216369438898
tabm_budget_gate,linear_sparse,92,0.5833333333333334,1.0,0.6002867868548631
tabm_budget_gate,linear_sparse,93,0.5833333333333334,1.0,0.5896750320011199
tabm_budget_gate,linear_sparse,94,0.5833333333333334,1.0,0.6056164064215415
tabm_budget_gate,linear_sparse,95,0.5833333333333334,1.0,0.6481803265285571
tabm_budget_gate,linear_sparse,96,0.5833333333333334,1.0,0.6248004331316167
tabm_budget_gate,linear_sparse,97,0.5833333333333334,1.0,0.6013693596646404
tabm_budget_gate,linear_sparse,98,0.5833333333333334,1.0,0.5970939161064487
tabm_budget_gate,linear_sparse,99,0.5833333333333334,1.0,0.6375459609921723
tabm_budget_gate,linear_medium,0,0.16666666666666666,1.0,1.1013991946020316
tabm_budget_gate,linear_medium,1,0.16666666666666666,1.0,1.0485379782420485
tabm_budget_gate,linear_medium,2,0.16666666666666666,1.0,1.0463354237437255
tabm_budget_gate,linear_medium,3,0.16666666666666666,1.0,1.1309456854040212
tabm_budget_gate,linear_medium,4,0.25,0.9,1.1218788444002745
tabm_budget_gate,linear_medium,5,0.16666666666666666,1.0,1.0835444142897461
tabm_budget_gate,linear_medium,6,0.16666666666666666,1.0,1.10146188328087
tabm_budget_gate,linear_medium,7,0.16666666666666666,1.0,1.0659023405074453
tabm_budget_gate,linear_medium,8,0.25,0.9,1.1039109949668018
tabm_budget_gate,linear_medium,9,0.16666666666666666,1.0,1.029743843692904
tabm_budget_gate,linear_medium,10,0.16666666666666666,1.0,1.0860564127272365
tabm_budget_gate,linear_medium,11,0.25,0.9,1.0479533228601714
tabm_budget_gate,linear_medium,12,0.16666666666666666,1.0,1.0442379200823062
tabm_budget_gate,linear_medium,13,0.3333333333333333,0.8,1.0299378741727685
tabm_budget_gate,linear_medium,14,0.16666666666666666,1.0,1.0477346540513424
tabm_budget_gate,linear_medium,15,0.25,0.9,1.030742098000411
tabm_budget_gate,linear_medium,16,0.16666666666666666,1.0,1.1336254704173347
tabm_budget_gate,linear_medium,17,0.16666666666666666,1.0,1.0685735913136898
tabm_budget_gate,linear_medium,18,0.16666666666666666,1.0,1.059261692281543
tabm_budget_gate,linear_medium,19,0.16666666666666666,1.0,1.0391086205715636
tabm_budget_gate,linear_medium,20,0.25,0.9,1.1603174602783277
tabm_budget_gate,linear_medium,21,0.16666666666666666,1.0,1.073737529050261
tabm_budget_gate,linear_medium,22,0.25,0.9,1.0661411304021975
tabm_budget_gate,linear_medium,23,0.16666666666666666,1.0,1.066348550918105
tabm_budget_gate,linear_medium,24,0.16666666666666666,1.0,0.9941746124701473
tabm_budget_gate,linear_medium,25,0.25,0.9,1.1358281259204137
tabm_budget_gate,linear_medium,26,0.25,0.9,1.032543015746169
tabm_budget_gate,linear_medium,27,0.25,0.9,1.0091171977487956
tabm_budget_gate,linear_medium,28,0.25,0.9,1.023106377524369
tabm_budget_gate,linear_medium,29,0.16666666666666666,1.0,1.060601286130522
tabm_budget_gate,linear_medium,30,0.16666666666666666,1.0,1.0951505718629717
tabm_budget_gate,linear_medium,31,0.16666666666666666,1.0,1.1121249749198385
tabm_budget_gate,linear_medium,32,0.25,0.9,1.0858176984945263
tabm_budget_gate,linear_medium,33,0.16666666666666666,1.0,1.0459265126220088
tabm_budget_gate,linear_medium,34,0.25,0.9,1.058342037801262
tabm_budget_gate,linear_medium,35,0.16666666666666666,1.0,1.0674992949310242
tabm_budget_gate,linear_medium,36,0.16666666666666666,1.0,1.0738681529179461
tabm_budget_gate,linear_medium,37,0.25,0.9,1.0805909278281507
tabm_budget_gate,linear_medium,38,0.16666666666666666,1.0,1.0801376620034129
tabm_budget_gate,linear_medium,39,0.16666666666666666,1.0,1.0330962002229895
tabm_budget_gate,linear_medium,40,0.25,0.9,1.0825353764267995
tabm_budget_gate,linear_medium,41,0.16666666666666666,1.0,1.0869314239829815
tabm_budget_gate,linear_medium,42,0.16666666666666666,1.0,1.0492453708232448
tabm_budget_gate,linear_medium,43,0.25,0.9,1.03215626136776
tabm_budget_gate,linear_medium,44,0.16666666666666666,1.0,0.9662783167767064
tabm_budget_gate,linear_medium,45,0.16666666666666666,1.0,1.1003048610429267
tabm_budget_gate,linear_medium,46,0.16666666666666666,1.0,1.1429913092085746
tabm_budget_gate,linear_medium,47,0.16666666666666666,1.0,1.0759489580432589
tabm_budget_gate,linear_medium,48,0.16666666666666666,1.0,1.1290338225562384
tabm_budget_gate,linear_medium,49,0.25,0.9,1.041278734747489
tabm_budget_gate,linear_medium,50,0.16666666666666666,1.0,1.0326238679582853
tabm_budget_gate,linear_medium,51,0.16666666666666666,1.0,1.0540235426124445
tabm_budget_gate,linear_medium,52,0.16666666666666666,1.0,1.1188106105071782
tabm_budget_gate,linear_medium,53,0.16666666666666666,1.0,1.0966483135241307
tabm_budget_gate,linear_medium,54,0.25,0.9,1.0379817659262025
tabm_budget_gate,linear_medium,55,0.25,0.9,1.0985739745019965
tabm_budget_gate,linear_medium,56,0.16666666666666666,1.0,1.0961661773806013
tabm_budget_gate,linear_medium,57,0.16666666666666666,1.0,1.1219323637708334
tabm_budget_gate,linear_medium,58,0.25,0.9,1.0668743028384489
tabm_budget_gate,linear_medium,59,0.16666666666666666,1.0,1.0717099636809917
tabm_budget_gate,linear_medium,60,0.25,0.9,1.065464194200779
tabm_budget_gate,linear_medium,61,0.16666666666666666,1.0,1.084484698052639
tabm_budget_gate,linear_medium,62,0.16666666666666666,1.0,1.0861877499036878
tabm_budget_gate,linear_medium,63,0.25,0.9,1.0952409092899311
tabm_budget_gate,linear_medium,64,0.16666666666666666,1.0,1.1333748742325758
tabm_budget_gate,linear_medium,65,0.25,0.9,1.0591221694427666
tabm_budget_gate,linear_medium,66,0.16666666666666666,1.0,1.1145795906593834
tabm_budget_gate,linear_medium,67,0.16666666666666666,1.0,1.124877973733969
tabm_budget_gate,linear_medium,68,0.16666666666666666,1.0,1.0669851718166723
tabm_budget_gate,linear_medium,69,0.16666666666666666,1.0,1.0738246513828078
tabm_budget_gate,linear_medium,70,0.16666666666666666,1.0,1.0982758821109782
tabm_budget_gate,linear_medium,71,0.25,0.9,0.9963213300591031
tabm_budget_gate,linear_medium,72,0.16666666666666666,1.0,1.1653694834496444
tabm_budget_gate,linear_medium,73,0.25,0.9,1.078330428663944
tabm_budget_gate,linear_medium,74,0.16666666666666666,1.0,1.0263148420711532
tabm_budget_gate,linear_medium,75,0.16666666666666666,1.0,1.1320589577536968
tabm_budget_gate,linear_medium,76,0.16666666666666666,1.0,1.0984086186830508
tabm_budget_gate,linear_medium,77,0.16666666666666666,1.0,1.0678604881867586
tabm_budget_gate,linear_medium,78,0.16666666666666666,1.0,1.0952396844788577
tabm_budget_gate,linear_medium,79,0.25,0.9,1.1549645445847687
tabm_budget_gate,linear_medium,80,0.16666666666666666,1.0,1.0494397118577954
tabm_budget_gate,linear_medium,81,0.16666666666666666,1.0,1.135041884939873
tabm_budget_gate,linear_medium,82,0.25,0.9,1.109922369741544
tabm_budget_gate,linear_medium,83,0.16666666666666666,1.0,1.0341811010377653
tabm_budget_gate,linear_medium,84,0.16666666666666666,1.0,1.0998965651730443
tabm_budget_gate,linear_medium,85,0.25,0.9,1.1611295694666024
tabm_budget_gate,linear_medium,86,0.25,0.9,1.0851372419416043
tabm_budget_gate,linear_medium,87,0.3333333333333333,0.8,1.0580598034631539
tabm_budget_gate,linear_medium,88,0.16666666666666666,1.0,1.0419159352421403
tabm_budget_gate,linear_medium,89,0.16666666666666666,1.0,1.1294141608850223
tabm_budget_gate,linear_medium,90,0.25,0.9,1.0356547259582958
tabm_budget_gate,linear_medium,91,0.25,0.9,1.0296237338874306
tabm_budget_gate,linear_medium,92,0.16666666666666666,1.0,1.1176736949701012
tabm_budget_gate,linear_medium,93,0.16666666666666666,1.0,1.0270569381781305
tabm_budget_gate,linear_medium,94,0.25,0.9,1.0274385920370503
tabm_budget_gate,linear_medium,95,0.16666666666666666,1.0,1.0575073917766737
tabm_budget_gate,linear_medium,96,0.16666666666666666,1.0,1.0188941058263303
tabm_budget_gate,linear_medium,97,0.16666666666666666,1.0,1.1023951429939527
tabm_budget_gate,linear_medium,98,0.3333333333333333,0.8,1.0683810875890567
tabm_budget_gate,linear_medium,99,0.25,0.9,1.0804769829980363
tabm_budget_gate,linear_weak,0,0.25,0.9,1.946831389421808
tabm_budget_gate,linear_weak,1,0.25,0.9,1.910933153655689
tabm_budget_gate,linear_weak,2,0.16666666666666666,1.0,1.8830772321615574
tabm_budget_gate,linear_weak,3,0.25,0.9,1.896420533908587
tabm_budget_gate,linear_weak,4,0.3333333333333333,0.8,1.9202711945506545
tabm_budget_gate,linear_weak,5,0.25,0.9,1.8181011833054652
tabm_budget_gate,linear_weak,6,0.3333333333333333,0.8,1.9540000675440485
tabm_budget_gate,linear_weak,7,0.25,0.9,1.9505641777740876
tabm_budget_gate,linear_weak,8,0.25,0.9,1.9156431012252693
tabm_budget_gate,linear_weak,9,0.16666666666666666,1.0,1.7823277198091307
tabm_budget_gate,linear_weak,10,0.16666666666666666,1.0,1.8972280706522116
tabm_budget_gate,linear_weak,11,0.3333333333333333,0.8,1.8058223530158513
tabm_budget_gate,linear_weak,12,0.16666666666666666,1.0,1.7862702884085766
tabm_budget_gate,linear_weak,13,0.25,0.9,1.841333080352357
tabm_budget_gate,linear_weak,14,0.25,0.9,1.869947297648127
tabm_budget_gate,linear_weak,15,0.25,0.9,1.6940859355004736
tabm_budget_gate,linear_weak,16,0.25,0.9,1.959189300789042
tabm_budget_gate,linear_weak,17,0.16666666666666666,1.0,1.9340100317998605
tabm_budget_gate,linear_weak,18,0.3333333333333333,0.8,1.9987551907063181
tabm_budget_gate,linear_weak,19,0.16666666666666666,1.0,1.9066840043714222
tabm_budget_gate,linear_weak,20,0.16666666666666666,1.0,1.8380092667187584
tabm_budget_gate,linear_weak,21,0.25,0.9,1.8979994591178773
tabm_budget_gate,linear_weak,22,0.16666666666666666,1.0,1.867711151882755
tabm_budget_gate,linear_weak,23,0.16666666666666666,1.0,1.8461405410520835
tabm_budget_gate,linear_weak,24,0.25,0.9,1.8550590718539235
tabm_budget_gate,linear_weak,25,0.25,0.9,1.8171647399497681
tabm_budget_gate,linear_weak,26,0.25,0.9,1.8217559769132392
tabm_budget_gate,linear_weak,27,0.16666666666666666,1.0,1.8849891824360108
tabm_budget_gate,linear_weak,28,0.16666666666666666,1.0,1.8481528571620862
tabm_budget_gate,linear_weak,29,0.25,0.9,1.9094130389417496
tabm_budget_gate,linear_weak,30,0.16666666666666666,1.0,1.9049055317693404
tabm_budget_gate,linear_weak,31,0.16666666666666666,1.0,1.8690088543500047
tabm_budget_gate,linear_weak,32,0.25,0.9,1.8955316154087287
tabm_budget_gate,linear_weak,33,0.16666666666666666,1.0,1.737358323275161
tabm_budget_gate,linear_weak,34,0.25,0.9,1.8242082584159969
tabm_budget_gate,linear_weak,35,0.3333333333333333,0.8,1.8428805891251718
tabm_budget_gate,linear_weak,36,0.25,0.9,1.9363561087874763
tabm_budget_gate,linear_weak,37,0.16666666666666666,1.0,1.9976402903483925
tabm_budget_gate,linear_weak,38,0.16666666666666666,1.0,1.9186207657872998
tabm_budget_gate,linear_weak,39,0.16666666666666666,1.0,1.8887110952902797
tabm_budget_gate,linear_weak,40,0.25,0.9,1.8943146373629385
tabm_budget_gate,linear_weak,41,0.25,0.9,1.8933030014589873
tabm_budget_gate,linear_weak,42,0.16666666666666666,1.0,1.9668242252300467
tabm_budget_gate,linear_weak,43,0.16666666666666666,1.0,1.9278572530599023
tabm_budget_gate,linear_weak,44,0.25,0.9,2.08644430624564
tabm_budget_gate,linear_weak,45,0.16666666666666666,1.0,2.0416671489923353
tabm_budget_gate,linear_weak,46,0.25,0.9,1.9241381252021696
tabm_budget_gate,linear_weak,47,0.25,0.9,1.8458280172535035
tabm_budget_gate,linear_weak,48,0.25,0.9,1.817785341037231
tabm_budget_gate,linear_weak,49,0.3333333333333333,0.8,1.9151097468659677
tabm_budget_gate,linear_weak,50,0.3333333333333333,0.8,1.969188410582044
tabm_budget_gate,linear_weak,51,0.25,0.9,1.805700890439367
tabm_budget_gate,linear_weak,52,0.16666666666666666,1.0,1.7760600516989213
tabm_budget_gate,linear_weak,53,0.16666666666666666,1.0,1.967916763936948
tabm_budget_gate,linear_weak,54,0.16666666666666666,1.0,1.856622180757626
tabm_budget_gate,linear_weak,55,0.25,0.9,1.8958283768861293
tabm_budget_gate,linear_weak,56,0.3333333333333333,0.8,1.9075095366802952
tabm_budget_gate,linear_weak,57,0.25,0.9,1.9033229461069852
tabm_budget_gate,linear_weak,58,0.4166666666666667,0.7,1.7266048565244516
tabm_budget_gate,linear_weak,59,0.25,0.9,1.927818155362969
tabm_budget_gate,linear_weak,60,0.3333333333333333,0.8,1.7896974040404798
tabm_budget_gate,linear_weak,61,0.25,0.9,1.99290169130491
tabm_budget_gate,linear_weak,62,0.25,0.9,1.9433782520125238
tabm_budget_gate,linear_weak,63,0.25,0.9,1.9594375372269308
tabm_budget_gate,linear_weak,64,0.25,0.9,1.9838373930090054
tabm_budget_gate,linear_weak,65,0.25,0.9,1.9648708272220088
tabm_budget_gate,linear_weak,66,0.25,0.9,1.9771542601821717
tabm_budget_gate,linear_weak,67,0.16666666666666666,1.0,1.8717367369402114
tabm_budget_gate,linear_weak,68,0.3333333333333333,0.8,1.8053362647196254
tabm_budget_gate,linear_weak,69,0.25,0.9,1.947091395809155
tabm_budget_gate,linear_weak,70,0.16666666666666666,1.0,1.8882921987443138
tabm_budget_gate,linear_weak,71,0.25,0.9,1.9026673560050715
tabm_budget_gate,linear_weak,72,0.16666666666666666,1.0,1.8313462366202027
tabm_budget_gate,linear_weak,73,0.16666666666666666,1.0,1.9828418924983005
tabm_budget_gate,linear_weak,74,0.16666666666666666,1.0,1.9504366259852228
tabm_budget_gate,linear_weak,75,0.25,0.9,1.9453092266363425
tabm_budget_gate,linear_weak,76,0.25,0.9,1.8389122657510184
tabm_budget_gate,linear_weak,77,0.16666666666666666,1.0,1.8199186520586017
tabm_budget_gate,linear_weak,78,0.3333333333333333,0.8,1.925599186001374
tabm_budget_gate,linear_weak,79,0.3333333333333333,0.8,1.8166640783530104
tabm_budget_gate,linear_weak,80,0.3333333333333333,0.8,1.8926085023691213
tabm_budget_gate,linear_weak,81,0.16666666666666666,1.0,1.9610425576157122
tabm_budget_gate,linear_weak,82,0.3333333333333333,0.8,1.8424726294920506
tabm_budget_gate,linear_weak,83,0.4166666666666667,0.7,1.935024817105323
tabm_budget_gate,linear_weak,84,0.3333333333333333,0.8,1.8863329434314886
tabm_budget_gate,linear_weak,85,0.16666666666666666,1.0,1.8556877292821279
tabm_budget_gate,linear_weak,86,0.3333333333333333,0.8,1.9105787483670265
tabm_budget_gate,linear_weak,87,0.4166666666666667,0.7,1.9117224863554227
tabm_budget_gate,linear_weak,88,0.25,0.9,1.9038664536962213
tabm_budget_gate,linear_weak,89,0.16666666666666666,1.0,1.8233526134096227
tabm_budget_gate,linear_weak,90,0.25,0.9,1.782587571922561
tabm_budget_gate,linear_weak,91,0.16666666666666666,1.0,1.8665000724263487
tabm_budget_gate,linear_weak,92,0.25,0.9,1.9037821427422328
tabm_budget_gate,linear_weak,93,0.16666666666666666,1.0,1.7684940911097955
tabm_budget_gate,linear_weak,94,0.3333333333333333,0.8,1.929077254787226
tabm_budget_gate,linear_weak,95,0.25,0.9,1.9319076974782141
tabm_budget_gate,linear_weak,96,0.25,0.9,1.8713436589211456
tabm_budget_gate,linear_weak,97,0.16666666666666666,1.0,1.7826280670975208
tabm_budget_gate,linear_weak,98,0.25,0.9,1.9016349953052056
tabm_budget_gate,linear_weak,99,0.25,0.9,1.8938656780082594
tabm_budget_gate,linear_dense,0,0.0,0.8,1.1270311766198877
tabm_budget_gate,linear_dense,1,0.0,0.8,1.217110843255777
tabm_budget_gate,linear_dense,2,0.0,0.8,1.0885925180179237
tabm_budget_gate,linear_dense,3,0.0,0.8,1.161604230583182
tabm_budget_gate,linear_dense,4,0.0,0.8,1.0262070393871472
tabm_budget_gate,linear_dense,5,0.08333333333333333,0.7333333333333333,1.0770009276776702
tabm_budget_gate,linear_dense,6,0.08333333333333333,0.7333333333333333,1.0624172941908556
tabm_budget_gate,linear_dense,7,0.0,0.8,1.1270251361493273
tabm_budget_gate,linear_dense,8,0.0,0.8,1.0793039850862305
tabm_budget_gate,linear_dense,9,0.08333333333333333,0.7333333333333333,1.0555405843930485
tabm_budget_gate,linear_dense,10,0.0,0.8,1.100872239618593
tabm_budget_gate,linear_dense,11,0.0,0.8,1.05297800492345
tabm_budget_gate,linear_dense,12,0.08333333333333333,0.7333333333333333,1.1036766976822836
tabm_budget_gate,linear_dense,13,0.0,0.8,1.1322505126193472
tabm_budget_gate,linear_dense,14,0.0,0.8,1.0458342534051461
tabm_budget_gate,linear_dense,15,0.0,0.8,1.0473773477791288
tabm_budget_gate,linear_dense,16,0.0,0.8,1.0641024462197965
tabm_budget_gate,linear_dense,17,0.08333333333333333,0.7333333333333333,1.141807808002759
tabm_budget_gate,linear_dense,18,0.0,0.8,1.0425909927728139
tabm_budget_gate,linear_dense,19,0.0,0.8,1.0737216220368098
tabm_budget_gate,linear_dense,20,0.0,0.8,1.0656666985638623
tabm_budget_gate,linear_dense,21,0.0,0.8,1.046651036258391
tabm_budget_gate,linear_dense,22,0.0,0.8,1.1798356992458094
tabm_budget_gate,linear_dense,23,0.0,0.8,1.1167738715873015
tabm_budget_gate,linear_dense,24,0.0,0.8,1.1813710009278398
tabm_budget_gate,linear_dense,25,0.0,0.8,1.0107857713737136
tabm_budget_gate,linear_dense,26,0.0,0.8,1.1117817131820327
tabm_budget_gate,linear_dense,27,0.0,0.8,1.126011662002119
tabm_budget_gate,linear_dense,28,0.16666666666666666,0.6666666666666666,1.0785273988507287
tabm_budget_gate,linear_dense,29,0.0,0.8,1.062811564410769
tabm_budget_gate,linear_dense,30,0.08333333333333333,0.7333333333333333,1.0911053659109382
tabm_budget_gate,linear_dense,31,0.08333333333333333,0.7333333333333333,1.031602254610102
tabm_budget_gate,linear_dense,32,0.0,0.8,1.0706870504474078
tabm_budget_gate,linear_dense,33,0.08333333333333333,0.7333333333333333,1.0702639356192831
tabm_budget_gate,linear_dense,34,0.0,0.8,1.141801155122087
tabm_budget_gate,linear_dense,35,0.0,0.8,1.1360491821529732
tabm_budget_gate,linear_dense,36,0.0,0.8,1.0823645872057095
tabm_budget_gate,linear_dense,37,0.0,0.8,1.0928374824077203
tabm_budget_gate,linear_dense,38,0.0,0.8,1.090087724229339
tabm_budget_gate,linear_dense,39,0.0,0.8,1.038322728250199
tabm_budget_gate,linear_dense,40,0.0,0.8,1.057744792449307
tabm_budget_gate,linear_dense,41,0.08333333333333333,0.7333333333333333,1.0364509593829028
tabm_budget_gate,linear_dense,42,0.0,0.8,1.088301064319019
tabm_budget_gate,linear_dense,43,0.0,0.8,1.1617639065091219
tabm_budget_gate,linear_dense,44,0.0,0.8,1.1274802892641556
tabm_budget_gate,linear_dense,45,0.0,0.8,1.078024189565167
tabm_budget_gate,linear_dense,46,0.08333333333333333,0.7333333333333333,1.2092354436034396
tabm_budget_gate,linear_dense,47,0.08333333333333333,0.7333333333333333,1.0640752320786464
tabm_budget_gate,linear_dense,48,0.0,0.8,1.02352435120931
tabm_budget_gate,linear_dense,49,0.0,0.8,1.1010892576506541
tabm_budget_gate,linear_dense,50,0.0,0.8,1.0348434507677553
tabm_budget_gate,linear_dense,51,0.08333333333333333,0.7333333333333333,1.1130061490707657
tabm_budget_gate,linear_dense,52,0.0,0.8,1.0663676472454122
tabm_budget_gate,linear_dense,53,0.0,0.8,1.1195333319347405
tabm_budget_gate,linear_dense,54,0.0,0.8,1.044637898293861
tabm_budget_gate,linear_dense,55,0.0,0.8,1.0563107768515414
tabm_budget_gate,linear_dense,56,0.0,0.8,1.0487958915167281
tabm_budget_gate,linear_dense,57,0.0,0.8,1.1267985022118994
tabm_budget_gate,linear_dense,58,0.0,0.8,1.0622275698366501
tabm_budget_gate,linear_dense,59,0.0,0.8,1.1133571733279508
tabm_budget_gate,linear_dense,60,0.0,0.8,1.1025105118722576
tabm_budget_gate,linear_dense,61,0.0,0.8,1.066679856113084
tabm_budget_gate,linear_dense,62,0.0,0.8,1.0925811762842168
tabm_budget_gate,linear_dense,63,0.0,0.8,1.1419950329574495
tabm_budget_gate,linear_dense,64,0.0,0.8,1.0990802289952077
tabm_budget_gate,linear_dense,65,0.0,0.8,1.157786346374761
tabm_budget_gate,linear_dense,66,0.08333333333333333,0.7333333333333333,1.0926942704610032
tabm_budget_gate,linear_dense,67,0.0,0.8,1.1278077223393732
tabm_budget_gate,linear_dense,68,0.0,0.8,1.0477353021899394
tabm_budget_gate,linear_dense,69,0.08333333333333333,0.7333333333333333,1.0548925502889286
tabm_budget_gate,linear_dense,70,0.0,0.8,1.079070034760619
tabm_budget_gate,linear_dense,71,0.0,0.8,1.057302357250362
tabm_budget_gate,linear_dense,72,0.08333333333333333,0.7333333333333333,1.1267567961100329
tabm_budget_gate,linear_dense,73,0.08333333333333333,0.7333333333333333,1.0813467752115797
tabm_budget_gate,linear_dense,74,0.0,0.8,1.1518410139488169
tabm_budget_gate,linear_dense,75,0.0,0.8,1.0395081481070354
tabm_budget_gate,linear_dense,76,0.0,0.8,1.098774728283484
tabm_budget_gate,linear_dense,77,0.0,0.8,1.0915622084371215
tabm_budget_gate,linear_dense,78,0.0,0.8,1.0695695075770413
tabm_budget_gate,linear_dense,79,0.0,0.8,1.147337061447332
tabm_budget_gate,linear_dense,80,0.0,0.8,1.0731739704770271
tabm_budget_gate,linear_dense,81,0.0,0.8,1.1442147179242816
tabm_budget_gate,linear_dense,82,0.0,0.8,1.0522926653350557
tabm_budget_gate,linear_dense,83,0.08333333333333333,0.7333333333333333,1.0386294366289084
tabm_budget_gate,linear_dense,84,0.0,0.8,1.0681208370617894
tabm_budget_gate,linear_dense,85,0.0,0.8,1.1431694205841385
tabm_budget_gate,linear_dense,86,0.0,0.8,1.1288308047176894
tabm_budget_gate,linear_dense,87,0.0,0.8,1.1757194091947085
tabm_budget_gate,linear_dense,88,0.08333333333333333,0.7333333333333333,1.0976419806118964
tabm_budget_gate,linear_dense,89,0.0,0.8,1.1128633381750044
tabm_budget_gate,linear_dense,90,0.0,0.8,1.095565937582091
tabm_budget_gate,linear_dense,91,0.0,0.8,1.0116742065245647
tabm_budget_gate,linear_dense,92,0.0,0.8,1.0951460630559762
tabm_budget_gate,linear_dense,93,0.0,0.8,1.1653330656888443
tabm_budget_gate,linear_dense,94,0.0,0.8,1.1639152692532795
tabm_budget_gate,linear_dense,95,0.0,0.8,0.995610444776634
tabm_budget_gate,linear_dense,96,0.0,0.8,1.0914432780765586
tabm_budget_gate,linear_dense,97,0.0,0.8,1.1705864226884832
tabm_budget_gate,linear_dense,98,0.0,0.8,1.0713895162843792
tabm_budget_gate,linear_dense,99,0.0,0.8,1.0780967333600724
tabm_budget_gate,nonlinear,0,0.3333333333333333,0.8,1.2056761521356054
tabm_budget_gate,nonlinear,1,0.3333333333333333,0.8,1.1328165822923038
tabm_budget_gate,nonlinear,2,0.4166666666666667,0.7,1.1589787656947885
tabm_budget_gate,nonlinear,3,0.3333333333333333,0.8,1.140316362691234
tabm_budget_gate,nonlinear,4,0.5,0.6,1.1092905252868932
tabm_budget_gate,nonlinear,5,0.16666666666666666,1.0,1.3949931585660005
tabm_budget_gate,nonlinear,6,0.25,0.9,1.154507128450016
tabm_budget_gate,nonlinear,7,0.25,0.9,1.117906903744839
tabm_budget_gate,nonlinear,8,0.25,0.9,1.1553222014467532
tabm_budget_gate,nonlinear,9,0.25,0.9,1.1701116830730567
tabm_budget_gate,nonlinear,10,0.4166666666666667,0.7,1.114559009619775
tabm_budget_gate,nonlinear,11,0.3333333333333333,0.8,1.1025029587335407
tabm_budget_gate,nonlinear,12,0.4166666666666667,0.7,1.1788295165230582
tabm_budget_gate,nonlinear,13,0.16666666666666666,1.0,1.2222971864104928
tabm_budget_gate,nonlinear,14,0.4166666666666667,0.7,1.1604307706166839
tabm_budget_gate,nonlinear,15,0.25,0.9,1.1841042907174688
tabm_budget_gate,nonlinear,16,0.3333333333333333,0.8,1.2450607897746027
tabm_budget_gate,nonlinear,17,0.25,0.9,1.1991204940403941
tabm_budget_gate,nonlinear,18,0.4166666666666667,0.7,1.1929548256790758
tabm_budget_gate,nonlinear,19,0.3333333333333333,0.8,1.1943626749118217
tabm_budget_gate,nonlinear,20,0.3333333333333333,0.8,1.1265164913574022
tabm_budget_gate,nonlinear,21,0.25,0.9,1.1164418294317757
tabm_budget_gate,nonlinear,22,0.4166666666666667,0.7,1.0980583170301388
tabm_budget_gate,nonlinear,23,0.25,0.9,1.2468362040126153
tabm_budget_gate,nonlinear,24,0.4166666666666667,0.7,1.111855008733064
tabm_budget_gate,nonlinear,25,0.25,0.9,1.1382219861533378
tabm_budget_gate,nonlinear,26,0.3333333333333333,0.8,1.2101930213828949
tabm_budget_gate,nonlinear,27,0.25,0.9,1.1727625897348526
tabm_budget_gate,nonlinear,28,0.4166666666666667,0.7,1.0373382812679972
tabm_budget_gate,nonlinear,29,0.25,0.9,1.2499930628281346
tabm_budget_gate,nonlinear,30,0.3333333333333333,0.8,1.0851081846738544
tabm_budget_gate,nonlinear,31,0.16666666666666666,1.0,1.1824682414706595
tabm_budget_gate,nonlinear,32,0.5,0.6,1.1978039921026762
tabm_budget_gate,nonlinear,33,0.25,0.9,1.1578213680898952
tabm_budget_gate,nonlinear,34,0.25,0.9,1.164320513109423
tabm_budget_gate,nonlinear,35,0.25,0.9,1.2883797174558167
tabm_budget_gate,nonlinear,36,0.25,0.9,1.0519302183008434
tabm_budget_gate,nonlinear,37,0.3333333333333333,0.8,1.4791582765507754
tabm_budget_gate,nonlinear,38,0.25,0.9,1.441967419194943
tabm_budget_gate,nonlinear,39,0.25,0.9,1.1148595476800487
tabm_budget_gate,nonlinear,40,0.3333333333333333,0.8,1.098065927636891
tabm_budget_gate,nonlinear,41,0.16666666666666666,1.0,1.0588470981582654
tabm_budget_gate,nonlinear,42,0.3333333333333333,0.8,1.1412431566979224
tabm_budget_gate,nonlinear,43,0.25,0.9,1.1841865794867645
tabm_budget_gate,nonlinear,44,0.3333333333333333,0.8,1.2403103089501202
tabm_budget_gate,nonlinear,45,0.4166666666666667,0.7,1.1486161200774228
tabm_budget_gate,nonlinear,46,0.25,0.9,1.1015385080020683
tabm_budget_gate,nonlinear,47,0.4166666666666667,0.7,1.0923422477807256
tabm_budget_gate,nonlinear,48,0.4166666666666667,0.7,1.1510913909978093
tabm_budget_gate,nonlinear,49,0.25,0.9,1.2401416351725576
tabm_budget_gate,nonlinear,50,0.16666666666666666,1.0,1.0460897608543538
tabm_budget_gate,nonlinear,51,0.25,0.9,1.260845387754267
tabm_budget_gate,nonlinear,52,0.16666666666666666,1.0,1.0883018606841222
tabm_budget_gate,nonlinear,53,0.3333333333333333,0.8,1.131023676292893
tabm_budget_gate,nonlinear,54,0.3333333333333333,0.8,1.7066181281406958
tabm_budget_gate,nonlinear,55,0.25,0.9,1.1739629916023333
tabm_budget_gate,nonlinear,56,0.25,0.9,1.2680499021552625
tabm_budget_gate,nonlinear,57,0.3333333333333333,0.8,1.1397015745973196
tabm_budget_gate,nonlinear,58,0.25,0.9,1.1266206737904567
tabm_budget_gate,nonlinear,59,0.25,0.9,1.1413024931583462
tabm_budget_gate,nonlinear,60,0.3333333333333333,0.8,1.0666293246021807
tabm_budget_gate,nonlinear,61,0.25,0.9,1.1262620586858139
tabm_budget_gate,nonlinear,62,0.4166666666666667,0.7,1.2048396204741096
tabm_budget_gate,nonlinear,63,0.3333333333333333,0.8,1.0557384917591195
tabm_budget_gate,nonlinear,64,0.3333333333333333,0.8,1.1713998295133796
tabm_budget_gate,nonlinear,65,0.4166666666666667,0.7,1.2019425179670122
tabm_budget_gate,nonlinear,66,0.4166666666666667,0.7,1.2578165861377235
tabm_budget_gate,nonlinear,67,0.25,0.9,1.195921321525685
tabm_budget_gate,nonlinear,68,0.25,0.9,1.0536450783008802
tabm_budget_gate,nonlinear,69,0.25,0.9,1.191495950198981
tabm_budget_gate,nonlinear,70,0.4166666666666667,0.7,1.1733543669284399
tabm_budget_gate,nonlinear,71,0.3333333333333333,0.8,1.1748365853417908
tabm_budget_gate,nonlinear,72,0.3333333333333333,0.8,1.1433333694618337
tabm_budget_gate,nonlinear,73,0.25,0.9,1.1954014027015623
tabm_budget_gate,nonlinear,74,0.25,0.9,1.1673290982726792
tabm_budget_gate,nonlinear,75,0.4166666666666667,0.7,1.2727449793633148
tabm_budget_gate,nonlinear,76,0.25,0.9,1.1296813127707448
tabm_budget_gate,nonlinear,77,0.3333333333333333,0.8,1.1887176076258716
tabm_budget_gate,nonlinear,78,0.3333333333333333,0.8,1.0159189870231757
tabm_budget_gate,nonlinear,79,0.25,0.9,1.1436906501971884
tabm_budget_gate,nonlinear,80,0.3333333333333333,0.8,1.100900301216986
tabm_budget_gate,nonlinear,81,0.4166666666666667,0.7,1.157699351143381
tabm_budget_gate,nonlinear,82,0.25,0.9,1.1098806180898395
tabm_budget_gate,nonlinear,83,0.4166666666666667,0.7,1.2357149700717205
tabm_budget_gate,nonlinear,84,0.25,0.9,1.091734680947746
tabm_budget_gate,nonlinear,85,0.3333333333333333,0.8,1.105066262800943
tabm_budget_gate,nonlinear,86,0.3333333333333333,0.8,1.0561091705669818
tabm_budget_gate,nonlinear,87,0.4166666666666667,0.7,1.1259390509647027
tabm_budget_gate,nonlinear,88,0.4166666666666667,0.7,1.2501991352414663
tabm_budget_gate,nonlinear,89,0.3333333333333333,0.8,1.1509074714106127
tabm_budget_gate,nonlinear,90,0.3333333333333333,0.8,1.4078032059587575
tabm_budget_gate,nonlinear,91,0.25,0.9,1.1449358334065292
tabm_budget_gate,nonlinear,92,0.25,0.9,1.175789826583071
tabm_budget_gate,nonlinear,93,0.3333333333333333,0.8,1.0874658547137233
tabm_budget_gate,nonlinear,94,0.3333333333333333,0.8,1.289903953637755
tabm_budget_gate,nonlinear,95,0.3333333333333333,0.8,1.1354461194774226
tabm_budget_gate,nonlinear,96,0.5,0.6,1.1462310033494083
tabm_budget_gate,nonlinear,97,0.4166666666666667,0.7,1.1242030166266985
tabm_budget_gate,nonlinear,98,0.4166666666666667,0.7,1.538032167552329
tabm_budget_gate,nonlinear,99,0.25,0.9,1.3593873109138754
tabm_budget_gate,nonlinear_panel,0,0.3333333333333333,0.8,1.1435431100886613
tabm_budget_gate,nonlinear_panel,1,0.25,0.9,1.1224576249336984
tabm_budget_gate,nonlinear_panel,2,0.3333333333333333,0.8,1.2059663926679831
tabm_budget_gate,nonlinear_panel,3,0.4166666666666667,0.7,1.2279620242226632
tabm_budget_gate,nonlinear_panel,4,0.25,0.9,1.158205450405516
tabm_budget_gate,nonlinear_panel,5,0.3333333333333333,0.8,1.1875896142766535
tabm_budget_gate,nonlinear_panel,6,0.3333333333333333,0.8,1.264037139183525
tabm_budget_gate,nonlinear_panel,7,0.3333333333333333,0.8,1.1754010202069247
tabm_budget_gate,nonlinear_panel,8,0.3333333333333333,0.8,1.5401127466665265
tabm_budget_gate,nonlinear_panel,9,0.3333333333333333,0.8,1.1120527044029584
tabm_budget_gate,nonlinear_panel,10,0.25,0.9,1.3071874597612825
tabm_budget_gate,nonlinear_panel,11,0.3333333333333333,0.8,1.0817710132163274
tabm_budget_gate,nonlinear_panel,12,0.4166666666666667,0.7,1.0690749110063587
tabm_budget_gate,nonlinear_panel,13,0.25,0.9,1.2216317316405176
tabm_budget_gate,nonlinear_panel,14,0.4166666666666667,0.7,1.2169473789341756
tabm_budget_gate,nonlinear_panel,15,0.3333333333333333,0.8,1.1118780539720587
tabm_budget_gate,nonlinear_panel,16,0.4166666666666667,0.7,1.1603325657153125
tabm_budget_gate,nonlinear_panel,17,0.3333333333333333,0.8,1.1669320113231143
tabm_budget_gate,nonlinear_panel,18,0.3333333333333333,0.8,1.1433531331763127
tabm_budget_gate,nonlinear_panel,19,0.3333333333333333,0.8,1.2149323157024654
tabm_budget_gate,nonlinear_panel,20,0.4166666666666667,0.7,1.2558748993547113
tabm_budget_gate,nonlinear_panel,21,0.25,0.9,1.1821604745362744
tabm_budget_gate,nonlinear_panel,22,0.25,0.9,1.6016592306407267
tabm_budget_gate,nonlinear_panel,23,0.5,0.6,1.1566814492033821
tabm_budget_gate,nonlinear_panel,24,0.25,0.9,1.0902418050973048
tabm_budget_gate,nonlinear_panel,25,0.25,0.9,1.238314463354764
tabm_budget_gate,nonlinear_panel,26,0.25,0.9,1.1680857596426903
tabm_budget_gate,nonlinear_panel,27,0.16666666666666666,1.0,1.3001424982043295
tabm_budget_gate,nonlinear_panel,28,0.3333333333333333,0.8,1.0666494952217969
tabm_budget_gate,nonlinear_panel,29,0.25,0.9,1.102563416404732
tabm_budget_gate,nonlinear_panel,30,0.4166666666666667,0.7,1.3185620391925614
tabm_budget_gate,nonlinear_panel,31,0.3333333333333333,0.8,1.0430082615974217
tabm_budget_gate,nonlinear_panel,32,0.4166666666666667,0.7,1.0172060965957408
tabm_budget_gate,nonlinear_panel,33,0.16666666666666666,1.0,1.1622189786322656
tabm_budget_gate,nonlinear_panel,34,0.3333333333333333,0.8,1.0161933221973203
tabm_budget_gate,nonlinear_panel,35,0.25,0.9,1.0527171716071309
tabm_budget_gate,nonlinear_panel,36,0.25,0.9,1.1955024618372914
tabm_budget_gate,nonlinear_panel,37,0.3333333333333333,0.8,0.9950952664657154
tabm_budget_gate,nonlinear_panel,38,0.3333333333333333,0.8,1.1946247788582591
tabm_budget_gate,nonlinear_panel,39,0.16666666666666666,1.0,1.176210932225383
tabm_budget_gate,nonlinear_panel,40,0.25,0.9,1.1935919161893846
tabm_budget_gate,nonlinear_panel,41,0.4166666666666667,0.7,1.1345644949594507
tabm_budget_gate,nonlinear_panel,42,0.3333333333333333,0.8,1.0929730563304199
tabm_budget_gate,nonlinear_panel,43,0.4166666666666667,0.7,1.0742688812611627
tabm_budget_gate,nonlinear_panel,44,0.5,0.6,1.2324874269208015
tabm_budget_gate,nonlinear_panel,45,0.3333333333333333,0.8,1.077786602563311
tabm_budget_gate,nonlinear_panel,46,0.4166666666666667,0.7,1.0909113100448766
tabm_budget_gate,nonlinear_panel,47,0.25,0.9,1.1471320888117071
tabm_budget_gate,nonlinear_panel,48,0.4166666666666667,0.7,1.130432001942553
tabm_budget_gate,nonlinear_panel,49,0.25,0.9,1.118871414630968
tabm_budget_gate,nonlinear_panel,50,0.3333333333333333,0.8,1.0264390929482978
tabm_budget_gate,nonlinear_panel,51,0.3333333333333333,0.8,1.068061702118687
tabm_budget_gate,nonlinear_panel,52,0.3333333333333333,0.8,1.3614048803557504
tabm_budget_gate,nonlinear_panel,53,0.3333333333333333,0.8,1.120496022274856
tabm_budget_gate,nonlinear_panel,54,0.25,0.9,1.0969771307924008
tabm_budget_gate,nonlinear_panel,55,0.3333333333333333,0.8,1.1451580615430816
tabm_budget_gate,nonlinear_panel,56,0.16666666666666666,1.0,1.3429470279033227
tabm_budget_gate,nonlinear_panel,57,0.4166666666666667,0.7,1.0306719160981308
tabm_budget_gate,nonlinear_panel,58,0.3333333333333333,0.8,1.181433269407051
tabm_budget_gate,nonlinear_panel,59,0.25,0.9,1.0462527006493343
tabm_budget_gate,nonlinear_panel,60,0.4166666666666667,0.7,1.1967834556052563
tabm_budget_gate,nonlinear_panel,61,0.3333333333333333,0.8,1.1138307469686293
tabm_budget_gate,nonlinear_panel,62,0.25,0.9,1.0566450683813198
tabm_budget_gate,nonlinear_panel,63,0.25,0.9,1.222532576332943
tabm_budget_gate,nonlinear_panel,64,0.25,0.9,0.9848587677171893
tabm_budget_gate,nonlinear_panel,65,0.4166666666666667,0.7,1.1033446534035904
tabm_budget_gate,nonlinear_panel,66,0.3333333333333333,0.8,1.2797366980754372
tabm_budget_gate,nonlinear_panel,67,0.25,0.9,1.1493191971783179
tabm_budget_gate,nonlinear_panel,68,0.4166666666666667,0.7,1.1144790821257495
tabm_budget_gate,nonlinear_panel,69,0.25,0.9,1.1739066628698331
tabm_budget_gate,nonlinear_panel,70,0.3333333333333333,0.8,1.1159723410694018
tabm_budget_gate,nonlinear_panel,71,0.25,0.9,1.1010016221604093
tabm_budget_gate,nonlinear_panel,72,0.25,0.9,1.1930667440676932
tabm_budget_gate,nonlinear_panel,73,0.25,0.9,1.1989032383005822
tabm_budget_gate,nonlinear_panel,74,0.25,0.9,1.1897990303345167
tabm_budget_gate,nonlinear_panel,75,0.25,0.9,1.1402555347508427
tabm_budget_gate,nonlinear_panel,76,0.25,0.9,1.0669600288429386
tabm_budget_gate,nonlinear_panel,77,0.3333333333333333,0.8,1.0349498821803447
tabm_budget_gate,nonlinear_panel,78,0.3333333333333333,0.8,1.1804929483563433
tabm_budget_gate,nonlinear_panel,79,0.5,0.6,1.2114906454907757
tabm_budget_gate,nonlinear_panel,80,0.4166666666666667,0.7,1.1193049057039568
tabm_budget_gate,nonlinear_panel,81,0.25,0.9,1.2522708466879133
tabm_budget_gate,nonlinear_panel,82,0.5,0.6,1.1238583776808033
tabm_budget_gate,nonlinear_panel,83,0.25,0.9,1.0952510228874184
tabm_budget_gate,nonlinear_panel,84,0.3333333333333333,0.8,1.1262963938707486
tabm_budget_gate,nonlinear_panel,85,0.25,0.9,1.0147545458925007
tabm_budget_gate,nonlinear_panel,86,0.5,0.6,1.2430073003308264
tabm_budget_gate,nonlinear_panel,87,0.5,0.6,1.0986599492662568
tabm_budget_gate,nonlinear_panel,88,0.16666666666666666,1.0,1.1160584602708
tabm_budget_gate,nonlinear_panel,89,0.25,0.9,1.0214660236823558
tabm_budget_gate,nonlinear_panel,90,0.25,0.9,1.2509046293864843
tabm_budget_gate,nonlinear_panel,91,0.25,0.9,1.0895131502858677
tabm_budget_gate,nonlinear_panel,92,0.3333333333333333,0.8,1.0905835239815016
tabm_budget_gate,nonlinear_panel,93,0.5,0.6,1.2375045354754008
tabm_budget_gate,nonlinear_panel,94,0.3333333333333333,0.8,1.2169562040320556
tabm_budget_gate,nonlinear_panel,95,0.16666666666666666,1.0,1.1017400286484855
tabm_budget_gate,nonlinear_panel,96,0.5,0.6,1.1360236574056244
tabm_budget_gate,nonlinear_panel,97,0.3333333333333333,0.8,1.1683898537128266
tabm_budget_gate,nonlinear_panel,98,0.3333333333333333,0.8,1.173054352406361
tabm_budget_gate,nonlinear_panel,99,0.4166666666666667,0.7,1.0826395361649013
ep_regression,linear_sparse,0,0.5833333333333334,1.0,0.6292563306452703
ep_regression,linear_sparse,1,0.5833333333333334,1.0,0.6364476861246229
ep_regression,linear_sparse,2,0.5833333333333334,1.0,0.6472472697690331
ep_regression,linear_sparse,3,0.5833333333333334,1.0,0.583504378561682
ep_regression,linear_sparse,4,0.5833333333333334,1.0,0.608209311541914
ep_regression,linear_sparse,5,0.5833333333333334,1.0,0.6840899272479953
ep_regression,linear_sparse,6,0.5833333333333334,1.0,0.6039921256771812
ep_regression,linear_sparse,7,0.5833333333333334,1.0,0.661658457801341
ep_regression,linear_sparse,8,0.5833333333333334,1.0,0.6152275932671623
ep_regression,linear_sparse,9,0.5833333333333334,1.0,0.6550368765372399
ep_regression,linear_sparse,10,0.5833333333333334,1.0,0.6642432901371065
ep_regression,linear_sparse,11,0.5833333333333334,1.0,0.5661618315755145
ep_regression,linear_sparse,12,0.5833333333333334,1.0,0.6496459831214059
ep_regression,linear_sparse,13,0.5833333333333334,1.0,0.6488018057718042
ep_regression,linear_sparse,14,0.5833333333333334,1.0,0.6462483068450813
ep_regression,linear_sparse,15,0.5833333333333334,1.0,0.6469715284750259
ep_regression,linear_sparse,16,0.5833333333333334,1.0,0.6395966657492433
ep_regression,linear_sparse,17,0.5833333333333334,1.0,0.6553506062545548
ep_regression,linear_sparse,18,0.5833333333333334,1.0,0.6181948914959358
ep_regression,linear_sparse,19,0.5833333333333334,1.0,0.574531659523243
ep_regression,linear_sparse,20,0.5833333333333334,1.0,0.5987760874265453
ep_regression,linear_sparse,21,0.5833333333333334,1.0,0.6072493259760575
ep_regression,linear_sparse,22,0.5833333333333334,1.0,0.6215810482951216
ep_regression,linear_sparse,23,0.5833333333333334,1.0,0.6492190554942946
ep_regression,linear_sparse,24,0.5833333333333334,1.0,0.6304146909892515
ep_regression,linear_sparse,25,0.5833333333333334,1.0,0.6705203556806143
ep_regression,linear_sparse,26,0.5833333333333334,1.0,0.6287954845755799
ep_regression,linear_sparse,27,0.5833333333333334,1.0,0.6829776841271954
ep_regression,linear_sparse,28,0.5833333333333334,1.0,0.6169485664412605
ep_regression,linear_sparse,29,0.5833333333333334,1.0,0.6548064303545711
ep_regression,linear_sparse,30,0.5833333333333334,1.0,0.6693569561750058
ep_regression,linear_sparse,31,0.5833333333333334,1.0,0.6525127217728844
ep_regression,linear_sparse,32,0.5833333333333334,1.0,0.6682998230712194
ep_regression,linear_sparse,33,0.5833333333333334,1.0,0.6156754720063488
ep_regression,linear_sparse,34,0.5833333333333334,1.0,0.6721594395848774
ep_regression,linear_sparse,35,0.5833333333333334,1.0,0.5862442904681822
ep_regression,linear_sparse,36,0.5833333333333334,1.0,0.6642964355774719
ep_regression,linear_sparse,37,0.5833333333333334,1.0,0.588452020744988
ep_regression,linear_sparse,38,0.5833333333333334,1.0,0.6410033605818203
ep_regression,linear_sparse,39,0.5833333333333334,1.0,0.7155592112311557
ep_regression,linear_sparse,40,0.5833333333333334,1.0,0.6378364711521379
ep_regression,linear_sparse,41,0.5833333333333334,1.0,0.6575797093012665
ep_regression,linear_sparse,42,0.5833333333333334,1.0,0.6253703304486468
ep_regression,linear_sparse,43,0.5833333333333334,1.0,0.6439902713587615
ep_regression,linear_sparse,44,0.5833333333333334,1.0,0.6136565584719249
ep_regression,linear_sparse,45,0.5833333333333334,1.0,0.6472419245261561
ep_regression,linear_sparse,46,0.5833333333333334,1.0,0.6114565613702658
ep_regression,linear_sparse,47,0.5833333333333334,1.0,0.6064077370001841
ep_regression,linear_sparse,48,0.5833333333333334,1.0,0.6073029895231243
ep_regression,linear_sparse,49,0.5833333333333334,1.0,0.6165394033772436
ep_regression,linear_sparse,50,0.5833333333333334,1.0,0.6373082722964287
ep_regression,linear_sparse,51,0.5833333333333334,1.0,0.6456786964847151
ep_regression,linear_sparse,52,0.5833333333333334,1.0,0.5816364561883838
ep_regression,linear_sparse,53,0.5833333333333334,1.0,0.6263819277062203
ep_regression,linear_sparse,54,0.5833333333333334,1.0,0.6860009975569477
ep_regression,linear_sparse,55,0.5833333333333334,1.0,0.6819831398330237
ep_regression,linear_sparse,56,0.5833333333333334,1.0,0.6439015672771209
ep_regression,linear_sparse,57,0.5833333333333334,1.0,0.5932995564954269
ep_regression,linear_sparse,58,0.5833333333333334,1.0,0.619080958696208
ep_regression,linear_sparse,59,0.5833333333333334,1.0,0.6358055671446906
ep_regression,linear_sparse,60,0.5833333333333334,1.0,0.7490366120478382
ep_regression,linear_sparse,61,0.5833333333333334,1.0,0.6365943918704069
ep_regression,linear_sparse,62,0.5833333333333334,1.0,0.6293899024650621
ep_regression,linear_sparse,63,0.5833333333333334,1.0,0.7188498206363346
ep_regression,linear_sparse,64,0.5833333333333334,1.0,0.6709996352820002
ep_regression,linear_sparse,65,0.5833333333333334,1.0,0.6050033309056662
ep_regression,linear_sparse,66,0.5833333333333334,1.0,0.6432616701462402
ep_regression,linear_sparse,67,0.5833333333333334,1.0,0.6376086490844378
ep_regression,linear_sparse,68,0.5833333333333334,1.0,0.6255089697348928
ep_regression,linear_sparse,69,0.5833333333333334,1.0,0.6700523460243502
ep_regression,linear_sparse,70,0.5833333333333334,1.0,0.722077750196896
ep_regression,linear_sparse,71,0.5833333333333334,1.0,0.6446669924692003
ep_regression,linear_sparse,72,0.5833333333333334,1.0,0.6496590516968727
ep_regression,linear_sparse,73,0.5833333333333334,1.0,0.6646003764591566
ep_regression,linear_sparse,74,0.5833333333333334,1.0,0.5982017484145878
ep_regression,linear_sparse,75,0.5833333333333334,1.0,0.6015409404610265
ep_regression,linear_sparse,76,0.5833333333333334,1.0,0.6256026513390509
ep_regression,linear_sparse,77,0.5833333333333334,1.0,0.6062826434042848
ep_regression,linear_sparse,78,0.5833333333333334,1.0,0.6678236906565157
ep_regression,linear_sparse,79,0.5833333333333334,1.0,0.6206217391359995
ep_regression,linear_sparse,80,0.5833333333333334,1.0,0.5964069829094454
ep_regression,linear_sparse,81,0.5833333333333334,1.0,0.6604338582208962
ep_regression,linear_sparse,82,0.5833333333333334,1.0,0.6446314683394146
ep_regression,linear_sparse,83,0.5833333333333334,1.0,0.6370382726242839
ep_regression,linear_sparse,84,0.5833333333333334,1.0,0.6237303104460858
ep_regression,linear_sparse,85,0.5833333333333334,1.0,0.6419623090201176
ep_regression,linear_sparse,86,0.5833333333333334,1.0,0.6152688782964487
ep_regression,linear_sparse,87,0.5833333333333334,1.0,0.6773167764705317
ep_regression,linear_sparse,88,0.5833333333333334,1.0,0.6524948911725191
ep_regression,linear_sparse,89,0.5833333333333334,1.0,0.5943283085660153
ep_regression,linear_sparse,90,0.5833333333333334,1.0,0.6347494513659033
ep_regression,linear_sparse,91,0.5833333333333334,1.0,0.6576019361846571
ep_regression,linear_sparse,92,0.5833333333333334,1.0,0.6044685124261451
ep_regression,linear_sparse,93,0.5833333333333334,1.0,0.5857238597244605
ep_regression,linear_sparse,94,0.5833333333333334,1.0,0.6075119855135444
ep_regression,linear_sparse,95,0.5833333333333334,1.0,0.6373487533890889
ep_regression,linear_sparse,96,0.5833333333333334,1.0,0.6287321223925477
ep_regression,linear_sparse,97,0.5833333333333334,1.0,0.6030259144709404
ep_regression,linear_sparse,98,0.5833333333333334,1.0,0.6095942947748396
ep_regression,linear_sparse,99,0.5833333333333334,1.0,0.6416030530789353
ep_regression,linear_medium,0,0.16666666666666666,1.0,1.0986952759764348
ep_regression,linear_medium,1,0.16666666666666666,1.0,1.0521594610180616
ep_regression,linear_medium,2,0.16666666666666666,1.0,1.0548089767188078
ep_regression,linear_medium,3,0.16666666666666666,1.0,1.1187850787942557
ep_regression,linear_medium,4,0.16666666666666666,1.0,1.1085514191749903
ep_regression,linear_medium,5,0.16666666666666666,1.0,1.0925782807532276
ep_regression,linear_medium,6,0.16666666666666666,1.0,1.1027997756281203
ep_regression,linear_medium,7,0.16666666666666666,1.0,1.0622949807369837
ep_regression,linear_medium,8,0.16666666666666666,1.0,1.088750565844486
ep_regression,linear_medium,9,0.16666666666666666,1.0,1.0315104891940436
ep_regression,linear_medium,10,0.16666666666666666,1.0,1.0855672305204227
ep_regression,linear_medium,11,0.25,0.9,1.0479533228601714
ep_regression,linear_medium,12,0.16666666666666666,1.0,1.0494976116328516
ep_regression,linear_medium,13,0.16666666666666666,1.0,1.013197761114519
ep_regression,linear_medium,14,0.16666666666666666,1.0,1.0368048001136942
ep_regression,linear_medium,15,0.16666666666666666,1.0,1.0243593445260801
ep_regression,linear_medium,16,0.16666666666666666,1.0,1.1242737958273468
ep_regression,linear_medium,17,0.16666666666666666,1.0,1.0731352266825533
ep_regression,linear_medium,18,0.16666666666666666,1.0,1.0737279070581676
ep_regression,linear_medium,19,0.16666666666666666,1.0,1.0339742630303288
ep_regression,linear_medium,20,0.16666666666666666,1.0,1.1504477319224697
ep_regression,linear_medium,21,0.16666666666666666,1.0,1.0696975033838254
ep_regression,linear_medium,22,0.16666666666666666,1.0,1.0590117938121593
ep_regression,linear_medium,23,0.16666666666666666,1.0,1.0541213778966867
ep_regression,linear_medium,24,0.16666666666666666,1.0,0.9956472538059209
ep_regression,linear_medium,25,0.16666666666666666,1.0,1.128291536852172
ep_regression,linear_medium,26,0.16666666666666666,1.0,1.0242433625622425
ep_regression,linear_medium,27,0.16666666666666666,1.0,1.0089697156018844
ep_regression,linear_medium,28,0.16666666666666666,1.0,1.0242374934746064
ep_regression,linear_medium,29,0.16666666666666666,1.0,1.0576078423256727
ep_regression,linear_medium,30,0.16666666666666666,1.0,1.0996289051604757
ep_regression,linear_medium,31,0.16666666666666666,1.0,1.1189428075653651
ep_regression,linear_medium,32,0.16666666666666666,1.0,1.0738731979900529
ep_regression,linear_medium,33,0.16666666666666666,1.0,1.0459265126220088
ep_regression,linear_medium,34,0.16666666666666666,1.0,1.057990651511939
ep_regression,linear_medium,35,0.16666666666666666,1.0,1.0661025854068138
ep_regression,linear_medium,36,0.16666666666666666,1.0,1.0722795802033978
ep_regression,linear_medium,37,0.16666666666666666,1.0,1.0791442660350443
ep_regression,linear_medium,38,0.16666666666666666,1.0,1.086862218456308
ep_regression,linear_medium,39,0.16666666666666666,1.0,1.0323035729128716
ep_regression,linear_medium,40,0.16666666666666666,1.0,1.066008566523439
ep_regression,linear_medium,41,0.16666666666666666,1.0,1.0705561441318876
ep_regression,linear_medium,42,0.16666666666666666,1.0,1.0381415691135922
ep_regression,linear_medium,43,0.16666666666666666,1.0,1.0230834048268451
ep_regression,linear_medium,44,0.16666666666666666,1.0,0.9654861130848176
ep_regression,linear_medium,45,0.16666666666666666,1.0,1.0992561757939472
ep_regression,linear_medium,46,0.16666666666666666,1.0,1.1408255880220628
ep_regression,linear_medium,47,0.16666666666666666,1.0,1.0761783153748878
ep_regression,linear_medium,48,0.16666666666666666,1.0,1.1379334378395174
ep_regression,linear_medium,49,0.16666666666666666,1.0,1.0309101521230064
ep_regression,linear_medium,50,0.16666666666666666,1.0,1.0381270015736581
ep_regression,linear_medium,51,0.16666666666666666,1.0,1.0540235426124445
ep_regression,linear_medium,52,0.16666666666666666,1.0,1.112806553992069
ep_regression,linear_medium,53,0.16666666666666666,1.0,1.0969036961566832
ep_regression,linear_medium,54,0.16666666666666666,1.0,1.0370060542977086
ep_regression,linear_medium,55,0.16666666666666666,1.0,1.0899860281689822
ep_regression,linear_medium,56,0.16666666666666666,1.0,1.1000086283332884
ep_regression,linear_medium,57,0.16666666666666666,1.0,1.1116416781459075
ep_regression,linear_medium,58,0.16666666666666666,1.0,1.0586707778803406
ep_regression,linear_medium,59,0.16666666666666666,1.0,1.0680865758252194
ep_regression,linear_medium,60,0.16666666666666666,1.0,1.0482280269507902
ep_regression,linear_medium,61,0.16666666666666666,1.0,1.0806420808094392
ep_regression,linear_medium,62,0.16666666666666666,1.0,1.081032735560941
ep_regression,linear_medium,63,0.16666666666666666,1.0,1.0849375566613035
ep_regression,linear_medium,64,0.16666666666666666,1.0,1.1191972887569197
ep_regression,linear_medium,65,0.16666666666666666,1.0,1.039765755787677
ep_regression,linear_medium,66,0.16666666666666666,1.0,1.1011537692280657
ep_regression,linear_medium,67,0.16666666666666666,1.0,1.1253178215623791
ep_regression,linear_medium,68,0.16666666666666666,1.0,1.0803020212314343
ep_regression,linear_medium,69,0.16666666666666666,1.0,1.074407822896945
ep_regression,linear_medium,70,0.16666666666666666,1.0,1.0877332454429802
ep_regression,linear_medium,71,0.16666666666666666,1.0,0.9967894359379457
ep_regression,linear_medium,72,0.16666666666666666,1.0,1.1594240806986376
ep_regression,linear_medium,73,0.16666666666666666,1.0,1.0730473371967948
ep_regression,linear_medium,74,0.16666666666666666,1.0,1.03058783797682
ep_regression,linear_medium,75,0.16666666666666666,1.0,1.1335231564043395
ep_regression,linear_medium,76,0.16666666666666666,1.0,1.1018405253071677
ep_regression,linear_medium,77,0.16666666666666666,1.0,1.0678604881867586
ep_regression,linear_medium,78,0.16666666666666666,1.0,1.0910009162156555
ep_regression,linear_medium,79,0.16666666666666666,1.0,1.1502513460993582
ep_regression,linear_medium,80,0.16666666666666666,1.0,1.0510475792669722
ep_regression,linear_medium,81,0.16666666666666666,1.0,1.130900763680152
ep_regression,linear_medium,82,0.16666666666666666,1.0,1.0982478269560603
ep_regression,linear_medium,83,0.16666666666666666,1.0,1.0347655195571708
ep_regression,linear_medium,84,0.16666666666666666,1.0,1.098944958132534
ep_regression,linear_medium,85,0.16666666666666666,1.0,1.1503164372249637
ep_regression,linear_medium,86,0.16666666666666666,1.0,1.0711634289756968
ep_regression,linear_medium,87,0.16666666666666666,1.0,1.0335432895231798
ep_regression,linear_medium,88,0.16666666666666666,1.0,1.0398156759609103
ep_regression,linear_medium,89,0.16666666666666666,1.0,1.134660627002495
ep_regression,linear_medium,90,0.16666666666666666,1.0,1.0255786887129126
ep_regression,linear_medium,91,0.16666666666666666,1.0,1.0100776621061163
ep_regression,linear_medium,92,0.16666666666666666,1.0,1.1206189984792767
ep_regression,linear_medium,93,0.16666666666666666,1.0,1.0260126965839633
ep_regression,linear_medium,94,0.16666666666666666,1.0,1.020644911105902
ep_regression,linear_medium,95,0.16666666666666666,1.0,1.0507663794331235
ep_regression,linear_medium,96,0.16666666666666666,1.0,1.0174070839722458
ep_regression,linear_medium,97,0.16666666666666666,1.0,1.0945477472136875
ep_regression,linear_medium,98,0.16666666666666666,1.0,1.0517941086560434
ep_regression,linear_medium,99,0.16666666666666666,1.0,1.0713758177793027
ep_regression,linear_weak,0,0.25,0.9,1.9445849255930123
ep_regression,linear_weak,1,0.25,0.9,1.913615162003077
ep_regression,linear_weak,2,0.16666666666666666,1.0,1.8966048586164423
ep_regression,linear_weak,3,0.16666666666666666,1.0,1.8851555205060413
ep_regression,linear_weak,4,0.3333333333333333,0.8,1.9225479001963812
ep_regression,linear_weak,5,0.25,0.9,1.8020115535088737
ep_regression,linear_weak,6,0.16666666666666666,1.0,1.9453189839430651
ep_regression,linear_weak,7,0.16666666666666666,1.0,1.9352402740336063
ep_regression,linear_weak,8,0.16666666666666666,1.0,1.9157188629968864
ep_regression,linear_weak,9,0.16666666666666666,1.0,1.783663165081194
ep_regression,linear_weak,10,0.16666666666666666,1.0,1.8660369620655408
ep_regression,linear_weak,11,0.16666666666666666,1.0,1.7881571354801291
ep_regression,linear_weak,12,0.16666666666666666,1.0,1.7706942614170358
ep_regression,linear_weak,13,0.16666666666666666,1.0,1.85596106825421
ep_regression,linear_weak,14,0.16666666666666666,1.0,1.8457779824160199
ep_regression,linear_weak,15,0.16666666666666666,1.0,1.6908286842746112
ep_regression,linear_weak,16,0.16666666666666666,1.0,1.922159721898036
ep_regression,linear_weak,17,0.16666666666666666,1.0,1.9323175721987462
ep_regression,linear_weak,18,0.16666666666666666,1.0,1.9545699318137222
ep_regression,linear_weak,19,0.16666666666666666,1.0,1.8955016002538054
ep_regression,linear_weak,20,0.16666666666666666,1.0,1.8394589546423967
ep_regression,linear_weak,21,0.16666666666666666,1.0,1.88778188517985
ep_regression,linear_weak,22,0.16666666666666666,1.0,1.8928895387462392
ep_regression,linear_weak,23,0.16666666666666666,1.0,1.8228711199394363
ep_regression,linear_weak,24,0.16666666666666666,1.0,1.8424616417839386
ep_regression,linear_weak,25,0.16666666666666666,1.0,1.8195971366460544
ep_regression,linear_weak,26,0.25,0.9,1.8306385920540889
ep_regression,linear_weak,27,0.16666666666666666,1.0,1.864868414690867
ep_regression,linear_weak,28,0.16666666666666666,1.0,1.8137850503811728
ep_regression,linear_weak,29,0.16666666666666666,1.0,1.91024781310966
ep_regression,linear_weak,30,0.16666666666666666,1.0,1.896447225659511
ep_regression,linear_weak,31,0.25,0.9,1.847128018708765
ep_regression,linear_weak,32,0.16666666666666666,1.0,1.8846444584500723
ep_regression,linear_weak,33,0.16666666666666666,1.0,1.7488888924079478
ep_regression,linear_weak,34,0.16666666666666666,1.0,1.8098070822215064
ep_regression,linear_weak,35,0.25,0.9,1.834016496664781
ep_regression,linear_weak,36,0.16666666666666666,1.0,1.9274108988347207
ep_regression,linear_weak,37,0.25,0.9,2.017220725717889
ep_regression,linear_weak,38,0.25,0.9,1.946229579362413
ep_regression,linear_weak,39,0.25,0.9,1.8860193974076365
ep_regression,linear_weak,40,0.16666666666666666,1.0,1.8937563011780805
ep_regression,linear_weak,41,0.16666666666666666,1.0,1.8952685616386995
ep_regression,linear_weak,42,0.16666666666666666,1.0,1.981585952271835
ep_regression,linear_weak,43,0.16666666666666666,1.0,1.9176311894314073
ep_regression,linear_weak,44,0.16666666666666666,1.0,2.0634554427669123
ep_regression,linear_weak,45,0.25,0.9,2.046347760306585
ep_regression,linear_weak,46,0.16666666666666666,1.0,1.9091229964210852
ep_regression,linear_weak,47,0.16666666666666666,1.0,1.8223623789282728
ep_regression,linear_weak,48,0.25,0.9,1.8027407634849908
ep_regression,linear_weak,49,0.16666666666666666,1.0,1.910814890624262
ep_regression,linear_weak,50,0.16666666666666666,1.0,1.9828525287851824
ep_regression,linear_weak,51,0.16666666666666666,1.0,1.8219840499803377
ep_regression,linear_weak,52,0.16666666666666666,1.0,1.7999759049166542
ep_regression,linear_weak,53,0.25,0.9,1.9364798859531216
ep_regression,linear_weak,54,0.16666666666666666,1.0,1.8552651349416776
ep_regression,linear_weak,55,0.25,0.9,1.9114824363943028
ep_regression,linear_weak,56,0.16666666666666666,1.0,1.8612053073696206
ep_regression,linear_weak,57,0.25,0.9,1.9218821488834616
ep_regression,linear_weak,58,0.25,0.9,1.7266379277782078
ep_regression,linear_weak,59,0.25,0.9,1.9364653573022617
ep_regression,linear_weak,60,0.4166666666666667,0.7,1.815651776417204
ep_regression,linear_weak,61,0.16666666666666666,1.0,1.9767063707486852
ep_regression,linear_weak,62,0.16666666666666666,1.0,1.9332997078103409
ep_regression,linear_weak,63,0.16666666666666666,1.0,1.946961212934115
ep_regression,linear_weak,64,0.25,0.9,1.9715071855314072
ep_regression,linear_weak,65,0.25,0.9,1.9523331781337534
ep_regression,linear_weak,66,0.16666666666666666,1.0,1.9723109133116095
ep_regression,linear_weak,67,0.16666666666666666,1.0,1.8767990732900155
ep_regression,linear_weak,68,0.16666666666666666,1.0,1.812857701190955
ep_regression,linear_weak,69,0.16666666666666666,1.0,1.908210229791557
ep_regression,linear_weak,70,0.16666666666666666,1.0,1.8830111330250316
ep_regression,linear_weak,71,0.16666666666666666,1.0,1.903814342417205
ep_regression,linear_weak,72,0.16666666666666666,1.0,1.833139969809201
ep_regression,linear_weak,73,0.16666666666666666,1.0,1.9784602809514211
ep_regression,linear_weak,74,0.16666666666666666,1.0,1.9402207306845969
ep_regression,linear_weak,75,0.16666666666666666,1.0,1.9467248870027782
ep_regression,linear_weak,76,0.16666666666666666,1.0,1.8525521833438474
ep_regression,linear_weak,77,0.25,0.9,1.8404628649169557
ep_regression,linear_weak,78,0.25,0.9,1.9144430817573401
ep_regression,linear_weak,79,0.16666666666666666,1.0,1.807049719816665
ep_regression,linear_weak,80,0.3333333333333333,0.8,1.8914643008919207
ep_regression,linear_weak,81,0.16666666666666666,1.0,1.9535379117888756
ep_regression,linear_weak,82,0.25,0.9,1.8460877051594728
ep_regression,linear_weak,83,0.16666666666666666,1.0,1.920445828746269
ep_regression,linear_weak,84,0.16666666666666666,1.0,1.8587934547992933
ep_regression,linear_weak,85,0.16666666666666666,1.0,1.8494533403521842
ep_regression,linear_weak,86,0.25,0.9,1.903003184773002
ep_regression,linear_weak,87,0.3333333333333333,0.8,1.9211082050731487
ep_regression,linear_weak,88,0.16666666666666666,1.0,1.9100660669474165
ep_regression,linear_weak,89,0.16666666666666666,1.0,1.814876248991706
ep_regression,linear_weak,90,0.16666666666666666,1.0,1.7492087342148597
ep_regression,linear_weak,91,0.16666666666666666,1.0,1.8650630406479156
ep_regression,linear_weak,92,0.16666666666666666,1.0,1.9098612974053577
ep_regression,linear_weak,93,0.16666666666666666,1.0,1.7740379183020836
ep_regression,linear_weak,94,0.25,0.9,1.9275669837666305
ep_regression,linear_weak,95,0.3333333333333333,0.8,1.916185082149543
ep_regression,linear_weak,96,0.16666666666666666,1.0,1.8561338024934528
ep_regression,linear_weak,97,0.16666666666666666,1.0,1.7844548587786158
ep_regression,linear_weak,98,0.16666666666666666,1.0,1.8743200095398613
ep_regression,linear_weak,99,0.16666666666666666,1.0,1.9204800101601691
ep_regression,linear_dense,0,0.0,0.8,1.129892392388839
ep_regression,linear_dense,1,0.0,0.8,1.233087840810443
ep_regression,linear_dense,2,0.0,0.8,1.1617090420867857
ep_regression,linear_dense,3,0.0,0.8,1.1679335013667762
ep_regression,linear_dense,4,0.0,0.8,1.0262070393871472
ep_regression,linear_dense,5,0.0,0.8,1.0619007679341737
ep_regression,linear_dense,6,0.0,0.8,1.0638024400455441
ep_regression,linear_dense,7,0.0,0.8,1.1049649358128135
ep_regression,linear_dense,8,0.08333333333333333,0.7333333333333333,1.0737528823599767
ep_regression,linear_dense,9,0.08333333333333333,0.7333333333333333,1.0555405843930485
ep_regression,linear_dense,10,0.0,0.8,1.1058848272832915
ep_regression,linear_dense,11,0.0,0.8,1.0567157886454301
ep_regression,linear_dense,12,0.0,0.8,1.0886882440789356
ep_regression,linear_dense,13,0.0,0.8,1.149823622918659
ep_regression,linear_dense,14,0.0,0.8,1.0382582761349464
ep_regression,linear_dense,15,0.0,0.8,1.063585581479884
ep_regression,linear_dense,16,0.0,0.8,1.0568278764203793
ep_regression,linear_dense,17,0.0,0.8,1.1357041061506112
ep_regression,linear_dense,18,0.0,0.8,1.0335913165640067
ep_regression,linear_dense,19,0.0,0.8,1.1023589874446724
ep_regression,linear_dense,20,0.0,0.8,1.0512957295084784
ep_regression,linear_dense,21,0.0,0.8,1.0576220675783656
ep_regression,linear_dense,22,0.08333333333333333,0.7333333333333333,1.189690048848666
ep_regression,linear_dense,23,0.0,0.8,1.1080281778665482
ep_regression,linear_dense,24,0.0,0.8,1.1714995241553496
ep_regression,linear_dense,25,0.0,0.8,1.0118041814740653
ep_regression,linear_dense,26,0.0,0.8,1.1171028576101916
ep_regression,linear_dense,27,0.0,0.8,1.1434027466344978
ep_regression,linear_dense,28,0.0,0.8,1.0710685612807342
ep_regression,linear_dense,29,0.0,0.8,1.06840954092051
ep_regression,linear_dense,30,0.0,0.8,1.0590982583940869
ep_regression,linear_dense,31,0.0,0.8,1.0266712635621755
ep_regression,linear_dense,32,0.0,0.8,1.0720675495370515
ep_regression,linear_dense,33,0.0,0.8,1.0685985536443656
ep_regression,linear_dense,34,0.0,0.8,1.1387075797568904
ep_regression,linear_dense,35,0.0,0.8,1.1441642424407839
ep_regression,linear_dense,36,0.0,0.8,1.119130886710187
ep_regression,linear_dense,37,0.08333333333333333,0.7333333333333333,1.0767323877593515
ep_regression,linear_dense,38,0.0,0.8,1.0799723909601735
ep_regression,linear_dense,39,0.0,0.8,1.038322728250199
ep_regression,linear_dense,40,0.0,0.8,1.0647735498243482
ep_regression,linear_dense,41,0.0,0.8,1.0093643518897903
ep_regression,linear_dense,42,0.0,0.8,1.0905422970895189
ep_regression,linear_dense,43,0.0,0.8,1.1617639065091219
ep_regression,linear_dense,44,0.0,0.8,1.1307439255359113
ep_regression,linear_dense,45,0.0,0.8,1.085891461938239
ep_regression,linear_dense,46,0.08333333333333333,0.7333333333333333,1.1974915926582992
ep_regression,linear_dense,47,0.08333333333333333,0.7333333333333333,1.0536464006721082
ep_regression,linear_dense,48,0.0,0.8,1.0280944849278508
ep_regression,linear_dense,49,0.0,0.8,1.1159709993187297
ep_regression,linear_dense,50,0.08333333333333333,0.7333333333333333,1.0268485344783582
ep_regression,linear_dense,51,0.0,0.8,1.089691588955174
ep_regression,linear_dense,52,0.0,0.8,1.0554891374980784
ep_regression,linear_dense,53,0.0,0.8,1.1195333319347405
ep_regression,linear_dense,54,0.0,0.8,1.0418944368539074
ep_regression,linear_dense,55,0.0,0.8,1.0439957544439638
ep_regression,linear_dense,56,0.0,0.8,1.0540200314195487
ep_regression,linear_dense,57,0.0,0.8,1.1267985022118994
ep_regression,linear_dense,58,0.0,0.8,1.0938184138032563
ep_regression,linear_dense,59,0.0,0.8,1.1133571733279508
ep_regression,linear_dense,60,0.0,0.8,1.1076879202525138
ep_regression,linear_dense,61,0.0,0.8,1.0466607023649117
ep_regression,linear_dense,62,0.0,0.8,1.0853273333711386
ep_regression,linear_dense,63,0.08333333333333333,0.7333333333333333,1.147612634218918
ep_regression,linear_dense,64,0.0,0.8,1.0981279391720502
ep_regression,linear_dense,65,0.0,0.8,1.1518831482233007
ep_regression,linear_dense,66,0.08333333333333333,0.7333333333333333,1.0820091654819965
ep_regression,linear_dense,67,0.0,0.8,1.1120059186588829
ep_regression,linear_dense,68,0.0,0.8,1.0524817357393548
ep_regression,linear_dense,69,0.0,0.8,1.06029828375091
ep_regression,linear_dense,70,0.0,0.8,1.0854997809263405
ep_regression,linear_dense,71,0.0,0.8,1.059060163657477
ep_regression,linear_dense,72,0.0,0.8,1.1216704093177086
ep_regression,linear_dense,73,0.0,0.8,1.0762654629586366
ep_regression,linear_dense,74,0.0,0.8,1.1518410139488169
ep_regression,linear_dense,75,0.0,0.8,1.0402686101095746
ep_regression,linear_dense,76,0.0,0.8,1.0951955260028787
ep_regression,linear_dense,77,0.0,0.8,1.093068699610791
ep_regression,linear_dense,78,0.0,0.8,1.071352085000885
ep_regression,linear_dense,79,0.0,0.8,1.1219278162267738
ep_regression,linear_dense,80,0.0,0.8,1.0799822909003693
ep_regression,linear_dense,81,0.0,0.8,1.1291938248379385
ep_regression,linear_dense,82,0.0,0.8,1.053297424990973
ep_regression,linear_dense,83,0.0,0.8,1.038990183569245
ep_regression,linear_dense,84,0.0,0.8,1.0867723811155063
ep_regression,linear_dense,85,0.0,0.8,1.1431694205841385
ep_regression,linear_dense,86,0.0,0.8,1.1282020223159448
ep_regression,linear_dense,87,0.0,0.8,1.1755494739406596
ep_regression,linear_dense,88,0.08333333333333333,0.7333333333333333,1.1062573938361713
ep_regression,linear_dense,89,0.0,0.8,1.1071372218420878
ep_regression,linear_dense,90,0.0,0.8,1.095565937582091
ep_regression,linear_dense,91,0.0,0.8,0.9999902383250107
ep_regression,linear_dense,92,0.0,0.8,1.09503323400288
ep_regression,linear_dense,93,0.0,0.8,1.1653330656888443
ep_regression,linear_dense,94,0.0,0.8,1.1646919179137067
ep_regression,linear_dense,95,0.0,0.8,1.0019830831678342
ep_regression,linear_dense,96,0.0,0.8,1.107882195704156
ep_regression,linear_dense,97,0.0,0.8,1.1489808882391577
ep_regression,linear_dense,98,0.0,0.8,1.0785206551602224
ep_regression,linear_dense,99,0.0,0.8,1.0753188818814738
ep_regression,nonlinear,0,0.4166666666666667,0.7,1.2488903348906244
ep_regression,nonlinear,1,0.4166666666666667,0.7,1.1043725777431614
ep_regression,nonlinear,2,0.3333333333333333,0.8,1.1419097017685687
ep_regression,nonlinear,3,0.3333333333333333,0.8,1.1331972167879307
ep_regression,nonlinear,4,0.5833333333333334,0.5,1.1337998779359488
ep_regression,nonlinear,5,0.3333333333333333,0.8,1.407168947647787
ep_regression,nonlinear,6,0.25,0.9,1.1483320823738068
ep_regression,nonlinear,7,0.4166666666666667,0.7,1.1311929826033484
ep_regression,nonlinear,8,0.4166666666666667,0.7,1.235480502398547
ep_regression,nonlinear,9,0.5,0.6,1.2598909210308913
ep_regression,nonlinear,10,0.4166666666666667,0.7,1.1284834361060356
ep_regression,nonlinear,11,0.25,0.9,1.0860314831879248
ep_regression,nonlinear,12,0.5,0.6,1.1858781813144879
ep_regression,nonlinear,13,0.3333333333333333,0.8,1.2578218937418408
ep_regression,nonlinear,14,0.4166666666666667,0.7,1.120998994584485
ep_regression,nonlinear,15,0.3333333333333333,0.8,1.2164604908014305
ep_regression,nonlinear,16,0.25,0.9,1.259861695943824
ep_regression,nonlinear,17,0.4166666666666667,0.7,1.2775310102996909
ep_regression,nonlinear,18,0.5833333333333334,0.5,1.2392402423630946
ep_regression,nonlinear,19,0.5,0.6,1.2158486137365079
ep_regression,nonlinear,20,0.4166666666666667,0.7,1.1727400954397142
ep_regression,nonlinear,21,0.4166666666666667,0.7,1.2165551500341147
ep_regression,nonlinear,22,0.5833333333333334,0.5,1.1221227302090706
ep_regression,nonlinear,23,0.25,0.9,1.24734648015553
ep_regression,nonlinear,24,0.4166666666666667,0.7,1.154368687576755
ep_regression,nonlinear,25,0.3333333333333333,0.8,1.1240795192151853
ep_regression,nonlinear,26,0.3333333333333333,0.8,1.2148337090242853
ep_regression,nonlinear,27,0.4166666666666667,0.7,1.1911059551174532
ep_regression,nonlinear,28,0.5,0.6,1.0835908212611163
ep_regression,nonlinear,29,0.4166666666666667,0.7,1.3253221346875421
ep_regression,nonlinear,30,0.5833333333333334,0.5,1.1482224701925348
ep_regression,nonlinear,31,0.3333333333333333,0.8,1.210690972374523
ep_regression,nonlinear,32,0.3333333333333333,0.8,1.1833276788984812
ep_regression,nonlinear,33,0.4166666666666667,0.7,1.1886424866194802
ep_regression,nonlinear,34,0.3333333333333333,0.8,1.1806573132831542
ep_regression,nonlinear,35,0.16666666666666666,1.0,1.3025859635057448
ep_regression,nonlinear,36,0.3333333333333333,0.8,1.057486663360761
ep_regression,nonlinear,37,0.5,0.6,1.5103823488419874
ep_regression,nonlinear,38,0.3333333333333333,0.8,1.4376769867452446
ep_regression,nonlinear,39,0.4166666666666667,0.7,1.1299176475432173
ep_regression,nonlinear,40,0.5833333333333334,0.5,1.1762967026456552
ep_regression,nonlinear,41,0.4166666666666667,0.7,1.096251459667772
ep_regression,nonlinear,42,0.5,0.6,1.1899461665529762
ep_regression,nonlinear,43,0.25,0.9,1.1923365450889047
ep_regression,nonlinear,44,0.3333333333333333,0.8,1.26608353128776
ep_regression,nonlinear,45,0.5,0.6,1.1483156705569884
ep_regression,nonlinear,46,0.4166666666666667,0.7,1.1221729665779565
ep_regression,nonlinear,47,0.3333333333333333,0.8,1.0864970048269953
ep_regression,nonlinear,48,0.25,0.9,1.1527871995385783
ep_regression,nonlinear,49,0.3333333333333333,0.8,1.2393734300154842
ep_regression,nonlinear,50,0.4166666666666667,0.7,1.043629853708454
ep_regression,nonlinear,51,0.25,0.9,1.2654131437431018
ep_regression,nonlinear,52,0.3333333333333333,0.8,1.1716051155548273
ep_regression,nonlinear,53,0.25,0.9,1.1159803082270887
ep_regression,nonlinear,54,0.3333333333333333,0.8,1.7265895200690105
ep_regression,nonlinear,55,0.4166666666666667,0.7,1.2617143645690352
ep_regression,nonlinear,56,0.25,0.9,1.287693276272807
ep_regression,nonlinear,57,0.3333333333333333,0.8,1.146140053796073
ep_regression,nonlinear,58,0.4166666666666667,0.7,1.1460201354954354
ep_regression,nonlinear,59,0.3333333333333333,0.8,1.1612968973512634
ep_regression,nonlinear,60,0.4166666666666667,0.7,1.061486581019297
ep_regression,nonlinear,61,0.5,0.6,1.1743357639157337
ep_regression,nonlinear,62,0.3333333333333333,0.8,1.191800802714404
ep_regression,nonlinear,63,0.4166666666666667,0.7,1.0539137742369362
ep_regression,nonlinear,64,0.4166666666666667,0.7,1.2474452446822473
ep_regression,nonlinear,65,0.3333333333333333,0.8,1.208928086621787
ep_regression,nonlinear,66,0.3333333333333333,0.8,1.2536202836341828
ep_regression,nonlinear,67,0.25,0.9,1.1891461360760889
ep_regression,nonlinear,68,0.5,0.6,1.0821124135912372
ep_regression,nonlinear,69,0.3333333333333333,0.8,1.2156223223997338
ep_regression,nonlinear,70,0.5833333333333334,0.5,1.1765088431598036
ep_regression,nonlinear,71,0.5,0.6,1.2107408558454567
ep_regression,nonlinear,72,0.5,0.6,1.1624697558806467
ep_regression,nonlinear,73,0.3333333333333333,0.8,1.2065709706875418
ep_regression,nonlinear,74,0.3333333333333333,0.8,1.200306841366103
ep_regression,nonlinear,75,0.3333333333333333,0.8,1.2663345072247159
ep_regression,nonlinear,76,0.3333333333333333,0.8,1.136840986825327
ep_regression,nonlinear,77,0.3333333333333333,0.8,1.1956991319229862
ep_regression,nonlinear,78,0.5,0.6,1.0628913892692649
ep_regression,nonlinear,79,0.3333333333333333,0.8,1.143031407243952
ep_regression,nonlinear,80,0.25,0.9,1.1339396938616015
ep_regression,nonlinear,81,0.4166666666666667,0.7,1.2111980723528308
ep_regression,nonlinear,82,0.5,0.6,1.1896403473866928
ep_regression,nonlinear,83,0.4166666666666667,0.7,1.257038336126336
ep_regression,nonlinear,84,0.25,0.9,1.0873308222643456
ep_regression,nonlinear,85,0.3333333333333333,0.8,1.0941519356946923
ep_regression,nonlinear,86,0.5,0.6,1.1459447197443997
ep_regression,nonlinear,87,0.4166666666666667,0.7,1.1202394439703882
ep_regression,nonlinear,88,0.4166666666666667,0.7,1.248196108753419
ep_regression,nonlinear,89,0.3333333333333333,0.8,1.1672910860154224
ep_regression,nonlinear,90,0.5,0.6,1.4406007700110506
ep_regression,nonlinear,91,0.3333333333333333,0.8,1.174452453567087
ep_regression,nonlinear,92,0.3333333333333333,0.8,1.192443142367569
ep_regression,nonlinear,93,0.4166666666666667,0.7,1.1059697296282536
ep_regression,nonlinear,94,0.4166666666666667,0.7,1.2949932128085144
ep_regression,nonlinear,95,0.3333333333333333,0.8,1.1371534514570942
ep_regression,nonlinear,96,0.3333333333333333,0.8,1.1197022554651566
ep_regression,nonlinear,97,0.5,0.6,1.183160643532279
ep_regression,nonlinear,98,0.3333333333333333,0.8,1.5437170853453699
ep_regression,nonlinear,99,0.25,0.9,1.3392235950433957
ep_regression,nonlinear_panel,0,0.3333333333333333,0.8,1.1364675601601817
ep_regression,nonlinear_panel,1,0.3333333333333333,0.8,1.1523966750710672
ep_regression,nonlinear_panel,2,0.3333333333333333,0.8,1.204375435077184
ep_regression,nonlinear_panel,3,0.25,0.9,1.2480993183239908
ep_regression,nonlinear_panel,4,0.3333333333333333,0.8,1.1614004179363222
ep_regression,nonlinear_panel,5,0.3333333333333333,0.8,1.2005977685940148
ep_regression,nonlinear_panel,6,0.4166666666666667,0.7,1.2639564013028406
ep_regression,nonlinear_panel,7,0.25,0.9,1.146212225696807
ep_regression,nonlinear_panel,8,0.4166666666666667,0.7,1.5159626668795911
ep_regression,nonlinear_panel,9,0.4166666666666667,0.7,1.1450388725190468
ep_regression,nonlinear_panel,10,0.25,0.9,1.3070858175186395
ep_regression,nonlinear_panel,11,0.3333333333333333,0.8,1.0684804250970659
ep_regression,nonlinear_panel,12,0.6666666666666666,0.4,1.116006243552612
ep_regression,nonlinear_panel,13,0.3333333333333333,0.8,1.2207241391808674
ep_regression,nonlinear_panel,14,0.5,0.6,1.2239827767271898
ep_regression,nonlinear_panel,15,0.4166666666666667,0.7,1.117099689191741
ep_regression,nonlinear_panel,16,0.4166666666666667,0.7,1.166545700225903
ep_regression,nonlinear_panel,17,0.5,0.6,1.1975253546511535
ep_regression,nonlinear_panel,18,0.5833333333333334,0.5,1.1587394762978172
ep_regression,nonlinear_panel,19,0.4166666666666667,0.7,1.2642921095669013
ep_regression,nonlinear_panel,20,0.5833333333333334,0.5,1.3051342160845252
ep_regression,nonlinear_panel,21,0.4166666666666667,0.7,1.262030445285125
ep_regression,nonlinear_panel,22,0.4166666666666667,0.7,1.6164080981392177
ep_regression,nonlinear_panel,23,0.5,0.6,1.1462097949361043
ep_regression,nonlinear_panel,24,0.3333333333333333,0.8,1.0853480772543895
ep_regression,nonlinear_panel,25,0.3333333333333333,0.8,1.294080950072268
ep_regression,nonlinear_panel,26,0.3333333333333333,0.8,1.1858772873620826
ep_regression,nonlinear_panel,27,0.3333333333333333,0.8,1.3665697315055982
ep_regression,nonlinear_panel,28,0.4166666666666667,0.7,1.064337935599267
ep_regression,nonlinear_panel,29,0.16666666666666666,1.0,1.0805149120774837
ep_regression,nonlinear_panel,30,0.3333333333333333,0.8,1.3305423764632411
ep_regression,nonlinear_panel,31,0.3333333333333333,0.8,1.0476875688176501
ep_regression,nonlinear_panel,32,0.4166666666666667,0.7,1.0403561056376216
ep_regression,nonlinear_panel,33,0.3333333333333333,0.8,1.152741704802747
ep_regression,nonlinear_panel,34,0.3333333333333333,0.8,1.0582745091652042
ep_regression,nonlinear_panel,35,0.25,0.9,1.0689599311661822
ep_regression,nonlinear_panel,36,0.3333333333333333,0.8,1.159683360617457
ep_regression,nonlinear_panel,37,0.5,0.6,1.015957289678112
ep_regression,nonlinear_panel,38,0.4166666666666667,0.7,1.2060217998273934
ep_regression,nonlinear_panel,39,0.3333333333333333,0.8,1.2186177230983384
ep_regression,nonlinear_panel,40,0.25,0.9,1.1992657862772378
ep_regression,nonlinear_panel,41,0.4166666666666667,0.7,1.1146380455806921
ep_regression,nonlinear_panel,42,0.25,0.9,1.0874582672299598
ep_regression,nonlinear_panel,43,0.5,0.6,1.0906965167276124
ep_regression,nonlinear_panel,44,0.4166666666666667,0.7,1.2056597820814
ep_regression,nonlinear_panel,45,0.3333333333333333,0.8,1.088350801701695
ep_regression,nonlinear_panel,46,0.75,0.3,1.223182104485758
ep_regression,nonlinear_panel,47,0.4166666666666667,0.7,1.1843310769132955
ep_regression,nonlinear_panel,48,0.25,0.9,1.1153680671464354
ep_regression,nonlinear_panel,49,0.4166666666666667,0.7,1.1634631150070491
ep_regression,nonlinear_panel,50,0.4166666666666667,0.7,1.0547778586512961
ep_regression,nonlinear_panel,51,0.4166666666666667,0.7,1.064184115832532
ep_regression,nonlinear_panel,52,0.4166666666666667,0.7,1.4169628949957997
ep_regression,nonlinear_panel,53,0.4166666666666667,0.7,1.1293944565814602
ep_regression,nonlinear_panel,54,0.3333333333333333,0.8,1.1016905136481077
ep_regression,nonlinear_panel,55,0.3333333333333333,0.8,1.1657177524044298
ep_regression,nonlinear_panel,56,0.4166666666666667,0.7,1.3608608487784577
ep_regression,nonlinear_panel,57,0.5833333333333334,0.5,1.0924055104344106
ep_regression,nonlinear_panel,58,0.4166666666666667,0.7,1.1886141281900255
ep_regression,nonlinear_panel,59,0.4166666666666667,0.7,1.078200629551655
ep_regression,nonlinear_panel,60,0.4166666666666667,0.7,1.2187679247611434
ep_regression,nonlinear_panel,61,0.3333333333333333,0.8,1.1152270922439547
ep_regression,nonlinear_panel,62,0.25,0.9,1.0467431862158885
ep_regression,nonlinear_panel,63,0.5,0.6,1.2645856577336714
ep_regression,nonlinear_panel,64,0.3333333333333333,0.8,1.0168647896536394
ep_regression,nonlinear_panel,65,0.5,0.6,1.1128503913856083
ep_regression,nonlinear_panel,66,0.4166666666666667,0.7,1.2827970491179752
ep_regression,nonlinear_panel,67,0.5,0.6,1.170483447099421
ep_regression,nonlinear_panel,68,0.25,0.9,1.1031552139278769
ep_regression,nonlinear_panel,69,0.3333333333333333,0.8,1.200203842029864
ep_regression,nonlinear_panel,70,0.3333333333333333,0.8,1.1224002514254574
ep_regression,nonlinear_panel,71,0.3333333333333333,0.8,1.0903838773219239
ep_regression,nonlinear_panel,72,0.3333333333333333,0.8,1.2012844975087733
ep_regression,nonlinear_panel,73,0.3333333333333333,0.8,1.2380133153148525
ep_regression,nonlinear_panel,74,0.25,0.9,1.154364604775964
ep_regression,nonlinear_panel,75,0.25,0.9,1.151557871753822
ep_regression,nonlinear_panel,76,0.25,0.9,1.0736457339785765
ep_regression,nonlinear_panel,77,0.3333333333333333,0.8,1.0402465534283476
ep_regression,nonlinear_panel,78,0.3333333333333333,0.8,1.2242627370907615
ep_regression,nonlinear_panel,79,0.4166666666666667,0.7,1.2123469254507109
ep_regression,nonlinear_panel,80,0.3333333333333333,0.8,1.1294079629294342
ep_regression,nonlinear_panel,81,0.3333333333333333,0.8,1.2470299831444813
ep_regression,nonlinear_panel,82,0.4166666666666667,0.7,1.0918035226749707
ep_regression,nonlinear_panel,83,0.4166666666666667,0.7,1.16333587486203
ep_regression,nonlinear_panel,84,0.25,0.9,1.1062183853894578
ep_regression,nonlinear_panel,85,0.3333333333333333,0.8,1.0441794138569302
ep_regression,nonlinear_panel,86,0.4166666666666667,0.7,1.2334874056947724
ep_regression,nonlinear_panel,87,0.5833333333333334,0.5,1.0854154449434512
ep_regression,nonlinear_panel,88,0.16666666666666666,1.0,1.120964568661772
ep_regression,nonlinear_panel,89,0.3333333333333333,0.8,1.0255560022103227
ep_regression,nonlinear_panel,90,0.25,0.9,1.2538388578555215
ep_regression,nonlinear_panel,91,0.5,0.6,1.1303520759057886
ep_regression,nonlinear_panel,92,0.6666666666666666,0.4,1.1615981794827188
ep_regression,nonlinear_panel,93,0.4166666666666667,0.7,1.2480693873799913
ep_regression,nonlinear_panel,94,0.4166666666666667,0.7,1.2257696108958713
ep_regression,nonlinear_panel,95,0.3333333333333333,0.8,1.0898748560500173
ep_regression,nonlinear_panel,96,0.4166666666666667,0.7,1.138396607076011
ep_regression,nonlinear_panel,97,0.25,0.9,1.1573131772344547
ep_regression,nonlinear_panel,98,0.5,0.6,1.203796797883952
ep_regression,nonlinear_panel,99,0.4166666666666667,0.7,1.1218869878391529
ep_refresh,linear_sparse,0,0.5833333333333334,1.0,0.6248761092040999
ep_refresh,linear_sparse,1,0.5833333333333334,1.0,0.6365096511708405
ep_refresh,linear_sparse,2,0.6666666666666666,0.8,0.6840682588688057
ep_refresh,linear_sparse,3,0.75,0.6,0.6485881931381572
ep_refresh,linear_sparse,4,0.6666666666666666,0.8,0.6574592832804335
ep_refresh,linear_sparse,5,0.5833333333333334,1.0,0.6619295825626775
ep_refresh,linear_sparse,6,0.5833333333333334,1.0,0.5994173333253136
ep_refresh,linear_sparse,7,0.6666666666666666,0.8,0.7492620403839001
ep_refresh,linear_sparse,8,0.6666666666666666,0.8,0.658088168822629
ep_refresh,linear_sparse,9,0.5833333333333334,1.0,0.6458620489311525
ep_refresh,linear_sparse,10,0.6666666666666666,0.8,0.725884512484127
ep_refresh,linear_sparse,11,0.5833333333333334,1.0,0.5732035194944899
ep_refresh,linear_sparse,12,0.5833333333333334,1.0,0.6431564888179859
ep_refresh,linear_sparse,13,0.6666666666666666,0.8,0.70090503864439
ep_refresh,linear_sparse,14,0.5833333333333334,1.0,0.6494767659600639
ep_refresh,linear_sparse,15,0.5833333333333334,1.0,0.6502985390676663
ep_refresh,linear_sparse,16,0.5833333333333334,1.0,0.648283847989964
ep_refresh,linear_sparse,17,0.5833333333333334,1.0,0.6664260678994607
ep_refresh,linear_sparse,18,0.6666666666666666,0.8,0.7142437222087081
ep_refresh,linear_sparse,19,0.6666666666666666,0.8,0.603810602039946
ep_refresh,linear_sparse,20,0.5833333333333334,1.0,0.5921660512362864
ep_refresh,linear_sparse,21,0.5833333333333334,1.0,0.6100402692016681
ep_refresh,linear_sparse,22,0.5833333333333334,1.0,0.622032965395663
ep_refresh,linear_sparse,23,0.6666666666666666,0.8,0.7067647955319207
ep_refresh,linear_sparse,24,0.5833333333333334,1.0,0.6326897188784028
ep_refresh,linear_sparse,25,0.5833333333333334,1.0,0.6743077325089419
ep_refresh,linear_sparse,26,0.6666666666666666,0.8,0.6837375828210428
ep_refresh,linear_sparse,27,0.5833333333333334,1.0,0.6872230749943101
ep_refresh,linear_sparse,28,0.5833333333333334,1.0,0.6125000884388881
ep_refresh,linear_sparse,29,0.5833333333333334,1.0,0.6553853825437422
ep_refresh,linear_sparse,30,0.6666666666666666,0.8,0.7047477468720565
ep_refresh,linear_sparse,31,0.5833333333333334,1.0,0.6640239540153126
ep_refresh,linear_sparse,32,0.5833333333333334,1.0,0.6590445341812697
ep_refresh,linear_sparse,33,0.5833333333333334,1.0,0.6200875611541463
ep_refresh,linear_sparse,34,0.5833333333333334,1.0,0.6823411617536022
ep_refresh,linear_sparse,35,0.5833333333333334,1.0,0.5874331070716808
ep_refresh,linear_sparse,36,0.5833333333333334,1.0,0.6664792356097077
ep_refresh,linear_sparse,37,0.6666666666666666,0.8,0.6324466523132398
ep_refresh,linear_sparse,38,0.6666666666666666,0.8,0.6956721165942094
ep_refresh,linear_sparse,39,0.5833333333333334,1.0,0.7082857223647244
ep_refresh,linear_sparse,40,0.5833333333333334,1.0,0.6410972694519564
ep_refresh,linear_sparse,41,0.5833333333333334,1.0,0.6643592024792112
ep_refresh,linear_sparse,42,0.5833333333333334,1.0,0.6411836847773805
ep_refresh,linear_sparse,43,0.6666666666666666,0.8,0.6898954609714613
ep_refresh,linear_sparse,44,0.6666666666666666,0.8,0.6771851662901145
ep_refresh,linear_sparse,45,0.6666666666666666,0.8,0.6884848025172432
ep_refresh,linear_sparse,46,0.6666666666666666,0.8,0.6475415082123698
ep_refresh,linear_sparse,47,0.6666666666666666,0.8,0.6681047221670913
ep_refresh,linear_sparse,48,0.5833333333333334,1.0,0.6055648338979169
ep_refresh,linear_sparse,49,0.6666666666666666,0.8,0.6577227181411611
ep_refresh,linear_sparse,50,0.6666666666666666,0.8,0.7254906689205513
ep_refresh,linear_sparse,51,0.5833333333333334,1.0,0.6476316130158725
ep_refresh,linear_sparse,52,0.6666666666666666,0.8,0.6237133613316266
ep_refresh,linear_sparse,53,0.6666666666666666,0.8,0.6980378002504153
ep_refresh,linear_sparse,54,0.5833333333333334,1.0,0.6864109105138383
ep_refresh,linear_sparse,55,0.5833333333333334,1.0,0.6765225722466166
ep_refresh,linear_sparse,56,0.5833333333333334,1.0,0.6583717987403043
ep_refresh,linear_sparse,57,0.5833333333333334,1.0,0.5930361087783208
ep_refresh,linear_sparse,58,0.5833333333333334,1.0,0.6143383736208639
ep_refresh,linear_sparse,59,0.5833333333333334,1.0,0.6326843608402789
ep_refresh,linear_sparse,60,0.5833333333333334,1.0,0.7512367492771779
ep_refresh,linear_sparse,61,0.5833333333333334,1.0,0.6388026450899916
ep_refresh,linear_sparse,62,0.5833333333333334,1.0,0.6368883801516789
ep_refresh,linear_sparse,63,0.6666666666666666,0.8,0.7778300811007214
ep_refresh,linear_sparse,64,0.75,0.6,0.8064867675557541
ep_refresh,linear_sparse,65,0.5833333333333334,1.0,0.6045360701910952
ep_refresh,linear_sparse,66,0.5833333333333334,1.0,0.6480378975732225
ep_refresh,linear_sparse,67,0.5833333333333334,1.0,0.6414832827489283
ep_refresh,linear_sparse,68,0.6666666666666666,0.8,0.6926419447147343
ep_refresh,linear_sparse,69,0.5833333333333334,1.0,0.6583239623200039
ep_refresh,linear_sparse,70,0.5833333333333334,1.0,0.7149089550880755
ep_refresh,linear_sparse,71,0.6666666666666666,0.8,0.6671574908186455
ep_refresh,linear_sparse,72,0.6666666666666666,0.8,0.6839422037655295
ep_refresh,linear_sparse,73,0.5833333333333334,1.0,0.667658758383982
ep_refresh,linear_sparse,74,0.5833333333333334,1.0,0.6023943662311042
ep_refresh,linear_sparse,75,0.6666666666666666,0.8,0.6272092325408164
ep_refresh,linear_sparse,76,0.5833333333333334,1.0,0.6274890105886328
ep_refresh,linear_sparse,77,0.5833333333333334,1.0,0.6120864223843021
ep_refresh,linear_sparse,78,0.6666666666666666,0.8,0.7603793809915602
ep_refresh,linear_sparse,79,0.6666666666666666,0.8,0.6575714256803731
ep_refresh,linear_sparse,80,0.5833333333333334,1.0,0.5957356812640286
ep_refresh,linear_sparse,81,0.5833333333333334,1.0,0.6571527572472435
ep_refresh,linear_sparse,82,0.5833333333333334,1.0,0.6456892729283294
ep_refresh,linear_sparse,83,0.6666666666666666,0.8,0.6809282012057566
ep_refresh,linear_sparse,84,0.75,0.6,0.6888922712216885
ep_refresh,linear_sparse,85,0.5833333333333334,1.0,0.6369021695904646
ep_refresh,linear_sparse,86,0.5833333333333334,1.0,0.6167334729952931
ep_refresh,linear_sparse,87,0.5833333333333334,1.0,0.6775913002004319
ep_refresh,linear_sparse,88,0.5833333333333334,1.0,0.6493881732449263
ep_refresh,linear_sparse,89,0.5833333333333334,1.0,0.6027423083241773
ep_refresh,linear_sparse,90,0.6666666666666666,0.8,0.6665399382979302
ep_refresh,linear_sparse,91,0.6666666666666666,0.8,0.7566193428062585
ep_refresh,linear_sparse,92,0.5833333333333334,1.0,0.6064909091435274
ep_refresh,linear_sparse,93,0.5833333333333334,1.0,0.5834606324795896
ep_refresh,linear_sparse,94,0.6666666666666666,0.8,0.6910049424042376
ep_refresh,linear_sparse,95,0.6666666666666666,0.8,0.7042205476873267
ep_refresh,linear_sparse,96,0.5833333333333334,1.0,0.6252266226982385
ep_refresh,linear_sparse,97,0.5833333333333334,1.0,0.597865372421793
ep_refresh,linear_sparse,98,0.5833333333333334,1.0,0.5968046230995636
ep_refresh,linear_sparse,99,0.5833333333333334,1.0,0.6340958382057613
ep_refresh,linear_medium,0,0.5,0.6,1.1862354193236897
ep_refresh,linear_medium,1,0.4166666666666667,0.7,1.1023701298691408
ep_refresh,linear_medium,2,0.5833333333333334,0.5,1.113030938197071
ep_refresh,linear_medium,3,0.5833333333333334,0.5,1.223964823396489
ep_refresh,linear_medium,4,0.6666666666666666,0.4,1.1989034488686114
ep_refresh,linear_medium,5,0.5833333333333334,0.5,1.1160462512637066
ep_refresh,linear_medium,6,0.75,0.3,1.2751519179064117
ep_refresh,linear_medium,7,0.5,0.6,1.0959720489072982
ep_refresh,linear_medium,8,0.5,0.6,1.1424706267717517
ep_refresh,linear_medium,9,0.4166666666666667,0.7,1.1100605913362196
ep_refresh,linear_medium,10,0.5833333333333334,0.5,1.1496547321824673
ep_refresh,linear_medium,11,0.6666666666666666,0.4,1.0923282763553899
ep_refresh,linear_medium,12,0.5,0.6,1.0986256788754114
ep_refresh,linear_medium,13,0.4166666666666667,0.7,1.0507161801313483
ep_refresh,linear_medium,14,0.4166666666666667,0.7,1.1048408167489046
ep_refresh,linear_medium,15,0.75,0.3,1.1739541173128942
ep_refresh,linear_medium,16,0.3333333333333333,0.8,1.152396409089141
ep_refresh,linear_medium,17,0.4166666666666667,0.7,1.1415175287644586
ep_refresh,linear_medium,18,0.5,0.6,1.187550562970172
ep_refresh,linear_medium,19,0.4166666666666667,0.7,1.0995683020304023
ep_refresh,linear_medium,20,0.4166666666666667,0.7,1.1914881949095826
ep_refresh,linear_medium,21,0.6666666666666666,0.4,1.1730535708273158
ep_refresh,linear_medium,22,0.4166666666666667,0.7,1.1026618618842585
ep_refresh,linear_medium,23,0.4166666666666667,0.7,1.0946457469377489
ep_refresh,linear_medium,24,0.5833333333333334,0.5,1.128919528224308
ep_refresh,linear_medium,25,0.5,0.6,1.2193080793193796
ep_refresh,linear_medium,26,0.5,0.6,1.1020475889988506
ep_refresh,linear_medium,27,0.5833333333333334,0.5,1.1037336191100933
ep_refresh,linear_medium,28,0.5,0.6,1.1220783831396228
ep_refresh,linear_medium,29,0.5,0.6,1.1629110438404835
ep_refresh,linear_medium,30,0.5833333333333334,0.5,1.1858937358525308
ep_refresh,linear_medium,31,0.4166666666666667,0.7,1.1561351057010716
ep_refresh,linear_medium,32,0.5,0.6,1.1805301908255588
ep_refresh,linear_medium,33,0.4166666666666667,0.7,1.1172112870884898
ep_refresh,linear_medium,34,0.5833333333333334,0.5,1.1472027827068434
ep_refresh,linear_medium,35,0.6666666666666666,0.4,1.1773085893295179
ep_refresh,linear_medium,36,0.3333333333333333,0.8,1.1613783214494806
ep_refresh,linear_medium,37,0.5,0.6,1.1646920461542443
ep_refresh,linear_medium,38,0.5833333333333334,0.5,1.1604246939824288
ep_refresh,linear_medium,39,0.6666666666666666,0.4,1.1428153255423956
ep_refresh,linear_medium,40,0.5833333333333334,0.5,1.1420034619365953
ep_refresh,linear_medium,41,0.5,0.6,1.1865647687294014
ep_refresh,linear_medium,42,0.4166666666666667,0.7,1.0744706465504568
ep_refresh,linear_medium,43,0.5,0.6,1.16287976070902
ep_refresh,linear_medium,44,0.3333333333333333,0.8,0.9902876196787502
ep_refresh,linear_medium,45,0.5833333333333334,0.5,1.2129168683334222
ep_refresh,linear_medium,46,0.5,0.6,1.2347083991810923
ep_refresh,linear_medium,47,0.25,0.9,1.1044934645224045
ep_refresh,linear_medium,48,0.4166666666666667,0.7,1.1714146981442477
ep_refresh,linear_medium,49,0.5833333333333334,0.5,1.0925451935983064
ep_refresh,linear_medium,50,0.5833333333333334,0.5,1.153017448397891
ep_refresh,linear_medium,51,0.5,0.6,1.1486027457851415
ep_refresh,linear_medium,52,0.25,0.9,1.140545929625954
ep_refresh,linear_medium,53,0.5833333333333334,0.5,1.1490177596939044
ep_refresh,linear_medium,54,0.4166666666666667,0.7,1.0413634162598382
ep_refresh,linear_medium,55,0.4166666666666667,0.7,1.124146412878051
ep_refresh,linear_medium,56,0.5833333333333334,0.5,1.245900087865818
ep_refresh,linear_medium,57,0.4166666666666667,0.7,1.1132828581280672
ep_refresh,linear_medium,58,0.5,0.6,1.1303817157894296
ep_refresh,linear_medium,59,0.4166666666666667,0.7,1.0964053835682193
ep_refresh,linear_medium,60,0.5833333333333334,0.5,1.1584188933956698
ep_refresh,linear_medium,61,0.3333333333333333,0.8,1.0970282999647458
ep_refresh,linear_medium,62,0.25,0.9,1.1114741074861607
ep_refresh,linear_medium,63,0.5833333333333334,0.5,1.1456113133624304
ep_refresh,linear_medium,64,0.5833333333333334,0.5,1.239753680079011
ep_refresh,linear_medium,65,0.3333333333333333,0.8,1.0940092850520722
ep_refresh,linear_medium,66,0.5,0.6,1.1764091868084725
ep_refresh,linear_medium,67,0.5833333333333334,0.5,1.2065040249248682
ep_refresh,linear_medium,68,0.5833333333333334,0.5,1.171176892493876
ep_refresh,linear_medium,69,0.75,0.3,1.1824708372287958
ep_refresh,linear_medium,70,0.4166666666666667,0.7,1.1454292246768045
ep_refresh,linear_medium,71,0.5,0.6,1.055309429946353
ep_refresh,linear_medium,72,0.5833333333333334,0.5,1.2850492249164718
ep_refresh,linear_medium,73,0.4166666666666667,0.7,1.1105431063064781
ep_refresh,linear_medium,74,0.6666666666666666,0.4,1.17487372774733
ep_refresh,linear_medium,75,0.5833333333333334,0.5,1.2722458677846633
ep_refresh,linear_medium,76,0.3333333333333333,0.8,1.1551782176026573
ep_refresh,linear_medium,77,0.5833333333333334,0.5,1.184705393311388
ep_refresh,linear_medium,78,0.6666666666666666,0.4,1.235109165593078
ep_refresh,linear_medium,79,0.5,0.6,1.2679229944924872
ep_refresh,linear_medium,80,0.4166666666666667,0.7,1.0653665980260831
ep_refresh,linear_medium,81,0.3333333333333333,0.8,1.1557351646828256
ep_refresh,linear_medium,82,0.4166666666666667,0.7,1.1318845275715066
ep_refresh,linear_medium,83,0.5,0.6,1.1107297811284789
ep_refresh,linear_medium,84,0.5,0.6,1.167361085891726
ep_refresh,linear_medium,85,0.5,0.6,1.2305213365100485
ep_refresh,linear_medium,86,0.4166666666666667,0.7,1.1054074999071701
ep_refresh,linear_medium,87,0.5833333333333334,0.5,1.072202081321819
ep_refresh,linear_medium,88,0.5,0.6,1.0970316605769221
ep_refresh,linear_medium,89,0.4166666666666667,0.7,1.1409606371686962
ep_refresh,linear_medium,90,0.5,0.6,1.0933209509241202
ep_refresh,linear_medium,91,0.6666666666666666,0.4,1.1353393653553374
ep_refresh,linear_medium,92,0.5,0.6,1.158651433644011
ep_refresh,linear_medium,93,0.4166666666666667,0.7,1.1306609798866676
ep_refresh,linear_medium,94,0.3333333333333333,0.8,1.078678429329588
ep_refresh,linear_medium,95,0.5833333333333334,0.5,1.0744179944165044
ep_refresh,linear_medium,96,0.4166666666666667,0.7,1.0653697610637312
ep_refresh,linear_medium,97,0.3333333333333333,0.8,1.1366892542069986
ep_refresh,linear_medium,98,0.3333333333333333,0.8,1.0421776503974203
ep_refresh,linear_medium,99,0.5,0.6,1.188165289960465
ep_refresh,linear_weak,0,0.6666666666666666,0.4,2.031461891564272
ep_refresh,linear_weak,1,0.5,0.6,1.9777551538064735
ep_refresh,linear_weak,2,0.3333333333333333,0.8,1.9171420509105128
ep_refresh,linear_weak,3,0.5833333333333334,0.5,1.9195294624207475
ep_refresh,linear_weak,4,0.5833333333333334,0.5,1.9824158274470483
ep_refresh,linear_weak,5,0.5,0.6,1.8772040660186868
ep_refresh,linear_weak,6,0.5833333333333334,0.5,2.000834354779915
ep_refresh,linear_weak,7,0.5833333333333334,0.5,2.001865914414653
ep_refresh,linear_weak,8,0.5833333333333334,0.5,2.0293761487315236
ep_refresh,linear_weak,9,0.5,0.6,1.7829100607574746
ep_refresh,linear_weak,10,0.5,0.6,1.9190362400069108
ep_refresh,linear_weak,11,0.5833333333333334,0.5,1.863069075395415
ep_refresh,linear_weak,12,0.3333333333333333,0.8,1.8023155864318186
ep_refresh,linear_weak,13,0.5833333333333334,0.5,1.910342992693307
ep_refresh,linear_weak,14,0.75,0.3,1.916244420058427
ep_refresh,linear_weak,15,0.6666666666666666,0.4,1.7362920947664533
ep_refresh,linear_weak,16,0.25,0.9,1.9374679668416694
ep_refresh,linear_weak,17,0.5833333333333334,0.5,2.004972480781541
ep_refresh,linear_weak,18,0.5,0.6,1.9829685844105525
ep_refresh,linear_weak,19,0.6666666666666666,0.4,1.9719221578033197
ep_refresh,linear_weak,20,0.6666666666666666,0.4,1.9108561492354883
ep_refresh,linear_weak,21,0.5,0.6,1.9361786206627694
ep_refresh,linear_weak,22,0.5,0.6,1.9826940545082108
ep_refresh,linear_weak,23,0.4166666666666667,0.7,1.8944232875312101
ep_refresh,linear_weak,24,0.6666666666666666,0.4,1.8508137525453947
ep_refresh,linear_weak,25,0.6666666666666666,0.4,1.8434887771423336
ep_refresh,linear_weak,26,0.5833333333333334,0.5,1.8707759011941054
ep_refresh,linear_weak,27,0.4166666666666667,0.7,1.924322533146487
ep_refresh,linear_weak,28,0.6666666666666666,0.4,1.906316041265221
ep_refresh,linear_weak,29,0.4166666666666667,0.7,1.9306999851203885
ep_refresh,linear_weak,30,0.16666666666666666,1.0,1.8824671909345316
ep_refresh,linear_weak,31,0.5833333333333334,0.5,1.9251682485879524
ep_refresh,linear_weak,32,0.5,0.6,1.906420241240777
ep_refresh,linear_weak,33,0.3333333333333333,0.8,1.786731570528913
ep_refresh,linear_weak,34,0.5833333333333334,0.5,1.8287446290635074
ep_refresh,linear_weak,35,0.5,0.6,1.8518233408639175
ep_refresh,linear_weak,36,0.5833333333333334,0.5,2.019300655435548
ep_refresh,linear_weak,37,0.5,0.6,2.1099934669673943
ep_refresh,linear_weak,38,0.5833333333333334,0.5,2.0103476963354927
ep_refresh,linear_weak,39,0.5,0.6,1.9268175047906717
ep_refresh,linear_weak,40,0.5833333333333334,0.5,1.9796535314532682
ep_refresh,linear_weak,41,0.5833333333333334,0.5,2.0339388131238993
ep_refresh,linear_weak,42,0.5,0.6,1.9999365476823618
ep_refresh,linear_weak,43,0.5833333333333334,0.5,1.9910799064305194
ep_refresh,linear_weak,44,0.5833333333333334,0.5,2.0837371031569796
ep_refresh,linear_weak,45,0.5,0.6,2.067751460713957
ep_refresh,linear_weak,46,0.5833333333333334,0.5,2.002337337304398
ep_refresh,linear_weak,47,0.5833333333333334,0.5,1.9249295573623044
ep_refresh,linear_weak,48,0.5,0.6,1.8770508017466252
ep_refresh,linear_weak,49,0.5,0.6,1.967801774136789
ep_refresh,linear_weak,50,0.6666666666666666,0.4,2.0333372417914943
ep_refresh,linear_weak,51,0.5833333333333334,0.5,1.8974466983319527
ep_refresh,linear_weak,52,0.4166666666666667,0.7,1.8318045891700907
ep_refresh,linear_weak,53,0.75,0.3,2.01152286822729
ep_refresh,linear_weak,54,0.5,0.6,1.9454261670429864
ep_refresh,linear_weak,55,0.5833333333333334,0.5,1.9548620528659222
ep_refresh,linear_weak,56,0.5,0.6,1.8978915341980445
ep_refresh,linear_weak,57,0.4166666666666667,0.7,1.9174568880778842
ep_refresh,linear_weak,58,0.5833333333333334,0.5,1.773831047128731
ep_refresh,linear_weak,59,0.4166666666666667,0.7,1.9635650020078639
ep_refresh,linear_weak,60,0.5833333333333334,0.5,1.8152940286310342
ep_refresh,linear_weak,61,0.4166666666666667,0.7,1.9740010961173786
ep_refresh,linear_weak,62,0.5833333333333334,0.5,1.9892460307971223
ep_refresh,linear_weak,63,0.5833333333333334,0.5,1.966969200291718
ep_refresh,linear_weak,64,0.8333333333333334,0.2,2.0497481119598935
ep_refresh,linear_weak,65,0.4166666666666667,0.7,2.0179769794366216
ep_refresh,linear_weak,66,0.5,0.6,2.0371597578131624
ep_refresh,linear_weak,67,0.6666666666666666,0.4,2.0206760593342104
ep_refresh,linear_weak,68,0.5833333333333334,0.5,1.874147004249321
ep_refresh,linear_weak,69,0.5,0.6,1.9591942616832794
ep_refresh,linear_weak,70,0.5,0.6,1.953780352009621
ep_refresh,linear_weak,71,0.5,0.6,1.9488719472809912
ep_refresh,linear_weak,72,0.6666666666666666,0.4,1.8911953192642115
ep_refresh,linear_weak,73,0.5,0.6,1.9698544169024799
ep_refresh,linear_weak,74,0.5,0.6,2.0147871962226014
ep_refresh,linear_weak,75,0.5833333333333334,0.5,2.0503180826574905
ep_refresh,linear_weak,76,0.75,0.3,1.9423479791812348
ep_refresh,linear_weak,77,0.5833333333333334,0.5,1.8919057799225407
ep_refresh,linear_weak,78,0.6666666666666666,0.4,1.9627259120321183
ep_refresh,linear_weak,79,0.4166666666666667,0.7,1.858569939269979
ep_refresh,linear_weak,80,0.5833333333333334,0.5,1.9342419981953898
ep_refresh,linear_weak,81,0.5,0.6,2.0014928133125043
ep_refresh,linear_weak,82,0.5833333333333334,0.5,1.8689031570132586
ep_refresh,linear_weak,83,0.5,0.6,1.9661003097737644
ep_refresh,linear_weak,84,0.75,0.3,1.976197529953797
ep_refresh,linear_weak,85,0.5833333333333334,0.5,1.909659035022793
ep_refresh,linear_weak,86,0.75,0.3,2.065193655862859
ep_refresh,linear_weak,87,0.5833333333333334,0.5,1.973085188661454
ep_refresh,linear_weak,88,0.5833333333333334,0.5,1.9716434151376758
ep_refresh,linear_weak,89,0.5,0.6,1.8933680286385124
ep_refresh,linear_weak,90,0.5,0.6,1.8868730111870244
ep_refresh,linear_weak,91,0.6666666666666666,0.4,1.9386190768600229
ep_refresh,linear_weak,92,0.5,0.6,2.0235680708678707
ep_refresh,linear_weak,93,0.5833333333333334,0.5,1.8115999076185803
ep_refresh,linear_weak,94,0.5833333333333334,0.5,1.970379497661059
ep_refresh,linear_weak,95,0.6666666666666666,0.4,1.9764656845108222
ep_refresh,linear_weak,96,0.6666666666666666,0.4,1.9085119704173352
ep_refresh,linear_weak,97,0.5833333333333334,0.5,1.8316758943240858
ep_refresh,linear_weak,98,0.5833333333333334,0.5,1.973912196753027
ep_refresh,linear_weak,99,0.5,0.6,1.9559137999060714
ep_refresh,linear_dense,0,0.4166666666666667,0.4666666666666667,1.172506913752377
ep_refresh,linear_dense,1,0.4166666666666667,0.4666666666666667,1.2684360762213376
ep_refresh,linear_dense,2,0.3333333333333333,0.5333333333333333,1.203370011711276
ep_refresh,linear_dense,3,0.3333333333333333,0.5333333333333333,1.2188969955967999
ep_refresh,linear_dense,4,0.4166666666666667,0.4666666666666667,1.0840568742618222
ep_refresh,linear_dense,5,0.25,0.6,1.0918976817006554
ep_refresh,linear_dense,6,0.5,0.4,1.152515280500491
ep_refresh,linear_dense,7,0.4166666666666667,0.4666666666666667,1.1478428697252783
ep_refresh,linear_dense,8,0.4166666666666667,0.4666666666666667,1.135791731843733
ep_refresh,linear_dense,9,0.16666666666666666,0.6666666666666666,1.0543308518075818
ep_refresh,linear_dense,10,0.3333333333333333,0.5333333333333333,1.159792370326671
ep_refresh,linear_dense,11,0.5833333333333334,0.3333333333333333,1.0987579228347246
ep_refresh,linear_dense,12,0.5,0.4,1.1591179887299123
ep_refresh,linear_dense,13,0.25,0.6,1.1492403157448428
ep_refresh,linear_dense,14,0.3333333333333333,0.5333333333333333,1.094318720754608
ep_refresh,linear_dense,15,0.3333333333333333,0.5333333333333333,1.0949212975811282
ep_refresh,linear_dense,16,0.5,0.4,1.1351854626300757
ep_refresh,linear_dense,17,0.25,0.6,1.2060476621831182
ep_refresh,linear_dense,18,0.4166666666666667,0.4666666666666667,1.0632221468356253
ep_refresh,linear_dense,19,0.3333333333333333,0.5333333333333333,1.174066123315032
ep_refresh,linear_dense,20,0.5833333333333334,0.3333333333333333,1.2183818839968357
ep_refresh,linear_dense,21,0.5,0.4,1.115079721603022
ep_refresh,linear_dense,22,0.25,0.6,1.2051796803324846
ep_refresh,linear_dense,23,0.5,0.4,1.2158093032657382
ep_refresh,linear_dense,24,0.3333333333333333,0.5333333333333333,1.3125814061513317
ep_refresh,linear_dense,25,0.6666666666666666,0.26666666666666666,1.1132148114322362
ep_refresh,linear_dense,26,0.4166666666666667,0.4666666666666667,1.192345884510024
ep_refresh,linear_dense,27,0.4166666666666667,0.4666666666666667,1.2046590461783004
ep_refresh,linear_dense,28,0.3333333333333333,0.5333333333333333,1.1053882894964107
ep_refresh,linear_dense,29,0.4166666666666667,0.4666666666666667,1.089519671356273
ep_refresh,linear_dense,30,0.4166666666666667,0.4666666666666667,1.1106960884414947
ep_refresh,linear_dense,31,0.4166666666666667,0.4666666666666667,1.0521297723427205
ep_refresh,linear_dense,32,0.3333333333333333,0.5333333333333333,1.0939775720560283
ep_refresh,linear_dense,33,0.25,0.6,1.105186313382527
ep_refresh,linear_dense,34,0.5,0.4,1.2483566869550262
ep_refresh,linear_dense,35,0.4166666666666667,0.4666666666666667,1.255758381072604
ep_refresh,linear_dense,36,0.25,0.6,1.0953932484027178
ep_refresh,linear_dense,37,0.5,0.4,1.1822052588183805
ep_refresh,linear_dense,38,0.25,0.6,1.1689749528812687
ep_refresh,linear_dense,39,0.3333333333333333,0.5333333333333333,1.1572165514359858
ep_refresh,linear_dense,40,0.3333333333333333,0.5333333333333333,1.1316567886299957
ep_refresh,linear_dense,41,0.5,0.4,1.097497602531514
ep_refresh,linear_dense,42,0.3333333333333333,0.5333333333333333,1.1755039969116368
ep_refresh,linear_dense,43,0.25,0.6,1.2084765467357985
ep_refresh,linear_dense,44,0.4166666666666667,0.4666666666666667,1.2119613685195862
ep_refresh,linear_dense,45,0.4166666666666667,0.4666666666666667,1.1781718285171416
ep_refresh,linear_dense,46,0.4166666666666667,0.4666666666666667,1.2818788639740033
ep_refresh,linear_dense,47,0.3333333333333333,0.5333333333333333,1.0525359815931428
ep_refresh,linear_dense,48,0.25,0.6,1.0757842540986895
ep_refresh,linear_dense,49,0.5,0.4,1.1725733056971575
ep_refresh,linear_dense,50,0.5,0.4,1.0976962540442023
ep_refresh,linear_dense,51,0.4166666666666667,0.4666666666666667,1.1731118909706184
ep_refresh,linear_dense,52,0.16666666666666666,0.6666666666666666,1.102157377025594
ep_refresh,linear_dense,53,0.3333333333333333,0.5333333333333333,1.1915481172915465
ep_refresh,linear_dense,54,0.3333333333333333,0.5333333333333333,1.0961335359046667
ep_refresh,linear_dense,55,0.5,0.4,1.0951683467510693
ep_refresh,linear_dense,56,0.4166666666666667,0.4666666666666667,1.0790448878094576
ep_refresh,linear_dense,57,0.5,0.4,1.2485756069806015
ep_refresh,linear_dense,58,0.3333333333333333,0.5333333333333333,1.1029208810662687
ep_refresh,linear_dense,59,0.5833333333333334,0.3333333333333333,1.2637007559938378
ep_refresh,linear_dense,60,0.5,0.4,1.2431769556104173
ep_refresh,linear_dense,61,0.25,0.6,1.0693667592883511
ep_refresh,linear_dense,62,0.4166666666666667,0.4666666666666667,1.1407653298739604
ep_refresh,linear_dense,63,0.3333333333333333,0.5333333333333333,1.2322349226437332
ep_refresh,linear_dense,64,0.3333333333333333,0.5333333333333333,1.166026599389028
ep_refresh,linear_dense,65,0.4166666666666667,0.4666666666666667,1.2422107094164658
ep_refresh,linear_dense,66,0.3333333333333333,0.5333333333333333,1.1401133748074754
ep_refresh,linear_dense,67,0.4166666666666667,0.4666666666666667,1.1962600313248664
ep_refresh,linear_dense,68,0.5,0.4,1.11652535623552
ep_refresh,linear_dense,69,0.4166666666666667,0.4666666666666667,1.1261570464877686
ep_refresh,linear_dense,70,0.25,0.6,1.2059888104042993
ep_refresh,linear_dense,71,0.4166666666666667,0.4666666666666667,1.0907979737903635
ep_refresh,linear_dense,72,0.25,0.6,1.1411946289180923
ep_refresh,linear_dense,73,0.3333333333333333,0.5333333333333333,1.142057501858981
ep_refresh,linear_dense,74,0.3333333333333333,0.5333333333333333,1.1984291125841664
ep_refresh,linear_dense,75,0.4166666666666667,0.4666666666666667,1.073315788013867
ep_refresh,linear_dense,76,0.3333333333333333,0.5333333333333333,1.1402924748701417
ep_refresh,linear_dense,77,0.5,0.4,1.1673035415752269
ep_refresh,linear_dense,78,0.25,0.6,1.0931953510755739
ep_refresh,linear_dense,79,0.16666666666666666,0.6666666666666666,1.1562007161386896
ep_refresh,linear_dense,80,0.3333333333333333,0.5333333333333333,1.1219383488923225
ep_refresh,linear_dense,81,0.3333333333333333,0.5333333333333333,1.175176236280765
ep_refresh,linear_dense,82,0.4166666666666667,0.4666666666666667,1.164214728272196
ep_refresh,linear_dense,83,0.25,0.6,1.0640862138276064
ep_refresh,linear_dense,84,0.16666666666666666,0.6666666666666666,1.1200642683402726
ep_refresh,linear_dense,85,0.25,0.6,1.1643702114921715
ep_refresh,linear_dense,86,0.3333333333333333,0.5333333333333333,1.1722744804428895
ep_refresh,linear_dense,87,0.3333333333333333,0.5333333333333333,1.2314284699884115
ep_refresh,linear_dense,88,0.5,0.4,1.1715767747004355
ep_refresh,linear_dense,89,0.5833333333333334,0.3333333333333333,1.2047720681865277
ep_refresh,linear_dense,90,0.3333333333333333,0.5333333333333333,1.1682331109908086
ep_refresh,linear_dense,91,0.5833333333333334,0.3333333333333333,1.1049080917681708
ep_refresh,linear_dense,92,0.4166666666666667,0.4666666666666667,1.1765602808727933
ep_refresh,linear_dense,93,0.3333333333333333,0.5333333333333333,1.214391886247391
ep_refresh,linear_dense,94,0.16666666666666666,0.6666666666666666,1.149990148590729
ep_refresh,linear_dense,95,0.16666666666666666,0.6666666666666666,1.034636640074866
ep_refresh,linear_dense,96,0.4166666666666667,0.4666666666666667,1.1991987766150958
ep_refresh,linear_dense,97,0.16666666666666666,0.6666666666666666,1.1712252295331802
ep_refresh,linear_dense,98,0.5,0.4,1.152798287454068
ep_refresh,linear_dense,99,0.4166666666666667,0.4666666666666667,1.150717737994711
ep_refresh,nonlinear,0,0.3333333333333333,0.8,1.1921178868188136
ep_refresh,nonlinear,1,0.6666666666666666,0.4,1.180781607924254
ep_refresh,nonlinear,2,0.4166666666666667,0.7,1.150364110260699
ep_refresh,nonlinear,3,0.5833333333333334,0.5,1.1452593706648089
ep_refresh,nonlinear,4,0.5833333333333334,0.5,1.1533061920014642
ep_refresh,nonlinear,5,0.6666666666666666,0.4,1.5053493053590739
ep_refresh,nonlinear,6,0.5,0.6,1.2151284686236168
ep_refresh,nonlinear,7,0.5833333333333334,0.5,1.2241940290426234
ep_refresh,nonlinear,8,0.5,0.6,1.1900303133994958
ep_refresh,nonlinear,9,0.5,0.6,1.1696407102593203
ep_refresh,nonlinear,10,0.5,0.6,1.1442784872891862
ep_refresh,nonlinear,11,0.6666666666666666,0.4,1.1578731816007952
ep_refresh,nonlinear,12,0.5833333333333334,0.5,1.244329568049453
ep_refresh,nonlinear,13,0.5,0.6,1.246805055576523
ep_refresh,nonlinear,14,0.5833333333333334,0.5,1.1331812364599354
ep_refresh,nonlinear,15,0.5,0.6,1.227576988416597
ep_refresh,nonlinear,16,0.5,0.6,1.35192573526202
ep_refresh,nonlinear,17,0.5,0.6,1.321698078450685
ep_refresh,nonlinear,18,0.5833333333333334,0.5,1.2169032417864452
ep_refresh,nonlinear,19,0.5,0.6,1.2201035943464733
ep_refresh,nonlinear,20,0.4166666666666667,0.7,1.1659596489690485
ep_refresh,nonlinear,21,0.5833333333333334,0.5,1.2067398363939879
ep_refresh,nonlinear,22,0.5833333333333334,0.5,1.0519020852484078
ep_refresh,nonlinear,23,0.75,0.3,1.3171350157273705
ep_refresh,nonlinear,24,0.5,0.6,1.1419807735406973
ep_refresh,nonlinear,25,0.5,0.6,1.1571708374105683
ep_refresh,nonlinear,26,0.6666666666666666,0.4,1.235622506513211
ep_refresh,nonlinear,27,0.5,0.6,1.2234709251000717
ep_refresh,nonlinear,28,0.5833333333333334,0.5,1.1250248103285012
ep_refresh,nonlinear,29,0.3333333333333333,0.8,1.2622180359598834
ep_refresh,nonlinear,30,0.5,0.6,1.1440666013689849
ep_refresh,nonlinear,31,0.4166666666666667,0.7,1.2076246034426223
ep_refresh,nonlinear,32,0.5,0.6,1.2331089555723018
ep_refresh,nonlinear,33,0.75,0.3,1.2674031908658663
ep_refresh,nonlinear,34,0.5833333333333334,0.5,1.255809964361176
ep_refresh,nonlinear,35,0.4166666666666667,0.7,1.3625774112060398
ep_refresh,nonlinear,36,0.4166666666666667,0.7,1.1156380778501078
ep_refresh,nonlinear,37,0.4166666666666667,0.7,1.5046552229651804
ep_refresh,nonlinear,38,0.5,0.6,1.507084729294223
ep_refresh,nonlinear,39,0.4166666666666667,0.7,1.1238792516724845
ep_refresh,nonlinear,40,0.5833333333333334,0.5,1.19439408739276
ep_refresh,nonlinear,41,0.6666666666666666,0.4,1.1785299333978967
ep_refresh,nonlinear,42,0.5833333333333334,0.5,1.2097855471840828
ep_refresh,nonlinear,43,0.4166666666666667,0.7,1.2170255465862676
ep_refresh,nonlinear,44,0.5,0.6,1.3342925071409373
ep_refresh,nonlinear,45,0.5,0.6,1.0940143290996538
ep_refresh,nonlinear,46,0.5833333333333334,0.5,1.1218961413922177
ep_refresh,nonlinear,47,0.6666666666666666,0.4,1.1619682992440674
ep_refresh,nonlinear,48,0.6666666666666666,0.4,1.2010064762328403
ep_refresh,nonlinear,49,0.5,0.6,1.23187460608759
ep_refresh,nonlinear,50,0.4166666666666667,0.7,1.109466830028729
ep_refresh,nonlinear,51,0.5833333333333334,0.5,1.341226719709755
ep_refresh,nonlinear,52,0.5833333333333334,0.5,1.1751591157133947
ep_refresh,nonlinear,53,0.5,0.6,1.1753470680855784
ep_refresh,nonlinear,54,0.5,0.6,1.733139150022207
ep_refresh,nonlinear,55,0.5,0.6,1.2368540198279594
ep_refresh,nonlinear,56,0.5,0.6,1.3757011709619258
ep_refresh,nonlinear,57,0.6666666666666666,0.4,1.225227729754068
ep_refresh,nonlinear,58,0.4166666666666667,0.7,1.1383313910367774
ep_refresh,nonlinear,59,0.4166666666666667,0.7,1.1869721160311852
ep_refresh,nonlinear,60,0.3333333333333333,0.8,1.083174623422429
ep_refresh,nonlinear,61,0.5833333333333334,0.5,1.2074204283030028
ep_refresh,nonlinear,62,0.5,0.6,1.228355518349613
ep_refresh,nonlinear,63,0.75,0.3,1.124276524608608
ep_refresh,nonlinear,64,0.5833333333333334,0.5,1.2177310469947755
ep_refresh,nonlinear,65,0.6666666666666666,0.4,1.2620963482310488
ep_refresh,nonlinear,66,0.5833333333333334,0.5,1.3125914828829979
ep_refresh,nonlinear,67,0.6666666666666666,0.4,1.2986252737954724
ep_refresh,nonlinear,68,0.5833333333333334,0.5,1.1554253379908053
ep_refresh,nonlinear,69,0.5833333333333334,0.5,1.3004729223929088
ep_refresh,nonlinear,70,0.5833333333333334,0.5,1.2134151306386505
ep_refresh,nonlinear,71,0.5,0.6,1.2364762490289392
ep_refresh,nonlinear,72,0.5,0.6,1.1768953272521046
ep_refresh,nonlinear,73,0.5,0.6,1.2368492639651651
ep_refresh,nonlinear,74,0.4166666666666667,0.7,1.2392683224254155
ep_refresh,nonlinear,75,0.5,0.6,1.2669619775138299
ep_refresh,nonlinear,76,0.5,0.6,1.185683498910158
ep_refresh,nonlinear,77,0.5,0.6,1.243763951980205
ep_refresh,nonlinear,78,0.5,0.6,1.0776625688381622
ep_refresh,nonlinear,79,0.5833333333333334,0.5,1.15048138642996
ep_refresh,nonlinear,80,0.5833333333333334,0.5,1.199742502630543
ep_refresh,nonlinear,81,0.6666666666666666,0.4,1.2090088212160037
ep_refresh,nonlinear,82,0.5833333333333334,0.5,1.1545822391156961
ep_refresh,nonlinear,83,0.5833333333333334,0.5,1.2557721357341871
ep_refresh,nonlinear,84,0.4166666666666667,0.7,1.1059952285422863
ep_refresh,nonlinear,85,0.4166666666666667,0.7,1.1158886690148702
ep_refresh,nonlinear,86,0.5833333333333334,0.5,1.1461882411817843
ep_refresh,nonlinear,87,0.6666666666666666,0.4,1.1308751897081888
ep_refresh,nonlinear,88,0.5,0.6,1.2579342024040072
ep_refresh,nonlinear,89,0.5,0.6,1.170893859962676
ep_refresh,nonlinear,90,0.5833333333333334,0.5,1.4246050986538634
ep_refresh,nonlinear,91,0.4166666666666667,0.7,1.1557913887927835
ep_refresh,nonlinear,92,0.4166666666666667,0.7,1.1998273467022418
ep_refresh,nonlinear,93,0.5,0.6,1.130203141926305
ep_refresh,nonlinear,94,0.5833333333333334,0.5,1.3247140156896973
ep_refresh,nonlinear,95,0.75,0.3,1.2261409942397459
ep_refresh,nonlinear,96,0.5833333333333334,0.5,1.1703283489325835
ep_refresh,nonlinear,97,0.5833333333333334,0.5,1.201056978661518
ep_refresh,nonlinear,98,0.75,0.3,1.588924763921243
ep_refresh,nonlinear,99,0.5,0.6,1.3992980260231338
ep_refresh,nonlinear_panel,0,0.5833333333333334,0.5,1.195649822352224
ep_refresh,nonlinear_panel,1,0.6666666666666666,0.4,1.2378341198339238
ep_refresh,nonlinear_panel,2,0.5833333333333334,0.5,1.2210740327920775
ep_refresh,nonlinear_panel,3,0.5833333333333334,0.5,1.2900979593382464
ep_refresh,nonlinear_panel,4,0.6666666666666666,0.4,1.2289810865992181
ep_refresh,nonlinear_panel,5,0.5833333333333334,0.5,1.2507753587732262
ep_refresh,nonlinear_panel,6,0.6666666666666666,0.4,1.2922437317729036
ep_refresh,nonlinear_panel,7,0.5,0.6,1.2208435853258066
ep_refresh,nonlinear_panel,8,0.5833333333333334,0.5,1.553954425695
ep_refresh,nonlinear_panel,9,0.5833333333333334,0.5,1.1850149060208046
ep_refresh,nonlinear_panel,10,0.5,0.6,1.3305018195268514
ep_refresh,nonlinear_panel,11,0.5,0.6,1.1333969925973
ep_refresh,nonlinear_panel,12,0.4166666666666667,0.7,1.0848163421757058
ep_refresh,nonlinear_panel,13,0.5833333333333334,0.5,1.2773528948994564
ep_refresh,nonlinear_panel,14,0.4166666666666667,0.7,1.2210751726454636
ep_refresh,nonlinear_panel,15,0.5,0.6,1.1257428746733629
ep_refresh,nonlinear_panel,16,0.5,0.6,1.1854553782104562
ep_refresh,nonlinear_panel,17,0.6666666666666666,0.4,1.2243608546730544
ep_refresh,nonlinear_panel,18,0.4166666666666667,0.7,1.1530125449936146
ep_refresh,nonlinear_panel,19,0.5,0.6,1.2376528751190503
ep_refresh,nonlinear_panel,20,0.75,0.3,1.3352224716939818
ep_refresh,nonlinear_panel,21,0.5833333333333334,0.5,1.2743217711839758
ep_refresh,nonlinear_panel,22,0.5833333333333334,0.5,1.6047950599023344
ep_refresh,nonlinear_panel,23,0.5,0.6,1.1371308280115715
ep_refresh,nonlinear_panel,24,0.5833333333333334,0.5,1.1508051092047638
ep_refresh,nonlinear_panel,25,0.6666666666666666,0.4,1.3506996454146447
ep_refresh,nonlinear_panel,26,0.5,0.6,1.2763998230121398
ep_refresh,nonlinear_panel,27,0.6666666666666666,0.4,1.3887402897072894
ep_refresh,nonlinear_panel,28,0.5833333333333334,0.5,1.1234227867794697
ep_refresh,nonlinear_panel,29,0.5,0.6,1.1288107801977578
ep_refresh,nonlinear_panel,30,0.5,0.6,1.3740047313099888
ep_refresh,nonlinear_panel,31,0.5,0.6,1.0606617829884417
ep_refresh,nonlinear_panel,32,0.5833333333333334,0.5,1.0590955764623942
ep_refresh,nonlinear_panel,33,0.6666666666666666,0.4,1.2675984126026252
ep_refresh,nonlinear_panel,34,0.5833333333333334,0.5,1.0590739654494365
ep_refresh,nonlinear_panel,35,0.5,0.6,1.1423103925413847
ep_refresh,nonlinear_panel,36,0.4166666666666667,0.7,1.2166021956156197
ep_refresh,nonlinear_panel,37,0.6666666666666666,0.4,1.0608775013614213
ep_refresh,nonlinear_panel,38,0.5,0.6,1.244700738481551
ep_refresh,nonlinear_panel,39,0.6666666666666666,0.4,1.3100312145592539
ep_refresh,nonlinear_panel,40,0.5,0.6,1.2234920678847117
ep_refresh,nonlinear_panel,41,0.5833333333333334,0.5,1.1386265751844293
ep_refresh,nonlinear_panel,42,0.5833333333333334,0.5,1.1250933463367279
ep_refresh,nonlinear_panel,43,0.5,0.6,1.1004272314814225
ep_refresh,nonlinear_panel,44,0.5833333333333334,0.5,1.2839638594439893
ep_refresh,nonlinear_panel,45,0.75,0.3,1.1786268368381292
ep_refresh,nonlinear_panel,46,0.75,0.3,1.1829524158191087
ep_refresh,nonlinear_panel,47,0.5,0.6,1.228080672946809
ep_refresh,nonlinear_panel,48,0.5,0.6,1.1893422208431863
ep_refresh,nonlinear_panel,49,0.4166666666666667,0.7,1.137324730876353
ep_refresh,nonlinear_panel,50,0.5,0.6,1.1158762454489746
ep_refresh,nonlinear_panel,51,0.5833333333333334,0.5,1.0771813605213243
ep_refresh,nonlinear_panel,52,0.5833333333333334,0.5,1.3658048978724473
ep_refresh,nonlinear_panel,53,0.5833333333333334,0.5,1.1546017154142982
ep_refresh,nonlinear_panel,54,0.5,0.6,1.1132488475452038
ep_refresh,nonlinear_panel,55,0.6666666666666666,0.4,1.1986657265831917
ep_refresh,nonlinear_panel,56,0.5833333333333334,0.5,1.3895607395244267
ep_refresh,nonlinear_panel,57,0.75,0.3,1.119430252451585
ep_refresh,nonlinear_panel,58,0.25,0.9,1.1681419440654806
ep_refresh,nonlinear_panel,59,0.5,0.6,1.1059057127387166
ep_refresh,nonlinear_panel,60,0.5,0.6,1.2642001951007142
ep_refresh,nonlinear_panel,61,0.5833333333333334,0.5,1.1311306754726944
ep_refresh,nonlinear_panel,62,0.5833333333333334,0.5,1.0906829541272833
ep_refresh,nonlinear_panel,63,0.5,0.6,1.2752219200527233
ep_refresh,nonlinear_panel,64,0.5833333333333334,0.5,1.0904841716897118
ep_refresh,nonlinear_panel,65,0.5833333333333334,0.5,1.1087816349325015
ep_refresh,nonlinear_panel,66,0.5833333333333334,0.5,1.2907986089867538
ep_refresh,nonlinear_panel,67,0.4166666666666667,0.7,1.1814888734409255
ep_refresh,nonlinear_panel,68,0.5833333333333334,0.5,1.1328299555024182
ep_refresh,nonlinear_panel,69,0.3333333333333333,0.8,1.1701434535248356
ep_refresh,nonlinear_panel,70,0.4166666666666667,0.7,1.100703740896151
ep_refresh,nonlinear_panel,71,0.5,0.6,1.1431721589520767
ep_refresh,nonlinear_panel,72,0.5833333333333334,0.5,1.29310654602899
ep_refresh,nonlinear_panel,73,0.5,0.6,1.2610131676409873
ep_refresh,nonlinear_panel,74,0.5833333333333334,0.5,1.2940272987422783
ep_refresh,nonlinear_panel,75,0.4166666666666667,0.7,1.1765475216589605
ep_refresh,nonlinear_panel,76,0.5,0.6,1.130798568897524
ep_refresh,nonlinear_panel,77,0.4166666666666667,0.7,1.0507027720501787
ep_refresh,nonlinear_panel,78,0.4166666666666667,0.7,1.258281228337604
ep_refresh,nonlinear_panel,79,0.5,0.6,1.2451719661819605
ep_refresh,nonlinear_panel,80,0.6666666666666666,0.4,1.1778453915011935
ep_refresh,nonlinear_panel,81,0.4166666666666667,0.7,1.2877343179338894
ep_refresh,nonlinear_panel,82,0.5,0.6,1.119551440035188
ep_refresh,nonlinear_panel,83,0.5833333333333334,0.5,1.2015740897583673
ep_refresh,nonlinear_panel,84,0.5,0.6,1.1429468848647113
ep_refresh,nonlinear_panel,85,0.5833333333333334,0.5,1.0637637592726388
ep_refresh,nonlinear_panel,86,0.5833333333333334,0.5,1.2900221016358024
ep_refresh,nonlinear_panel,87,0.5,0.6,1.0595597215274337
ep_refresh,nonlinear_panel,88,0.4166666666666667,0.7,1.1732364778961233
ep_refresh,nonlinear_panel,89,0.5,0.6,1.0164807531792905
ep_refresh,nonlinear_panel,90,0.6666666666666666,0.4,1.2956092623328344
ep_refresh,nonlinear_panel,91,0.6666666666666666,0.4,1.1953890280699389
ep_refresh,nonlinear_panel,92,0.5,0.6,1.147573627062385
ep_refresh,nonlinear_panel,93,0.4166666666666667,0.7,1.244206437899683
ep_refresh,nonlinear_panel,94,0.4166666666666667,0.7,1.2182348962526823
ep_refresh,nonlinear_panel,95,0.25,0.9,1.094142808939454
ep_refresh,nonlinear_panel,96,0.5833333333333334,0.5,1.125833605878376
ep_refresh,nonlinear_panel,97,0.5833333333333334,0.5,1.1802303743229843
ep_refresh,nonlinear_panel,98,0.4166666666666667,0.7,1.1690868789258078
ep_refresh,nonlinear_panel,99,0.6666666666666666,0.4,1.1904810673666133
ep_dispersion,linear_sparse,0,0.5833333333333334,1.0,0.6266631826687532
ep_dispersion,linear_sparse,1,0.5833333333333334,1.0,0.6316399726706708
ep_dispersion,linear_sparse,2,0.6666666666666666,0.8,0.7278172564444848
ep_dispersion,linear_sparse,3,0.5833333333333334,1.0,0.5902957449071635
ep_dispersion,linear_sparse,4,0.5833333333333334,1.0,0.6106568992160772
ep_dispersion,linear_sparse,5,0.6666666666666666,0.8,0.6912263663323606
ep_dispersion,linear_sparse,6,0.5833333333333334,1.0,0.6028127941367153
ep_dispersion,linear_sparse,7,0.75,0.6,0.7952701124743345
ep_dispersion,linear_sparse,8,0.5833333333333334,1.0,0.6239472753916686
ep_dispersion,linear_sparse,9,0.5833333333333334,1.0,0.6508163145149478
ep_dispersion,linear_sparse,10,0.5833333333333334,1.0,0.6555964102023791
ep_dispersion,linear_sparse,11,0.6666666666666666,0.8,0.6083214792257556
ep_dispersion,linear_sparse,12,0.6666666666666666,0.8,0.6786222595901131
ep_dispersion,linear_sparse,13,0.5833333333333334,1.0,0.641576542281846
ep_dispersion,linear_sparse,14,0.6666666666666666,0.8,0.7561074873255421
ep_dispersion,linear_sparse,15,0.5833333333333334,1.0,0.6419536155639987
ep_dispersion,linear_sparse,16,0.6666666666666666,0.8,0.6996421541616661
ep_dispersion,linear_sparse,17,0.5833333333333334,1.0,0.6599904011294505
ep_dispersion,linear_sparse,18,0.5833333333333334,1.0,0.620530759778614
ep_dispersion,linear_sparse,19,0.5833333333333334,1.0,0.5724181136028491
ep_dispersion,linear_sparse,20,0.5833333333333334,1.0,0.5952981087374007
ep_dispersion,linear_sparse,21,0.5833333333333334,1.0,0.6028010301392408
ep_dispersion,linear_sparse,22,0.6666666666666666,0.8,0.6495294508326644
ep_dispersion,linear_sparse,23,0.5833333333333334,1.0,0.6509009134376226
ep_dispersion,linear_sparse,24,0.5833333333333334,1.0,0.6292255460728938
ep_dispersion,linear_sparse,25,0.5833333333333334,1.0,0.6722083325639611
ep_dispersion,linear_sparse,26,0.6666666666666666,0.8,0.6694113990087321
ep_dispersion,linear_sparse,27,0.5833333333333334,1.0,0.6908677941559097
ep_dispersion,linear_sparse,28,0.5833333333333334,1.0,0.614102877594989
ep_dispersion,linear_sparse,29,0.5833333333333334,1.0,0.664243318813161
ep_dispersion,linear_sparse,30,0.5833333333333334,1.0,0.6665819605696165
ep_dispersion,linear_sparse,31,0.6666666666666666,0.8,0.6965493701869636
ep_dispersion,linear_sparse,32,0.5833333333333334,1.0,0.6527185821937892
ep_dispersion,linear_sparse,33,0.5833333333333334,1.0,0.6207769670603811
ep_dispersion,linear_sparse,34,0.5833333333333334,1.0,0.6722094796494523
ep_dispersion,linear_sparse,35,0.5833333333333334,1.0,0.5850811560486614
ep_dispersion,linear_sparse,36,0.5833333333333334,1.0,0.6696983893378153
ep_dispersion,linear_sparse,37,0.5833333333333334,1.0,0.5887236082897782
ep_dispersion,linear_sparse,38,0.6666666666666666,0.8,0.6771023471852092
ep_dispersion,linear_sparse,39,0.5833333333333334,1.0,0.7080203258065779
ep_dispersion,linear_sparse,40,0.5833333333333334,1.0,0.635124886282898
ep_dispersion,linear_sparse,41,0.6666666666666666,0.8,0.7124523589019525
ep_dispersion,linear_sparse,42,0.5833333333333334,1.0,0.6337100160619559
ep_dispersion,linear_sparse,43,0.6666666666666666,0.8,0.6885579606559891
ep_dispersion,linear_sparse,44,0.5833333333333334,1.0,0.61365486161727
ep_dispersion,linear_sparse,45,0.5833333333333334,1.0,0.6529409701166631
ep_dispersion,linear_sparse,46,0.5833333333333334,1.0,0.6036154555248961
ep_dispersion,linear_sparse,47,0.6666666666666666,0.8,0.6707100998351303
ep_dispersion,linear_sparse,48,0.5833333333333334,1.0,0.6086592261685794
ep_dispersion,linear_sparse,49,0.6666666666666666,0.8,0.7242935780119911
ep_dispersion,linear_sparse,50,0.5833333333333334,1.0,0.632433216406232
ep_dispersion,linear_sparse,51,0.5833333333333334,1.0,0.6479705347916787
ep_dispersion,linear_sparse,52,0.5833333333333334,1.0,0.5874592024521175
ep_dispersion,linear_sparse,53,0.6666666666666666,0.8,0.6909326029340338
ep_dispersion,linear_sparse,54,0.5833333333333334,1.0,0.690774468035568
ep_dispersion,linear_sparse,55,0.5833333333333334,1.0,0.6794995673443348
ep_dispersion,linear_sparse,56,0.5833333333333334,1.0,0.649933103323591
ep_dispersion,linear_sparse,57,0.6666666666666666,0.8,0.6334490400814143
ep_dispersion,linear_sparse,58,0.5833333333333334,1.0,0.6182984901682173
ep_dispersion,linear_sparse,59,0.5833333333333334,1.0,0.6367856705856018
ep_dispersion,linear_sparse,60,0.5833333333333334,1.0,0.7524237191601855
ep_dispersion,linear_sparse,61,0.6666666666666666,0.8,0.7149128818237125
ep_dispersion,linear_sparse,62,0.5833333333333334,1.0,0.6305520239544185
ep_dispersion,linear_sparse,63,0.5833333333333334,1.0,0.7222960777722446
ep_dispersion,linear_sparse,64,0.5833333333333334,1.0,0.6666451750583028
ep_dispersion,linear_sparse,65,0.6666666666666666,0.8,0.6436048505899893
ep_dispersion,linear_sparse,66,0.5833333333333334,1.0,0.6361159417920232
ep_dispersion,linear_sparse,67,0.5833333333333334,1.0,0.6423951410783671
ep_dispersion,linear_sparse,68,0.5833333333333334,1.0,0.6369311646349066
ep_dispersion,linear_sparse,69,0.5833333333333334,1.0,0.6690013668907621
ep_dispersion,linear_sparse,70,0.5833333333333334,1.0,0.7144103288654462
ep_dispersion,linear_sparse,71,0.5833333333333334,1.0,0.6438072381660019
ep_dispersion,linear_sparse,72,0.5833333333333334,1.0,0.6476618315522026
ep_dispersion,linear_sparse,73,0.5833333333333334,1.0,0.6710854215202829
ep_dispersion,linear_sparse,74,0.5833333333333334,1.0,0.5970958201152401
ep_dispersion,linear_sparse,75,0.5833333333333334,1.0,0.6061633395474081
ep_dispersion,linear_sparse,76,0.5833333333333334,1.0,0.6197802249598382
ep_dispersion,linear_sparse,77,0.5833333333333334,1.0,0.6163591390745659
ep_dispersion,linear_sparse,78,0.75,0.6,0.8190357763271081
ep_dispersion,linear_sparse,79,0.6666666666666666,0.8,0.6682915070936242
ep_dispersion,linear_sparse,80,0.5833333333333334,1.0,0.5968166838825526
ep_dispersion,linear_sparse,81,0.5833333333333334,1.0,0.6613031511353812
ep_dispersion,linear_sparse,82,0.6666666666666666,0.8,0.7049144478463583
ep_dispersion,linear_sparse,83,0.6666666666666666,0.8,0.6843103404268517
ep_dispersion,linear_sparse,84,0.6666666666666666,0.8,0.6784049414017752
ep_dispersion,linear_sparse,85,0.5833333333333334,1.0,0.6338457405277265
ep_dispersion,linear_sparse,86,0.5833333333333334,1.0,0.6135169979344026
ep_dispersion,linear_sparse,87,0.6666666666666666,0.8,0.7286461559087161
ep_dispersion,linear_sparse,88,0.5833333333333334,1.0,0.6562975456153879
ep_dispersion,linear_sparse,89,0.5833333333333334,1.0,0.600024971069007
ep_dispersion,linear_sparse,90,0.6666666666666666,0.8,0.6739371821305574
ep_dispersion,linear_sparse,91,0.5833333333333334,1.0,0.6603381985681265
ep_dispersion,linear_sparse,92,0.5833333333333334,1.0,0.6041100306646252
ep_dispersion,linear_sparse,93,0.6666666666666666,0.8,0.6876371488004465
ep_dispersion,linear_sparse,94,0.6666666666666666,0.8,0.6663478847288837
ep_dispersion,linear_sparse,95,0.5833333333333334,1.0,0.6481605376943539
ep_dispersion,linear_sparse,96,0.5833333333333334,1.0,0.6267750966199119
ep_dispersion,linear_sparse,97,0.5833333333333334,1.0,0.6084308335734508
ep_dispersion,linear_sparse,98,0.6666666666666666,0.8,0.6738401248919474
ep_dispersion,linear_sparse,99,0.5833333333333334,1.0,0.6305989201362051
ep_dispersion,linear_medium,0,0.5,0.6,1.1614547452453579
ep_dispersion,linear_medium,1,0.4166666666666667,0.7,1.08237976544393
ep_dispersion,linear_medium,2,0.5833333333333334,0.5,1.1334254508679906
ep_dispersion,linear_medium,3,0.5,0.6,1.1522411434709257
ep_dispersion,linear_medium,4,0.4166666666666667,0.7,1.1611427742857328
ep_dispersion,linear_medium,5,0.4166666666666667,0.7,1.1062272267817124
ep_dispersion,linear_medium,6,0.75,0.3,1.2775679073686237
ep_dispersion,linear_medium,7,0.4166666666666667,0.7,1.090811257332215
ep_dispersion,linear_medium,8,0.5,0.6,1.1490885521354022
ep_dispersion,linear_medium,9,0.4166666666666667,0.7,1.073693138052653
ep_dispersion,linear_medium,10,0.5,0.6,1.163256152818859
ep_dispersion,linear_medium,11,0.5,0.6,1.093332756404993
ep_dispersion,linear_medium,12,0.3333333333333333,0.8,1.0545683420288892
ep_dispersion,linear_medium,13,0.4166666666666667,0.7,1.0236244500242095
ep_dispersion,linear_medium,14,0.25,0.9,1.0430292773422467
ep_dispersion,linear_medium,15,0.6666666666666666,0.4,1.1166246411633536
ep_dispersion,linear_medium,16,0.3333333333333333,0.8,1.1759434761927916
ep_dispersion,linear_medium,17,0.25,0.9,1.1130856019368118
ep_dispersion,linear_medium,18,0.5,0.6,1.1425698996163467
ep_dispersion,linear_medium,19,0.3333333333333333,0.8,1.052651421770386
ep_dispersion,linear_medium,20,0.5,0.6,1.2580179150367128
ep_dispersion,linear_medium,21,0.5,0.6,1.146306974246975
ep_dispersion,linear_medium,22,0.5,0.6,1.1195434226792806
ep_dispersion,linear_medium,23,0.5,0.6,1.1070856116113426
ep_dispersion,linear_medium,24,0.5833333333333334,0.5,1.1347494291356557
ep_dispersion,linear_medium,25,0.5833333333333334,0.5,1.209921660077167
ep_dispersion,linear_medium,26,0.4166666666666667,0.7,1.0691182842726445
ep_dispersion,linear_medium,27,0.5,0.6,1.048786883778236
ep_dispersion,linear_medium,28,0.5,0.6,1.1259181392274742
ep_dispersion,linear_medium,29,0.3333333333333333,0.8,1.1388683035178182
ep_dispersion,linear_medium,30,0.5833333333333334,0.5,1.222884238792988
ep_dispersion,linear_medium,31,0.4166666666666667,0.7,1.1821296212660792
ep_dispersion,linear_medium,32,0.5,0.6,1.1636380321984137
ep_dispersion,linear_medium,33,0.5,0.6,1.1344863715338123
ep_dispersion,linear_medium,34,0.5833333333333334,0.5,1.1508690755020787
ep_dispersion,linear_medium,35,0.6666666666666666,0.4,1.2018871063754781
ep_dispersion,linear_medium,36,0.5833333333333334,0.5,1.1681856451930488
ep_dispersion,linear_medium,37,0.5833333333333334,0.5,1.1425271905554333
ep_dispersion,linear_medium,38,0.4166666666666667,0.7,1.0964083237846374
ep_dispersion,linear_medium,39,0.5833333333333334,0.5,1.1028134304900887
ep_dispersion,linear_medium,40,0.5833333333333334,0.5,1.1218367831558815
ep_dispersion,linear_medium,41,0.5833333333333334,0.5,1.1734928994622424
ep_dispersion,linear_medium,42,0.3333333333333333,0.8,1.0835695936556138
ep_dispersion,linear_medium,43,0.5,0.6,1.1666502290385206
ep_dispersion,linear_medium,44,0.5833333333333334,0.5,1.0458839962532172
ep_dispersion,linear_medium,45,0.5833333333333334,0.5,1.2183072254191278
ep_dispersion,linear_medium,46,0.5,0.6,1.2234485972424831
ep_dispersion,linear_medium,47,0.3333333333333333,0.8,1.1295347661899908
ep_dispersion,linear_medium,48,0.5833333333333334,0.5,1.2207296028349186
ep_dispersion,linear_medium,49,0.5,0.6,1.1108929983983948
ep_dispersion,linear_medium,50,0.5,0.6,1.0715731079044954
ep_dispersion,linear_medium,51,0.5833333333333334,0.5,1.114209320194621
ep_dispersion,linear_medium,52,0.5,0.6,1.1827969519685404
ep_dispersion,linear_medium,53,0.5,0.6,1.1090745274392821
ep_dispersion,linear_medium,54,0.4166666666666667,0.7,1.0727686775249434
ep_dispersion,linear_medium,55,0.5833333333333334,0.5,1.165307894885137
ep_dispersion,linear_medium,56,0.5,0.6,1.184912822650661
ep_dispersion,linear_medium,57,0.5,0.6,1.1638652584944411
ep_dispersion,linear_medium,58,0.3333333333333333,0.8,1.0972118072381927
ep_dispersion,linear_medium,59,0.3333333333333333,0.8,1.0730893120060816
ep_dispersion,linear_medium,60,0.5,0.6,1.160903995427966
ep_dispersion,linear_medium,61,0.4166666666666667,0.7,1.1102033354302328
ep_dispersion,linear_medium,62,0.25,0.9,1.1037173878944306
ep_dispersion,linear_medium,63,0.5833333333333334,0.5,1.1249143011389315
ep_dispersion,linear_medium,64,0.5833333333333334,0.5,1.2411133132316896
ep_dispersion,linear_medium,65,0.4166666666666667,0.7,1.0716806560134216
ep_dispersion,linear_medium,66,0.3333333333333333,0.8,1.1293177908117829
ep_dispersion,linear_medium,67,0.5,0.6,1.1487292569263208
ep_dispersion,linear_medium,68,0.5,0.6,1.1112291527783835
ep_dispersion,linear_medium,69,0.75,0.3,1.1549280283731074
ep_dispersion,linear_medium,70,0.25,0.9,1.1083834542352704
ep_dispersion,linear_medium,71,0.3333333333333333,0.8,1.0397714416098858
ep_dispersion,linear_medium,72,0.4166666666666667,0.7,1.2397030573430285
ep_dispersion,linear_medium,73,0.4166666666666667,0.7,1.1142542369096775
ep_dispersion,linear_medium,74,0.5,0.6,1.1221727099018746
ep_dispersion,linear_medium,75,0.4166666666666667,0.7,1.1438843711865758
ep_dispersion,linear_medium,76,0.5,0.6,1.1927386749670528
ep_dispersion,linear_medium,77,0.5833333333333334,0.5,1.124522869641074
ep_dispersion,linear_medium,78,0.75,0.3,1.2351507893982776
ep_dispersion,linear_medium,79,0.5,0.6,1.1943282094042533
ep_dispersion,linear_medium,80,0.5,0.6,1.1189235740917798
ep_dispersion,linear_medium,81,0.4166666666666667,0.7,1.1771748522060048
ep_dispersion,linear_medium,82,0.3333333333333333,0.8,1.1194519319924516
ep_dispersion,linear_medium,83,0.5,0.6,1.1055464814262044
ep_dispersion,linear_medium,84,0.5833333333333334,0.5,1.196029424586998
ep_dispersion,linear_medium,85,0.6666666666666666,0.4,1.3089718975027642
ep_dispersion,linear_medium,86,0.5,0.6,1.1341935628507829
ep_dispersion,linear_medium,87,0.4166666666666667,0.7,1.0765995385681157
ep_dispersion,linear_medium,88,0.3333333333333333,0.8,1.0708740234316052
ep_dispersion,linear_medium,89,0.4166666666666667,0.7,1.1578157254957253
ep_dispersion,linear_medium,90,0.4166666666666667,0.7,1.0751861733779535
ep_dispersion,linear_medium,91,0.6666666666666666,0.4,1.1465229051419366
ep_dispersion,linear_medium,92,0.5,0.6,1.1952078916810174
ep_dispersion,linear_medium,93,0.5833333333333334,0.5,1.1897248302399346
ep_dispersion,linear_medium,94,0.4166666666666667,0.7,1.066960521428524
ep_dispersion,linear_medium,95,0.75,0.3,1.1286088612586724
ep_dispersion,linear_medium,96,0.4166666666666667,0.7,1.0559330869976928
ep_dispersion,linear_medium,97,0.3333333333333333,0.8,1.173060238566395
ep_dispersion,linear_medium,98,0.25,0.9,1.062236332742284
ep_dispersion,linear_medium,99,0.25,0.9,1.0845501018461556
ep_dispersion,linear_weak,0,0.5833333333333334,0.5,2.0170967594858227
ep_dispersion,linear_weak,1,0.5,0.6,2.0118472453478615
ep_dispersion,linear_weak,2,0.4166666666666667,0.7,1.9453919806226416
ep_dispersion,linear_weak,3,0.8333333333333334,0.2,1.9744861712715471
ep_dispersion,linear_weak,4,0.4166666666666667,0.7,1.962732797278129
ep_dispersion,linear_weak,5,0.4166666666666667,0.7,1.840919024877031
ep_dispersion,linear_weak,6,0.5833333333333334,0.5,1.969721734096003
ep_dispersion,linear_weak,7,0.5833333333333334,0.5,1.9881225800775613
ep_dispersion,linear_weak,8,0.5,0.6,2.012095179315252
ep_dispersion,linear_weak,9,0.5833333333333334,0.5,1.7929162583430684
ep_dispersion,linear_weak,10,0.5,0.6,1.913497721776845
ep_dispersion,linear_weak,11,0.4166666666666667,0.7,1.846545681731004
ep_dispersion,linear_weak,12,0.4166666666666667,0.7,1.8182878316531044
ep_dispersion,linear_weak,13,0.4166666666666667,0.7,1.8678559023938976
ep_dispersion,linear_weak,14,0.5,0.6,1.8850442011094182
ep_dispersion,linear_weak,15,0.5833333333333334,0.5,1.7480878898454457
ep_dispersion,linear_weak,16,0.4166666666666667,0.7,1.9620188358004254
ep_dispersion,linear_weak,17,0.75,0.3,2.0431735442804384
ep_dispersion,linear_weak,18,0.25,0.9,1.9630853531201504
ep_dispersion,linear_weak,19,0.25,0.9,1.9163232032420516
ep_dispersion,linear_weak,20,0.5,0.6,1.8881696568160362
ep_dispersion,linear_weak,21,0.5833333333333334,0.5,1.9102043283302983
ep_dispersion,linear_weak,22,0.75,0.3,2.0093096305919134
ep_dispersion,linear_weak,23,0.5,0.6,1.9047841614174028
ep_dispersion,linear_weak,24,0.5833333333333334,0.5,1.8527631905033806
ep_dispersion,linear_weak,25,0.6666666666666666,0.4,1.8885382009306209
ep_dispersion,linear_weak,26,0.5833333333333334,0.5,1.839514769896752
ep_dispersion,linear_weak,27,0.5,0.6,1.9492497926237162
ep_dispersion,linear_weak,28,0.5833333333333334,0.5,1.90292926580247
ep_dispersion,linear_weak,29,0.5833333333333334,0.5,1.964193347105187
ep_dispersion,linear_weak,30,0.5,0.6,1.9516105604332632
ep_dispersion,linear_weak,31,0.5,0.6,1.9207691426667317
ep_dispersion,linear_weak,32,0.5833333333333334,0.5,1.958148488198445
ep_dispersion,linear_weak,33,0.4166666666666667,0.7,1.799718595913892
ep_dispersion,linear_weak,34,0.5,0.6,1.8409117564307849
ep_dispersion,linear_weak,35,0.6666666666666666,0.4,1.9094551670825382
ep_dispersion,linear_weak,36,0.5833333333333334,0.5,2.002716949957717
ep_dispersion,linear_weak,37,0.3333333333333333,0.8,2.0654460165078485
ep_dispersion,linear_weak,38,0.75,0.3,2.013939466036793
ep_dispersion,linear_weak,39,0.5,0.6,1.9497523601449362
ep_dispersion,linear_weak,40,0.5,0.6,1.9594509303849879
ep_dispersion,linear_weak,41,0.4166666666666667,0.7,1.9504296408792687
ep_dispersion,linear_weak,42,0.3333333333333333,0.8,2.0039865084587762
ep_dispersion,linear_weak,43,0.5833333333333334,0.5,2.008196644494969
ep_dispersion,linear_weak,44,0.5,0.6,2.08782551434823
ep_dispersion,linear_weak,45,0.3333333333333333,0.8,2.0709712639566074
ep_dispersion,linear_weak,46,0.5833333333333334,0.5,2.005478220889125
ep_dispersion,linear_weak,47,0.5,0.6,1.8399694554956916
ep_dispersion,linear_weak,48,0.5,0.6,1.8459961337426454
ep_dispersion,linear_weak,49,0.5,0.6,1.948808971228302
ep_dispersion,linear_weak,50,0.75,0.3,2.017986823323876
ep_dispersion,linear_weak,51,0.5,0.6,1.8760074167863183
ep_dispersion,linear_weak,52,0.5833333333333334,0.5,1.827127334215074
ep_dispersion,linear_weak,53,0.6666666666666666,0.4,1.9937376436328582
ep_dispersion,linear_weak,54,0.5833333333333334,0.5,1.9715845297073673
ep_dispersion,linear_weak,55,0.5,0.6,1.9295082361756573
ep_dispersion,linear_weak,56,0.5,0.6,1.9283231084821244
ep_dispersion,linear_weak,57,0.5833333333333334,0.5,1.9253994214482748
ep_dispersion,linear_weak,58,0.4166666666666667,0.7,1.7586764810585045
ep_dispersion,linear_weak,59,0.5,0.6,1.9669266590881236
ep_dispersion,linear_weak,60,0.6666666666666666,0.4,1.8760379302628167
ep_dispersion,linear_weak,61,0.4166666666666667,0.7,1.986431977206415
ep_dispersion,linear_weak,62,0.75,0.3,1.9874484167939548
ep_dispersion,linear_weak,63,0.3333333333333333,0.8,1.9622129612999886
ep_dispersion,linear_weak,64,0.75,0.3,2.0212314669846947
ep_dispersion,linear_weak,65,0.5,0.6,1.9896113204675443
ep_dispersion,linear_weak,66,0.5833333333333334,0.5,2.0665713397096934
ep_dispersion,linear_weak,67,0.6666666666666666,0.4,2.019247042951641
ep_dispersion,linear_weak,68,0.5,0.6,1.8538354901203153
ep_dispersion,linear_weak,69,0.4166666666666667,0.7,1.9369942252272816
ep_dispersion,linear_weak,70,0.5833333333333334,0.5,1.9524576007125998
ep_dispersion,linear_weak,71,0.4166666666666667,0.7,1.9584790501744371
ep_dispersion,linear_weak,72,0.5,0.6,1.8331681153268413
ep_dispersion,linear_weak,73,0.5833333333333334,0.5,1.9859489665416452
ep_dispersion,linear_weak,74,0.4166666666666667,0.7,2.004715440708615
ep_dispersion,linear_weak,75,0.4166666666666667,0.7,2.006503054776896
ep_dispersion,linear_weak,76,0.5833333333333334,0.5,1.8852679929093068
ep_dispersion,linear_weak,77,0.4166666666666667,0.7,1.8738434006029492
ep_dispersion,linear_weak,78,0.5833333333333334,0.5,1.9476325004804405
ep_dispersion,linear_weak,79,0.5,0.6,1.8962509296395103
ep_dispersion,linear_weak,80,0.6666666666666666,0.4,1.9308562862602612
ep_dispersion,linear_weak,81,0.5833333333333334,0.5,1.9915280602759007
ep_dispersion,linear_weak,82,0.4166666666666667,0.7,1.8594517554941568
ep_dispersion,linear_weak,83,0.4166666666666667,0.7,1.9184584149979735
ep_dispersion,linear_weak,84,0.6666666666666666,0.4,1.9754348447697723
ep_dispersion,linear_weak,85,0.4166666666666667,0.7,1.9130883491249076
ep_dispersion,linear_weak,86,0.6666666666666666,0.4,2.0502691036939384
ep_dispersion,linear_weak,87,0.75,0.3,1.9836021878529684
ep_dispersion,linear_weak,88,0.5,0.6,1.940987001410144
ep_dispersion,linear_weak,89,0.5833333333333334,0.5,1.86980304412477
ep_dispersion,linear_weak,90,0.4166666666666667,0.7,1.8377811888392828
ep_dispersion,linear_weak,91,0.6666666666666666,0.4,1.8894699710363003
ep_dispersion,linear_weak,92,0.5,0.6,2.00116663320647
ep_dispersion,linear_weak,93,0.5833333333333334,0.5,1.846352821037339
ep_dispersion,linear_weak,94,0.5833333333333334,0.5,1.9931186140162576
ep_dispersion,linear_weak,95,0.5,0.6,1.94120613191873
ep_dispersion,linear_weak,96,0.6666666666666666,0.4,1.929642803952836
ep_dispersion,linear_weak,97,0.5833333333333334,0.5,1.8487903629543254
ep_dispersion,linear_weak,98,0.5,0.6,1.972177730954686
ep_dispersion,linear_weak,99,0.3333333333333333,0.8,1.9117984674252548
ep_dispersion,linear_dense,0,0.3333333333333333,0.5333333333333333,1.161195998838687
ep_dispersion,linear_dense,1,0.5,0.4,1.2588222660075357
ep_dispersion,linear_dense,2,0.25,0.6,1.1957606346481529
ep_dispersion,linear_dense,3,0.25,0.6,1.243332334820822
ep_dispersion,linear_dense,4,0.5833333333333334,0.3333333333333333,1.1272383094194527
ep_dispersion,linear_dense,5,0.3333333333333333,0.5333333333333333,1.0930827973310002
ep_dispersion,linear_dense,6,0.5833333333333334,0.3333333333333333,1.0953032970600072
ep_dispersion,linear_dense,7,0.4166666666666667,0.4666666666666667,1.1602413267628133
ep_dispersion,linear_dense,8,0.25,0.6,1.1694262132363797
ep_dispersion,linear_dense,9,0.3333333333333333,0.5333333333333333,1.06976111981864
ep_dispersion,linear_dense,10,0.3333333333333333,0.5333333333333333,1.1493655565266523
ep_dispersion,linear_dense,11,0.5,0.4,1.1079234226583998
ep_dispersion,linear_dense,12,0.5833333333333334,0.3333333333333333,1.185676664875369
ep_dispersion,linear_dense,13,0.5,0.4,1.1889284567855292
ep_dispersion,linear_dense,14,0.3333333333333333,0.5333333333333333,1.0886073015335158
ep_dispersion,linear_dense,15,0.25,0.6,1.0839464057135741
ep_dispersion,linear_dense,16,0.4166666666666667,0.4666666666666667,1.094903162460147
ep_dispersion,linear_dense,17,0.3333333333333333,0.5333333333333333,1.2186670009258815
ep_dispersion,linear_dense,18,0.5,0.4,1.0621710914192075
ep_dispersion,linear_dense,19,0.5,0.4,1.1692550334352105
ep_dispersion,linear_dense,20,0.4166666666666667,0.4666666666666667,1.1167978748922793
ep_dispersion,linear_dense,21,0.3333333333333333,0.5333333333333333,1.1012906816970105
ep_dispersion,linear_dense,22,0.25,0.6,1.2346160768094034
ep_dispersion,linear_dense,23,0.4166666666666667,0.4666666666666667,1.1652920958015154
ep_dispersion,linear_dense,24,0.3333333333333333,0.5333333333333333,1.2417553311192846
ep_dispersion,linear_dense,25,0.5,0.4,1.0801650966387504
ep_dispersion,linear_dense,26,0.4166666666666667,0.4666666666666667,1.1754553080760535
ep_dispersion,linear_dense,27,0.4166666666666667,0.4666666666666667,1.1885863904016867
ep_dispersion,linear_dense,28,0.5,0.4,1.1485911207151442
ep_dispersion,linear_dense,29,0.5833333333333334,0.3333333333333333,1.1325043129004153
ep_dispersion,linear_dense,30,0.25,0.6,1.113668131128323
ep_dispersion,linear_dense,31,0.3333333333333333,0.5333333333333333,1.0791581531349985
ep_dispersion,linear_dense,32,0.3333333333333333,0.5333333333333333,1.1005719962862202
ep_dispersion,linear_dense,33,0.25,0.6,1.1371616111086553
ep_dispersion,linear_dense,34,0.3333333333333333,0.5333333333333333,1.2166706646152834
ep_dispersion,linear_dense,35,0.25,0.6,1.183567225827898
ep_dispersion,linear_dense,36,0.25,0.6,1.098702608330427
ep_dispersion,linear_dense,37,0.4166666666666667,0.4666666666666667,1.1515943013742904
ep_dispersion,linear_dense,38,0.3333333333333333,0.5333333333333333,1.1484300705767305
ep_dispersion,linear_dense,39,0.3333333333333333,0.5333333333333333,1.1235386908917886
ep_dispersion,linear_dense,40,0.3333333333333333,0.5333333333333333,1.1098146714938375
ep_dispersion,linear_dense,41,0.4166666666666667,0.4666666666666667,1.1764097365403319
ep_dispersion,linear_dense,42,0.3333333333333333,0.5333333333333333,1.2221198122930799
ep_dispersion,linear_dense,43,0.3333333333333333,0.5333333333333333,1.2557667433091528
ep_dispersion,linear_dense,44,0.3333333333333333,0.5333333333333333,1.1994263012361888
ep_dispersion,linear_dense,45,0.3333333333333333,0.5333333333333333,1.2424715771209192
ep_dispersion,linear_dense,46,0.5,0.4,1.2396636020375438
ep_dispersion,linear_dense,47,0.3333333333333333,0.5333333333333333,1.0842272564000652
ep_dispersion,linear_dense,48,0.16666666666666666,0.6666666666666666,1.072119095762849
ep_dispersion,linear_dense,49,0.4166666666666667,0.4666666666666667,1.1352084231526158
ep_dispersion,linear_dense,50,0.3333333333333333,0.5333333333333333,1.0898010088674452
ep_dispersion,linear_dense,51,0.3333333333333333,0.5333333333333333,1.1847243808414476
ep_dispersion,linear_dense,52,0.16666666666666666,0.6666666666666666,1.1319824910235368
ep_dispersion,linear_dense,53,0.3333333333333333,0.5333333333333333,1.1936370358018429
ep_dispersion,linear_dense,54,0.16666666666666666,0.6666666666666666,1.0619425746470454
ep_dispersion,linear_dense,55,0.5,0.4,1.0856789215476907
ep_dispersion,linear_dense,56,0.5833333333333334,0.3333333333333333,1.1282108890218734
ep_dispersion,linear_dense,57,0.3333333333333333,0.5333333333333333,1.2420248839496453
ep_dispersion,linear_dense,58,0.3333333333333333,0.5333333333333333,1.1269039045956295
ep_dispersion,linear_dense,59,0.5,0.4,1.2304886339063594
ep_dispersion,linear_dense,60,0.4166666666666667,0.4666666666666667,1.1838220044018946
ep_dispersion,linear_dense,61,0.3333333333333333,0.5333333333333333,1.1174645949133013
ep_dispersion,linear_dense,62,0.3333333333333333,0.5333333333333333,1.1359945154660236
ep_dispersion,linear_dense,63,0.3333333333333333,0.5333333333333333,1.1861503378165503
ep_dispersion,linear_dense,64,0.3333333333333333,0.5333333333333333,1.1533662954861463
ep_dispersion,linear_dense,65,0.3333333333333333,0.5333333333333333,1.2218959062028318
ep_dispersion,linear_dense,66,0.25,0.6,1.0889589166891265
ep_dispersion,linear_dense,67,0.3333333333333333,0.5333333333333333,1.1972566597217145
ep_dispersion,linear_dense,68,0.4166666666666667,0.4666666666666667,1.1310670110090635
ep_dispersion,linear_dense,69,0.5,0.4,1.1682261222392856
ep_dispersion,linear_dense,70,0.3333333333333333,0.5333333333333333,1.171453615127186
ep_dispersion,linear_dense,71,0.4166666666666667,0.4666666666666667,1.110356571543597
ep_dispersion,linear_dense,72,0.3333333333333333,0.5333333333333333,1.2084280155337432
ep_dispersion,linear_dense,73,0.25,0.6,1.1087510502059592
ep_dispersion,linear_dense,74,0.3333333333333333,0.5333333333333333,1.2188669527415794
ep_dispersion,linear_dense,75,0.25,0.6,1.0879216645604357
ep_dispersion,linear_dense,76,0.4166666666666667,0.4666666666666667,1.1448594447496263
ep_dispersion,linear_dense,77,0.25,0.6,1.1598573215697032
ep_dispersion,linear_dense,78,0.4166666666666667,0.4666666666666667,1.0948342639623452
ep_dispersion,linear_dense,79,0.3333333333333333,0.5333333333333333,1.2089725790636652
ep_dispersion,linear_dense,80,0.4166666666666667,0.4666666666666667,1.159110835919166
ep_dispersion,linear_dense,81,0.25,0.6,1.1498274092035594
ep_dispersion,linear_dense,82,0.25,0.6,1.0765518360667672
ep_dispersion,linear_dense,83,0.5,0.4,1.1287646950203871
ep_dispersion,linear_dense,84,0.25,0.6,1.1227109676289857
ep_dispersion,linear_dense,85,0.25,0.6,1.2001849387056407
ep_dispersion,linear_dense,86,0.3333333333333333,0.5333333333333333,1.1855752370963375
ep_dispersion,linear_dense,87,0.25,0.6,1.2163862545980129
ep_dispersion,linear_dense,88,0.4166666666666667,0.4666666666666667,1.1517051498376283
ep_dispersion,linear_dense,89,0.3333333333333333,0.5333333333333333,1.1608510074018443
ep_dispersion,linear_dense,90,0.25,0.6,1.1524313900404684
ep_dispersion,linear_dense,91,0.4166666666666667,0.4666666666666667,1.074041473743027
ep_dispersion,linear_dense,92,0.3333333333333333,0.5333333333333333,1.1376105318712342
ep_dispersion,linear_dense,93,0.4166666666666667,0.4666666666666667,1.2419802561760147
ep_dispersion,linear_dense,94,0.08333333333333333,0.7333333333333333,1.1492946796927757
ep_dispersion,linear_dense,95,0.0,0.8,1.0588468790797374
ep_dispersion,linear_dense,96,0.5,0.4,1.2124981188802801
ep_dispersion,linear_dense,97,0.4166666666666667,0.4666666666666667,1.3247749532063102
ep_dispersion,linear_dense,98,0.16666666666666666,0.6666666666666666,1.0628717115731723
ep_dispersion,linear_dense,99,0.25,0.6,1.1002234196569207
ep_dispersion,nonlinear,0,0.4166666666666667,0.7,1.198277428890047
ep_dispersion,nonlinear,1,0.5833333333333334,0.5,1.1685199388891712
ep_dispersion,nonlinear,2,0.4166666666666667,0.7,1.1550598827086676
ep_dispersion,nonlinear,3,0.5833333333333334,0.5,1.155354269450289
ep_dispersion,nonlinear,4,0.5833333333333334,0.5,1.1458137827382877
ep_dispersion,nonlinear,5,0.5,0.6,1.4420315897706093
ep_dispersion,nonlinear,6,0.4166666666666667,0.7,1.1910590451219352
ep_dispersion,nonlinear,7,0.4166666666666667,0.7,1.1959442542852248
ep_dispersion,nonlinear,8,0.5,0.6,1.1713276691290504
ep_dispersion,nonlinear,9,0.5833333333333334,0.5,1.2027981996531645
ep_dispersion,nonlinear,10,0.5833333333333334,0.5,1.172737122894981
ep_dispersion,nonlinear,11,0.5833333333333334,0.5,1.1445344653851304
ep_dispersion,nonlinear,12,0.5,0.6,1.1880614633398183
ep_dispersion,nonlinear,13,0.3333333333333333,0.8,1.2453925454612824
ep_dispersion,nonlinear,14,0.5833333333333334,0.5,1.1829153910371653
ep_dispersion,nonlinear,15,0.3333333333333333,0.8,1.2074973705364076
ep_dispersion,nonlinear,16,0.4166666666666667,0.7,1.3115567012525764
ep_dispersion,nonlinear,17,0.5,0.6,1.3365881858583866
ep_dispersion,nonlinear,18,0.75,0.3,1.2684285607499481
ep_dispersion,nonlinear,19,0.5,0.6,1.20930143248382
ep_dispersion,nonlinear,20,0.5,0.6,1.2094963290612295
ep_dispersion,nonlinear,21,0.5833333333333334,0.5,1.1734035187354699
ep_dispersion,nonlinear,22,0.6666666666666666,0.4,1.1032287736292012
ep_dispersion,nonlinear,23,0.75,0.3,1.3091942047281468
ep_dispersion,nonlinear,24,0.5,0.6,1.1486343061931616
ep_dispersion,nonlinear,25,0.5833333333333334,0.5,1.1749849537599504
ep_dispersion,nonlinear,26,0.6666666666666666,0.4,1.2152598643427877
ep_dispersion,nonlinear,27,0.5833333333333334,0.5,1.2123597052847388
ep_dispersion,nonlinear,28,0.5,0.6,1.105689642759361
ep_dispersion,nonlinear,29,0.5,0.6,1.2639959645540684
ep_dispersion,nonlinear,30,0.5833333333333334,0.5,1.1433738702802232
ep_dispersion,nonlinear,31,0.5,0.6,1.2205153458538518
ep_dispersion,nonlinear,32,0.25,0.9,1.1784751356668681
ep_dispersion,nonlinear,33,0.6666666666666666,0.4,1.2621975400079337
ep_dispersion,nonlinear,34,0.5,0.6,1.2416868566962436
ep_dispersion,nonlinear,35,0.3333333333333333,0.8,1.3570986761821051
ep_dispersion,nonlinear,36,0.5,0.6,1.066509894994793
ep_dispersion,nonlinear,37,0.5,0.6,1.5548053658922838
ep_dispersion,nonlinear,38,0.4166666666666667,0.7,1.478214992650398
ep_dispersion,nonlinear,39,0.5,0.6,1.1268524190629396
ep_dispersion,nonlinear,40,0.5833333333333334,0.5,1.170903322963784
ep_dispersion,nonlinear,41,0.5,0.6,1.141976553645766
ep_dispersion,nonlinear,42,0.5833333333333334,0.5,1.2110268127975987
ep_dispersion,nonlinear,43,0.3333333333333333,0.8,1.1499452775737107
ep_dispersion,nonlinear,44,0.5833333333333334,0.5,1.3321041462594347
ep_dispersion,nonlinear,45,0.5,0.6,1.1147891654387134
ep_dispersion,nonlinear,46,0.5833333333333334,0.5,1.1370587641995904
ep_dispersion,nonlinear,47,0.5,0.6,1.129745586574438
ep_dispersion,nonlinear,48,0.6666666666666666,0.4,1.2104763680169885
ep_dispersion,nonlinear,49,0.5,0.6,1.2331902679006224
ep_dispersion,nonlinear,50,0.3333333333333333,0.8,1.0474764354227657
ep_dispersion,nonlinear,51,0.5,0.6,1.364497301454877
ep_dispersion,nonlinear,52,0.6666666666666666,0.4,1.2149661411810175
ep_dispersion,nonlinear,53,0.4166666666666667,0.7,1.138157944014971
ep_dispersion,nonlinear,54,0.5,0.6,1.7264569669290402
ep_dispersion,nonlinear,55,0.6666666666666666,0.4,1.3006099000418134
ep_dispersion,nonlinear,56,0.5833333333333334,0.5,1.404026955484983
ep_dispersion,nonlinear,57,0.6666666666666666,0.4,1.22697312070239
ep_dispersion,nonlinear,58,0.5,0.6,1.1881534820165183
ep_dispersion,nonlinear,59,0.5,0.6,1.1812599655892415
ep_dispersion,nonlinear,60,0.5833333333333334,0.5,1.090664067730356
ep_dispersion,nonlinear,61,0.5833333333333334,0.5,1.1758532389891583
ep_dispersion,nonlinear,62,0.5,0.6,1.2222366942126606
ep_dispersion,nonlinear,63,0.6666666666666666,0.4,1.124779374283495
ep_dispersion,nonlinear,64,0.5,0.6,1.1849154846538419
ep_dispersion,nonlinear,65,0.5833333333333334,0.5,1.2404701802155926
ep_dispersion,nonlinear,66,0.5,0.6,1.268182267036321
ep_dispersion,nonlinear,67,0.6666666666666666,0.4,1.2885146375959315
ep_dispersion,nonlinear,68,0.4166666666666667,0.7,1.1399307913284302
ep_dispersion,nonlinear,69,0.5,0.6,1.2485609080268474
ep_dispersion,nonlinear,70,0.5,0.6,1.1873030969659994
ep_dispersion,nonlinear,71,0.5,0.6,1.2022393613556608
ep_dispersion,nonlinear,72,0.5,0.6,1.1573403207303399
ep_dispersion,nonlinear,73,0.5,0.6,1.2399455945507902
ep_dispersion,nonlinear,74,0.5833333333333334,0.5,1.2572409024713065
ep_dispersion,nonlinear,75,0.5,0.6,1.263475391012216
ep_dispersion,nonlinear,76,0.5,0.6,1.1940932303199452
ep_dispersion,nonlinear,77,0.5,0.6,1.2407287895877477
ep_dispersion,nonlinear,78,0.5,0.6,1.0643728161887083
ep_dispersion,nonlinear,79,0.5,0.6,1.1577871474692656
ep_dispersion,nonlinear,80,0.5,0.6,1.1536941632197442
ep_dispersion,nonlinear,81,0.6666666666666666,0.4,1.2278447897632343
ep_dispersion,nonlinear,82,0.5,0.6,1.1400477000137756
ep_dispersion,nonlinear,83,0.5833333333333334,0.5,1.3061770544383031
ep_dispersion,nonlinear,84,0.5,0.6,1.1149364238836916
ep_dispersion,nonlinear,85,0.4166666666666667,0.7,1.1267496837596072
ep_dispersion,nonlinear,86,0.5833333333333334,0.5,1.1285537723699
ep_dispersion,nonlinear,87,0.5833333333333334,0.5,1.1281987519877656
ep_dispersion,nonlinear,88,0.3333333333333333,0.8,1.2412319569566557
ep_dispersion,nonlinear,89,0.5833333333333334,0.5,1.1742075469398778
ep_dispersion,nonlinear,90,0.5,0.6,1.4367111859944346
ep_dispersion,nonlinear,91,0.5,0.6,1.1605393649083295
ep_dispersion,nonlinear,92,0.3333333333333333,0.8,1.2009862912811222
ep_dispersion,nonlinear,93,0.5,0.6,1.1265217366373814
ep_dispersion,nonlinear,94,0.5833333333333334,0.5,1.315063393750041
ep_dispersion,nonlinear,95,0.5,0.6,1.2067219575730477
ep_dispersion,nonlinear,96,0.6666666666666666,0.4,1.1601365079366428
ep_dispersion,nonlinear,97,0.5,0.6,1.1800783690621266
ep_dispersion,nonlinear,98,0.5833333333333334,0.5,1.5540160168332955
ep_dispersion,nonlinear,99,0.5833333333333334,0.5,1.3994791880915574
ep_dispersion,nonlinear_panel,0,0.4166666666666667,0.7,1.149195707825488
ep_dispersion,nonlinear_panel,1,0.75,0.3,1.247324901486954
ep_dispersion,nonlinear_panel,2,0.5833333333333334,0.5,1.2272619663591977
ep_dispersion,nonlinear_panel,3,0.5833333333333334,0.5,1.2775406593030618
ep_dispersion,nonlinear_panel,4,0.6666666666666666,0.4,1.2252688571504264
ep_dispersion,nonlinear_panel,5,0.6666666666666666,0.4,1.2358888494419478
ep_dispersion,nonlinear_panel,6,0.6666666666666666,0.4,1.3003186168562277
ep_dispersion,nonlinear_panel,7,0.5,0.6,1.2260372824973718
ep_dispersion,nonlinear_panel,8,0.6666666666666666,0.4,1.617450732704158
ep_dispersion,nonlinear_panel,9,0.5,0.6,1.1654235723553823
ep_dispersion,nonlinear_panel,10,0.5,0.6,1.3294737805772483
ep_dispersion,nonlinear_panel,11,0.5833333333333334,0.5,1.13705523993891
ep_dispersion,nonlinear_panel,12,0.5,0.6,1.1103900564434006
ep_dispersion,nonlinear_panel,13,0.5,0.6,1.2762296016301826
ep_dispersion,nonlinear_panel,14,0.5,0.6,1.253309558346965
ep_dispersion,nonlinear_panel,15,0.75,0.3,1.1605248119523521
ep_dispersion,nonlinear_panel,16,0.6666666666666666,0.4,1.2268104318162638
ep_dispersion,nonlinear_panel,17,0.6666666666666666,0.4,1.2092946521916674
ep_dispersion,nonlinear_panel,18,0.4166666666666667,0.7,1.1426665196716659
ep_dispersion,nonlinear_panel,19,0.5833333333333334,0.5,1.2283825394782142
ep_dispersion,nonlinear_panel,20,0.75,0.3,1.3330300245132283
ep_dispersion,nonlinear_panel,21,0.5,0.6,1.256815387760256
ep_dispersion,nonlinear_panel,22,0.5833333333333334,0.5,1.5864126718260445
ep_dispersion,nonlinear_panel,23,0.5,0.6,1.13489459865633
ep_dispersion,nonlinear_panel,24,0.6666666666666666,0.4,1.1760845446799408
ep_dispersion,nonlinear_panel,25,0.5,0.6,1.3443954606038429
ep_dispersion,nonlinear_panel,26,0.4166666666666667,0.7,1.1732988806160065
ep_dispersion,nonlinear_panel,27,0.5,0.6,1.3750603652295934
ep_dispersion,nonlinear_panel,28,0.5833333333333334,0.5,1.1111647719591107
ep_dispersion,nonlinear_panel,29,0.4166666666666667,0.7,1.1244460961831086
ep_dispersion,nonlinear_panel,30,0.5,0.6,1.3661592407820096
ep_dispersion,nonlinear_panel,31,0.5,0.6,1.0743596094886396
ep_dispersion,nonlinear_panel,32,0.5833333333333334,0.5,1.0795947371252084
ep_dispersion,nonlinear_panel,33,0.6666666666666666,0.4,1.2130281029195848
ep_dispersion,nonlinear_panel,34,0.5833333333333334,0.5,1.0684971554193594
ep_dispersion,nonlinear_panel,35,0.3333333333333333,0.8,1.0565330384667913
ep_dispersion,nonlinear_panel,36,0.5833333333333334,0.5,1.247779199081309
ep_dispersion,nonlinear_panel,37,0.4166666666666667,0.7,1.0452141071921592
ep_dispersion,nonlinear_panel,38,0.5,0.6,1.317511827011544
ep_dispersion,nonlinear_panel,39,0.5833333333333334,0.5,1.2519353964218924
ep_dispersion,nonlinear_panel,40,0.5,0.6,1.2298837208190863
ep_dispersion,nonlinear_panel,41,0.5833333333333334,0.5,1.1398096298128686
ep_dispersion,nonlinear_panel,42,0.5833333333333334,0.5,1.1139045526738434
ep_dispersion,nonlinear_panel,43,0.5,0.6,1.1057403594351585
ep_dispersion,nonlinear_panel,44,0.5833333333333334,0.5,1.2951203173500518
ep_dispersion,nonlinear_panel,45,0.6666666666666666,0.4,1.1410884043587861
ep_dispersion,nonlinear_panel,46,0.6666666666666666,0.4,1.1231061787838503
ep_dispersion,nonlinear_panel,47,0.3333333333333333,0.8,1.166973671204724
ep_dispersion,nonlinear_panel,48,0.5,0.6,1.1795104565310055
ep_dispersion,nonlinear_panel,49,0.6666666666666666,0.4,1.239782938459004
ep_dispersion,nonlinear_panel,50,0.5,0.6,1.060785572356106
ep_dispersion,nonlinear_panel,51,0.75,0.3,1.1167582368228213
ep_dispersion,nonlinear_panel,52,0.5833333333333334,0.5,1.3773509689832053
ep_dispersion,nonlinear_panel,53,0.5833333333333334,0.5,1.14315539795525
ep_dispersion,nonlinear_panel,54,0.4166666666666667,0.7,1.1002901386427426
ep_dispersion,nonlinear_panel,55,0.6666666666666666,0.4,1.1944192159101614
ep_dispersion,nonlinear_panel,56,0.5,0.6,1.356893833190467
ep_dispersion,nonlinear_panel,57,0.6666666666666666,0.4,1.0819884283998302
ep_dispersion,nonlinear_panel,58,0.4166666666666667,0.7,1.2057101224581057
ep_dispersion,nonlinear_panel,59,0.5,0.6,1.066102829777195
ep_dispersion,nonlinear_panel,60,0.5833333333333334,0.5,1.302500439957202
ep_dispersion,nonlinear_panel,61,0.5833333333333334,0.5,1.1188073235416138
ep_dispersion,nonlinear_panel,62,0.5833333333333334,0.5,1.106731220005498
ep_dispersion,nonlinear_panel,63,0.5833333333333334,0.5,1.3005603503824912
ep_dispersion,nonlinear_panel,64,0.5,0.6,1.0867882281072536
ep_dispersion,nonlinear_panel,65,0.5833333333333334,0.5,1.1196380661048835
ep_dispersion,nonlinear_panel,66,0.5,0.6,1.2662678396157927
ep_dispersion,nonlinear_panel,67,0.5,0.6,1.2212519428977924
ep_dispersion,nonlinear_panel,68,0.75,0.3,1.1895473971568824
ep_dispersion,nonlinear_panel,69,0.4166666666666667,0.7,1.1992441248692576
ep_dispersion,nonlinear_panel,70,0.3333333333333333,0.8,1.0882707526036124
ep_dispersion,nonlinear_panel,71,0.5,0.6,1.1566207868001877
ep_dispersion,nonlinear_panel,72,0.4166666666666667,0.7,1.2197583031242325
ep_dispersion,nonlinear_panel,73,0.4166666666666667,0.7,1.2261368583717198
ep_dispersion,nonlinear_panel,74,0.5833333333333334,0.5,1.3054256458022748
ep_dispersion,nonlinear_panel,75,0.5833333333333334,0.5,1.1954589019998325
ep_dispersion,nonlinear_panel,76,0.5,0.6,1.1160148388447444
ep_dispersion,nonlinear_panel,77,0.5,0.6,1.0675310247505947
ep_dispersion,nonlinear_panel,78,0.4166666666666667,0.7,1.2537739397486278
ep_dispersion,nonlinear_panel,79,0.5833333333333334,0.5,1.2643561953274682
ep_dispersion,nonlinear_panel,80,0.6666666666666666,0.4,1.2285996886968011
ep_dispersion,nonlinear_panel,81,0.5,0.6,1.3224241266399255
ep_dispersion,nonlinear_panel,82,0.5833333333333334,0.5,1.1171139544382094
ep_dispersion,nonlinear_panel,83,0.5,0.6,1.1837864163180971
ep_dispersion,nonlinear_panel,84,0.5,0.6,1.2428084328428994
ep_dispersion,nonlinear_panel,85,0.6666666666666666,0.4,1.0755197586426075
ep_dispersion,nonlinear_panel,86,0.5833333333333334,0.5,1.2979220866804457
ep_dispersion,nonlinear_panel,87,0.5833333333333334,0.5,1.0647646351592746
ep_dispersion,nonlinear_panel,88,0.4166666666666667,0.7,1.1739385605577188
ep_dispersion,nonlinear_panel,89,0.5833333333333334,0.5,1.0300307617245863
ep_dispersion,nonlinear_panel,90,0.6666666666666666,0.4,1.305342119300571
ep_dispersion,nonlinear_panel,91,0.5833333333333334,0.5,1.1418009304765322
ep_dispersion,nonlinear_panel,92,0.5,0.6,1.138501288220959
ep_dispersion,nonlinear_panel,93,0.5,0.6,1.273479792223627
ep_dispersion,nonlinear_panel,94,0.5833333333333334,0.5,1.259986883313987
ep_dispersion,nonlinear_panel,95,0.25,0.9,1.1042349358334416
ep_dispersion,nonlinear_panel,96,0.5833333333333334,0.5,1.1256624510144695
ep_dispersion,nonlinear_panel,97,0.6666666666666666,0.4,1.209009971482234
ep_dispersion,nonlinear_panel,98,0.4166666666666667,0.7,1.1690868789258078
ep_dispersion,nonlinear_panel,99,0.5,0.6,1.09204758965661
vtfs_cardinality,linear_sparse,0,0.5833333333333334,1.0,0.6392589160636932
vtfs_cardinality,linear_sparse,1,0.5833333333333334,1.0,0.6301623764638548
vtfs_cardinality,linear_sparse,2,0.5833333333333334,1.0,0.6443989819539702
vtfs_cardinality,linear_sparse,3,0.5833333333333334,1.0,0.5934083843980122
vtfs_cardinality,linear_sparse,4,0.5833333333333334,1.0,0.607816513733634
vtfs_cardinality,linear_sparse,5,0.6666666666666666,0.8,0.7061987803420358
vtfs_cardinality,linear_sparse,6,0.6666666666666666,0.8,0.6644112098080186
vtfs_cardinality,linear_sparse,7,0.5833333333333334,1.0,0.654552799734288
vtfs_cardinality,linear_sparse,8,0.5833333333333334,1.0,0.6208092315885092
vtfs_cardinality,linear_sparse,9,0.6666666666666666,0.8,0.7492380289620962
vtfs_cardinality,linear_sparse,10,0.5833333333333334,1.0,0.6556338335701946
vtfs_cardinality,linear_sparse,11,0.5833333333333334,1.0,0.5725470936468164
vtfs_cardinality,linear_sparse,12,0.5833333333333334,1.0,0.6540009914398048
vtfs_cardinality,linear_sparse,13,0.5833333333333334,1.0,0.635306615785722
vtfs_cardinality,linear_sparse,14,0.5833333333333334,1.0,0.6518683264517272
vtfs_cardinality,linear_sparse,15,0.5833333333333334,1.0,0.6467099256593613
vtfs_cardinality,linear_sparse,16,0.5833333333333334,1.0,0.6431293152039436
vtfs_cardinality,linear_sparse,17,0.5833333333333334,1.0,0.6638125331074427
vtfs_cardinality,linear_sparse,18,0.5833333333333334,1.0,0.6242648129111841
vtfs_cardinality,linear_sparse,19,0.5833333333333334,1.0,0.5827812467903551
vtfs_cardinality,linear_sparse,20,0.5833333333333334,1.0,0.5985459439681815
vtfs_cardinality,linear_sparse,21,0.5833333333333334,1.0,0.6058809830246517
vtfs_cardinality,linear_sparse,22,0.6666666666666666,0.8,0.6444924054722718
vtfs_cardinality,linear_sparse,23,0.5833333333333334,1.0,0.6503814000344953
vtfs_cardinality,linear_sparse,24,0.5833333333333334,1.0,0.6283616334360862
vtfs_cardinality,linear_sparse,25,0.6666666666666666,0.8,0.7442400751366985
vtfs_cardinality,linear_sparse,26,0.5833333333333334,1.0,0.6293365534583201
vtfs_cardinality,linear_sparse,27,0.5833333333333334,1.0,0.6821260661404098
vtfs_cardinality,linear_sparse,28,0.5833333333333334,1.0,0.6077436184844609
vtfs_cardinality,linear_sparse,29,0.6666666666666666,0.8,0.7670593064065807
vtfs_cardinality,linear_sparse,30,0.6666666666666666,0.8,0.7025366138419271
vtfs_cardinality,linear_sparse,31,0.5833333333333334,1.0,0.651987509607106
vtfs_cardinality,linear_sparse,32,0.5833333333333334,1.0,0.6565290046396765
vtfs_cardinality,linear_sparse,33,0.6666666666666666,0.8,0.695839357933982
vtfs_cardinality,linear_sparse,34,0.6666666666666666,0.8,0.7219162166873215
vtfs_cardinality,linear_sparse,35,0.6666666666666666,0.8,0.6143283477502637
vtfs_cardinality,linear_sparse,36,0.5833333333333334,1.0,0.6621699609039065
vtfs_cardinality,linear_sparse,37,0.5833333333333334,1.0,0.5745395731610826
vtfs_cardinality,linear_sparse,38,0.5833333333333334,1.0,0.6385003479085635
vtfs_cardinality,linear_sparse,39,0.5833333333333334,1.0,0.7120592367628372
vtfs_cardinality,linear_sparse,40,0.6666666666666666,0.8,0.7030761397193822
vtfs_cardinality,linear_sparse,41,0.5833333333333334,1.0,0.6555559372043736
vtfs_cardinality,linear_sparse,42,0.6666666666666666,0.8,0.6704579052244256
vtfs_cardinality,linear_sparse,43,0.5833333333333334,1.0,0.6375105202277577
vtfs_cardinality,linear_sparse,44,0.6666666666666666,0.8,0.7014306758860928
vtfs_cardinality,linear_sparse,45,0.6666666666666666,0.8,0.6928336366549653
vtfs_cardinality,linear_sparse,46,0.6666666666666666,0.8,0.6549540944132044
vtfs_cardinality,linear_sparse,47,0.6666666666666666,0.8,0.6667341102162158
vtfs_cardinality,linear_sparse,48,0.5833333333333334,1.0,0.6062240812873351
vtfs_cardinality,linear_sparse,49,0.6666666666666666,0.8,0.6650055166122493
vtfs_cardinality,linear_sparse,50,0.5833333333333334,1.0,0.6407491387488682
vtfs_cardinality,linear_sparse,51,0.6666666666666666,0.8,0.6948066947964191
vtfs_cardinality,linear_sparse,52,0.6666666666666666,0.8,0.62294850572081
vtfs_cardinality,linear_sparse,53,0.5833333333333334,1.0,0.6275074118209282
vtfs_cardinality,linear_sparse,54,0.5833333333333334,1.0,0.6861801230164087
vtfs_cardinality,linear_sparse,55,0.5833333333333334,1.0,0.6814747749810066
vtfs_cardinality,linear_sparse,56,0.5833333333333334,1.0,0.6409983895964707
vtfs_cardinality,linear_sparse,57,0.5833333333333334,1.0,0.5986074073790943
vtfs_cardinality,linear_sparse,58,0.5833333333333334,1.0,0.6146678138598615
vtfs_cardinality,linear_sparse,59,0.5833333333333334,1.0,0.6446706240267214
vtfs_cardinality,linear_sparse,60,0.5833333333333334,1.0,0.7432567900424591
vtfs_cardinality,linear_sparse,61,0.5833333333333334,1.0,0.6329114195403585
vtfs_cardinality,linear_sparse,62,0.5833333333333334,1.0,0.6339077476634243
vtfs_cardinality,linear_sparse,63,0.5833333333333334,1.0,0.7220948132182519
vtfs_cardinality,linear_sparse,64,0.5833333333333334,1.0,0.66468360584044
vtfs_cardinality,linear_sparse,65,0.5833333333333334,1.0,0.5992062648496232
vtfs_cardinality,linear_sparse,66,0.5833333333333334,1.0,0.6394437312583074
vtfs_cardinality,linear_sparse,67,0.5833333333333334,1.0,0.6336994648368747
vtfs_cardinality,linear_sparse,68,0.6666666666666666,0.8,0.6890871289681567
vtfs_cardinality,linear_sparse,69,0.6666666666666666,0.8,0.712289764773423
vtfs_cardinality,linear_sparse,70,0.5833333333333334,1.0,0.7072464285253238
vtfs_cardinality,linear_sparse,71,0.6666666666666666,0.8,0.6621416500782071
vtfs_cardinality,linear_sparse,72,0.5833333333333334,1.0,0.6420156924266399
vtfs_cardinality,linear_sparse,73,0.6666666666666666,0.8,0.7214046904636945
vtfs_cardinality,linear_sparse,74,0.5833333333333334,1.0,0.6028326184954411
vtfs_cardinality,linear_sparse,75,0.5833333333333334,1.0,0.605731594653939
vtfs_cardinality,linear_sparse,76,0.5833333333333334,1.0,0.6234027657185247
vtfs_cardinality,linear_sparse,77,0.6666666666666666,0.8,0.6802570787597285
vtfs_cardinality,linear_sparse,78,0.5833333333333334,1.0,0.6662874845577574
vtfs_cardinality,linear_sparse,79,0.5833333333333334,1.0,0.6236762896830317
vtfs_cardinality,linear_sparse,80,0.6666666666666666,0.8,0.616452997222825
vtfs_cardinality,linear_sparse,81,0.5833333333333334,1.0,0.6594039962119479
vtfs_cardinality,linear_sparse,82,0.6666666666666666,0.8,0.6982919111516901
vtfs_cardinality,linear_sparse,83,0.5833333333333334,1.0,0.6270006595511581
vtfs_cardinality,linear_sparse,84,0.5833333333333334,1.0,0.62444653418498
vtfs_cardinality,linear_sparse,85,0.6666666666666666,0.8,0.6836505251317577
vtfs_cardinality,linear_sparse,86,0.5833333333333334,1.0,0.6179457293696794
vtfs_cardinality,linear_sparse,87,0.5833333333333334,1.0,0.685905265104625
vtfs_cardinality,linear_sparse,88,0.5833333333333334,1.0,0.6559064537117344
vtfs_cardinality,linear_sparse,89,0.5833333333333334,1.0,0.5967672305285568
vtfs_cardinality,linear_sparse,90,0.6666666666666666,0.8,0.6914036933754907
vtfs_cardinality,linear_sparse,91,0.6666666666666666,0.8,0.7106419974896374
vtfs_cardinality,linear_sparse,92,0.5833333333333334,1.0,0.599161842678411
vtfs_cardinality,linear_sparse,93,0.5833333333333334,1.0,0.5800280371084581
vtfs_cardinality,linear_sparse,94,0.5833333333333334,1.0,0.6118679405253526
vtfs_cardinality,linear_sparse,95,0.6666666666666666,0.8,0.6904961154463772
vtfs_cardinality,linear_sparse,96,0.5833333333333334,1.0,0.6195398088678519
vtfs_cardinality,linear_sparse,97,0.5833333333333334,1.0,0.6005440345251474
vtfs_cardinality,linear_sparse,98,0.5833333333333334,1.0,0.6022313618474007
vtfs_cardinality,linear_sparse,99,0.5833333333333334,1.0,0.6316866439904856
vtfs_cardinality,linear_medium,0,0.4166666666666667,0.7,1.1204908807913
vtfs_cardinality,linear_medium,1,0.4166666666666667,0.7,1.0882957256656014
vtfs_cardinality,linear_medium,2,0.5,0.6,1.0798004291973224
vtfs_cardinality,linear_medium,3,0.3333333333333333,0.8,1.200535240628902
vtfs_cardinality,linear_medium,4,0.4166666666666667,0.7,1.1606937961844597
vtfs_cardinality,linear_medium,5,0.5833333333333334,0.5,1.1044415111705828
vtfs_cardinality,linear_medium,6,0.3333333333333333,0.8,1.161979327748645
vtfs_cardinality,linear_medium,7,0.4166666666666667,0.7,1.1058233498947474
vtfs_cardinality,linear_medium,8,0.5,0.6,1.1375297891844647
vtfs_cardinality,linear_medium,9,0.5,0.6,1.0977348386901342
vtfs_cardinality,linear_medium,10,0.4166666666666667,0.7,1.153522149481781
vtfs_cardinality,linear_medium,11,0.4166666666666667,0.7,1.0795244914316664
vtfs_cardinality,linear_medium,12,0.4166666666666667,0.7,1.1106568251545894
vtfs_cardinality,linear_medium,13,0.3333333333333333,0.8,1.0869784639917848
vtfs_cardinality,linear_medium,14,0.4166666666666667,0.7,1.1015631280730467
vtfs_cardinality,linear_medium,15,0.5,0.6,1.0764771019555608
vtfs_cardinality,linear_medium,16,0.4166666666666667,0.7,1.1962670221250267
vtfs_cardinality,linear_medium,17,0.4166666666666667,0.7,1.1450480052087482
vtfs_cardinality,linear_medium,18,0.5,0.6,1.1155219971466077
vtfs_cardinality,linear_medium,19,0.5,0.6,1.1082757729182042
vtfs_cardinality,linear_medium,20,0.3333333333333333,0.8,1.1795824994871216
vtfs_cardinality,linear_medium,21,0.4166666666666667,0.7,1.1433450843308002
vtfs_cardinality,linear_medium,22,0.4166666666666667,0.7,1.1202904817829584
vtfs_cardinality,linear_medium,23,0.4166666666666667,0.7,1.120496200695463
vtfs_cardinality,linear_medium,24,0.5833333333333334,0.5,1.1274927467327511
vtfs_cardinality,linear_medium,25,0.5833333333333334,0.5,1.223651031274253
vtfs_cardinality,linear_medium,26,0.5,0.6,1.1090728809492714
vtfs_cardinality,linear_medium,27,0.3333333333333333,0.8,1.0335220081712995
vtfs_cardinality,linear_medium,28,0.4166666666666667,0.7,1.0942289370045453
vtfs_cardinality,linear_medium,29,0.3333333333333333,0.8,1.0886423591140983
vtfs_cardinality,linear_medium,30,0.4166666666666667,0.7,1.1483397932522423
vtfs_cardinality,linear_medium,31,0.4166666666666667,0.7,1.1680284910508034
vtfs_cardinality,linear_medium,32,0.4166666666666667,0.7,1.127829263542703
vtfs_cardinality,linear_medium,33,0.4166666666666667,0.7,1.1232979286407125
vtfs_cardinality,linear_medium,34,0.3333333333333333,0.8,1.0758181270544538
vtfs_cardinality,linear_medium,35,0.3333333333333333,0.8,1.0692173093001653
vtfs_cardinality,linear_medium,36,0.5,0.6,1.1424664145437795
vtfs_cardinality,linear_medium,37,0.4166666666666667,0.7,1.1196001219960041
vtfs_cardinality,linear_medium,38,0.25,0.9,1.0805002639446921
vtfs_cardinality,linear_medium,39,0.4166666666666667,0.7,1.0609228247423403
vtfs_cardinality,linear_medium,40,0.6666666666666666,0.4,1.1450286122197613
vtfs_cardinality,linear_medium,41,0.5833333333333334,0.5,1.1542037617345715
vtfs_cardinality,linear_medium,42,0.5,0.6,1.0664015791136148
vtfs_cardinality,linear_medium,43,0.4166666666666667,0.7,1.0741505377827165
vtfs_cardinality,linear_medium,44,0.4166666666666667,0.7,1.0158752571033787
vtfs_cardinality,linear_medium,45,0.3333333333333333,0.8,1.1508079199044359
vtfs_cardinality,linear_medium,46,0.5833333333333334,0.5,1.217912492393208
vtfs_cardinality,linear_medium,47,0.4166666666666667,0.7,1.1194971320438996
vtfs_cardinality,linear_medium,48,0.5833333333333334,0.5,1.197380802910544
vtfs_cardinality,linear_medium,49,0.3333333333333333,0.8,1.0337551911629448
vtfs_cardinality,linear_medium,50,0.5833333333333334,0.5,1.1085817653040366
vtfs_cardinality,linear_medium,51,0.4166666666666667,0.7,1.0649301565276448
vtfs_cardinality,linear_medium,52,0.3333333333333333,0.8,1.1352442077374216
vtfs_cardinality,linear_medium,53,0.4166666666666667,0.7,1.1205370585112178
vtfs_cardinality,linear_medium,54,0.4166666666666667,0.7,1.0805530223638091
vtfs_cardinality,linear_medium,55,0.4166666666666667,0.7,1.1707760386218398
vtfs_cardinality,linear_medium,56,0.3333333333333333,0.8,1.1058803702249211
vtfs_cardinality,linear_medium,57,0.5833333333333334,0.5,1.201332716276161
vtfs_cardinality,linear_medium,58,0.25,0.9,1.0851493831523784
vtfs_cardinality,linear_medium,59,0.5,0.6,1.1443665859341055
vtfs_cardinality,linear_medium,60,0.4166666666666667,0.7,1.075328097568819
vtfs_cardinality,linear_medium,61,0.5833333333333334,0.5,1.1774327535014661
vtfs_cardinality,linear_medium,62,0.4166666666666667,0.7,1.117020561348841
vtfs_cardinality,linear_medium,63,0.5833333333333334,0.5,1.1087774111736788
vtfs_cardinality,linear_medium,64,0.3333333333333333,0.8,1.1514913358184788
vtfs_cardinality,linear_medium,65,0.5833333333333334,0.5,1.1832111467419273
vtfs_cardinality,linear_medium,66,0.4166666666666667,0.7,1.1553689919334975
vtfs_cardinality,linear_medium,67,0.5,0.6,1.1614076554653465
vtfs_cardinality,linear_medium,68,0.5833333333333334,0.5,1.1044136998076894
vtfs_cardinality,linear_medium,69,0.4166666666666667,0.7,1.110665507258398
vtfs_cardinality,linear_medium,70,0.4166666666666667,0.7,1.138023515823618
vtfs_cardinality,linear_medium,71,0.5,0.6,1.0363889252242418
vtfs_cardinality,linear_medium,72,0.4166666666666667,0.7,1.2371626034305048
vtfs_cardinality,linear_medium,73,0.5,0.6,1.1511152660929507
vtfs_cardinality,linear_medium,74,0.4166666666666667,0.7,1.0510502261050854
vtfs_cardinality,linear_medium,75,0.5,0.6,1.2461839946744568
vtfs_cardinality,linear_medium,76,0.5,0.6,1.149393846821691
vtfs_cardinality,linear_medium,77,0.3333333333333333,0.8,1.0877188929461354
vtfs_cardinality,linear_medium,78,0.4166666666666667,0.7,1.1517145215554223
vtfs_cardinality,linear_medium,79,0.25,0.9,1.14265415973225
vtfs_cardinality,linear_medium,80,0.3333333333333333,0.8,1.0508287316554648
vtfs_cardinality,linear_medium,81,0.5,0.6,1.1946597387006481
vtfs_cardinality,linear_medium,82,0.3333333333333333,0.8,1.1483860184195196
vtfs_cardinality,linear_medium,83,0.4166666666666667,0.7,1.08314930947575
vtfs_cardinality,linear_medium,84,0.3333333333333333,0.8,1.1406182778630174
vtfs_cardinality,linear_medium,85,0.3333333333333333,0.8,1.2284778800694545
vtfs_cardinality,linear_medium,86,0.4166666666666667,0.7,1.097327931511141
vtfs_cardinality,linear_medium,87,0.5,0.6,1.0655068995954557
vtfs_cardinality,linear_medium,88,0.25,0.9,1.038007229637734
vtfs_cardinality,linear_medium,89,0.4166666666666667,0.7,1.181412054475062
vtfs_cardinality,linear_medium,90,0.5,0.6,1.0687283404400123
vtfs_cardinality,linear_medium,91,0.5,0.6,1.0632980433254835
vtfs_cardinality,linear_medium,92,0.5833333333333334,0.5,1.1561442528276011
vtfs_cardinality,linear_medium,93,0.3333333333333333,0.8,1.098449891388528
vtfs_cardinality,linear_medium,94,0.4166666666666667,0.7,1.1021849141032465
vtfs_cardinality,linear_medium,95,0.3333333333333333,0.8,1.0863292668600728
vtfs_cardinality,linear_medium,96,0.4166666666666667,0.7,1.0690421204376417
vtfs_cardinality,linear_medium,97,0.5,0.6,1.1736856513549965
vtfs_cardinality,linear_medium,98,0.3333333333333333,0.8,1.0554745212147076
vtfs_cardinality,linear_medium,99,0.16666666666666666,1.0,1.0826485795867302
vtfs_cardinality,linear_weak,0,0.6666666666666666,0.4,2.0571170701553894
vtfs_cardinality,linear_weak,1,0.5,0.6,1.9840997038569335
vtfs_cardinality,linear_weak,2,0.4166666666666667,0.7,1.9169248926858538
vtfs_cardinality,linear_weak,3,0.25,0.9,1.9032654139702017
vtfs_cardinality,linear_weak,4,0.5833333333333334,0.5,1.9610224169064034
vtfs_cardinality,linear_weak,5,0.5833333333333334,0.5,1.857884956139534
vtfs_cardinality,linear_weak,6,0.5,0.6,1.94054355279427
vtfs_cardinality,linear_weak,7,0.5833333333333334,0.5,2.0040103460215297
vtfs_cardinality,linear_weak,8,0.5,0.6,1.9856337541155729
vtfs_cardinality,linear_weak,9,0.5,0.6,1.830390310060509
vtfs_cardinality,linear_weak,10,0.4166666666666667,0.7,1.946496609868517
vtfs_cardinality,linear_weak,11,0.4166666666666667,0.7,1.8118566541220136
vtfs_cardinality,linear_weak,12,0.6666666666666666,0.4,1.8282545462505233
vtfs_cardinality,linear_weak,13,0.5833333333333334,0.5,1.9265123897982745
vtfs_cardinality,linear_weak,14,0.3333333333333333,0.8,1.8545915126209427
vtfs_cardinality,linear_weak,15,0.5833333333333334,0.5,1.7541263386891732
vtfs_cardinality,linear_weak,16,0.6666666666666666,0.4,1.9860412981737168
vtfs_cardinality,linear_weak,17,0.4166666666666667,0.7,1.9556523684233826
vtfs_cardinality,linear_weak,18,0.5,0.6,1.9862953433643329
vtfs_cardinality,linear_weak,19,0.3333333333333333,0.8,1.9599384086996856
vtfs_cardinality,linear_weak,20,0.5,0.6,1.8744581644367282
vtfs_cardinality,linear_weak,21,0.5,0.6,1.9146758420168588
vtfs_cardinality,linear_weak,22,0.5,0.6,1.9043867119722722
vtfs_cardinality,linear_weak,23,0.5,0.6,1.8549695658344787
vtfs_cardinality,linear_weak,24,0.4166666666666667,0.7,1.850601092108878
vtfs_cardinality,linear_weak,25,0.4166666666666667,0.7,1.8487822608638957
vtfs_cardinality,linear_weak,26,0.4166666666666667,0.7,1.81547783738514
vtfs_cardinality,linear_weak,27,0.3333333333333333,0.8,1.9064861636935133
vtfs_cardinality,linear_weak,28,0.5,0.6,1.883111459449285
vtfs_cardinality,linear_weak,29,0.5833333333333334,0.5,1.928018001973652
vtfs_cardinality,linear_weak,30,0.4166666666666667,0.7,1.9188980230057568
vtfs_cardinality,linear_weak,31,0.3333333333333333,0.8,1.8407556490876178
vtfs_cardinality,linear_weak,32,0.5,0.6,1.9366003546392208
vtfs_cardinality,linear_weak,33,0.5833333333333334,0.5,1.8430399265095907
vtfs_cardinality,linear_weak,34,0.5,0.6,1.85986601363157
vtfs_cardinality,linear_weak,35,0.4166666666666667,0.7,1.8166498109807137
vtfs_cardinality,linear_weak,36,0.5833333333333334,0.5,2.0223893551439756
vtfs_cardinality,linear_weak,37,0.5,0.6,2.079375801818971
vtfs_cardinality,linear_weak,38,0.5,0.6,1.9924099917205538
vtfs_cardinality,linear_weak,39,0.5,0.6,1.9408748504302569
vtfs_cardinality,linear_weak,40,0.16666666666666666,1.0,1.897968182335978
vtfs_cardinality,linear_weak,41,0.5,0.6,1.9887911256558395
vtfs_cardinality,linear_weak,42,0.5,0.6,2.0479666672294603
vtfs_cardinality,linear_weak,43,0.5,0.6,1.975831750956051
vtfs_cardinality,linear_weak,44,0.5833333333333334,0.5,2.1242075335186987
vtfs_cardinality,linear_weak,45,0.4166666666666667,0.7,2.040353794016723
vtfs_cardinality,linear_weak,46,0.4166666666666667,0.7,1.9094002612909913
vtfs_cardinality,linear_weak,47,0.4166666666666667,0.7,1.8323391175595591
vtfs_cardinality,linear_weak,48,0.6666666666666666,0.4,1.8859395196246649
vtfs_cardinality,linear_weak,49,0.5,0.6,1.9189105009658751
vtfs_cardinality,linear_weak,50,0.6666666666666666,0.4,2.0057831943522726
vtfs_cardinality,linear_weak,51,0.5,0.6,1.8184700483376832
vtfs_cardinality,linear_weak,52,0.5833333333333334,0.5,1.8199479301873513
vtfs_cardinality,linear_weak,53,0.5,0.6,1.9684213466715752
vtfs_cardinality,linear_weak,54,0.4166666666666667,0.7,1.9509485856325102
vtfs_cardinality,linear_weak,55,0.5,0.6,1.97516709116948
vtfs_cardinality,linear_weak,56,0.4166666666666667,0.7,1.939509173187768
vtfs_cardinality,linear_weak,57,0.5833333333333334,0.5,2.024205043911612
vtfs_cardinality,linear_weak,58,0.4166666666666667,0.7,1.7477908022353783
vtfs_cardinality,linear_weak,59,0.5,0.6,1.9442451129082852
vtfs_cardinality,linear_weak,60,0.4166666666666667,0.7,1.8292967237952222
vtfs_cardinality,linear_weak,61,0.5,0.6,2.01519264096888
vtfs_cardinality,linear_weak,62,0.4166666666666667,0.7,1.9771198313177307
vtfs_cardinality,linear_weak,63,0.4166666666666667,0.7,1.9952862918444338
vtfs_cardinality,linear_weak,64,0.4166666666666667,0.7,1.9758921965820693
vtfs_cardinality,linear_weak,65,0.4166666666666667,0.7,1.92852298214595
vtfs_cardinality,linear_weak,66,0.5833333333333334,0.5,2.021096512857227
vtfs_cardinality,linear_weak,67,0.3333333333333333,0.8,1.8983978055658364
vtfs_cardinality,linear_weak,68,0.6666666666666666,0.4,1.871063277657243
vtfs_cardinality,linear_weak,69,0.5833333333333334,0.5,1.9770253392519606
vtfs_cardinality,linear_weak,70,0.5,0.6,1.9326469735317295
vtfs_cardinality,linear_weak,71,0.5,0.6,1.9781689195795809
vtfs_cardinality,linear_weak,72,0.5,0.6,1.8744675931903723
vtfs_cardinality,linear_weak,73,0.5,0.6,2.0032634855718228
vtfs_cardinality,linear_weak,74,0.5833333333333334,0.5,2.0326383121813523
vtfs_cardinality,linear_weak,75,0.5,0.6,1.986467779009829
vtfs_cardinality,linear_weak,76,0.5,0.6,1.856472524357089
vtfs_cardinality,linear_weak,77,0.5833333333333334,0.5,1.8626179998923083
vtfs_cardinality,linear_weak,78,0.5,0.6,1.908673948893164
vtfs_cardinality,linear_weak,79,0.5,0.6,1.8709836994706628
vtfs_cardinality,linear_weak,80,0.4166666666666667,0.7,1.93817939955283
vtfs_cardinality,linear_weak,81,0.5,0.6,2.0021554557994845
vtfs_cardinality,linear_weak,82,0.5,0.6,1.8786480738839442
vtfs_cardinality,linear_weak,83,0.5833333333333334,0.5,1.9403391062819797
vtfs_cardinality,linear_weak,84,0.5833333333333334,0.5,1.9182518205105714
vtfs_cardinality,linear_weak,85,0.5833333333333334,0.5,1.8791980550196545
vtfs_cardinality,linear_weak,86,0.5,0.6,1.955838590493866
vtfs_cardinality,linear_weak,87,0.5833333333333334,0.5,1.972819879858528
vtfs_cardinality,linear_weak,88,0.5833333333333334,0.5,1.94862534205629
vtfs_cardinality,linear_weak,89,0.3333333333333333,0.8,1.8495220875959444
vtfs_cardinality,linear_weak,90,0.5,0.6,1.8040436833889482
vtfs_cardinality,linear_weak,91,0.4166666666666667,0.7,1.8872105054358788
vtfs_cardinality,linear_weak,92,0.3333333333333333,0.8,1.9325585563763539
vtfs_cardinality,linear_weak,93,0.5,0.6,1.8347061103362314
vtfs_cardinality,linear_weak,94,0.5,0.6,1.9495481147489817
vtfs_cardinality,linear_weak,95,0.5,0.6,1.9525883021385328
vtfs_cardinality,linear_weak,96,0.5833333333333334,0.5,1.9003165683189405
vtfs_cardinality,linear_weak,97,0.5833333333333334,0.5,1.8506247159441709
vtfs_cardinality,linear_weak,98,0.5,0.6,1.9367337568971739
vtfs_cardinality,linear_weak,99,0.4166666666666667,0.7,1.8968883684727424
vtfs_cardinality,linear_dense,0,0.5833333333333334,0.3333333333333333,1.1939360802107877
vtfs_cardinality,linear_dense,1,0.3333333333333333,0.5333333333333333,1.235023169157207
vtfs_cardinality,linear_dense,2,0.25,0.6,1.139151932716198
vtfs_cardinality,linear_dense,3,0.3333333333333333,0.5333333333333333,1.201718565373506
vtfs_cardinality,linear_dense,4,0.4166666666666667,0.4666666666666667,1.0692468370912764
vtfs_cardinality,linear_dense,5,0.4166666666666667,0.4666666666666667,1.1635894980995736
vtfs_cardinality,linear_dense,6,0.08333333333333333,0.7333333333333333,1.0752469269537135
vtfs_cardinality,linear_dense,7,0.25,0.6,1.140912524352159
vtfs_cardinality,linear_dense,8,0.3333333333333333,0.5333333333333333,1.0897616361771902
vtfs_cardinality,linear_dense,9,0.3333333333333333,0.5333333333333333,1.0852663397988673
vtfs_cardinality,linear_dense,10,0.3333333333333333,0.5333333333333333,1.1348438251668291
vtfs_cardinality,linear_dense,11,0.3333333333333333,0.5333333333333333,1.0755229251290845
vtfs_cardinality,linear_dense,12,0.3333333333333333,0.5333333333333333,1.1267401587780006
vtfs_cardinality,linear_dense,13,0.25,0.6,1.1318678010625591
vtfs_cardinality,linear_dense,14,0.3333333333333333,0.5333333333333333,1.1089579089841464
vtfs_cardinality,linear_dense,15,0.25,0.6,1.0632137081801156
vtfs_cardinality,linear_dense,16,0.16666666666666666,0.6666666666666666,1.08128385954458
vtfs_cardinality,linear_dense,17,0.25,0.6,1.1639997827947237
vtfs_cardinality,linear_dense,18,0.25,0.6,1.0391428961719371
vtfs_cardinality,linear_dense,19,0.3333333333333333,0.5333333333333333,1.1079575427173338
vtfs_cardinality,linear_dense,20,0.3333333333333333,0.5333333333333333,1.087755437764051
vtfs_cardinality,linear_dense,21,0.3333333333333333,0.5333333333333333,1.07652988877766
vtfs_cardinality,linear_dense,22,0.4166666666666667,0.4666666666666667,1.2642485982171852
vtfs_cardinality,linear_dense,23,0.4166666666666667,0.4666666666666667,1.147646831375823
vtfs_cardinality,linear_dense,24,0.3333333333333333,0.5333333333333333,1.2148217956836942
vtfs_cardinality,linear_dense,25,0.3333333333333333,0.5333333333333333,1.0580842868623572
vtfs_cardinality,linear_dense,26,0.25,0.6,1.1479733858858676
vtfs_cardinality,linear_dense,27,0.16666666666666666,0.6666666666666666,1.1641181050811862
vtfs_cardinality,linear_dense,28,0.4166666666666667,0.4666666666666667,1.1313308277297707
vtfs_cardinality,linear_dense,29,0.3333333333333333,0.5333333333333333,1.1069137610113422
vtfs_cardinality,linear_dense,30,0.25,0.6,1.1061164379494959
vtfs_cardinality,linear_dense,31,0.3333333333333333,0.5333333333333333,1.0568439101980518
vtfs_cardinality,linear_dense,32,0.3333333333333333,0.5333333333333333,1.0960294942658155
vtfs_cardinality,linear_dense,33,0.4166666666666667,0.4666666666666667,1.117899237951451
vtfs_cardinality,linear_dense,34,0.3333333333333333,0.5333333333333333,1.1817299845802463
vtfs_cardinality,linear_dense,35,0.3333333333333333,0.5333333333333333,1.17626125363774
vtfs_cardinality,linear_dense,36,0.4166666666666667,0.4666666666666667,1.1250388374763125
vtfs_cardinality,linear_dense,37,0.3333333333333333,0.5333333333333333,1.1688703270856984
vtfs_cardinality,linear_dense,38,0.3333333333333333,0.5333333333333333,1.1564678437378046
vtfs_cardinality,linear_dense,39,0.16666666666666666,0.6666666666666666,1.0758925186249781
vtfs_cardinality,linear_dense,40,0.4166666666666667,0.4666666666666667,1.1091250724318529
vtfs_cardinality,linear_dense,41,0.4166666666666667,0.4666666666666667,1.0677369348284365
vtfs_cardinality,linear_dense,42,0.3333333333333333,0.5333333333333333,1.1054171502316044
vtfs_cardinality,linear_dense,43,0.08333333333333333,0.7333333333333333,1.1832365889714747
vtfs_cardinality,linear_dense,44,0.3333333333333333,0.5333333333333333,1.1684777006497216
vtfs_cardinality,linear_dense,45,0.25,0.6,1.142670792392389
vtfs_cardinality,linear_dense,46,0.3333333333333333,0.5333333333333333,1.2410732906660795
vtfs_cardinality,linear_dense,47,0.3333333333333333,0.5333333333333333,1.0828066908995884
vtfs_cardinality,linear_dense,48,0.25,0.6,1.077552626228396
vtfs_cardinality,linear_dense,49,0.25,0.6,1.1582148321162837
vtfs_cardinality,linear_dense,50,0.3333333333333333,0.5333333333333333,1.0561686345010721
vtfs_cardinality,linear_dense,51,0.3333333333333333,0.5333333333333333,1.1019947488970177
vtfs_cardinality,linear_dense,52,0.25,0.6,1.0778256607703665
vtfs_cardinality,linear_dense,53,0.16666666666666666,0.6666666666666666,1.1445051789257106
vtfs_cardinality,linear_dense,54,0.25,0.6,1.1090117118889184
vtfs_cardinality,linear_dense,55,0.25,0.6,1.1018744034730101
vtfs_cardinality,linear_dense,56,0.3333333333333333,0.5333333333333333,1.0986986642654966
vtfs_cardinality,linear_dense,57,0.16666666666666666,0.6666666666666666,1.1868654656298132
vtfs_cardinality,linear_dense,58,0.4166666666666667,0.4666666666666667,1.1206518708181634
vtfs_cardinality,linear_dense,59,0.4166666666666667,0.4666666666666667,1.1820950069765614
vtfs_cardinality,linear_dense,60,0.4166666666666667,0.4666666666666667,1.1879862530123761
vtfs_cardinality,linear_dense,61,0.4166666666666667,0.4666666666666667,1.1014535427413377
vtfs_cardinality,linear_dense,62,0.3333333333333333,0.5333333333333333,1.1690715447623152
vtfs_cardinality,linear_dense,63,0.25,0.6,1.2059915398587606
vtfs_cardinality,linear_dense,64,0.25,0.6,1.1365701577714922
vtfs_cardinality,linear_dense,65,0.4166666666666667,0.4666666666666667,1.2183987671525731
vtfs_cardinality,linear_dense,66,0.16666666666666666,0.6666666666666666,1.1064039919661521
vtfs_cardinality,linear_dense,67,0.3333333333333333,0.5333333333333333,1.1646464508603844
vtfs_cardinality,linear_dense,68,0.3333333333333333,0.5333333333333333,1.0902445896618143
vtfs_cardinality,linear_dense,69,0.5,0.4,1.162525426226583
vtfs_cardinality,linear_dense,70,0.4166666666666667,0.4666666666666667,1.1310927401148387
vtfs_cardinality,linear_dense,71,0.3333333333333333,0.5333333333333333,1.1002144914447145
vtfs_cardinality,linear_dense,72,0.3333333333333333,0.5333333333333333,1.1496710283758114
vtfs_cardinality,linear_dense,73,0.5,0.4,1.1421223167257537
vtfs_cardinality,linear_dense,74,0.25,0.6,1.1980908512553885
vtfs_cardinality,linear_dense,75,0.25,0.6,1.0640121232453592
vtfs_cardinality,linear_dense,76,0.5,0.4,1.1764216317709333
vtfs_cardinality,linear_dense,77,0.4166666666666667,0.4666666666666667,1.1592954993303364
vtfs_cardinality,linear_dense,78,0.25,0.6,1.0980979674364406
vtfs_cardinality,linear_dense,79,0.25,0.6,1.1602779975116144
vtfs_cardinality,linear_dense,80,0.4166666666666667,0.4666666666666667,1.1162088771288363
vtfs_cardinality,linear_dense,81,0.25,0.6,1.1507837589251932
vtfs_cardinality,linear_dense,82,0.16666666666666666,0.6666666666666666,1.110619159427436
vtfs_cardinality,linear_dense,83,0.25,0.6,1.0790215332097395
vtfs_cardinality,linear_dense,84,0.3333333333333333,0.5333333333333333,1.1535275228448847
vtfs_cardinality,linear_dense,85,0.3333333333333333,0.5333333333333333,1.2293634013847645
vtfs_cardinality,linear_dense,86,0.25,0.6,1.208370334232595
vtfs_cardinality,linear_dense,87,0.3333333333333333,0.5333333333333333,1.2427581415026212
vtfs_cardinality,linear_dense,88,0.3333333333333333,0.5333333333333333,1.1255977594776445
vtfs_cardinality,linear_dense,89,0.25,0.6,1.1452062222266115
vtfs_cardinality,linear_dense,90,0.16666666666666666,0.6666666666666666,1.113574657543044
vtfs_cardinality,linear_dense,91,0.16666666666666666,0.6666666666666666,1.0136160897947926
vtfs_cardinality,linear_dense,92,0.3333333333333333,0.5333333333333333,1.131095494047466
vtfs_cardinality,linear_dense,93,0.3333333333333333,0.5333333333333333,1.2195508253127842
vtfs_cardinality,linear_dense,94,0.25,0.6,1.1711328627107773
vtfs_cardinality,linear_dense,95,0.25,0.6,1.0523184679114694
vtfs_cardinality,linear_dense,96,0.4166666666666667,0.4666666666666667,1.1151895609127511
vtfs_cardinality,linear_dense,97,0.25,0.6,1.2003687499846636
vtfs_cardinality,linear_dense,98,0.4166666666666667,0.4666666666666667,1.1407486986904258
vtfs_cardinality,linear_dense,99,0.4166666666666667,0.4666666666666667,1.1324516546098053
vtfs_cardinality,nonlinear,0,0.5,0.6,1.2361404181598985
vtfs_cardinality,nonlinear,1,0.5,0.6,1.1714488321072896
vtfs_cardinality,nonlinear,2,0.5,0.6,1.1670602368963159
vtfs_cardinality,nonlinear,3,0.5,0.6,1.158952973209734
vtfs_cardinality,nonlinear,4,0.5,0.6,1.10430758221126
vtfs_cardinality,nonlinear,5,0.5,0.6,1.4350573093268022
vtfs_cardinality,nonlinear,6,0.4166666666666667,0.7,1.2038592952729255
vtfs_cardinality,nonlinear,7,0.3333333333333333,0.8,1.1208478809133076
vtfs_cardinality,nonlinear,8,0.5833333333333334,0.5,1.18128227275899
vtfs_cardinality,nonlinear,9,0.4166666666666667,0.7,1.1713042506307607
vtfs_cardinality,nonlinear,10,0.5,0.6,1.133479466160672
vtfs_cardinality,nonlinear,11,0.5,0.6,1.1397848882645392
vtfs_cardinality,nonlinear,12,0.4166666666666667,0.7,1.1994363262399952
vtfs_cardinality,nonlinear,13,0.5,0.6,1.228512686456336
vtfs_cardinality,nonlinear,14,0.4166666666666667,0.7,1.1713507900687037
vtfs_cardinality,nonlinear,15,0.5,0.6,1.2519239067895003
vtfs_cardinality,nonlinear,16,0.5,0.6,1.244391838445201
vtfs_cardinality,nonlinear,17,0.3333333333333333,0.8,1.2181068269043274
vtfs_cardinality,nonlinear,18,0.3333333333333333,0.8,1.171450635691832
vtfs_cardinality,nonlinear,19,0.4166666666666667,0.7,1.1730420894840186
vtfs_cardinality,nonlinear,20,0.3333333333333333,0.8,1.1725268772127186
vtfs_cardinality,nonlinear,21,0.4166666666666667,0.7,1.1891541214473709
vtfs_cardinality,nonlinear,22,0.5833333333333334,0.5,1.1395213851100379
vtfs_cardinality,nonlinear,23,0.4166666666666667,0.7,1.2691890415910512
vtfs_cardinality,nonlinear,24,0.3333333333333333,0.8,1.1398150475578213
vtfs_cardinality,nonlinear,25,0.4166666666666667,0.7,1.1378072484852448
vtfs_cardinality,nonlinear,26,0.5,0.6,1.1937234840832576
vtfs_cardinality,nonlinear,27,0.5,0.6,1.216338717228228
vtfs_cardinality,nonlinear,28,0.5,0.6,1.06230510382493
vtfs_cardinality,nonlinear,29,0.5,0.6,1.2592453040226086
vtfs_cardinality,nonlinear,30,0.4166666666666667,0.7,1.103349588205746
vtfs_cardinality,nonlinear,31,0.4166666666666667,0.7,1.2088683981856945
vtfs_cardinality,nonlinear,32,0.4166666666666667,0.7,1.2307652873395527
vtfs_cardinality,nonlinear,33,0.5,0.6,1.1877088668451723
vtfs_cardinality,nonlinear,34,0.4166666666666667,0.7,1.1965060042681963
vtfs_cardinality,nonlinear,35,0.5,0.6,1.3050436302844959
vtfs_cardinality,nonlinear,36,0.4166666666666667,0.7,1.0851445756909646
vtfs_cardinality,nonlinear,37,0.5,0.6,1.4986607344714098
vtfs_cardinality,nonlinear,38,0.4166666666666667,0.7,1.4309179011577315
vtfs_cardinality,nonlinear,39,0.4166666666666667,0.7,1.1207892923962326
vtfs_cardinality,nonlinear,40,0.4166666666666667,0.7,1.091276240917568
vtfs_cardinality,nonlinear,41,0.5,0.6,1.0999455963327833
vtfs_cardinality,nonlinear,42,0.5833333333333334,0.5,1.165684070745383
vtfs_cardinality,nonlinear,43,0.25,0.9,1.1832343405244297
vtfs_cardinality,nonlinear,44,0.5,0.6,1.3096602294276896
vtfs_cardinality,nonlinear,45,0.5,0.6,1.1323337591063631
vtfs_cardinality,nonlinear,46,0.3333333333333333,0.8,1.104460031644585
vtfs_cardinality,nonlinear,47,0.4166666666666667,0.7,1.082415274494611
vtfs_cardinality,nonlinear,48,0.6666666666666666,0.4,1.1773607769740762
vtfs_cardinality,nonlinear,49,0.4166666666666667,0.7,1.3690261202199696
vtfs_cardinality,nonlinear,50,0.5,0.6,1.052743879980855
vtfs_cardinality,nonlinear,51,0.5,0.6,1.2731381392754497
vtfs_cardinality,nonlinear,52,0.5,0.6,1.11362033276465
vtfs_cardinality,nonlinear,53,0.5,0.6,1.1522312349959685
vtfs_cardinality,nonlinear,54,0.5,0.6,1.7297496574738342
vtfs_cardinality,nonlinear,55,0.4166666666666667,0.7,1.2202360000853458
vtfs_cardinality,nonlinear,56,0.4166666666666667,0.7,1.292832241973924
vtfs_cardinality,nonlinear,57,0.5833333333333334,0.5,1.1680033243236405
vtfs_cardinality,nonlinear,58,0.5,0.6,1.175585321232851
vtfs_cardinality,nonlinear,59,0.3333333333333333,0.8,1.1598986146851105
vtfs_cardinality,nonlinear,60,0.5,0.6,1.0875060177608868
vtfs_cardinality,nonlinear,61,0.4166666666666667,0.7,1.151804200517526
vtfs_cardinality,nonlinear,62,0.5833333333333334,0.5,1.2318912909511117
vtfs_cardinality,nonlinear,63,0.4166666666666667,0.7,1.0743562647199318
vtfs_cardinality,nonlinear,64,0.4166666666666667,0.7,1.1668324618049877
vtfs_cardinality,nonlinear,65,0.3333333333333333,0.8,1.2126444668235503
vtfs_cardinality,nonlinear,66,0.5833333333333334,0.5,1.37102371907821
vtfs_cardinality,nonlinear,67,0.4166666666666667,0.7,1.19992623276418
vtfs_cardinality,nonlinear,68,0.5833333333333334,0.5,1.0972390575652198
vtfs_cardinality,nonlinear,69,0.5,0.6,1.224329087180165
vtfs_cardinality,nonlinear,70,0.5,0.6,1.1860575681606011
vtfs_cardinality,nonlinear,71,0.6666666666666666,0.4,1.278509569531067
vtfs_cardinality,nonlinear,72,0.5,0.6,1.1587919413204089
vtfs_cardinality,nonlinear,73,0.3333333333333333,0.8,1.1774048809464537
vtfs_cardinality,nonlinear,74,0.4166666666666667,0.7,1.2456398914197404
vtfs_cardinality,nonlinear,75,0.4166666666666667,0.7,1.2608517296069686
vtfs_cardinality,nonlinear,76,0.4166666666666667,0.7,1.1831051629750764
vtfs_cardinality,nonlinear,77,0.5,0.6,1.23552129853745
vtfs_cardinality,nonlinear,78,0.4166666666666667,0.7,1.0654536089723123
vtfs_cardinality,nonlinear,79,0.5,0.6,1.210375815927544
vtfs_cardinality,nonlinear,80,0.4166666666666667,0.7,1.1275178529681293
vtfs_cardinality,nonlinear,81,0.4166666666666667,0.7,1.1682067401869147
vtfs_cardinality,nonlinear,82,0.5,0.6,1.1392340293905914
vtfs_cardinality,nonlinear,83,0.5,0.6,1.245416232529178
vtfs_cardinality,nonlinear,84,0.5833333333333334,0.5,1.1133996441708518
vtfs_cardinality,nonlinear,85,0.5,0.6,1.1383576547451901
vtfs_cardinality,nonlinear,86,0.6666666666666666,0.4,1.1497087520117288
vtfs_cardinality,nonlinear,87,0.5,0.6,1.1283385934441248
vtfs_cardinality,nonlinear,88,0.3333333333333333,0.8,1.2436752431637834
vtfs_cardinality,nonlinear,89,0.3333333333333333,0.8,1.144056015732467
vtfs_cardinality,nonlinear,90,0.3333333333333333,0.8,1.4048540371360758
vtfs_cardinality,nonlinear,91,0.4166666666666667,0.7,1.1607382779360922
vtfs_cardinality,nonlinear,92,0.4166666666666667,0.7,1.2185616924703724
vtfs_cardinality,nonlinear,93,0.5,0.6,1.1064620713859157
vtfs_cardinality,nonlinear,94,0.5,0.6,1.3020529373908898
vtfs_cardinality,nonlinear,95,0.5,0.6,1.1514370480243785
vtfs_cardinality,nonlinear,96,0.4166666666666667,0.7,1.1540721561502076
vtfs_cardinality,nonlinear,97,0.3333333333333333,0.8,1.1353195512233107
vtfs_cardinality,nonlinear,98,0.3333333333333333,0.8,1.5468320104811
vtfs_cardinality,nonlinear,99,0.5833333333333334,0.5,1.3837722756936823
vtfs_cardinality,nonlinear_panel,0,0.4166666666666667,0.7,1.1864029734259671
vtfs_cardinality,nonlinear_panel,1,0.4166666666666667,0.7,1.1501201727659687
vtfs_cardinality,nonlinear_panel,2,0.5,0.6,1.185592963904403
vtfs_cardinality,nonlinear_panel,3,0.5833333333333334,0.5,1.2590447318923008
vtfs_cardinality,nonlinear_panel,4,0.5833333333333334,0.5,1.1736735040884037
vtfs_cardinality,nonlinear_panel,5,0.4166666666666667,0.7,1.245680688641984
vtfs_cardinality,nonlinear_panel,6,0.3333333333333333,0.8,1.246969829804582
vtfs_cardinality,nonlinear_panel,7,0.4166666666666667,0.7,1.1690903719953747
vtfs_cardinality,nonlinear_panel,8,0.4166666666666667,0.7,1.5398069068419082
vtfs_cardinality,nonlinear_panel,9,0.4166666666666667,0.7,1.137312541176865
vtfs_cardinality,nonlinear_panel,10,0.5833333333333334,0.5,1.3471633352937902
vtfs_cardinality,nonlinear_panel,11,0.4166666666666667,0.7,1.073432772346492
vtfs_cardinality,nonlinear_panel,12,0.4166666666666667,0.7,1.0389735076692297
vtfs_cardinality,nonlinear_panel,13,0.4166666666666667,0.7,1.2294979672370998
vtfs_cardinality,nonlinear_panel,14,0.4166666666666667,0.7,1.226451399397719
vtfs_cardinality,nonlinear_panel,15,0.5,0.6,1.153368947418573
vtfs_cardinality,nonlinear_panel,16,0.4166666666666667,0.7,1.1697332861843437
vtfs_cardinality,nonlinear_panel,17,0.4166666666666667,0.7,1.1650085528861962
vtfs_cardinality,nonlinear_panel,18,0.5833333333333334,0.5,1.1625386898661854
vtfs_cardinality,nonlinear_panel,19,0.5,0.6,1.1805944294075588
vtfs_cardinality,nonlinear_panel,20,0.4166666666666667,0.7,1.2563491101957664
vtfs_cardinality,nonlinear_panel,21,0.3333333333333333,0.8,1.190439764261875
vtfs_cardinality,nonlinear_panel,22,0.5,0.6,1.6214276896167845
vtfs_cardinality,nonlinear_panel,23,0.5,0.6,1.1196022585998218
vtfs_cardinality,nonlinear_panel,24,0.3333333333333333,0.8,1.0878924712911016
vtfs_cardinality,nonlinear_panel,25,0.4166666666666667,0.7,1.2908749285201226
vtfs_cardinality,nonlinear_panel,26,0.5,0.6,1.2192645280212746
vtfs_cardinality,nonlinear_panel,27,0.5,0.6,1.3247974511360694
vtfs_cardinality,nonlinear_panel,28,0.4166666666666667,0.7,1.0624627006989802
vtfs_cardinality,nonlinear_panel,29,0.4166666666666667,0.7,1.1089408177309024
vtfs_cardinality,nonlinear_panel,30,0.5,0.6,1.3462961296559979
vtfs_cardinality,nonlinear_panel,31,0.4166666666666667,0.7,1.0638419925610818
vtfs_cardinality,nonlinear_panel,32,0.5833333333333334,0.5,1.0639682342034757
vtfs_cardinality,nonlinear_panel,33,0.5,0.6,1.2205664491455834
vtfs_cardinality,nonlinear_panel,34,0.3333333333333333,0.8,1.0610138771212267
vtfs_cardinality,nonlinear_panel,35,0.5,0.6,1.0929175424805417
vtfs_cardinality,nonlinear_panel,36,0.4166666666666667,0.7,1.1639100422512676
vtfs_cardinality,nonlinear_panel,37,0.5833333333333334,0.5,1.016347848604817
vtfs_cardinality,nonlinear_panel,38,0.3333333333333333,0.8,1.187604607582023
vtfs_cardinality,nonlinear_panel,39,0.4166666666666667,0.7,1.2176270147406154
vtfs_cardinality,nonlinear_panel,40,0.5,0.6,1.2374925760362838
vtfs_cardinality,nonlinear_panel,41,0.5833333333333334,0.5,1.1376826922882033
vtfs_cardinality,nonlinear_panel,42,0.4166666666666667,0.7,1.1034311333454647
vtfs_cardinality,nonlinear_panel,43,0.4166666666666667,0.7,1.0939711246104837
vtfs_cardinality,nonlinear_panel,44,0.3333333333333333,0.8,1.2054948239434167
vtfs_cardinality,nonlinear_panel,45,0.5,0.6,1.1152124270779293
vtfs_cardinality,nonlinear_panel,46,0.5,0.6,1.097984473277922
vtfs_cardinality,nonlinear_panel,47,0.4166666666666667,0.7,1.1763592472286903
vtfs_cardinality,nonlinear_panel,48,0.4166666666666667,0.7,1.1642252267858704
vtfs_cardinality,nonlinear_panel,49,0.3333333333333333,0.8,1.132361781739476
vtfs_cardinality,nonlinear_panel,50,0.3333333333333333,0.8,1.0639052986504893
vtfs_cardinality,nonlinear_panel,51,0.25,0.9,1.0546283941949295
vtfs_cardinality,nonlinear_panel,52,0.4166666666666667,0.7,1.3479795578894551
vtfs_cardinality,nonlinear_panel,53,0.5,0.6,1.151016262881354
vtfs_cardinality,nonlinear_panel,54,0.3333333333333333,0.8,1.104442089724128
vtfs_cardinality,nonlinear_panel,55,0.5,0.6,1.1862209140777629
vtfs_cardinality,nonlinear_panel,56,0.5,0.6,1.385954186811995
vtfs_cardinality,nonlinear_panel,57,0.5,0.6,1.0554859335902615
vtfs_cardinality,nonlinear_panel,58,0.4166666666666667,0.7,1.2006068625140793
vtfs_cardinality,nonlinear_panel,59,0.5,0.6,1.102138534589574
vtfs_cardinality,nonlinear_panel,60,0.4166666666666667,0.7,1.1862837232373462
vtfs_cardinality,nonlinear_panel,61,0.5,0.6,1.130698775463523
vtfs_cardinality,nonlinear_panel,62,0.5,0.6,1.0633483782819941
vtfs_cardinality,nonlinear_panel,63,0.4166666666666667,0.7,1.2719511847394618
vtfs_cardinality,nonlinear_panel,64,0.5,0.6,1.0470789972601995
vtfs_cardinality,nonlinear_panel,65,0.5833333333333334,0.5,1.0914747982057635
vtfs_cardinality,nonlinear_panel,66,0.5833333333333334,0.5,1.296769504805293
vtfs_cardinality,nonlinear_panel,67,0.4166666666666667,0.7,1.1655258062383602
vtfs_cardinality,nonlinear_panel,68,0.3333333333333333,0.8,1.1116980844388
vtfs_cardinality,nonlinear_panel,69,0.4166666666666667,0.7,1.2071047030917348
vtfs_cardinality,nonlinear_panel,70,0.4166666666666667,0.7,1.0831640552159065
vtfs_cardinality,nonlinear_panel,71,0.5,0.6,1.1755065370984512
vtfs_cardinality,nonlinear_panel,72,0.5,0.6,1.2519814260073838
vtfs_cardinality,nonlinear_panel,73,0.4166666666666667,0.7,1.2083669917503213
vtfs_cardinality,nonlinear_panel,74,0.5,0.6,1.1736877353408914
vtfs_cardinality,nonlinear_panel,75,0.4166666666666667,0.7,1.1776425263044303
vtfs_cardinality,nonlinear_panel,76,0.25,0.9,1.101032830220023
vtfs_cardinality,nonlinear_panel,77,0.3333333333333333,0.8,1.0395628325776185
vtfs_cardinality,nonlinear_panel,78,0.5,0.6,1.1735062589070062
vtfs_cardinality,nonlinear_panel,79,0.5,0.6,1.2137664027722965
vtfs_cardinality,nonlinear_panel,80,0.5833333333333334,0.5,1.1609490159912506
vtfs_cardinality,nonlinear_panel,81,0.4166666666666667,0.7,1.2841611074992174
vtfs_cardinality,nonlinear_panel,82,0.5833333333333334,0.5,1.1644492871794767
vtfs_cardinality,nonlinear_panel,83,0.4166666666666667,0.7,1.1130641835490531
vtfs_cardinality,nonlinear_panel,84,0.4166666666666667,0.7,1.1162293518787456
vtfs_cardinality,nonlinear_panel,85,0.5,0.6,1.054463843055988
vtfs_cardinality,nonlinear_panel,86,0.4166666666666667,0.7,1.2140521452262898
vtfs_cardinality,nonlinear_panel,87,0.3333333333333333,0.8,1.0351608723487489
vtfs_cardinality,nonlinear_panel,88,0.3333333333333333,0.8,1.148481051884381
vtfs_cardinality,nonlinear_panel,89,0.5,0.6,1.0684064594250033
vtfs_cardinality,nonlinear_panel,90,0.5,0.6,1.3039937873989846
vtfs_cardinality,nonlinear_panel,91,0.4166666666666667,0.7,1.1181514474955747
vtfs_cardinality,nonlinear_panel,92,0.5,0.6,1.1070040062659605
vtfs_cardinality,nonlinear_panel,93,0.5833333333333334,0.5,1.28899982532194
vtfs_cardinality,nonlinear_panel,94,0.5833333333333334,0.5,1.259550870726632
vtfs_cardinality,nonlinear_panel,95,0.4166666666666667,0.7,1.1422654932341914
vtfs_cardinality,nonlinear_panel,96,0.4166666666666667,0.7,1.0822852870569633
vtfs_cardinality,nonlinear_panel,97,0.5,0.6,1.254666185781613
vtfs_cardinality,nonlinear_panel,98,0.5833333333333334,0.5,1.1756448605195424
vtfs_cardinality,nonlinear_panel,99,0.3333333333333333,0.8,1.1408470768128514
vtfs_pairrank,linear_sparse,0,0.5833333333333334,1.0,0.6333120211594324
vtfs_pairrank,linear_sparse,1,0.5833333333333334,1.0,0.6307681746652672
vtfs_pairrank,linear_sparse,2,0.5833333333333334,1.0,0.646782851124517
vtfs_pairrank,linear_sparse,3,0.5833333333333334,1.0,0.5799667831577068
vtfs_pairrank,linear_sparse,4,0.5833333333333334,1.0,0.6117474217593722
vtfs_pairrank,linear_sparse,5,0.5833333333333334,1.0,0.685155324544468
vtfs_pairrank,linear_sparse,6,0.6666666666666666,0.8,0.6492692042367354
vtfs_pairrank,linear_sparse,7,0.6666666666666666,0.8,0.7395488820163555
vtfs_pairrank,linear_sparse,8,0.5833333333333334,1.0,0.607368664254354
vtfs_pairrank,linear_sparse,9,0.6666666666666666,0.8,0.709268152930685
vtfs_pairrank,linear_sparse,10,0.5833333333333334,1.0,0.6591173432210746
vtfs_pairrank,linear_sparse,11,0.5833333333333334,1.0,0.574121839645452
vtfs_pairrank,linear_sparse,12,0.5833333333333334,1.0,0.6438375238007847
vtfs_pairrank,linear_sparse,13,0.5833333333333334,1.0,0.6357767315293512
vtfs_pairrank,linear_sparse,14,0.5833333333333334,1.0,0.6518683264517272
vtfs_pairrank,linear_sparse,15,0.5833333333333334,1.0,0.6451459962806401
vtfs_pairrank,linear_sparse,16,0.5833333333333334,1.0,0.6414690821026282
vtfs_pairrank,linear_sparse,17,0.5833333333333334,1.0,0.6645901012339669
vtfs_pairrank,linear_sparse,18,0.5833333333333334,1.0,0.6112691219784304
vtfs_pairrank,linear_sparse,19,0.5833333333333334,1.0,0.5788386833336944
vtfs_pairrank,linear_sparse,20,0.5833333333333334,1.0,0.6058079283761496
vtfs_pairrank,linear_sparse,21,0.5833333333333334,1.0,0.6025459663508659
vtfs_pairrank,linear_sparse,22,0.6666666666666666,0.8,0.6458419954090671
vtfs_pairrank,linear_sparse,23,0.5833333333333334,1.0,0.6545625075692805
vtfs_pairrank,linear_sparse,24,0.5833333333333334,1.0,0.6124826046196155
vtfs_pairrank,linear_sparse,25,0.5833333333333334,1.0,0.6739033585253629
vtfs_pairrank,linear_sparse,26,0.5833333333333334,1.0,0.6299392929976592
vtfs_pairrank,linear_sparse,27,0.6666666666666666,0.8,0.7843873752731675
vtfs_pairrank,linear_sparse,28,0.5833333333333334,1.0,0.612562755562071
vtfs_pairrank,linear_sparse,29,0.5833333333333334,1.0,0.6580156762124448
vtfs_pairrank,linear_sparse,30,0.6666666666666666,0.8,0.6959799931510029
vtfs_pairrank,linear_sparse,31,0.5833333333333334,1.0,0.651987509607106
vtfs_pairrank,linear_sparse,32,0.6666666666666666,0.8,0.7332248768884535
vtfs_pairrank,linear_sparse,33,0.6666666666666666,0.8,0.6957952465145597
vtfs_pairrank,linear_sparse,34,0.6666666666666666,0.8,0.7278072782652204
vtfs_pairrank,linear_sparse,35,0.6666666666666666,0.8,0.6127713707591425
vtfs_pairrank,linear_sparse,36,0.5833333333333334,1.0,0.6632950185400185
vtfs_pairrank,linear_sparse,37,0.5833333333333334,1.0,0.5836742712153387
vtfs_pairrank,linear_sparse,38,0.5833333333333334,1.0,0.6309300948686161
vtfs_pairrank,linear_sparse,39,0.5833333333333334,1.0,0.7077275273991317
vtfs_pairrank,linear_sparse,40,0.6666666666666666,0.8,0.7030761397193822
vtfs_pairrank,linear_sparse,41,0.5833333333333334,1.0,0.6588891742941706
vtfs_pairrank,linear_sparse,42,0.6666666666666666,0.8,0.6704579052244256
vtfs_pairrank,linear_sparse,43,0.5833333333333334,1.0,0.6375105202277577
vtfs_pairrank,linear_sparse,44,0.6666666666666666,0.8,0.6796837684705279
vtfs_pairrank,linear_sparse,45,0.5833333333333334,1.0,0.6441637414429531
vtfs_pairrank,linear_sparse,46,0.5833333333333334,1.0,0.6121205354680904
vtfs_pairrank,linear_sparse,47,0.5833333333333334,1.0,0.604465912213295
vtfs_pairrank,linear_sparse,48,0.5833333333333334,1.0,0.6198467415635038
vtfs_pairrank,linear_sparse,49,0.6666666666666666,0.8,0.6593858537688707
vtfs_pairrank,linear_sparse,50,0.5833333333333334,1.0,0.6415535774636417
vtfs_pairrank,linear_sparse,51,0.5833333333333334,1.0,0.6532622668661647
vtfs_pairrank,linear_sparse,52,0.6666666666666666,0.8,0.6215920546310016
vtfs_pairrank,linear_sparse,53,0.5833333333333334,1.0,0.6338673057409138
vtfs_pairrank,linear_sparse,54,0.5833333333333334,1.0,0.6908983072946424
vtfs_pairrank,linear_sparse,55,0.5833333333333334,1.0,0.6707598039952207
vtfs_pairrank,linear_sparse,56,0.6666666666666666,0.8,0.6781462608151863
vtfs_pairrank,linear_sparse,57,0.5833333333333334,1.0,0.6011865713944818
vtfs_pairrank,linear_sparse,58,0.5833333333333334,1.0,0.622792354653289
vtfs_pairrank,linear_sparse,59,0.5833333333333334,1.0,0.6415022357089576
vtfs_pairrank,linear_sparse,60,0.5833333333333334,1.0,0.7534683014364983
vtfs_pairrank,linear_sparse,61,0.5833333333333334,1.0,0.6294630456065426
vtfs_pairrank,linear_sparse,62,0.5833333333333334,1.0,0.6305987633996007
vtfs_pairrank,linear_sparse,63,0.6666666666666666,0.8,0.7760519020353321
vtfs_pairrank,linear_sparse,64,0.5833333333333334,1.0,0.6694419430930989
vtfs_pairrank,linear_sparse,65,0.5833333333333334,1.0,0.6025373413212317
vtfs_pairrank,linear_sparse,66,0.5833333333333334,1.0,0.6346137140517516
vtfs_pairrank,linear_sparse,67,0.5833333333333334,1.0,0.6415547387211035
vtfs_pairrank,linear_sparse,68,0.6666666666666666,0.8,0.6767411788189212
vtfs_pairrank,linear_sparse,69,0.5833333333333334,1.0,0.6630948688561163
vtfs_pairrank,linear_sparse,70,0.5833333333333334,1.0,0.7092509618404539
vtfs_pairrank,linear_sparse,71,0.5833333333333334,1.0,0.6413610645449099
vtfs_pairrank,linear_sparse,72,0.5833333333333334,1.0,0.6388215804663456
vtfs_pairrank,linear_sparse,73,0.6666666666666666,0.8,0.7331864218968758
vtfs_pairrank,linear_sparse,74,0.5833333333333334,1.0,0.6028326184954411
vtfs_pairrank,linear_sparse,75,0.5833333333333334,1.0,0.6073490837609126
vtfs_pairrank,linear_sparse,76,0.5833333333333334,1.0,0.6172685282862714
vtfs_pairrank,linear_sparse,77,0.5833333333333334,1.0,0.608558486979747
vtfs_pairrank,linear_sparse,78,0.5833333333333334,1.0,0.6662874845577574
vtfs_pairrank,linear_sparse,79,0.5833333333333334,1.0,0.63433384510487
vtfs_pairrank,linear_sparse,80,0.5833333333333334,1.0,0.6025631309716132
vtfs_pairrank,linear_sparse,81,0.5833333333333334,1.0,0.6604917813020031
vtfs_pairrank,linear_sparse,82,0.5833333333333334,1.0,0.6473534630416804
vtfs_pairrank,linear_sparse,83,0.5833333333333334,1.0,0.6280389172488714
vtfs_pairrank,linear_sparse,84,0.5833333333333334,1.0,0.6256804586641442
vtfs_pairrank,linear_sparse,85,0.6666666666666666,0.8,0.6836505251317577
vtfs_pairrank,linear_sparse,86,0.5833333333333334,1.0,0.6199503951581973
vtfs_pairrank,linear_sparse,87,0.5833333333333334,1.0,0.676597126149283
vtfs_pairrank,linear_sparse,88,0.6666666666666666,0.8,0.7237609266511714
vtfs_pairrank,linear_sparse,89,0.5833333333333334,1.0,0.5974943552015463
vtfs_pairrank,linear_sparse,90,0.6666666666666666,0.8,0.6853162687825595
vtfs_pairrank,linear_sparse,91,0.5833333333333334,1.0,0.654144642247747
vtfs_pairrank,linear_sparse,92,0.5833333333333334,1.0,0.599161842678411
vtfs_pairrank,linear_sparse,93,0.5833333333333334,1.0,0.5775276280498245
vtfs_pairrank,linear_sparse,94,0.5833333333333334,1.0,0.6114611090900507
vtfs_pairrank,linear_sparse,95,0.6666666666666666,0.8,0.6907493795461106
vtfs_pairrank,linear_sparse,96,0.5833333333333334,1.0,0.6189284994079675
vtfs_pairrank,linear_sparse,97,0.6666666666666666,0.8,0.6349933286717665
vtfs_pairrank,linear_sparse,98,0.5833333333333334,1.0,0.5947536402137679
vtfs_pairrank,linear_sparse,99,0.5833333333333334,1.0,0.6316866439904856
vtfs_pairrank,linear_medium,0,0.3333333333333333,0.8,1.1478045249947053
vtfs_pairrank,linear_medium,1,0.3333333333333333,0.8,1.0820890869779676
vtfs_pairrank,linear_medium,2,0.5,0.6,1.0777641317899231
vtfs_pairrank,linear_medium,3,0.3333333333333333,0.8,1.1887652943325437
vtfs_pairrank,linear_medium,4,0.4166666666666667,0.7,1.1392605558390823
vtfs_pairrank,linear_medium,5,0.5833333333333334,0.5,1.1246241790629405
vtfs_pairrank,linear_medium,6,0.4166666666666667,0.7,1.1270645776853685
vtfs_pairrank,linear_medium,7,0.4166666666666667,0.7,1.106031873851594
vtfs_pairrank,linear_medium,8,0.4166666666666667,0.7,1.1256716992689049
vtfs_pairrank,linear_medium,9,0.5,0.6,1.0977348386901342
vtfs_pairrank,linear_medium,10,0.3333333333333333,0.8,1.116600020940356
vtfs_pairrank,linear_medium,11,0.4166666666666667,0.7,1.0579521971916526
vtfs_pairrank,linear_medium,12,0.4166666666666667,0.7,1.0973300191863957
vtfs_pairrank,linear_medium,13,0.4166666666666667,0.7,1.100935257837325
vtfs_pairrank,linear_medium,14,0.4166666666666667,0.7,1.113428316365395
vtfs_pairrank,linear_medium,15,0.4166666666666667,0.7,1.0465324716524222
vtfs_pairrank,linear_medium,16,0.5,0.6,1.1806415355946331
vtfs_pairrank,linear_medium,17,0.4166666666666667,0.7,1.148656591844905
vtfs_pairrank,linear_medium,18,0.5833333333333334,0.5,1.1712144233419435
vtfs_pairrank,linear_medium,19,0.5,0.6,1.1082757729182042
vtfs_pairrank,linear_medium,20,0.3333333333333333,0.8,1.185856317472162
vtfs_pairrank,linear_medium,21,0.4166666666666667,0.7,1.134409666252275
vtfs_pairrank,linear_medium,22,0.5,0.6,1.1335790896329794
vtfs_pairrank,linear_medium,23,0.5833333333333334,0.5,1.1263614888507634
vtfs_pairrank,linear_medium,24,0.5,0.6,1.12109466186324
vtfs_pairrank,linear_medium,25,0.5,0.6,1.1999909202391719
vtfs_pairrank,linear_medium,26,0.4166666666666667,0.7,1.061623691428965
vtfs_pairrank,linear_medium,27,0.5,0.6,1.0783472745071856
vtfs_pairrank,linear_medium,28,0.4166666666666667,0.7,1.0990890973375815
vtfs_pairrank,linear_medium,29,0.25,0.9,1.0562827698699364
vtfs_pairrank,linear_medium,30,0.4166666666666667,0.7,1.1480630570516857
vtfs_pairrank,linear_medium,31,0.4166666666666667,0.7,1.1559636347453581
vtfs_pairrank,linear_medium,32,0.5,0.6,1.1577340252657204
vtfs_pairrank,linear_medium,33,0.5,0.6,1.1296485356870916
vtfs_pairrank,linear_medium,34,0.4166666666666667,0.7,1.0865312676077614
vtfs_pairrank,linear_medium,35,0.3333333333333333,0.8,1.0692173093001653
vtfs_pairrank,linear_medium,36,0.4166666666666667,0.7,1.1267681939341974
vtfs_pairrank,linear_medium,37,0.5,0.6,1.1337956231059236
vtfs_pairrank,linear_medium,38,0.3333333333333333,0.8,1.0956525720948207
vtfs_pairrank,linear_medium,39,0.4166666666666667,0.7,1.0609228247423403
vtfs_pairrank,linear_medium,40,0.5833333333333334,0.5,1.127422883827052
vtfs_pairrank,linear_medium,41,0.4166666666666667,0.7,1.1343119417657446
vtfs_pairrank,linear_medium,42,0.3333333333333333,0.8,1.0576743560551398
vtfs_pairrank,linear_medium,43,0.5,0.6,1.117423951055634
vtfs_pairrank,linear_medium,44,0.3333333333333333,0.8,1.009544895253944
vtfs_pairrank,linear_medium,45,0.4166666666666667,0.7,1.1470701288859
vtfs_pairrank,linear_medium,46,0.5,0.6,1.2164612991331472
vtfs_pairrank,linear_medium,47,0.25,0.9,1.1029950159044621
vtfs_pairrank,linear_medium,48,0.4166666666666667,0.7,1.1742981824589946
vtfs_pairrank,linear_medium,49,0.3333333333333333,0.8,1.0460221366137972
vtfs_pairrank,linear_medium,50,0.4166666666666667,0.7,1.0889983753478956
vtfs_pairrank,linear_medium,51,0.4166666666666667,0.7,1.0649301565276448
vtfs_pairrank,linear_medium,52,0.3333333333333333,0.8,1.124404387903551
vtfs_pairrank,linear_medium,53,0.5,0.6,1.1205518396300354
vtfs_pairrank,linear_medium,54,0.3333333333333333,0.8,1.0904673317197677
vtfs_pairrank,linear_medium,55,0.5,0.6,1.1340536309908764
vtfs_pairrank,linear_medium,56,0.4166666666666667,0.7,1.1271604849067693
vtfs_pairrank,linear_medium,57,0.3333333333333333,0.8,1.1637190946605642
vtfs_pairrank,linear_medium,58,0.25,0.9,1.0639357983439375
vtfs_pairrank,linear_medium,59,0.4166666666666667,0.7,1.0849382230018743
vtfs_pairrank,linear_medium,60,0.3333333333333333,0.8,1.0799863265901744
vtfs_pairrank,linear_medium,61,0.5833333333333334,0.5,1.1774327535014661
vtfs_pairrank,linear_medium,62,0.4166666666666667,0.7,1.110880550167959
vtfs_pairrank,linear_medium,63,0.5,0.6,1.1196984055847672
vtfs_pairrank,linear_medium,64,0.5,0.6,1.1661307889326638
vtfs_pairrank,linear_medium,65,0.5,0.6,1.1322572506700086
vtfs_pairrank,linear_medium,66,0.4166666666666667,0.7,1.1405888771443717
vtfs_pairrank,linear_medium,67,0.5,0.6,1.1859069452449402
vtfs_pairrank,linear_medium,68,0.5,0.6,1.1006625505682657
vtfs_pairrank,linear_medium,69,0.3333333333333333,0.8,1.087099470136874
vtfs_pairrank,linear_medium,70,0.4166666666666667,0.7,1.133436246506046
vtfs_pairrank,linear_medium,71,0.4166666666666667,0.7,1.0303243512177447
vtfs_pairrank,linear_medium,72,0.5,0.6,1.2416581165918028
vtfs_pairrank,linear_medium,73,0.4166666666666667,0.7,1.1317115344003439
vtfs_pairrank,linear_medium,74,0.3333333333333333,0.8,1.0432367874408006
vtfs_pairrank,linear_medium,75,0.4166666666666667,0.7,1.2467284458851857
vtfs_pairrank,linear_medium,76,0.4166666666666667,0.7,1.1760554340341676
vtfs_pairrank,linear_medium,77,0.4166666666666667,0.7,1.087577393292303
vtfs_pairrank,linear_medium,78,0.4166666666666667,0.7,1.1517145215554223
vtfs_pairrank,linear_medium,79,0.25,0.9,1.173201228194138
vtfs_pairrank,linear_medium,80,0.16666666666666666,1.0,1.0507886338556296
vtfs_pairrank,linear_medium,81,0.3333333333333333,0.8,1.1423904411057608
vtfs_pairrank,linear_medium,82,0.3333333333333333,0.8,1.1483860184195196
vtfs_pairrank,linear_medium,83,0.4166666666666667,0.7,1.0895177475775575
vtfs_pairrank,linear_medium,84,0.4166666666666667,0.7,1.152783105376836
vtfs_pairrank,linear_medium,85,0.16666666666666666,1.0,1.1478006326565544
vtfs_pairrank,linear_medium,86,0.4166666666666667,0.7,1.110486233332012
vtfs_pairrank,linear_medium,87,0.4166666666666667,0.7,1.0611770136501615
vtfs_pairrank,linear_medium,88,0.25,0.9,1.038007229637734
vtfs_pairrank,linear_medium,89,0.3333333333333333,0.8,1.1614974943236405
vtfs_pairrank,linear_medium,90,0.5,0.6,1.0702495368793064
vtfs_pairrank,linear_medium,91,0.5833333333333334,0.5,1.0684628808976762
vtfs_pairrank,linear_medium,92,0.5833333333333334,0.5,1.1561442528276011
vtfs_pairrank,linear_medium,93,0.3333333333333333,0.8,1.1090166550543015
vtfs_pairrank,linear_medium,94,0.5,0.6,1.0366773067429251
vtfs_pairrank,linear_medium,95,0.4166666666666667,0.7,1.0895607748669145
vtfs_pairrank,linear_medium,96,0.4166666666666667,0.7,1.0855216191563257
vtfs_pairrank,linear_medium,97,0.4166666666666667,0.7,1.1346523368470374
vtfs_pairrank,linear_medium,98,0.4166666666666667,0.7,1.056141532661656
vtfs_pairrank,linear_medium,99,0.3333333333333333,0.8,1.0888618405460209
vtfs_pairrank,linear_weak,0,0.5833333333333334,0.5,1.978810022058372
vtfs_pairrank,linear_weak,1,0.5,0.6,1.9447354538183708
vtfs_pairrank,linear_weak,2,0.4166666666666667,0.7,1.9565270947980116
vtfs_pairrank,linear_weak,3,0.3333333333333333,0.8,1.8876810720020407
vtfs_pairrank,linear_weak,4,0.5833333333333334,0.5,1.959018075302251
vtfs_pairrank,linear_weak,5,0.5833333333333334,0.5,1.8566039275534358
vtfs_pairrank,linear_weak,6,0.5,0.6,1.9357003932165737
vtfs_pairrank,linear_weak,7,0.5833333333333334,0.5,2.0040103460215297
vtfs_pairrank,linear_weak,8,0.5,0.6,1.9454994424201266
vtfs_pairrank,linear_weak,9,0.5833333333333334,0.5,1.8185629173403481
vtfs_pairrank,linear_weak,10,0.3333333333333333,0.8,1.9117282199354044
vtfs_pairrank,linear_weak,11,0.4166666666666667,0.7,1.823079740181081
vtfs_pairrank,linear_weak,12,0.4166666666666667,0.7,1.7829370804877211
vtfs_pairrank,linear_weak,13,0.5833333333333334,0.5,1.9101235704564656
vtfs_pairrank,linear_weak,14,0.3333333333333333,0.8,1.859111643440758
vtfs_pairrank,linear_weak,15,0.5833333333333334,0.5,1.7541263386891732
vtfs_pairrank,linear_weak,16,0.5833333333333334,0.5,1.962719829986013
vtfs_pairrank,linear_weak,17,0.5,0.6,2.0037635854528917
vtfs_pairrank,linear_weak,18,0.5,0.6,1.9862953433643329
vtfs_pairrank,linear_weak,19,0.4166666666666667,0.7,1.9917936384587902
vtfs_pairrank,linear_weak,20,0.4166666666666667,0.7,1.8795557505558231
vtfs_pairrank,linear_weak,21,0.5,0.6,1.9146758420168588
vtfs_pairrank,linear_weak,22,0.4166666666666667,0.7,1.8885491733144848
vtfs_pairrank,linear_weak,23,0.5833333333333334,0.5,1.8755430593880378
vtfs_pairrank,linear_weak,24,0.5833333333333334,0.5,1.8371428408222878
vtfs_pairrank,linear_weak,25,0.4166666666666667,0.7,1.8278769519583256
vtfs_pairrank,linear_weak,26,0.4166666666666667,0.7,1.8392687391563574
vtfs_pairrank,linear_weak,27,0.3333333333333333,0.8,1.9064861636935133
vtfs_pairrank,linear_weak,28,0.4166666666666667,0.7,1.8656254325069728
vtfs_pairrank,linear_weak,29,0.5,0.6,1.9338388344280648
vtfs_pairrank,linear_weak,30,0.25,0.9,1.8998959990738424
vtfs_pairrank,linear_weak,31,0.4166666666666667,0.7,1.8708514536308494
vtfs_pairrank,linear_weak,32,0.5,0.6,1.9665119823425548
vtfs_pairrank,linear_weak,33,0.6666666666666666,0.4,1.87693635022345
vtfs_pairrank,linear_weak,34,0.4166666666666667,0.7,1.8105080883526754
vtfs_pairrank,linear_weak,35,0.4166666666666667,0.7,1.8001293340313769
vtfs_pairrank,linear_weak,36,0.5,0.6,1.9495363792550202
vtfs_pairrank,linear_weak,37,0.5,0.6,2.079375801818971
vtfs_pairrank,linear_weak,38,0.6666666666666666,0.4,1.9968677788821352
vtfs_pairrank,linear_weak,39,0.5833333333333334,0.5,1.9633095067501933
vtfs_pairrank,linear_weak,40,0.25,0.9,1.8912739485977548
vtfs_pairrank,linear_weak,41,0.4166666666666667,0.7,1.9427339521760856
vtfs_pairrank,linear_weak,42,0.5,0.6,2.018945369419264
vtfs_pairrank,linear_weak,43,0.6666666666666666,0.4,2.020440297731296
vtfs_pairrank,linear_weak,44,0.6666666666666666,0.4,2.1175619721399213
vtfs_pairrank,linear_weak,45,0.5833333333333334,0.5,2.085788888627586
vtfs_pairrank,linear_weak,46,0.3333333333333333,0.8,1.967423158049662
vtfs_pairrank,linear_weak,47,0.3333333333333333,0.8,1.8142896761304672
vtfs_pairrank,linear_weak,48,0.4166666666666667,0.7,1.8658247246008188
vtfs_pairrank,linear_weak,49,0.5,0.6,1.9623291338659632
vtfs_pairrank,linear_weak,50,0.5833333333333334,0.5,1.9904154761465993
vtfs_pairrank,linear_weak,51,0.5,0.6,1.812660870570797
vtfs_pairrank,linear_weak,52,0.5,0.6,1.8654587173934867
vtfs_pairrank,linear_weak,53,0.5,0.6,2.0141899009253863
vtfs_pairrank,linear_weak,54,0.3333333333333333,0.8,1.8901497661976467
vtfs_pairrank,linear_weak,55,0.5,0.6,1.9666762179764794
vtfs_pairrank,linear_weak,56,0.3333333333333333,0.8,1.9085132114692913
vtfs_pairrank,linear_weak,57,0.5833333333333334,0.5,1.9949994464609193
vtfs_pairrank,linear_weak,58,0.5,0.6,1.7420193505631245
vtfs_pairrank,linear_weak,59,0.5,0.6,1.9769586831329373
vtfs_pairrank,linear_weak,60,0.5,0.6,1.8378029889889673
vtfs_pairrank,linear_weak,61,0.5,0.6,2.01519264096888
vtfs_pairrank,linear_weak,62,0.5,0.6,2.0020643390839874
vtfs_pairrank,linear_weak,63,0.4166666666666667,0.7,1.9976803818361266
vtfs_pairrank,linear_weak,64,0.5,0.6,1.9960931415451912
vtfs_pairrank,linear_weak,65,0.3333333333333333,0.8,2.0209334483773786
vtfs_pairrank,linear_weak,66,0.5,0.6,2.0232048572813546
vtfs_pairrank,linear_weak,67,0.5,0.6,1.9292867068347523
vtfs_pairrank,linear_weak,68,0.5,0.6,1.8626067426524087
vtfs_pairrank,linear_weak,69,0.5,0.6,1.9630566797634177
vtfs_pairrank,linear_weak,70,0.5,0.6,1.9292129521392958
vtfs_pairrank,linear_weak,71,0.3333333333333333,0.8,1.9056751659119338
vtfs_pairrank,linear_weak,72,0.5,0.6,1.8686260249875264
vtfs_pairrank,linear_weak,73,0.5,0.6,1.956332643578623
vtfs_pairrank,linear_weak,74,0.4166666666666667,0.7,1.972949044438234
vtfs_pairrank,linear_weak,75,0.5833333333333334,0.5,2.030223790499892
vtfs_pairrank,linear_weak,76,0.4166666666666667,0.7,1.8462274613867207
vtfs_pairrank,linear_weak,77,0.6666666666666666,0.4,1.8761724848937231
vtfs_pairrank,linear_weak,78,0.3333333333333333,0.8,1.9026790411249976
vtfs_pairrank,linear_weak,79,0.3333333333333333,0.8,1.8414858474061255
vtfs_pairrank,linear_weak,80,0.4166666666666667,0.7,1.9323371862679786
vtfs_pairrank,linear_weak,81,0.5833333333333334,0.5,1.9699906604094508
vtfs_pairrank,linear_weak,82,0.4166666666666667,0.7,1.8684698604711152
vtfs_pairrank,linear_weak,83,0.5,0.6,1.969492506890389
vtfs_pairrank,linear_weak,84,0.5833333333333334,0.5,1.9182518205105714
vtfs_pairrank,linear_weak,85,0.5833333333333334,0.5,1.8909190763088255
vtfs_pairrank,linear_weak,86,0.4166666666666667,0.7,1.9173410355962535
vtfs_pairrank,linear_weak,87,0.5833333333333334,0.5,1.972819879858528
vtfs_pairrank,linear_weak,88,0.5833333333333334,0.5,1.929729212808159
vtfs_pairrank,linear_weak,89,0.4166666666666667,0.7,1.8091656263453633
vtfs_pairrank,linear_weak,90,0.5,0.6,1.8048695656581661
vtfs_pairrank,linear_weak,91,0.5,0.6,1.890365732346552
vtfs_pairrank,linear_weak,92,0.5833333333333334,0.5,1.9675689296410948
vtfs_pairrank,linear_weak,93,0.5,0.6,1.8174136964326781
vtfs_pairrank,linear_weak,94,0.6666666666666666,0.4,1.990156735421144
vtfs_pairrank,linear_weak,95,0.5,0.6,1.9416416573171527
vtfs_pairrank,linear_weak,96,0.5833333333333334,0.5,1.909678173628286
vtfs_pairrank,linear_weak,97,0.5,0.6,1.8436508857719125
vtfs_pairrank,linear_weak,98,0.5833333333333334,0.5,1.9710457282490277
vtfs_pairrank,linear_weak,99,0.3333333333333333,0.8,1.8889090905251282
vtfs_pairrank,linear_dense,0,0.5,0.4,1.1872228000308511
vtfs_pairrank,linear_dense,1,0.25,0.6,1.2012902739176128
vtfs_pairrank,linear_dense,2,0.3333333333333333,0.5333333333333333,1.120698303483172
vtfs_pairrank,linear_dense,3,0.3333333333333333,0.5333333333333333,1.219167835185626
vtfs_pairrank,linear_dense,4,0.4166666666666667,0.4666666666666667,1.0573209021829386
vtfs_pairrank,linear_dense,5,0.5,0.4,1.0824650818948243
vtfs_pairrank,linear_dense,6,0.25,0.6,1.0654815200689396
vtfs_pairrank,linear_dense,7,0.3333333333333333,0.5333333333333333,1.1807619296615965
vtfs_pairrank,linear_dense,8,0.3333333333333333,0.5333333333333333,1.0897616361771902
vtfs_pairrank,linear_dense,9,0.3333333333333333,0.5333333333333333,1.0873658767736836
vtfs_pairrank,linear_dense,10,0.3333333333333333,0.5333333333333333,1.1348438251668291
vtfs_pairrank,linear_dense,11,0.25,0.6,1.11708270522337
vtfs_pairrank,linear_dense,12,0.3333333333333333,0.5333333333333333,1.1315968662194942
vtfs_pairrank,linear_dense,13,0.25,0.6,1.1536927670074233
vtfs_pairrank,linear_dense,14,0.16666666666666666,0.6666666666666666,1.1100729787957953
vtfs_pairrank,linear_dense,15,0.25,0.6,1.0667418126388672
vtfs_pairrank,linear_dense,16,0.25,0.6,1.073902648484498
vtfs_pairrank,linear_dense,17,0.25,0.6,1.1761863661425442
vtfs_pairrank,linear_dense,18,0.16666666666666666,0.6666666666666666,1.0479301779763124
vtfs_pairrank,linear_dense,19,0.25,0.6,1.0918672872370068
vtfs_pairrank,linear_dense,20,0.4166666666666667,0.4666666666666667,1.1058356036080494
vtfs_pairrank,linear_dense,21,0.25,0.6,1.1053851373655161
vtfs_pairrank,linear_dense,22,0.4166666666666667,0.4666666666666667,1.2642485982171852
vtfs_pairrank,linear_dense,23,0.4166666666666667,0.4666666666666667,1.177785094634221
vtfs_pairrank,linear_dense,24,0.4166666666666667,0.4666666666666667,1.2264880853897437
vtfs_pairrank,linear_dense,25,0.3333333333333333,0.5333333333333333,1.0267489897847142
vtfs_pairrank,linear_dense,26,0.16666666666666666,0.6666666666666666,1.14121763851385
vtfs_pairrank,linear_dense,27,0.25,0.6,1.1739515272839423
vtfs_pairrank,linear_dense,28,0.3333333333333333,0.5333333333333333,1.1296813827899255
vtfs_pairrank,linear_dense,29,0.3333333333333333,0.5333333333333333,1.1069137610113422
vtfs_pairrank,linear_dense,30,0.3333333333333333,0.5333333333333333,1.1255180672642684
vtfs_pairrank,linear_dense,31,0.25,0.6,1.1534275312486515
vtfs_pairrank,linear_dense,32,0.25,0.6,1.0669368028090973
vtfs_pairrank,linear_dense,33,0.3333333333333333,0.5333333333333333,1.0867873712060558
vtfs_pairrank,linear_dense,34,0.4166666666666667,0.4666666666666667,1.1889246454120572
vtfs_pairrank,linear_dense,35,0.4166666666666667,0.4666666666666667,1.1875480772178322
vtfs_pairrank,linear_dense,36,0.3333333333333333,0.5333333333333333,1.14012228716772
vtfs_pairrank,linear_dense,37,0.25,0.6,1.1434400297088678
vtfs_pairrank,linear_dense,38,0.25,0.6,1.1092228252806509
vtfs_pairrank,linear_dense,39,0.25,0.6,1.1106166726987696
vtfs_pairrank,linear_dense,40,0.4166666666666667,0.4666666666666667,1.1141206698045134
vtfs_pairrank,linear_dense,41,0.25,0.6,1.062053518008048
vtfs_pairrank,linear_dense,42,0.25,0.6,1.1352468574826609
vtfs_pairrank,linear_dense,43,0.25,0.6,1.1899294228649504
vtfs_pairrank,linear_dense,44,0.3333333333333333,0.5333333333333333,1.1684777006497216
vtfs_pairrank,linear_dense,45,0.3333333333333333,0.5333333333333333,1.1378478545289858
vtfs_pairrank,linear_dense,46,0.25,0.6,1.2095997297769143
vtfs_pairrank,linear_dense,47,0.3333333333333333,0.5333333333333333,1.0822437670242275
vtfs_pairrank,linear_dense,48,0.3333333333333333,0.5333333333333333,1.0751869686183944
vtfs_pairrank,linear_dense,49,0.25,0.6,1.1147561140376667
vtfs_pairrank,linear_dense,50,0.4166666666666667,0.4666666666666667,1.067642128563398
vtfs_pairrank,linear_dense,51,0.16666666666666666,0.6666666666666666,1.1348679278652412
vtfs_pairrank,linear_dense,52,0.16666666666666666,0.6666666666666666,1.068240370880545
vtfs_pairrank,linear_dense,53,0.3333333333333333,0.5333333333333333,1.1527549154179948
vtfs_pairrank,linear_dense,54,0.25,0.6,1.1058582806462758
vtfs_pairrank,linear_dense,55,0.25,0.6,1.0881400990955297
vtfs_pairrank,linear_dense,56,0.3333333333333333,0.5333333333333333,1.1084491375196874
vtfs_pairrank,linear_dense,57,0.25,0.6,1.1855132118866787
vtfs_pairrank,linear_dense,58,0.5,0.4,1.1253177512302694
vtfs_pairrank,linear_dense,59,0.4166666666666667,0.4666666666666667,1.2142566769303937
vtfs_pairrank,linear_dense,60,0.5,0.4,1.2025657500531308
vtfs_pairrank,linear_dense,61,0.25,0.6,1.0884776996807395
vtfs_pairrank,linear_dense,62,0.4166666666666667,0.4666666666666667,1.1646341358489607
vtfs_pairrank,linear_dense,63,0.25,0.6,1.1717105347247887
vtfs_pairrank,linear_dense,64,0.25,0.6,1.1430340356600481
vtfs_pairrank,linear_dense,65,0.3333333333333333,0.5333333333333333,1.212034151253991
vtfs_pairrank,linear_dense,66,0.25,0.6,1.1016893732360689
vtfs_pairrank,linear_dense,67,0.25,0.6,1.1781547955614817
vtfs_pairrank,linear_dense,68,0.25,0.6,1.0916744777539653
vtfs_pairrank,linear_dense,69,0.5,0.4,1.162525426226583
vtfs_pairrank,linear_dense,70,0.4166666666666667,0.4666666666666667,1.1332823902482139
vtfs_pairrank,linear_dense,71,0.3333333333333333,0.5333333333333333,1.1264199779998103
vtfs_pairrank,linear_dense,72,0.4166666666666667,0.4666666666666667,1.1500027947795564
vtfs_pairrank,linear_dense,73,0.3333333333333333,0.5333333333333333,1.113122420448908
vtfs_pairrank,linear_dense,74,0.25,0.6,1.184674773442488
vtfs_pairrank,linear_dense,75,0.4166666666666667,0.4666666666666667,1.0574901488857742
vtfs_pairrank,linear_dense,76,0.5,0.4,1.1360114844206897
vtfs_pairrank,linear_dense,77,0.4166666666666667,0.4666666666666667,1.158422926842677
vtfs_pairrank,linear_dense,78,0.25,0.6,1.1030619900481649
vtfs_pairrank,linear_dense,79,0.4166666666666667,0.4666666666666667,1.1716396563640272
vtfs_pairrank,linear_dense,80,0.3333333333333333,0.5333333333333333,1.1267157355649318
vtfs_pairrank,linear_dense,81,0.25,0.6,1.1653684861524003
vtfs_pairrank,linear_dense,82,0.3333333333333333,0.5333333333333333,1.1271497635215177
vtfs_pairrank,linear_dense,83,0.4166666666666667,0.4666666666666667,1.100062885679943
vtfs_pairrank,linear_dense,84,0.16666666666666666,0.6666666666666666,1.1467433452894522
vtfs_pairrank,linear_dense,85,0.4166666666666667,0.4666666666666667,1.228730467901993
vtfs_pairrank,linear_dense,86,0.3333333333333333,0.5333333333333333,1.1948256412149392
vtfs_pairrank,linear_dense,87,0.4166666666666667,0.4666666666666667,1.2451026020590488
vtfs_pairrank,linear_dense,88,0.16666666666666666,0.6666666666666666,1.1248502491374999
vtfs_pairrank,linear_dense,89,0.25,0.6,1.1281708890965159
vtfs_pairrank,linear_dense,90,0.3333333333333333,0.5333333333333333,1.1369302234919636
vtfs_pairrank,linear_dense,91,0.25,0.6,0.9991670311131081
vtfs_pairrank,linear_dense,92,0.3333333333333333,0.5333333333333333,1.1815132057116198
vtfs_pairrank,linear_dense,93,0.25,0.6,1.1989984300025165
vtfs_pairrank,linear_dense,94,0.16666666666666666,0.6666666666666666,1.1700874497192213
vtfs_pairrank,linear_dense,95,0.25,0.6,1.0494975208643278
vtfs_pairrank,linear_dense,96,0.3333333333333333,0.5333333333333333,1.1117643859964506
vtfs_pairrank,linear_dense,97,0.16666666666666666,0.6666666666666666,1.2441663735465567
vtfs_pairrank,linear_dense,98,0.4166666666666667,0.4666666666666667,1.1407486986904258
vtfs_pairrank,linear_dense,99,0.4166666666666667,0.4666666666666667,1.1595821644669448
vtfs_pairrank,nonlinear,0,0.5,0.6,1.2028772458950316
vtfs_pairrank,nonlinear,1,0.4166666666666667,0.7,1.1753293550303365
vtfs_pairrank,nonlinear,2,0.5,0.6,1.1654219937379913
vtfs_pairrank,nonlinear,3,0.5,0.6,1.1597828567604902
vtfs_pairrank,nonlinear,4,0.4166666666666667,0.7,1.1298740974023453
vtfs_pairrank,nonlinear,5,0.5,0.6,1.4530176846780305
vtfs_pairrank,nonlinear,6,0.3333333333333333,0.8,1.184201338677774
vtfs_pairrank,nonlinear,7,0.4166666666666667,0.7,1.1479416821311648
vtfs_pairrank,nonlinear,8,0.5833333333333334,0.5,1.181233984714704
vtfs_pairrank,nonlinear,9,0.4166666666666667,0.7,1.1713042506307607
vtfs_pairrank,nonlinear,10,0.5,0.6,1.133479466160672
vtfs_pairrank,nonlinear,11,0.3333333333333333,0.8,1.1039661758401607
vtfs_pairrank,nonlinear,12,0.4166666666666667,0.7,1.1994363262399952
vtfs_pairrank,nonlinear,13,0.5,0.6,1.228512686456336
vtfs_pairrank,nonlinear,14,0.5,0.6,1.1224368796130377
vtfs_pairrank,nonlinear,15,0.5,0.6,1.2519239067895003
vtfs_pairrank,nonlinear,16,0.5833333333333334,0.5,1.2632874028335526
vtfs_pairrank,nonlinear,17,0.3333333333333333,0.8,1.2117955487410894
vtfs_pairrank,nonlinear,18,0.4166666666666667,0.7,1.214242463173751
vtfs_pairrank,nonlinear,19,0.3333333333333333,0.8,1.170156113657316
vtfs_pairrank,nonlinear,20,0.3333333333333333,0.8,1.1725268772127186
vtfs_pairrank,nonlinear,21,0.5,0.6,1.159271186731529
vtfs_pairrank,nonlinear,22,0.5833333333333334,0.5,1.1298845905791524
vtfs_pairrank,nonlinear,23,0.4166666666666667,0.7,1.2714070015148662
vtfs_pairrank,nonlinear,24,0.3333333333333333,0.8,1.1051165111350072
vtfs_pairrank,nonlinear,25,0.4166666666666667,0.7,1.1399769747645416
vtfs_pairrank,nonlinear,26,0.5,0.6,1.1937234840832576
vtfs_pairrank,nonlinear,27,0.4166666666666667,0.7,1.2191413834284244
vtfs_pairrank,nonlinear,28,0.5,0.6,1.0647731374323846
vtfs_pairrank,nonlinear,29,0.5,0.6,1.2547004607040684
vtfs_pairrank,nonlinear,30,0.4166666666666667,0.7,1.0980836239457943
vtfs_pairrank,nonlinear,31,0.4166666666666667,0.7,1.2181940477920854
vtfs_pairrank,nonlinear,32,0.5,0.6,1.2170513922070336
vtfs_pairrank,nonlinear,33,0.5,0.6,1.1736406799043873
vtfs_pairrank,nonlinear,34,0.3333333333333333,0.8,1.1975407673100604
vtfs_pairrank,nonlinear,35,0.5,0.6,1.3065878383988125
vtfs_pairrank,nonlinear,36,0.4166666666666667,0.7,1.104097263732898
vtfs_pairrank,nonlinear,37,0.5,0.6,1.4986607344714098
vtfs_pairrank,nonlinear,38,0.5,0.6,1.4696904642462982
vtfs_pairrank,nonlinear,39,0.5,0.6,1.1355288357265059
vtfs_pairrank,nonlinear,40,0.4166666666666667,0.7,1.0890926476896685
vtfs_pairrank,nonlinear,41,0.5,0.6,1.0999455963327833
vtfs_pairrank,nonlinear,42,0.5833333333333334,0.5,1.1685662749475523
vtfs_pairrank,nonlinear,43,0.25,0.9,1.1837042029061675
vtfs_pairrank,nonlinear,44,0.4166666666666667,0.7,1.289965675527113
vtfs_pairrank,nonlinear,45,0.5,0.6,1.1068364290867267
vtfs_pairrank,nonlinear,46,0.3333333333333333,0.8,1.104460031644585
vtfs_pairrank,nonlinear,47,0.4166666666666667,0.7,1.082415274494611
vtfs_pairrank,nonlinear,48,0.5,0.6,1.1977941020115477
vtfs_pairrank,nonlinear,49,0.25,0.9,1.261921249987791
vtfs_pairrank,nonlinear,50,0.5,0.6,1.0500562533247597
vtfs_pairrank,nonlinear,51,0.5,0.6,1.2516114106538954
vtfs_pairrank,nonlinear,52,0.5,0.6,1.104555856519408
vtfs_pairrank,nonlinear,53,0.5,0.6,1.1645184029958617
vtfs_pairrank,nonlinear,54,0.5,0.6,1.7297496574738342
vtfs_pairrank,nonlinear,55,0.4166666666666667,0.7,1.1848578689193496
vtfs_pairrank,nonlinear,56,0.4166666666666667,0.7,1.2765971513562022
vtfs_pairrank,nonlinear,57,0.5,0.6,1.1489147396742907
vtfs_pairrank,nonlinear,58,0.4166666666666667,0.7,1.135225972967892
vtfs_pairrank,nonlinear,59,0.5,0.6,1.2027457361517473
vtfs_pairrank,nonlinear,60,0.4166666666666667,0.7,1.0799003365571975
vtfs_pairrank,nonlinear,61,0.3333333333333333,0.8,1.2004007111474344
vtfs_pairrank,nonlinear,62,0.5,0.6,1.2416040180760481
vtfs_pairrank,nonlinear,63,0.4166666666666667,0.7,1.0743562647199318
vtfs_pairrank,nonlinear,64,0.4166666666666667,0.7,1.1886097632489898
vtfs_pairrank,nonlinear,65,0.5,0.6,1.2127570262163803
vtfs_pairrank,nonlinear,66,0.4166666666666667,0.7,1.350202597903968
vtfs_pairrank,nonlinear,67,0.5,0.6,1.2071325583853652
vtfs_pairrank,nonlinear,68,0.4166666666666667,0.7,1.105552943802758
vtfs_pairrank,nonlinear,69,0.4166666666666667,0.7,1.2367325939875027
vtfs_pairrank,nonlinear,70,0.5833333333333334,0.5,1.173508460761099
vtfs_pairrank,nonlinear,71,0.6666666666666666,0.4,1.2644849963011042
vtfs_pairrank,nonlinear,72,0.3333333333333333,0.8,1.1391113946660862
vtfs_pairrank,nonlinear,73,0.5,0.6,1.214891425484547
vtfs_pairrank,nonlinear,74,0.6666666666666666,0.4,1.2581875662177875
vtfs_pairrank,nonlinear,75,0.4166666666666667,0.7,1.2689080722168946
vtfs_pairrank,nonlinear,76,0.5,0.6,1.1632655810424866
vtfs_pairrank,nonlinear,77,0.5,0.6,1.233366107636282
vtfs_pairrank,nonlinear,78,0.4166666666666667,0.7,1.0654536089723123
vtfs_pairrank,nonlinear,79,0.5,0.6,1.210375815927544
vtfs_pairrank,nonlinear,80,0.5833333333333334,0.5,1.2008664781052656
vtfs_pairrank,nonlinear,81,0.3333333333333333,0.8,1.1650847472517245
vtfs_pairrank,nonlinear,82,0.4166666666666667,0.7,1.1269903090036224
vtfs_pairrank,nonlinear,83,0.5,0.6,1.245416232529178
vtfs_pairrank,nonlinear,84,0.5833333333333334,0.5,1.1189977921510978
vtfs_pairrank,nonlinear,85,0.5,0.6,1.1200265636986595
vtfs_pairrank,nonlinear,86,0.5,0.6,1.0806790517855402
vtfs_pairrank,nonlinear,87,0.4166666666666667,0.7,1.1144648403481998
vtfs_pairrank,nonlinear,88,0.4166666666666667,0.7,1.2334699538345701
vtfs_pairrank,nonlinear,89,0.3333333333333333,0.8,1.144056015732467
vtfs_pairrank,nonlinear,90,0.5,0.6,1.409459293152439
vtfs_pairrank,nonlinear,91,0.3333333333333333,0.8,1.1477647870252283
vtfs_pairrank,nonlinear,92,0.3333333333333333,0.8,1.2036772219524197
vtfs_pairrank,nonlinear,93,0.5,0.6,1.1064620713859157
vtfs_pairrank,nonlinear,94,0.3333333333333333,0.8,1.2909767455525916
vtfs_pairrank,nonlinear,95,0.4166666666666667,0.7,1.138799539354256
vtfs_pairrank,nonlinear,96,0.4166666666666667,0.7,1.1540721561502076
vtfs_pairrank,nonlinear,97,0.3333333333333333,0.8,1.1353195512233107
vtfs_pairrank,nonlinear,98,0.4166666666666667,0.7,1.566347257033789
vtfs_pairrank,nonlinear,99,0.25,0.9,1.360260423302506
vtfs_pairrank,nonlinear_panel,0,0.4166666666666667,0.7,1.1431196414552356
vtfs_pairrank,nonlinear_panel,1,0.4166666666666667,0.7,1.1501201727659687
vtfs_pairrank,nonlinear_panel,2,0.5,0.6,1.185592963904403
vtfs_pairrank,nonlinear_panel,3,0.5833333333333334,0.5,1.2531098766504793
vtfs_pairrank,nonlinear_panel,4,0.5,0.6,1.1979036426154652
vtfs_pairrank,nonlinear_panel,5,0.4166666666666667,0.7,1.2018714375199895
vtfs_pairrank,nonlinear_panel,6,0.4166666666666667,0.7,1.2617952530444154
vtfs_pairrank,nonlinear_panel,7,0.4166666666666667,0.7,1.1533092142315573
vtfs_pairrank,nonlinear_panel,8,0.4166666666666667,0.7,1.5398069068419082
vtfs_pairrank,nonlinear_panel,9,0.4166666666666667,0.7,1.137312541176865
vtfs_pairrank,nonlinear_panel,10,0.4166666666666667,0.7,1.3365029317192239
vtfs_pairrank,nonlinear_panel,11,0.4166666666666667,0.7,1.073432772346492
vtfs_pairrank,nonlinear_panel,12,0.3333333333333333,0.8,1.0444672878995522
vtfs_pairrank,nonlinear_panel,13,0.5833333333333334,0.5,1.249147161357907
vtfs_pairrank,nonlinear_panel,14,0.4166666666666667,0.7,1.2532916222434343
vtfs_pairrank,nonlinear_panel,15,0.5,0.6,1.1449662440421997
vtfs_pairrank,nonlinear_panel,16,0.5,0.6,1.1977288111558961
vtfs_pairrank,nonlinear_panel,17,0.4166666666666667,0.7,1.1739773900583228
vtfs_pairrank,nonlinear_panel,18,0.5,0.6,1.1624196704237884
vtfs_pairrank,nonlinear_panel,19,0.5,0.6,1.1602377458089286
vtfs_pairrank,nonlinear_panel,20,0.4166666666666667,0.7,1.2838391947125394
vtfs_pairrank,nonlinear_panel,21,0.4166666666666667,0.7,1.205749962668154
vtfs_pairrank,nonlinear_panel,22,0.5833333333333334,0.5,1.6228599864995112
vtfs_pairrank,nonlinear_panel,23,0.5833333333333334,0.5,1.150041663629064
vtfs_pairrank,nonlinear_panel,24,0.3333333333333333,0.8,1.104899552367129
vtfs_pairrank,nonlinear_panel,25,0.5833333333333334,0.5,1.283315441291011
vtfs_pairrank,nonlinear_panel,26,0.5,0.6,1.1628261435754752
vtfs_pairrank,nonlinear_panel,27,0.5,0.6,1.3613869928925821
vtfs_pairrank,nonlinear_panel,28,0.5,0.6,1.04559899040458
vtfs_pairrank,nonlinear_panel,29,0.5,0.6,1.1143397883491184
vtfs_pairrank,nonlinear_panel,30,0.5,0.6,1.345945929954687
vtfs_pairrank,nonlinear_panel,31,0.4166666666666667,0.7,1.0638419925610818
vtfs_pairrank,nonlinear_panel,32,0.5,0.6,1.0576360635344104
vtfs_pairrank,nonlinear_panel,33,0.5,0.6,1.1717026231010883
vtfs_pairrank,nonlinear_panel,34,0.4166666666666667,0.7,1.0261284601684566
vtfs_pairrank,nonlinear_panel,35,0.5,0.6,1.1162983743784725
vtfs_pairrank,nonlinear_panel,36,0.3333333333333333,0.8,1.1591819611221608
vtfs_pairrank,nonlinear_panel,37,0.5833333333333334,0.5,1.0838220344800598
vtfs_pairrank,nonlinear_panel,38,0.3333333333333333,0.8,1.200900499416935
vtfs_pairrank,nonlinear_panel,39,0.5,0.6,1.2065447699719587
vtfs_pairrank,nonlinear_panel,40,0.3333333333333333,0.8,1.205032456473422
vtfs_pairrank,nonlinear_panel,41,0.5833333333333334,0.5,1.1376826922882033
vtfs_pairrank,nonlinear_panel,42,0.5833333333333334,0.5,1.1029583260872435
vtfs_pairrank,nonlinear_panel,43,0.5,0.6,1.0961739892256528
vtfs_pairrank,nonlinear_panel,44,0.5,0.6,1.2273960822498182
vtfs_pairrank,nonlinear_panel,45,0.5,0.6,1.1052205283544634
vtfs_pairrank,nonlinear_panel,46,0.4166666666666667,0.7,1.0934195142569343
vtfs_pairrank,nonlinear_panel,47,0.4166666666666667,0.7,1.1828677743081366
vtfs_pairrank,nonlinear_panel,48,0.4166666666666667,0.7,1.1300197735136275
vtfs_pairrank,nonlinear_panel,49,0.3333333333333333,0.8,1.132361781739476
vtfs_pairrank,nonlinear_panel,50,0.4166666666666667,0.7,1.0733817217721129
vtfs_pairrank,nonlinear_panel,51,0.25,0.9,1.0564989711731703
vtfs_pairrank,nonlinear_panel,52,0.3333333333333333,0.8,1.3643587327056603
vtfs_pairrank,nonlinear_panel,53,0.5833333333333334,0.5,1.1646264584904429
vtfs_pairrank,nonlinear_panel,54,0.4166666666666667,0.7,1.1196447811399401
vtfs_pairrank,nonlinear_panel,55,0.5,0.6,1.2091082139824452
vtfs_pairrank,nonlinear_panel,56,0.5,0.6,1.385954186811995
vtfs_pairrank,nonlinear_panel,57,0.5,0.6,1.0662021620143156
vtfs_pairrank,nonlinear_panel,58,0.5,0.6,1.2038571637831361
vtfs_pairrank,nonlinear_panel,59,0.4166666666666667,0.7,1.0531427101215478
vtfs_pairrank,nonlinear_panel,60,0.4166666666666667,0.7,1.1862837232373462
vtfs_pairrank,nonlinear_panel,61,0.5833333333333334,0.5,1.1270676384103286
vtfs_pairrank,nonlinear_panel,62,0.4166666666666667,0.7,1.054060232311595
vtfs_pairrank,nonlinear_panel,63,0.4166666666666667,0.7,1.2824681525819348
vtfs_pairrank,nonlinear_panel,64,0.5,0.6,1.0470789972601995
vtfs_pairrank,nonlinear_panel,65,0.4166666666666667,0.7,1.0960734532544671
vtfs_pairrank,nonlinear_panel,66,0.4166666666666667,0.7,1.2861401139920428
vtfs_pairrank,nonlinear_panel,67,0.5,0.6,1.2017588250764994
vtfs_pairrank,nonlinear_panel,68,0.4166666666666667,0.7,1.1166342387450219
vtfs_pairrank,nonlinear_panel,69,0.5833333333333334,0.5,1.2029137034445572
vtfs_pairrank,nonlinear_panel,70,0.4166666666666667,0.7,1.0801828225454946
vtfs_pairrank,nonlinear_panel,71,0.5,0.6,1.1693557085595325
vtfs_pairrank,nonlinear_panel,72,0.5,0.6,1.270543353397856
vtfs_pairrank,nonlinear_panel,73,0.4166666666666667,0.7,1.2083669917503213
vtfs_pairrank,nonlinear_panel,74,0.5833333333333334,0.5,1.1771041265295175
vtfs_pairrank,nonlinear_panel,75,0.5,0.6,1.1471027736496409
vtfs_pairrank,nonlinear_panel,76,0.25,0.9,1.0848648308321398
vtfs_pairrank,nonlinear_panel,77,0.3333333333333333,0.8,1.0395628325776185
vtfs_pairrank,nonlinear_panel,78,0.3333333333333333,0.8,1.198455117580374
vtfs_pairrank,nonlinear_panel,79,0.5833333333333334,0.5,1.2366857636886308
vtfs_pairrank,nonlinear_panel,80,0.4166666666666667,0.7,1.1105478340204462
vtfs_pairrank,nonlinear_panel,81,0.4166666666666667,0.7,1.2841611074992174
vtfs_pairrank,nonlinear_panel,82,0.5,0.6,1.1902529078514281
vtfs_pairrank,nonlinear_panel,83,0.3333333333333333,0.8,1.0908542211226555
vtfs_pairrank,nonlinear_panel,84,0.5,0.6,1.1381380454352108
vtfs_pairrank,nonlinear_panel,85,0.5,0.6,1.054463843055988
vtfs_pairrank,nonlinear_panel,86,0.4166666666666667,0.7,1.224589316601379
vtfs_pairrank,nonlinear_panel,87,0.3333333333333333,0.8,1.0445141786260683
vtfs_pairrank,nonlinear_panel,88,0.3333333333333333,0.8,1.1714263949605108
vtfs_pairrank,nonlinear_panel,89,0.25,0.9,1.021465798782452
vtfs_pairrank,nonlinear_panel,90,0.5,0.6,1.298790774625266
vtfs_pairrank,nonlinear_panel,91,0.4166666666666667,0.7,1.1181514474955747
vtfs_pairrank,nonlinear_panel,92,0.5,0.6,1.1002050084924735
vtfs_pairrank,nonlinear_panel,93,0.4166666666666667,0.7,1.234672087853194
vtfs_pairrank,nonlinear_panel,94,0.5,0.6,1.2722829951644932
vtfs_pairrank,nonlinear_panel,95,0.3333333333333333,0.8,1.1376231732288375
vtfs_pairrank,nonlinear_panel,96,0.4166666666666667,0.7,1.0942295155875916
vtfs_pairrank,nonlinear_panel,97,0.5,0.6,1.162106539628448
vtfs_pairrank,nonlinear_panel,98,0.4166666666666667,0.7,1.1730266603322301
vtfs_pairrank,nonlinear_panel,99,0.25,0.9,1.094664786828558
random_k_search,linear_sparse,0,0.5833333333333334,1.0,0.6333120211594324
random_k_search,linear_sparse,1,0.5833333333333334,1.0,0.6258487197225299
random_k_search,linear_sparse,2,0.6666666666666666,0.8,0.6814371839819297
random_k_search,linear_sparse,3,0.5833333333333334,1.0,0.5844756980943803
random_k_search,linear_sparse,4,0.5833333333333334,1.0,0.6117474217593722
random_k_search,linear_sparse,5,0.75,0.6,0.7326424387347997
random_k_search,linear_sparse,6,0.5833333333333334,1.0,0.5997914820944729
random_k_search,linear_sparse,7,0.6666666666666666,0.8,0.7593869277479326
random_k_search,linear_sparse,8,0.5833333333333334,1.0,0.6109929415148145
random_k_search,linear_sparse,9,0.6666666666666666,0.8,0.6989219488167226
random_k_search,linear_sparse,10,0.6666666666666666,0.8,0.7369539137813537
random_k_search,linear_sparse,11,0.6666666666666666,0.8,0.6280754710856259
random_k_search,linear_sparse,12,0.5833333333333334,1.0,0.6540009914398048
random_k_search,linear_sparse,13,0.6666666666666666,0.8,0.7120229164029452
random_k_search,linear_sparse,14,0.5833333333333334,1.0,0.6518683264517272
random_k_search,linear_sparse,15,0.5833333333333334,1.0,0.6438430538471555
random_k_search,linear_sparse,16,0.5833333333333334,1.0,0.6501378123532564
random_k_search,linear_sparse,17,0.6666666666666666,0.8,0.7015183192593302
random_k_search,linear_sparse,18,0.5833333333333334,1.0,0.6242648129111841
random_k_search,linear_sparse,19,0.6666666666666666,0.8,0.6264137380981293
random_k_search,linear_sparse,20,0.6666666666666666,0.8,0.6781660376438848
random_k_search,linear_sparse,21,0.6666666666666666,0.8,0.6452715032370571
random_k_search,linear_sparse,22,0.6666666666666666,0.8,0.6443992108187344
random_k_search,linear_sparse,23,0.5833333333333334,1.0,0.6545625075692805
random_k_search,linear_sparse,24,0.6666666666666666,0.8,0.6799897415213261
random_k_search,linear_sparse,25,0.6666666666666666,0.8,0.7501213537289882
random_k_search,linear_sparse,26,0.5833333333333334,1.0,0.6241720794983486
random_k_search,linear_sparse,27,0.6666666666666666,0.8,0.7364720949581801
random_k_search,linear_sparse,28,0.5833333333333334,1.0,0.6189343830746146
random_k_search,linear_sparse,29,0.6666666666666666,0.8,0.6919679712984372
random_k_search,linear_sparse,30,0.6666666666666666,0.8,0.697105100706145
random_k_search,linear_sparse,31,0.5833333333333334,1.0,0.651987509607106
random_k_search,linear_sparse,32,0.6666666666666666,0.8,0.7332248768884535
random_k_search,linear_sparse,33,0.6666666666666666,0.8,0.7437519285838492
random_k_search,linear_sparse,34,0.5833333333333334,1.0,0.6666881062374409
random_k_search,linear_sparse,35,0.6666666666666666,0.8,0.6143283477502637
random_k_search,linear_sparse,36,0.6666666666666666,0.8,0.7268739312272201
random_k_search,linear_sparse,37,0.5833333333333334,1.0,0.5885499136996721
random_k_search,linear_sparse,38,0.5833333333333334,1.0,0.6343390312679226
random_k_search,linear_sparse,39,0.5833333333333334,1.0,0.7064426160473016
random_k_search,linear_sparse,40,0.6666666666666666,0.8,0.7030761397193822
random_k_search,linear_sparse,41,0.5833333333333334,1.0,0.6603857191535699
random_k_search,linear_sparse,42,0.6666666666666666,0.8,0.6704579052244256
random_k_search,linear_sparse,43,0.5833333333333334,1.0,0.6375105202277577
random_k_search,linear_sparse,44,0.6666666666666666,0.8,0.6937047441254415
random_k_search,linear_sparse,45,0.6666666666666666,0.8,0.7097810495918649
random_k_search,linear_sparse,46,0.6666666666666666,0.8,0.6549540944132044
random_k_search,linear_sparse,47,0.6666666666666666,0.8,0.6667341102162158
random_k_search,linear_sparse,48,0.5833333333333334,1.0,0.6198467415635038
random_k_search,linear_sparse,49,0.75,0.6,0.7409385838472963
random_k_search,linear_sparse,50,0.6666666666666666,0.8,0.7175966047160319
random_k_search,linear_sparse,51,0.6666666666666666,0.8,0.7088896596437196
random_k_search,linear_sparse,52,0.6666666666666666,0.8,0.6060787514095078
random_k_search,linear_sparse,53,0.6666666666666666,0.8,0.6691300726479287
random_k_search,linear_sparse,54,0.6666666666666666,0.8,0.7233769543717027
random_k_search,linear_sparse,55,0.6666666666666666,0.8,0.7251376415674459
random_k_search,linear_sparse,56,0.5833333333333334,1.0,0.6420558681494994
random_k_search,linear_sparse,57,0.6666666666666666,0.8,0.6501098446174437
random_k_search,linear_sparse,58,0.6666666666666666,0.8,0.6670554408539151
random_k_search,linear_sparse,59,0.6666666666666666,0.8,0.7261197958352614
random_k_search,linear_sparse,60,0.6666666666666666,0.8,0.884553443808157
random_k_search,linear_sparse,61,0.5833333333333334,1.0,0.6350034889388129
random_k_search,linear_sparse,62,0.6666666666666666,0.8,0.675506888108109
random_k_search,linear_sparse,63,0.6666666666666666,0.8,0.787423641421539
random_k_search,linear_sparse,64,0.6666666666666666,0.8,0.73650324989787
random_k_search,linear_sparse,65,0.6666666666666666,0.8,0.644774828634662
random_k_search,linear_sparse,66,0.5833333333333334,1.0,0.6394437312583074
random_k_search,linear_sparse,67,0.5833333333333334,1.0,0.6374660661625479
random_k_search,linear_sparse,68,0.6666666666666666,0.8,0.6890871289681567
random_k_search,linear_sparse,69,0.6666666666666666,0.8,0.7545096536004354
random_k_search,linear_sparse,70,0.6666666666666666,0.8,0.7619446577226399
random_k_search,linear_sparse,71,0.5833333333333334,1.0,0.6422344523113662
random_k_search,linear_sparse,72,0.6666666666666666,0.8,0.7070205778249257
random_k_search,linear_sparse,73,0.6666666666666666,0.8,0.7519652167288642
random_k_search,linear_sparse,74,0.5833333333333334,1.0,0.6028326184954411
random_k_search,linear_sparse,75,0.6666666666666666,0.8,0.633162924206443
random_k_search,linear_sparse,76,0.5833333333333334,1.0,0.6195777761471951
random_k_search,linear_sparse,77,0.6666666666666666,0.8,0.6802570787597285
random_k_search,linear_sparse,78,0.5833333333333334,1.0,0.6662874845577574
random_k_search,linear_sparse,79,0.5833333333333334,1.0,0.6241479633257608
random_k_search,linear_sparse,80,0.6666666666666666,0.8,0.6200993589995174
random_k_search,linear_sparse,81,0.5833333333333334,1.0,0.6604917813020031
random_k_search,linear_sparse,82,0.6666666666666666,0.8,0.6936484144251802
random_k_search,linear_sparse,83,0.6666666666666666,0.8,0.6482794993969486
random_k_search,linear_sparse,84,0.5833333333333334,1.0,0.6222667174091946
random_k_search,linear_sparse,85,0.6666666666666666,0.8,0.6728360024695963
random_k_search,linear_sparse,86,0.5833333333333334,1.0,0.6220245340363115
random_k_search,linear_sparse,87,0.5833333333333334,1.0,0.6722490275823737
random_k_search,linear_sparse,88,0.6666666666666666,0.8,0.7305183877033963
random_k_search,linear_sparse,89,0.5833333333333334,1.0,0.5967672305285568
random_k_search,linear_sparse,90,0.6666666666666666,0.8,0.6857887435794314
random_k_search,linear_sparse,91,0.6666666666666666,0.8,0.7099271347797527
random_k_search,linear_sparse,92,0.5833333333333334,1.0,0.6048880959960239
random_k_search,linear_sparse,93,0.6666666666666666,0.8,0.6372742927592754
random_k_search,linear_sparse,94,0.6666666666666666,0.8,0.6696579530924704
random_k_search,linear_sparse,95,0.5833333333333334,1.0,0.6422919517452184
random_k_search,linear_sparse,96,0.6666666666666666,0.8,0.7087039736727594
random_k_search,linear_sparse,97,0.6666666666666666,0.8,0.6446203401239328
random_k_search,linear_sparse,98,0.5833333333333334,1.0,0.5954392666155897
random_k_search,linear_sparse,99,0.5833333333333334,1.0,0.6316866439904856
random_k_search,linear_medium,0,0.3333333333333333,0.8,1.1478045249947053
random_k_search,linear_medium,1,0.5,0.6,1.1120596997720533
random_k_search,linear_medium,2,0.5,0.6,1.0770371553265654
random_k_search,linear_medium,3,0.3333333333333333,0.8,1.1527554169423775
random_k_search,linear_medium,4,0.5,0.6,1.1806214448775083
random_k_search,linear_medium,5,0.5,0.6,1.095735585849731
random_k_search,linear_medium,6,0.4166666666666667,0.7,1.1857347690531506
random_k_search,linear_medium,7,0.4166666666666667,0.7,1.106031873851594
random_k_search,linear_medium,8,0.3333333333333333,0.8,1.1133852686026906
random_k_search,linear_medium,9,0.5,0.6,1.0977348386901342
random_k_search,linear_medium,10,0.4166666666666667,0.7,1.153522149481781
random_k_search,linear_medium,11,0.4166666666666667,0.7,1.0712092847888288
random_k_search,linear_medium,12,0.4166666666666667,0.7,1.1102788367323546
random_k_search,linear_medium,13,0.5,0.6,1.1088608880764985
random_k_search,linear_medium,14,0.5833333333333334,0.5,1.1477650303375755
random_k_search,linear_medium,15,0.5833333333333334,0.5,1.096962084236822
random_k_search,linear_medium,16,0.4166666666666667,0.7,1.1962670221250267
random_k_search,linear_medium,17,0.25,0.9,1.1072451373660976
random_k_search,linear_medium,18,0.5833333333333334,0.5,1.1712144233419435
random_k_search,linear_medium,19,0.5,0.6,1.1082757729182042
random_k_search,linear_medium,20,0.4166666666666667,0.7,1.1925213412389022
random_k_search,linear_medium,21,0.5833333333333334,0.5,1.1710254931082242
random_k_search,linear_medium,22,0.5,0.6,1.143124531070623
random_k_search,linear_medium,23,0.6666666666666666,0.4,1.153462864591919
random_k_search,linear_medium,24,0.5,0.6,1.1237815348184332
random_k_search,linear_medium,25,0.4166666666666667,0.7,1.1743924136165897
random_k_search,linear_medium,26,0.5833333333333334,0.5,1.104614748799659
random_k_search,linear_medium,27,0.4166666666666667,0.7,1.0851994793560675
random_k_search,linear_medium,28,0.5,0.6,1.116182671396554
random_k_search,linear_medium,29,0.5,0.6,1.1049452816230376
random_k_search,linear_medium,30,0.4166666666666667,0.7,1.167302831828352
random_k_search,linear_medium,31,0.4166666666666667,0.7,1.1680284910508034
random_k_search,linear_medium,32,0.5,0.6,1.1552207093334061
random_k_search,linear_medium,33,0.3333333333333333,0.8,1.092075020925464
random_k_search,linear_medium,34,0.4166666666666667,0.7,1.0837001425644743
random_k_search,linear_medium,35,0.5,0.6,1.1464739347742896
random_k_search,linear_medium,36,0.5,0.6,1.158344365409342
random_k_search,linear_medium,37,0.5,0.6,1.143812291832388
random_k_search,linear_medium,38,0.4166666666666667,0.7,1.1199756584092035
random_k_search,linear_medium,39,0.4166666666666667,0.7,1.0609228247423403
random_k_search,linear_medium,40,0.5833333333333334,0.5,1.1375508689373164
random_k_search,linear_medium,41,0.5833333333333334,0.5,1.1542037617345715
random_k_search,linear_medium,42,0.5,0.6,1.0664015791136148
random_k_search,linear_medium,43,0.4166666666666667,0.7,1.0408127837241603
random_k_search,linear_medium,44,0.4166666666666667,0.7,1.05020910913507
random_k_search,linear_medium,45,0.4166666666666667,0.7,1.1470701288859
random_k_search,linear_medium,46,0.4166666666666667,0.7,1.187606276384208
random_k_search,linear_medium,47,0.3333333333333333,0.8,1.103021740259543
random_k_search,linear_medium,48,0.5833333333333334,0.5,1.197380802910544
random_k_search,linear_medium,49,0.5,0.6,1.0492838210693536
random_k_search,linear_medium,50,0.5,0.6,1.077126031416859
random_k_search,linear_medium,51,0.4166666666666667,0.7,1.0649301565276448
random_k_search,linear_medium,52,0.3333333333333333,0.8,1.1441825198307884
random_k_search,linear_medium,53,0.4166666666666667,0.7,1.1490020033373254
random_k_search,linear_medium,54,0.4166666666666667,0.7,1.0503623520360488
random_k_search,linear_medium,55,0.4166666666666667,0.7,1.1707760386218398
random_k_search,linear_medium,56,0.5,0.6,1.1460676351118635
random_k_search,linear_medium,57,0.5833333333333334,0.5,1.2046685957952878
random_k_search,linear_medium,58,0.3333333333333333,0.8,1.1096596465504542
random_k_search,linear_medium,59,0.5,0.6,1.1443665859341055
random_k_search,linear_medium,60,0.4166666666666667,0.7,1.1423375353269947
random_k_search,linear_medium,61,0.5833333333333334,0.5,1.1774327535014661
random_k_search,linear_medium,62,0.5,0.6,1.1136854980521023
random_k_search,linear_medium,63,0.5,0.6,1.1064285143869632
random_k_search,linear_medium,64,0.5,0.6,1.1661307889326638
random_k_search,linear_medium,65,0.5833333333333334,0.5,1.1832111467419273
random_k_search,linear_medium,66,0.5,0.6,1.1733662338200777
random_k_search,linear_medium,67,0.5,0.6,1.1859069452449402
random_k_search,linear_medium,68,0.5833333333333334,0.5,1.1044136998076894
random_k_search,linear_medium,69,0.5,0.6,1.1193973729385003
random_k_search,linear_medium,70,0.5833333333333334,0.5,1.1589407681137174
random_k_search,linear_medium,71,0.4166666666666667,0.7,1.0289610530896798
random_k_search,linear_medium,72,0.5833333333333334,0.5,1.2732270693055183
random_k_search,linear_medium,73,0.5,0.6,1.1511152660929507
random_k_search,linear_medium,74,0.5,0.6,1.1094401561740355
random_k_search,linear_medium,75,0.4166666666666667,0.7,1.2243574418031435
random_k_search,linear_medium,76,0.4166666666666667,0.7,1.1386456709254973
random_k_search,linear_medium,77,0.5833333333333334,0.5,1.1466445361394608
random_k_search,linear_medium,78,0.4166666666666667,0.7,1.1517145215554223
random_k_search,linear_medium,79,0.25,0.9,1.173201228194138
random_k_search,linear_medium,80,0.3333333333333333,0.8,1.1063212408994803
random_k_search,linear_medium,81,0.5,0.6,1.2012192218852829
random_k_search,linear_medium,82,0.3333333333333333,0.8,1.1483860184195196
random_k_search,linear_medium,83,0.4166666666666667,0.7,1.0895177475775575
random_k_search,linear_medium,84,0.5,0.6,1.1811813661729689
random_k_search,linear_medium,85,0.3333333333333333,0.8,1.2284778800694545
random_k_search,linear_medium,86,0.5,0.6,1.1082687427838696
random_k_search,linear_medium,87,0.5,0.6,1.0930194318523354
random_k_search,linear_medium,88,0.25,0.9,1.038007229637734
random_k_search,linear_medium,89,0.3333333333333333,0.8,1.1835024593964971
random_k_search,linear_medium,90,0.5833333333333334,0.5,1.099200952541216
random_k_search,linear_medium,91,0.5,0.6,1.1067202948034272
random_k_search,linear_medium,92,0.5833333333333334,0.5,1.1561442528276011
random_k_search,linear_medium,93,0.4166666666666667,0.7,1.133981505796985
random_k_search,linear_medium,94,0.5833333333333334,0.5,1.1481720247978666
random_k_search,linear_medium,95,0.4166666666666667,0.7,1.0895607748669145
random_k_search,linear_medium,96,0.5,0.6,1.1096368954857707
random_k_search,linear_medium,97,0.5,0.6,1.1736856513549965
random_k_search,linear_medium,98,0.4166666666666667,0.7,1.056141532661656
random_k_search,linear_medium,99,0.3333333333333333,0.8,1.0983809798364628
random_k_search,linear_weak,0,0.3333333333333333,0.8,1.9778828100748422
random_k_search,linear_weak,1,0.6666666666666666,0.4,2.0323839590124484
random_k_search,linear_weak,2,0.4166666666666667,0.7,1.9565270947980116
random_k_search,linear_weak,3,0.5833333333333334,0.5,1.9448703582504385
random_k_search,linear_weak,4,0.5833333333333334,0.5,1.9837781608766043
random_k_search,linear_weak,5,0.5833333333333334,0.5,1.8369231336593435
random_k_search,linear_weak,6,0.6666666666666666,0.4,1.9873051127756067
random_k_search,linear_weak,7,0.5,0.6,1.9632569393799104
random_k_search,linear_weak,8,0.5,0.6,1.9856337541155729
random_k_search,linear_weak,9,0.5,0.6,1.8152134701641902
random_k_search,linear_weak,10,0.5,0.6,1.924926306092896
random_k_search,linear_weak,11,0.4166666666666667,0.7,1.8118566541220136
random_k_search,linear_weak,12,0.5833333333333334,0.5,1.8444158451419514
random_k_search,linear_weak,13,0.5,0.6,1.919752389873503
random_k_search,linear_weak,14,0.3333333333333333,0.8,1.8482094623788146
random_k_search,linear_weak,15,0.5833333333333334,0.5,1.7541263386891732
random_k_search,linear_weak,16,0.4166666666666667,0.7,1.9491244057269947
random_k_search,linear_weak,17,0.5833333333333334,0.5,1.9987830582126136
random_k_search,linear_weak,18,0.5,0.6,1.9862953433643329
random_k_search,linear_weak,19,0.5,0.6,1.9785351178727941
random_k_search,linear_weak,20,0.6666666666666666,0.4,1.9520384530136952
random_k_search,linear_weak,21,0.5,0.6,1.9146758420168588
random_k_search,linear_weak,22,0.5833333333333334,0.5,1.9143230358800085
random_k_search,linear_weak,23,0.6666666666666666,0.4,1.8627911338081906
random_k_search,linear_weak,24,0.4166666666666667,0.7,1.850601092108878
random_k_search,linear_weak,25,0.5,0.6,1.8444329916347662
random_k_search,linear_weak,26,0.3333333333333333,0.8,1.8667185883514352
random_k_search,linear_weak,27,0.3333333333333333,0.8,1.9064861636935133
random_k_search,linear_weak,28,0.5,0.6,1.883111459449285
random_k_search,linear_weak,29,0.5833333333333334,0.5,1.944593163474557
random_k_search,linear_weak,30,0.4166666666666667,0.7,1.9188980230057568
random_k_search,linear_weak,31,0.5833333333333334,0.5,1.8994156823865447
random_k_search,linear_weak,32,0.5,0.6,1.9069870043147585
random_k_search,linear_weak,33,0.5833333333333334,0.5,1.8439848684676807
random_k_search,linear_weak,34,0.4166666666666667,0.7,1.8240888442393952
random_k_search,linear_weak,35,0.4166666666666667,0.7,1.8166498109807137
random_k_search,linear_weak,36,0.5833333333333334,0.5,1.9628975799254393
random_k_search,linear_weak,37,0.5,0.6,2.079375801818971
random_k_search,linear_weak,38,0.5833333333333334,0.5,1.9969147350226322
random_k_search,linear_weak,39,0.5,0.6,1.9408748504302569
random_k_search,linear_weak,40,0.3333333333333333,0.8,1.9332628766207869
random_k_search,linear_weak,41,0.3333333333333333,0.8,1.9588721269812976
random_k_search,linear_weak,42,0.5,0.6,1.9816109779427982
random_k_search,linear_weak,43,0.5833333333333334,0.5,1.9799924858924995
random_k_search,linear_weak,44,0.6666666666666666,0.4,2.1006574386977777
random_k_search,linear_weak,45,0.5833333333333334,0.5,2.085788888627586
random_k_search,linear_weak,46,0.4166666666666667,0.7,1.9570947242818
random_k_search,linear_weak,47,0.5833333333333334,0.5,1.8591425806616402
random_k_search,linear_weak,48,0.6666666666666666,0.4,1.8859395196246649
random_k_search,linear_weak,49,0.5833333333333334,0.5,1.982914826503206
random_k_search,linear_weak,50,0.6666666666666666,0.4,1.9895622763679934
random_k_search,linear_weak,51,0.5,0.6,1.8107725053569774
random_k_search,linear_weak,52,0.75,0.3,1.8783784878659848
random_k_search,linear_weak,53,0.5,0.6,1.9684213466715752
random_k_search,linear_weak,54,0.4166666666666667,0.7,1.9509485856325102
random_k_search,linear_weak,55,0.5,0.6,1.97516709116948
random_k_search,linear_weak,56,0.4166666666666667,0.7,1.9007985815583044
random_k_search,linear_weak,57,0.5833333333333334,0.5,1.9949994464609193
random_k_search,linear_weak,58,0.4166666666666667,0.7,1.7477908022353783
random_k_search,linear_weak,59,0.4166666666666667,0.7,1.9714186107572205
random_k_search,linear_weak,60,0.4166666666666667,0.7,1.8542371176954866
random_k_search,linear_weak,61,0.5,0.6,2.01519264096888
random_k_search,linear_weak,62,0.4166666666666667,0.7,1.9776983545358513
random_k_search,linear_weak,63,0.4166666666666667,0.7,2.0043919616017862
random_k_search,linear_weak,64,0.4166666666666667,0.7,1.9758921965820693
random_k_search,linear_weak,65,0.5,0.6,2.0108997297226225
random_k_search,linear_weak,66,0.5,0.6,2.0232048572813546
random_k_search,linear_weak,67,0.5,0.6,1.9450291982798351
random_k_search,linear_weak,68,0.5,0.6,1.8059775361238246
random_k_search,linear_weak,69,0.5833333333333334,0.5,1.9634627280245527
random_k_search,linear_weak,70,0.5,0.6,1.9292129521392958
random_k_search,linear_weak,71,0.5,0.6,1.9400203971059882
random_k_search,linear_weak,72,0.5833333333333334,0.5,1.871183904259823
random_k_search,linear_weak,73,0.6666666666666666,0.4,1.979035532296914
random_k_search,linear_weak,74,0.3333333333333333,0.8,1.988025334071071
random_k_search,linear_weak,75,0.5833333333333334,0.5,1.9954208535535167
random_k_search,linear_weak,76,0.5,0.6,1.881624513273299
random_k_search,linear_weak,77,0.5,0.6,1.8237424916769367
random_k_search,linear_weak,78,0.5,0.6,1.908673948893164
random_k_search,linear_weak,79,0.5,0.6,1.8709836994706628
random_k_search,linear_weak,80,0.4166666666666667,0.7,1.93817939955283
random_k_search,linear_weak,81,0.5,0.6,1.9799254661366579
random_k_search,linear_weak,82,0.5833333333333334,0.5,1.8859220217250505
random_k_search,linear_weak,83,0.5833333333333334,0.5,1.9403391062819797
random_k_search,linear_weak,84,0.5833333333333334,0.5,1.9182518205105714
random_k_search,linear_weak,85,0.5833333333333334,0.5,1.8791980550196545
random_k_search,linear_weak,86,0.5,0.6,1.9491776273227546
random_k_search,linear_weak,87,0.5833333333333334,0.5,1.972819879858528
random_k_search,linear_weak,88,0.5,0.6,1.908967471068469
random_k_search,linear_weak,89,0.4166666666666667,0.7,1.8091656263453633
random_k_search,linear_weak,90,0.5,0.6,1.8132578624470888
random_k_search,linear_weak,91,0.5,0.6,1.890365732346552
random_k_search,linear_weak,92,0.5833333333333334,0.5,1.9825634498222768
random_k_search,linear_weak,93,0.5833333333333334,0.5,1.8240919097296917
random_k_search,linear_weak,94,0.5,0.6,1.9495481147489817
random_k_search,linear_weak,95,0.5,0.6,1.9628735451771055
random_k_search,linear_weak,96,0.6666666666666666,0.4,1.927340141967816
random_k_search,linear_weak,97,0.5,0.6,1.8436508857719125
random_k_search,linear_weak,98,0.5,0.6,1.9322172125064696
random_k_search,linear_weak,99,0.5833333333333334,0.5,1.9333706679163292
random_k_search,linear_dense,0,0.3333333333333333,0.5333333333333333,1.151575554001142
random_k_search,linear_dense,1,0.3333333333333333,0.5333333333333333,1.235023169157207
random_k_search,linear_dense,2,0.25,0.6,1.139151932716198
random_k_search,linear_dense,3,0.25,0.6,1.2110042000730579
random_k_search,linear_dense,4,0.4166666666666667,0.4666666666666667,1.0692468370912764
random_k_search,linear_dense,5,0.4166666666666667,0.4666666666666667,1.1635894980995736
random_k_search,linear_dense,6,0.25,0.6,1.0624848919167338
random_k_search,linear_dense,7,0.3333333333333333,0.5333333333333333,1.1249101946857012
random_k_search,linear_dense,8,0.3333333333333333,0.5333333333333333,1.0897616361771902
random_k_search,linear_dense,9,0.3333333333333333,0.5333333333333333,1.0852663397988673
random_k_search,linear_dense,10,0.3333333333333333,0.5333333333333333,1.1348438251668291
random_k_search,linear_dense,11,0.3333333333333333,0.5333333333333333,1.1517245637815572
random_k_search,linear_dense,12,0.4166666666666667,0.4666666666666667,1.1410352627506413
random_k_search,linear_dense,13,0.3333333333333333,0.5333333333333333,1.1510411850184872
random_k_search,linear_dense,14,0.3333333333333333,0.5333333333333333,1.1089579089841464
random_k_search,linear_dense,15,0.25,0.6,1.0667418126388672
random_k_search,linear_dense,16,0.16666666666666666,0.6666666666666666,1.0819265429230085
random_k_search,linear_dense,17,0.3333333333333333,0.5333333333333333,1.1993384570582915
random_k_search,linear_dense,18,0.25,0.6,1.0391428961719371
random_k_search,linear_dense,19,0.25,0.6,1.0978152411962538
random_k_search,linear_dense,20,0.4166666666666667,0.4666666666666667,1.1058356036080494
random_k_search,linear_dense,21,0.3333333333333333,0.5333333333333333,1.0960135184039996
random_k_search,linear_dense,22,0.4166666666666667,0.4666666666666667,1.2642485982171852
random_k_search,linear_dense,23,0.5,0.4,1.1567899776948196
random_k_search,linear_dense,24,0.4166666666666667,0.4666666666666667,1.2264880853897437
random_k_search,linear_dense,25,0.4166666666666667,0.4666666666666667,1.0667356479740098
random_k_search,linear_dense,26,0.3333333333333333,0.5333333333333333,1.1696484803438896
random_k_search,linear_dense,27,0.25,0.6,1.1739515272839423
random_k_search,linear_dense,28,0.4166666666666667,0.4666666666666667,1.14852114432834
random_k_search,linear_dense,29,0.3333333333333333,0.5333333333333333,1.1069137610113422
random_k_search,linear_dense,30,0.3333333333333333,0.5333333333333333,1.1317389800524016
random_k_search,linear_dense,31,0.3333333333333333,0.5333333333333333,1.075299570185312
random_k_search,linear_dense,32,0.5,0.4,1.1201008244474187
random_k_search,linear_dense,33,0.4166666666666667,0.4666666666666667,1.117899237951451
random_k_search,linear_dense,34,0.5,0.4,1.24480043699326
random_k_search,linear_dense,35,0.4166666666666667,0.4666666666666667,1.1873085043940266
random_k_search,linear_dense,36,0.3333333333333333,0.5333333333333333,1.1355367507167393
random_k_search,linear_dense,37,0.3333333333333333,0.5333333333333333,1.1688703270856984
random_k_search,linear_dense,38,0.5,0.4,1.197523619752639
random_k_search,linear_dense,39,0.4166666666666667,0.4666666666666667,1.1276561502441418
random_k_search,linear_dense,40,0.5,0.4,1.1106354632685829
random_k_search,linear_dense,41,0.3333333333333333,0.5333333333333333,1.0952174001441257
random_k_search,linear_dense,42,0.3333333333333333,0.5333333333333333,1.1356489319738394
random_k_search,linear_dense,43,0.3333333333333333,0.5333333333333333,1.2161513240718982
random_k_search,linear_dense,44,0.3333333333333333,0.5333333333333333,1.1684777006497216
random_k_search,linear_dense,45,0.4166666666666667,0.4666666666666667,1.1506125997269285
random_k_search,linear_dense,46,0.4166666666666667,0.4666666666666667,1.310063643294776
random_k_search,linear_dense,47,0.3333333333333333,0.5333333333333333,1.0822437670242275
random_k_search,linear_dense,48,0.4166666666666667,0.4666666666666667,1.0769024208952187
random_k_search,linear_dense,49,0.25,0.6,1.1334477992458374
random_k_search,linear_dense,50,0.4166666666666667,0.4666666666666667,1.067642128563398
random_k_search,linear_dense,51,0.16666666666666666,0.6666666666666666,1.1348679278652412
random_k_search,linear_dense,52,0.3333333333333333,0.5333333333333333,1.1021472238960224
random_k_search,linear_dense,53,0.3333333333333333,0.5333333333333333,1.1942933220907228
random_k_search,linear_dense,54,0.3333333333333333,0.5333333333333333,1.11478318134964
random_k_search,linear_dense,55,0.25,0.6,1.1018744034730101
random_k_search,linear_dense,56,0.3333333333333333,0.5333333333333333,1.0640093078963648
random_k_search,linear_dense,57,0.3333333333333333,0.5333333333333333,1.2145947025043398
random_k_search,linear_dense,58,0.4166666666666667,0.4666666666666667,1.1716777315241866
random_k_search,linear_dense,59,0.4166666666666667,0.4666666666666667,1.2142566769303937
random_k_search,linear_dense,60,0.3333333333333333,0.5333333333333333,1.1846260748134292
random_k_search,linear_dense,61,0.4166666666666667,0.4666666666666667,1.1014535427413377
random_k_search,linear_dense,62,0.4166666666666667,0.4666666666666667,1.1718752707933269
random_k_search,linear_dense,63,0.25,0.6,1.1588021526291445
random_k_search,linear_dense,64,0.3333333333333333,0.5333333333333333,1.1728662080723866
random_k_search,linear_dense,65,0.4166666666666667,0.4666666666666667,1.2183987671525731
random_k_search,linear_dense,66,0.3333333333333333,0.5333333333333333,1.1341988194334902
random_k_search,linear_dense,67,0.3333333333333333,0.5333333333333333,1.1717239042595309
random_k_search,linear_dense,68,0.3333333333333333,0.5333333333333333,1.0902445896618143
random_k_search,linear_dense,69,0.5,0.4,1.162525426226583
random_k_search,linear_dense,70,0.3333333333333333,0.5333333333333333,1.144088730757749
random_k_search,linear_dense,71,0.4166666666666667,0.4666666666666667,1.107378898353226
random_k_search,linear_dense,72,0.5833333333333334,0.3333333333333333,1.194779296034274
random_k_search,linear_dense,73,0.3333333333333333,0.5333333333333333,1.1199580201121728
random_k_search,linear_dense,74,0.25,0.6,1.184674773442488
random_k_search,linear_dense,75,0.4166666666666667,0.4666666666666667,1.0857257107321137
random_k_search,linear_dense,76,0.4166666666666667,0.4666666666666667,1.141871504013898
random_k_search,linear_dense,77,0.4166666666666667,0.4666666666666667,1.158422926842677
random_k_search,linear_dense,78,0.3333333333333333,0.5333333333333333,1.1059559371792744
random_k_search,linear_dense,79,0.4166666666666667,0.4666666666666667,1.1716396563640272
random_k_search,linear_dense,80,0.25,0.6,1.1277528960164362
random_k_search,linear_dense,81,0.4166666666666667,0.4666666666666667,1.2067670739836458
random_k_search,linear_dense,82,0.3333333333333333,0.5333333333333333,1.1271497635215177
random_k_search,linear_dense,83,0.25,0.6,1.0933175577209577
random_k_search,linear_dense,84,0.4166666666666667,0.4666666666666667,1.1824041056444707
random_k_search,linear_dense,85,0.4166666666666667,0.4666666666666667,1.226779631263336
random_k_search,linear_dense,86,0.25,0.6,1.167765601873392
random_k_search,linear_dense,87,0.4166666666666667,0.4666666666666667,1.2451026020590488
random_k_search,linear_dense,88,0.5,0.4,1.1227012375783538
random_k_search,linear_dense,89,0.25,0.6,1.146895802270908
random_k_search,linear_dense,90,0.4166666666666667,0.4666666666666667,1.1443149124689709
random_k_search,linear_dense,91,0.3333333333333333,0.5333333333333333,1.0886981613248083
random_k_search,linear_dense,92,0.3333333333333333,0.5333333333333333,1.1211444292943475
random_k_search,linear_dense,93,0.4166666666666667,0.4666666666666667,1.2393184253279386
random_k_search,linear_dense,94,0.3333333333333333,0.5333333333333333,1.20305218528118
random_k_search,linear_dense,95,0.5,0.4,1.113064452758344
random_k_search,linear_dense,96,0.4166666666666667,0.4666666666666667,1.1285051568076034
random_k_search,linear_dense,97,0.4166666666666667,0.4666666666666667,1.2517911155534607
random_k_search,linear_dense,98,0.4166666666666667,0.4666666666666667,1.1407486986904258
random_k_search,linear_dense,99,0.4166666666666667,0.4666666666666667,1.1324516546098053
random_k_search,nonlinear,0,0.5,0.6,1.2361404181598985
random_k_search,nonlinear,1,0.5,0.6,1.1640581826429237
random_k_search,nonlinear,2,0.5,0.6,1.128156082217723
random_k_search,nonlinear,3,0.5,0.6,1.16696923371515
random_k_search,nonlinear,4,0.5,0.6,1.10430758221126
random_k_search,nonlinear,5,0.5,0.6,1.4316285525963688
random_k_search,nonlinear,6,0.4166666666666667,0.7,1.2021942248479074
random_k_search,nonlinear,7,0.4166666666666667,0.7,1.1365543884268579
random_k_search,nonlinear,8,0.5,0.6,1.179279739437057
random_k_search,nonlinear,9,0.4166666666666667,0.7,1.1713042506307607
random_k_search,nonlinear,10,0.5,0.6,1.133479466160672
random_k_search,nonlinear,11,0.5,0.6,1.1397848882645392
random_k_search,nonlinear,12,0.4166666666666667,0.7,1.1994363262399952
random_k_search,nonlinear,13,0.5833333333333334,0.5,1.2542731903782744
random_k_search,nonlinear,14,0.5,0.6,1.1484441029315005
random_k_search,nonlinear,15,0.5,0.6,1.2519239067895003
random_k_search,nonlinear,16,0.5833333333333334,0.5,1.2632874028335526
random_k_search,nonlinear,17,0.3333333333333333,0.8,1.2244733198588214
random_k_search,nonlinear,18,0.4166666666666667,0.7,1.1976015086527685
random_k_search,nonlinear,19,0.5,0.6,1.203378790312371
random_k_search,nonlinear,20,0.3333333333333333,0.8,1.1725268772127186
random_k_search,nonlinear,21,0.5,0.6,1.142837037138048
random_k_search,nonlinear,22,0.5833333333333334,0.5,1.0724657621226124
random_k_search,nonlinear,23,0.5,0.6,1.2655648637541357
random_k_search,nonlinear,24,0.5,0.6,1.166014022052716
random_k_search,nonlinear,25,0.5,0.6,1.154270897153638
random_k_search,nonlinear,26,0.5,0.6,1.1937234840832576
random_k_search,nonlinear,27,0.5833333333333334,0.5,1.2823849044114473
random_k_search,nonlinear,28,0.5,0.6,1.0647731374323846
random_k_search,nonlinear,29,0.5833333333333334,0.5,1.2617940675392438
random_k_search,nonlinear,30,0.4166666666666667,0.7,1.103349588205746
random_k_search,nonlinear,31,0.5,0.6,1.2535000107028396
random_k_search,nonlinear,32,0.5,0.6,1.2265567180708143
random_k_search,nonlinear,33,0.5,0.6,1.1847655476656682
random_k_search,nonlinear,34,0.5,0.6,1.1976144980241346
random_k_search,nonlinear,35,0.4166666666666667,0.7,1.3160505003846996
random_k_search,nonlinear,36,0.4166666666666667,0.7,1.0770645996728518
random_k_search,nonlinear,37,0.5,0.6,1.4986607344714098
random_k_search,nonlinear,38,0.5,0.6,1.4532612926525421
random_k_search,nonlinear,39,0.5,0.6,1.1275353590984138
random_k_search,nonlinear,40,0.4166666666666667,0.7,1.0890926476896685
random_k_search,nonlinear,41,0.5,0.6,1.0999455963327833
random_k_search,nonlinear,42,0.5833333333333334,0.5,1.2247612386492763
random_k_search,nonlinear,43,0.25,0.9,1.1832343405244297
random_k_search,nonlinear,44,0.5,0.6,1.3180844213544785
random_k_search,nonlinear,45,0.5,0.6,1.1323337591063631
random_k_search,nonlinear,46,0.3333333333333333,0.8,1.104460031644585
random_k_search,nonlinear,47,0.4166666666666667,0.7,1.082415274494611
random_k_search,nonlinear,48,0.5,0.6,1.1840573802963834
random_k_search,nonlinear,49,0.5,0.6,1.3940654341863885
random_k_search,nonlinear,50,0.5833333333333334,0.5,1.0910210853931086
random_k_search,nonlinear,51,0.5,0.6,1.2855774475672257
random_k_search,nonlinear,52,0.5833333333333334,0.5,1.172057663165328
random_k_search,nonlinear,53,0.5833333333333334,0.5,1.1584727746137071
random_k_search,nonlinear,54,0.5,0.6,1.7297496574738342
random_k_search,nonlinear,55,0.4166666666666667,0.7,1.2191326149414066
random_k_search,nonlinear,56,0.4166666666666667,0.7,1.2995282315773173
random_k_search,nonlinear,57,0.5833333333333334,0.5,1.1662559907150198
random_k_search,nonlinear,58,0.6666666666666666,0.4,1.1970941264037172
random_k_search,nonlinear,59,0.5,0.6,1.2027457361517473
random_k_search,nonlinear,60,0.5,0.6,1.0846844243349187
random_k_search,nonlinear,61,0.4166666666666667,0.7,1.1691448459879863
random_k_search,nonlinear,62,0.5,0.6,1.2657541500899445
random_k_search,nonlinear,63,0.4166666666666667,0.7,1.0743562647199318
random_k_search,nonlinear,64,0.4166666666666667,0.7,1.2023584698407694
random_k_search,nonlinear,65,0.5,0.6,1.2238219880388586
random_k_search,nonlinear,66,0.5833333333333334,0.5,1.3424200658580079
random_k_search,nonlinear,67,0.4166666666666667,0.7,1.19992623276418
random_k_search,nonlinear,68,0.5833333333333334,0.5,1.0972390575652198
random_k_search,nonlinear,69,0.5,0.6,1.2497104616943102
random_k_search,nonlinear,70,0.6666666666666666,0.4,1.2205900312807314
random_k_search,nonlinear,71,0.5,0.6,1.2451524047005695
random_k_search,nonlinear,72,0.5,0.6,1.1918643788519498
random_k_search,nonlinear,73,0.3333333333333333,0.8,1.1774048809464537
random_k_search,nonlinear,74,0.5833333333333334,0.5,1.255525625174662
random_k_search,nonlinear,75,0.5,0.6,1.288619148367411
random_k_search,nonlinear,76,0.4166666666666667,0.7,1.1831051629750764
random_k_search,nonlinear,77,0.5,0.6,1.2226086484231449
random_k_search,nonlinear,78,0.4166666666666667,0.7,1.0654536089723123
random_k_search,nonlinear,79,0.5,0.6,1.210375815927544
random_k_search,nonlinear,80,0.6666666666666666,0.4,1.2018267053607752
random_k_search,nonlinear,81,0.4166666666666667,0.7,1.1867013393539165
random_k_search,nonlinear,82,0.5,0.6,1.1391178698409468
random_k_search,nonlinear,83,0.5,0.6,1.245416232529178
random_k_search,nonlinear,84,0.5,0.6,1.1221309704703435
random_k_search,nonlinear,85,0.3333333333333333,0.8,1.1038415966870783
random_k_search,nonlinear,86,0.5833333333333334,0.5,1.1508702652774656
random_k_search,nonlinear,87,0.5833333333333334,0.5,1.1500655523490373
random_k_search,nonlinear,88,0.5,0.6,1.3003758736934716
random_k_search,nonlinear,89,0.3333333333333333,0.8,1.144056015732467
random_k_search,nonlinear,90,0.5833333333333334,0.5,1.4683282991110378
random_k_search,nonlinear,91,0.5,0.6,1.199293396079916
random_k_search,nonlinear,92,0.4166666666666667,0.7,1.2185616924703724
random_k_search,nonlinear,93,0.5,0.6,1.1064620713859157
random_k_search,nonlinear,94,0.5833333333333334,0.5,1.32376216224918
random_k_search,nonlinear,95,0.5,0.6,1.182643905889936
random_k_search,nonlinear,96,0.4166666666666667,0.7,1.1540721561502076
random_k_search,nonlinear,97,0.3333333333333333,0.8,1.1353195512233107
random_k_search,nonlinear,98,0.4166666666666667,0.7,1.566347257033789
random_k_search,nonlinear,99,0.5833333333333334,0.5,1.3826056055080418
random_k_search,nonlinear_panel,0,0.4166666666666667,0.7,1.1864029734259671
random_k_search,nonlinear_panel,1,0.4166666666666667,0.7,1.1501201727659687
random_k_search,nonlinear_panel,2,0.5,0.6,1.185592963904403
random_k_search,nonlinear_panel,3,0.6666666666666666,0.4,1.2621390047538403
random_k_search,nonlinear_panel,4,0.5833333333333334,0.5,1.1786287171544625
random_k_search,nonlinear_panel,5,0.5833333333333334,0.5,1.2366545305718375
random_k_search,nonlinear_panel,6,0.5,0.6,1.24803856007235
random_k_search,nonlinear_panel,7,0.4166666666666667,0.7,1.1690903719953747
random_k_search,nonlinear_panel,8,0.4166666666666667,0.7,1.5398069068419082
random_k_search,nonlinear_panel,9,0.5,0.6,1.1689624394290732
random_k_search,nonlinear_panel,10,0.5,0.6,1.3384050362272455
random_k_search,nonlinear_panel,11,0.4166666666666667,0.7,1.073432772346492
random_k_search,nonlinear_panel,12,0.4166666666666667,0.7,1.0401551917193177
random_k_search,nonlinear_panel,13,0.5,0.6,1.2513433180940083
random_k_search,nonlinear_panel,14,0.4166666666666667,0.7,1.226451399397719
random_k_search,nonlinear_panel,15,0.5833333333333334,0.5,1.1123706510154183
random_k_search,nonlinear_panel,16,0.5,0.6,1.1977288111558961
random_k_search,nonlinear_panel,17,0.5,0.6,1.1809093466527236
random_k_search,nonlinear_panel,18,0.5833333333333334,0.5,1.169960503244449
random_k_search,nonlinear_panel,19,0.4166666666666667,0.7,1.1541579872591903
random_k_search,nonlinear_panel,20,0.6666666666666666,0.4,1.2992953795015214
random_k_search,nonlinear_panel,21,0.4166666666666667,0.7,1.2109924456996806
random_k_search,nonlinear_panel,22,0.5,0.6,1.6214276896167845
random_k_search,nonlinear_panel,23,0.5833333333333334,0.5,1.1771330340924142
random_k_search,nonlinear_panel,24,0.4166666666666667,0.7,1.1006721964775652
random_k_search,nonlinear_panel,25,0.4166666666666667,0.7,1.2895784216076407
random_k_search,nonlinear_panel,26,0.5,0.6,1.2192645280212746
random_k_search,nonlinear_panel,27,0.4166666666666667,0.7,1.3185912714244967
random_k_search,nonlinear_panel,28,0.5833333333333334,0.5,1.0861264285740795
random_k_search,nonlinear_panel,29,0.5,0.6,1.0919479769764433
random_k_search,nonlinear_panel,30,0.5833333333333334,0.5,1.3655923650578652
random_k_search,nonlinear_panel,31,0.4166666666666667,0.7,1.0638419925610818
random_k_search,nonlinear_panel,32,0.5,0.6,1.0691027980415961
random_k_search,nonlinear_panel,33,0.5,0.6,1.1717026231010883
random_k_search,nonlinear_panel,34,0.5,0.6,1.0477967247182522
random_k_search,nonlinear_panel,35,0.5,0.6,1.0978486201388202
random_k_search,nonlinear_panel,36,0.4166666666666667,0.7,1.1639100422512676
random_k_search,nonlinear_panel,37,0.5833333333333334,0.5,1.0838220344800598
random_k_search,nonlinear_panel,38,0.3333333333333333,0.8,1.187604607582023
random_k_search,nonlinear_panel,39,0.5,0.6,1.2086286876894934
random_k_search,nonlinear_panel,40,0.4166666666666667,0.7,1.2199364759805031
random_k_search,nonlinear_panel,41,0.5833333333333334,0.5,1.1376826922882033
random_k_search,nonlinear_panel,42,0.4166666666666667,0.7,1.1072274676717238
random_k_search,nonlinear_panel,43,0.5,0.6,1.1072989637930408
random_k_search,nonlinear_panel,44,0.5,0.6,1.2456120629294
random_k_search,nonlinear_panel,45,0.5,0.6,1.1075617122601564
random_k_search,nonlinear_panel,46,0.5833333333333334,0.5,1.1337249764977773
random_k_search,nonlinear_panel,47,0.5,0.6,1.2147535116043593
random_k_search,nonlinear_panel,48,0.3333333333333333,0.8,1.152991004446937
random_k_search,nonlinear_panel,49,0.3333333333333333,0.8,1.132361781739476
random_k_search,nonlinear_panel,50,0.3333333333333333,0.8,1.0639052986504893
random_k_search,nonlinear_panel,51,0.3333333333333333,0.8,1.0870843583638201
random_k_search,nonlinear_panel,52,0.4166666666666667,0.7,1.3545740860386675
random_k_search,nonlinear_panel,53,0.5,0.6,1.1443146067848935
random_k_search,nonlinear_panel,54,0.4166666666666667,0.7,1.1237683507109761
random_k_search,nonlinear_panel,55,0.5833333333333334,0.5,1.215786772288289
random_k_search,nonlinear_panel,56,0.5,0.6,1.385954186811995
random_k_search,nonlinear_panel,57,0.25,0.9,1.0439875504914697
random_k_search,nonlinear_panel,58,0.5,0.6,1.2222749502268264
random_k_search,nonlinear_panel,59,0.5,0.6,1.102138534589574
random_k_search,nonlinear_panel,60,0.4166666666666667,0.7,1.1862837232373462
random_k_search,nonlinear_panel,61,0.5833333333333334,0.5,1.1294677795199133
random_k_search,nonlinear_panel,62,0.5833333333333334,0.5,1.0687669350884403
random_k_search,nonlinear_panel,63,0.5833333333333334,0.5,1.3194949708784625
random_k_search,nonlinear_panel,64,0.5,0.6,1.0470789972601995
random_k_search,nonlinear_panel,65,0.5833333333333334,0.5,1.0914747982057635
random_k_search,nonlinear_panel,66,0.5833333333333334,0.5,1.296769504805293
random_k_search,nonlinear_panel,67,0.5833333333333334,0.5,1.2294894935342946
random_k_search,nonlinear_panel,68,0.5,0.6,1.1362928825192118
random_k_search,nonlinear_panel,69,0.5,0.6,1.2042019767826173
random_k_search,nonlinear_panel,70,0.4166666666666667,0.7,1.078239416833725
random_k_search,nonlinear_panel,71,0.5,0.6,1.1207513424878628
random_k_search,nonlinear_panel,72,0.5,0.6,1.2519814260073838
random_k_search,nonlinear_panel,73,0.4166666666666667,0.7,1.2083669917503213
random_k_search,nonlinear_panel,74,0.5833333333333334,0.5,1.1771041265295175
random_k_search,nonlinear_panel,75,0.4166666666666667,0.7,1.168736750859078
random_k_search,nonlinear_panel,76,0.5833333333333334,0.5,1.1583727984422267
random_k_search,nonlinear_panel,77,0.3333333333333333,0.8,1.0395628325776185
random_k_search,nonlinear_panel,78,0.5,0.6,1.2169020459996278
random_k_search,nonlinear_panel,79,0.5833333333333334,0.5,1.254782052452531
random_k_search,nonlinear_panel,80,0.5,0.6,1.1388492529209309
random_k_search,nonlinear_panel,81,0.4166666666666667,0.7,1.2841611074992174
random_k_search,nonlinear_panel,82,0.5,0.6,1.1902529078514281
random_k_search,nonlinear_panel,83,0.5,0.6,1.1104249831376642
random_k_search,nonlinear_panel,84,0.5833333333333334,0.5,1.168952869384531
random_k_search,nonlinear_panel,85,0.5,0.6,1.054463843055988
random_k_search,nonlinear_panel,86,0.4166666666666667,0.7,1.2269707106072527
random_k_search,nonlinear_panel,87,0.5,0.6,1.0486830303475532
random_k_search,nonlinear_panel,88,0.4166666666666667,0.7,1.1837774313867873
random_k_search,nonlinear_panel,89,0.5,0.6,1.0684064594250033
random_k_search,nonlinear_panel,90,0.3333333333333333,0.8,1.2502386957942426
random_k_search,nonlinear_panel,91,0.4166666666666667,0.7,1.1181514474955747
random_k_search,nonlinear_panel,92,0.5,0.6,1.0994336133971312
random_k_search,nonlinear_panel,93,0.5833333333333334,0.5,1.387453624989099
random_k_search,nonlinear_panel,94,0.5833333333333334,0.5,1.259550870726632
random_k_search,nonlinear_panel,95,0.3333333333333333,0.8,1.1376231732288375
random_k_search,nonlinear_panel,96,0.5,0.6,1.107797978388894
random_k_search,nonlinear_panel,97,0.5833333333333334,0.5,1.2468708428109943
random_k_search,nonlinear_panel,98,0.4166666666666667,0.7,1.2290551906834926
random_k_search,nonlinear_panel,99,0.4166666666666667,0.7,1.1346923453410718
