method,run,group,fraction,half,J,set
lasso_pair_q20,half_00_A,0,0.5,A,0.6,"[20, 0, 25, 16, 23, 27, 26, 2, 22, 17, 6, 11]"
linear_orbit_student,half_00_A,0,0.5,A,0.6,"[0, 16, 2, 25, 20, 21, 22, 27, 13, 26, 23, 10]"
xgb_shap,half_00_A,0,0.5,A,0.7142857142857143,"[21, 0, 23, 16, 24, 19, 20, 15, 18, 2, 25, 28]"
xgb_pfi,half_00_A,0,0.5,A,0.8461538461538461,"[21, 0, 16, 19, 23, 15, 20, 18, 2, 24, 1, 28]"
tabm_pfi,half_00_A,0,0.5,A,0.7142857142857143,"[0, 23, 16, 20, 19, 21, 15, 2, 27, 25, 24, 17]"
deep_lasso,half_00_A,0,0.5,A,0.8461538461538461,"[20, 0, 23, 21, 25, 16, 19, 24, 27, 18, 15, 26]"
xgb_naive,half_00_A,0,0.5,A,0.8461538461538461,"[16, 19, 0, 18, 15, 2, 17, 1, 25, 20, 7, 8]"
xgb_midpoint,half_00_A,0,0.5,A,0.5,"[16, 19, 0, 15, 17, 18, 1, 2, 20, 25, 8, 24]"
xgb_orbit,half_00_A,0,0.5,A,0.6,"[16, 19, 0, 15, 18, 2, 17, 1, 20, 25, 22, 24]"
xgb_orbit_student,half_00_A,0,0.5,A,0.5,"[16, 19, 0, 15, 17, 2, 13, 1, 18, 25, 20, 10]"
tabm_naive,half_00_A,0,0.5,A,0.5,"[16, 0, 15, 19, 18, 20, 2, 27, 1, 22, 25, 5]"
tabm_midpoint,half_00_A,0,0.5,A,0.4117647058823529,"[16, 0, 15, 19, 18, 20, 27, 2, 1, 22, 24, 5]"
tabm_orbit,half_00_A,0,0.5,A,0.4117647058823529,"[16, 0, 15, 19, 18, 20, 27, 2, 1, 22, 24, 5]"
tabm_orbit_student,half_00_A,0,0.5,A,0.5,"[16, 0, 18, 15, 27, 20, 22, 21, 1, 25, 2, 19]"
lasso_pair_q20,half_00_B,0,0.5,B,0.6,"[0, 20, 16, 25, 26, 11, 22, 23, 15, 19, 13, 27]"
linear_orbit_student,half_00_B,0,0.5,B,0.5,"[0, 16, 23, 22, 21, 19, 27, 26, 14, 17, 6, 25]"
xgb_shap,half_00_B,0,0.5,B,0.8461538461538461,"[23, 21, 0, 24, 16, 15, 19, 25, 7, 1, 18, 20]"
xgb_pfi,half_00_B,0,0.5,B,0.7142857142857143,"[23, 21, 0, 16, 24, 20, 19, 15, 18, 28, 25, 1]"
tabm_pfi,half_00_B,0,0.5,B,0.7142857142857143,"[23, 0, 21, 15, 16, 19, 20, 25, 7, 24, 22, 28]"
deep_lasso,half_00_B,0,0.5,B,0.8461538461538461,"[23, 21, 0, 25, 16, 15, 19, 20, 27, 24, 7, 9]"
xgb_naive,half_00_B,0,0.5,B,0.6,"[0, 16, 18, 19, 15, 17, 4, 7, 23, 25, 1, 21]"
xgb_midpoint,half_00_B,0,0.5,B,0.5,"[16, 19, 0, 15, 18, 17, 1, 23, 4, 8, 25, 21]"
xgb_orbit,half_00_B,0,0.5,B,0.6,"[16, 0, 19, 15, 18, 17, 1, 4, 23, 21, 25, 8]"
xgb_orbit_student,half_00_B,0,0.5,B,0.6,"[0, 16, 19, 18, 15, 11, 1, 23, 4, 21, 17, 22]"
tabm_naive,half_00_B,0,0.5,B,0.3333333333333333,"[16, 0, 19, 15, 18, 27, 23, 22, 25, 1, 26, 21]"
tabm_midpoint,half_00_B,0,0.5,B,0.4117647058823529,"[16, 0, 19, 15, 18, 27, 23, 1, 21, 22, 28, 5]"
tabm_orbit,half_00_B,0,0.5,B,0.3333333333333333,"[16, 0, 19, 15, 18, 23, 27, 1, 21, 22, 5, 26]"
tabm_orbit_student,half_00_B,0,0.5,B,0.5,"[0, 16, 18, 19, 23, 21, 1, 5, 22, 15, 26, 3]"
lasso_pair_q20,half_01_A,1,0.5,A,0.6,"[20, 0, 25, 26, 16, 27, 2, 1, 6, 19, 10, 23]"
linear_orbit_student,half_01_A,1,0.5,A,0.7142857142857143,"[0, 19, 16, 20, 21, 27, 26, 25, 2, 17, 28, 1]"
xgb_shap,half_01_A,1,0.5,A,0.8461538461538461,"[21, 0, 24, 16, 23, 15, 19, 20, 18, 2, 25, 7]"
xgb_pfi,half_01_A,1,0.5,A,0.7142857142857143,"[21, 0, 16, 24, 19, 23, 18, 15, 20, 28, 2, 17]"
tabm_pfi,half_01_A,1,0.5,A,0.6,"[23, 0, 15, 19, 16, 21, 20, 2, 22, 28, 27, 9]"
deep_lasso,half_01_A,1,0.5,A,1.0,"[21, 23, 15, 0, 25, 20, 16, 19, 27, 18, 7, 24]"
xgb_naive,half_01_A,1,0.5,A,0.7142857142857143,"[16, 0, 19, 18, 15, 27, 21, 25, 1, 17, 2, 24]"
xgb_midpoint,half_01_A,1,0.5,A,0.6,"[16, 19, 0, 15, 17, 21, 1, 18, 3, 20, 24, 2]"
xgb_orbit,half_01_A,1,0.5,A,0.5,"[16, 0, 19, 15, 18, 21, 17, 1, 27, 2, 3, 25]"
xgb_orbit_student,half_01_A,1,0.5,A,0.6,"[0, 16, 19, 15, 21, 18, 11, 1, 17, 3, 27, 25]"
tabm_naive,half_01_A,1,0.5,A,0.5,"[16, 19, 15, 0, 27, 20, 18, 2, 22, 25, 24, 21]"
tabm_midpoint,half_01_A,1,0.5,A,0.6,"[15, 16, 0, 19, 27, 20, 18, 17, 3, 21, 2, 26]"
tabm_orbit,half_01_A,1,0.5,A,0.5,"[15, 16, 0, 19, 27, 20, 18, 17, 3, 21, 26, 2]"
tabm_orbit_student,half_01_A,1,0.5,A,0.6,"[0, 16, 19, 15, 27, 20, 21, 12, 18, 26, 17, 3]"
lasso_pair_q20,half_01_B,1,0.5,B,0.4117647058823529,"[0, 20, 25, 16, 8, 22, 28, 10, 4, 26, 17, 14]"
linear_orbit_student,half_01_B,1,0.5,B,0.6,"[16, 20, 0, 22, 25, 26, 8, 23, 27, 2, 1, 3]"
xgb_shap,half_01_B,1,0.5,B,0.6,"[23, 21, 0, 16, 19, 24, 15, 25, 20, 18, 17, 8]"
xgb_pfi,half_01_B,1,0.5,B,0.7142857142857143,"[23, 0, 21, 16, 19, 20, 15, 2, 25, 24, 18, 22]"
tabm_pfi,half_01_B,1,0.5,B,0.8461538461538461,"[23, 0, 16, 21, 15, 19, 20, 2, 25, 24, 22, 27]"
deep_lasso,half_01_B,1,0.5,B,0.7142857142857143,"[23, 21, 0, 16, 20, 19, 25, 15, 27, 8, 9, 18]"
xgb_naive,half_01_B,1,0.5,B,0.7142857142857143,"[16, 0, 19, 8, 15, 25, 17, 6, 20, 2, 18, 5]"
xgb_midpoint,half_01_B,1,0.5,B,0.5,"[16, 19, 0, 15, 8, 17, 20, 25, 5, 6, 22, 13]"
xgb_orbit,half_01_B,1,0.5,B,0.4117647058823529,"[16, 19, 0, 15, 8, 17, 20, 25, 6, 2, 7, 5]"
xgb_orbit_student,half_01_B,1,0.5,B,0.4117647058823529,"[16, 0, 19, 20, 6, 8, 15, 13, 11, 17, 25, 12]"
tabm_naive,half_01_B,1,0.5,B,0.6,"[16, 19, 0, 15, 8, 18, 20, 3, 27, 24, 25, 6]"
tabm_midpoint,half_01_B,1,0.5,B,0.6,"[16, 19, 0, 15, 8, 20, 27, 3, 22, 18, 6, 24]"
tabm_orbit,half_01_B,1,0.5,B,0.7142857142857143,"[16, 19, 0, 15, 8, 20, 18, 27, 22, 3, 24, 6]"
tabm_orbit_student,half_01_B,1,0.5,B,0.5,"[16, 0, 19, 20, 15, 8, 13, 18, 3, 27, 22, 24]"
lasso_pair_q20,half_02_A,2,0.5,A,0.5,"[0, 21, 20, 16, 27, 14, 26, 23, 2, 25, 28, 5]"
linear_orbit_student,half_02_A,2,0.5,A,0.7142857142857143,"[0, 21, 19, 2, 20, 16, 27, 15, 28, 25, 7, 26]"
xgb_shap,half_02_A,2,0.5,A,0.7142857142857143,"[21, 24, 0, 23, 19, 16, 15, 18, 20, 9, 27, 7]"
xgb_pfi,half_02_A,2,0.5,A,0.8461538461538461,"[21, 0, 24, 23, 19, 15, 16, 18, 20, 27, 2, 28]"
tabm_pfi,half_02_A,2,0.5,A,0.7142857142857143,"[23, 0, 19, 15, 16, 21, 20, 2, 27, 18, 25, 9]"
deep_lasso,half_02_A,2,0.5,A,0.8461538461538461,"[23, 0, 21, 20, 19, 25, 16, 27, 15, 24, 18, 2]"
xgb_naive,half_02_A,2,0.5,A,0.5,"[0, 19, 16, 18, 15, 27, 2, 17, 9, 28, 8, 11]"
xgb_midpoint,half_02_A,2,0.5,A,0.6,"[19, 16, 15, 0, 17, 8, 2, 27, 21, 20, 1, 18]"
xgb_orbit,half_02_A,2,0.5,A,0.6,"[19, 16, 0, 15, 18, 17, 27, 2, 8, 21, 9, 20]"
xgb_orbit_student,half_02_A,2,0.5,A,0.5,"[0, 19, 16, 15, 11, 17, 2, 12, 27, 23, 21, 18]"
tabm_naive,half_02_A,2,0.5,A,0.6,"[19, 16, 15, 0, 18, 2, 27, 23, 17, 8, 20, 21]"
tabm_midpoint,half_02_A,2,0.5,A,0.6,"[19, 16, 0, 15, 18, 2, 20, 17, 23, 3, 21, 13]"
tabm_orbit,half_02_A,2,0.5,A,0.5,"[19, 16, 15, 0, 18, 2, 20, 17, 27, 23, 21, 3]"
tabm_orbit_student,half_02_A,2,0.5,A,0.6,"[0, 19, 16, 15, 2, 21, 23, 20, 13, 17, 18, 3]"
lasso_pair_q20,half_02_B,2,0.5,B,0.5,"[20, 0, 16, 19, 14, 26, 15, 6, 25, 7, 9, 11]"
linear_orbit_student,half_02_B,2,0.5,B,0.6,"[0, 20, 16, 22, 11, 8, 28, 2, 26, 27, 1, 3]"
xgb_shap,half_02_B,2,0.5,B,0.8461538461538461,"[23, 0, 21, 16, 15, 25, 19, 20, 2, 24, 18, 7]"
xgb_pfi,half_02_B,2,0.5,B,0.7142857142857143,"[23, 21, 0, 16, 19, 15, 20, 2, 18, 25, 24, 7]"
tabm_pfi,half_02_B,2,0.5,B,0.8461538461538461,"[0, 23, 21, 15, 16, 20, 19, 2, 24, 25, 18, 26]"
deep_lasso,half_02_B,2,0.5,B,0.8461538461538461,"[23, 21, 0, 20, 25, 16, 15, 19, 24, 2, 18, 7]"
xgb_naive,half_02_B,2,0.5,B,0.4117647058823529,"[16, 0, 19, 15, 18, 28, 8, 27, 3, 20, 6, 22]"
xgb_midpoint,half_02_B,2,0.5,B,0.5,"[16, 19, 0, 15, 28, 8, 20, 17, 6, 18, 27, 21]"
xgb_orbit,half_02_B,2,0.5,B,0.5,"[16, 19, 0, 15, 28, 18, 8, 20, 6, 27, 17, 3]"
xgb_orbit_student,half_02_B,2,0.5,B,0.5,"[16, 19, 0, 28, 15, 14, 20, 8, 6, 18, 27, 21]"
tabm_naive,half_02_B,2,0.5,B,0.7142857142857143,"[16, 0, 19, 15, 20, 18, 27, 22, 8, 5, 3, 2]"
tabm_midpoint,half_02_B,2,0.5,B,0.5,"[16, 0, 19, 15, 20, 27, 18, 22, 5, 28, 14, 25]"
tabm_orbit,half_02_B,2,0.5,B,0.5,"[16, 0, 19, 15, 20, 27, 18, 22, 5, 8, 14, 2]"
tabm_orbit_student,half_02_B,2,0.5,B,0.5,"[16, 0, 19, 20, 27, 18, 15, 22, 5, 14, 11, 8]"
lasso_pair_q20,half_03_A,3,0.5,A,0.5,"[20, 0, 25, 16, 27, 18, 26, 7, 19, 6, 17, 8]"
linear_orbit_student,half_03_A,3,0.5,A,0.6,"[0, 16, 25, 20, 27, 23, 21, 8, 22, 7, 17, 26]"
xgb_shap,half_03_A,3,0.5,A,0.7142857142857143,"[23, 0, 21, 24, 16, 19, 15, 20, 18, 7, 25, 17]"
xgb_pfi,half_03_A,3,0.5,A,0.7142857142857143,"[23, 0, 21, 16, 19, 24, 15, 20, 2, 18, 9, 28]"
tabm_pfi,half_03_A,3,0.5,A,0.8461538461538461,"[23, 0, 16, 15, 19, 21, 20, 24, 27, 2, 25, 22]"
deep_lasso,half_03_A,3,0.5,A,0.8461538461538461,"[23, 0, 21, 20, 16, 24, 25, 19, 27, 15, 18, 2]"
xgb_naive,half_03_A,3,0.5,A,0.6,"[0, 16, 19, 15, 18, 17, 7, 25, 8, 9, 2, 24]"
xgb_midpoint,half_03_A,3,0.5,A,0.6,"[16, 19, 0, 15, 17, 25, 8, 20, 1, 24, 2, 21]"
xgb_orbit,half_03_A,3,0.5,A,0.5,"[16, 19, 0, 15, 17, 25, 24, 8, 2, 20, 21, 9]"
xgb_orbit_student,half_03_A,3,0.5,A,0.6,"[0, 16, 19, 15, 25, 17, 21, 11, 20, 24, 26, 8]"
tabm_naive,half_03_A,3,0.5,A,0.6,"[16, 19, 0, 15, 20, 18, 27, 17, 24, 22, 8, 7]"
tabm_midpoint,half_03_A,3,0.5,A,0.7142857142857143,"[16, 0, 19, 15, 20, 18, 27, 17, 25, 24, 22, 3]"
tabm_orbit,half_03_A,3,0.5,A,0.6,"[16, 0, 19, 15, 20, 27, 18, 24, 17, 25, 23, 8]"
tabm_orbit_student,half_03_A,3,0.5,A,0.5,"[0, 16, 24, 17, 15, 19, 11, 20, 25, 27, 3, 23]"
lasso_pair_q20,half_03_B,3,0.5,B,0.6,"[23, 0, 20, 25, 26, 16, 15, 22, 27, 13, 28, 17]"
linear_orbit_student,half_03_B,3,0.5,B,0.7142857142857143,"[0, 19, 25, 16, 21, 22, 3, 20, 26, 27, 23, 2]"
xgb_shap,half_03_B,3,0.5,B,0.8461538461538461,"[21, 23, 0, 16, 19, 24, 15, 25, 18, 20, 2, 7]"
xgb_pfi,half_03_B,3,0.5,B,0.8461538461538461,"[21, 0, 23, 16, 19, 20, 18, 2, 24, 25, 15, 1]"
tabm_pfi,half_03_B,3,0.5,B,0.8461538461538461,"[23, 0, 21, 15, 16, 19, 20, 2, 24, 25, 18, 8]"
deep_lasso,half_03_B,3,0.5,B,0.8461538461538461,"[23, 21, 0, 25, 20, 15, 19, 16, 27, 24, 9, 18]"
xgb_naive,half_03_B,3,0.5,B,0.6,"[16, 19, 0, 18, 27, 17, 21, 20, 24, 1, 6, 25]"
xgb_midpoint,half_03_B,3,0.5,B,0.4117647058823529,"[16, 19, 0, 15, 18, 27, 17, 21, 1, 6, 24, 25]"
xgb_orbit,half_03_B,3,0.5,B,0.5,"[16, 19, 0, 18, 15, 27, 17, 21, 1, 24, 6, 5]"
xgb_orbit_student,half_03_B,3,0.5,B,0.5,"[19, 0, 16, 12, 20, 27, 21, 18, 6, 11, 15, 24]"
tabm_naive,half_03_B,3,0.5,B,0.3333333333333333,"[15, 19, 16, 0, 27, 25, 5, 28, 24, 18, 23, 20]"
tabm_midpoint,half_03_B,3,0.5,B,0.4117647058823529,"[15, 16, 0, 19, 27, 5, 18, 25, 9, 20, 24, 23]"
tabm_orbit,half_03_B,3,0.5,B,0.4117647058823529,"[15, 0, 16, 19, 5, 27, 18, 25, 20, 9, 24, 23]"
tabm_orbit_student,half_03_B,3,0.5,B,0.3333333333333333,"[0, 16, 15, 5, 19, 25, 27, 21, 20, 12, 23, 24]"
lasso_pair_q20,half_04_A,4,0.5,A,0.6,"[20, 0, 23, 25, 16, 26, 2, 3, 6, 22, 8, 27]"
linear_orbit_student,half_04_A,4,0.5,A,0.7142857142857143,"[0, 21, 23, 20, 16, 19, 25, 8, 2, 27, 26, 18]"
xgb_shap,half_04_A,4,0.5,A,0.8461538461538461,"[21, 0, 24, 16, 23, 19, 25, 15, 20, 1, 18, 7]"
xgb_pfi,half_04_A,4,0.5,A,0.7142857142857143,"[21, 16, 0, 23, 19, 18, 24, 20, 15, 2, 25, 17]"
tabm_pfi,half_04_A,4,0.5,A,0.7142857142857143,"[0, 23, 16, 21, 19, 15, 20, 2, 17, 18, 25, 5]"
deep_lasso,half_04_A,4,0.5,A,0.8461538461538461,"[23, 0, 21, 20, 24, 25, 16, 27, 15, 19, 2, 7]"
xgb_naive,half_04_A,4,0.5,A,0.7142857142857143,"[16, 0, 19, 18, 7, 15, 17, 25, 21, 2, 20, 6]"
xgb_midpoint,half_04_A,4,0.5,A,0.4117647058823529,"[16, 19, 0, 15, 7, 17, 18, 21, 25, 20, 2, 6]"
xgb_orbit,half_04_A,4,0.5,A,0.5,"[16, 19, 0, 15, 18, 7, 17, 25, 21, 2, 20, 6]"
xgb_orbit_student,half_04_A,4,0.5,A,0.6,"[16, 0, 19, 7, 15, 20, 17, 21, 23, 18, 14, 25]"
tabm_naive,half_04_A,4,0.5,A,0.4117647058823529,"[19, 16, 0, 15, 18, 7, 17, 20, 23, 25, 27, 21]"
tabm_midpoint,half_04_A,4,0.5,A,0.4117647058823529,"[19, 16, 0, 15, 18, 20, 7, 27, 17, 23, 2, 26]"
tabm_orbit,half_04_A,4,0.5,A,0.5,"[19, 16, 0, 15, 18, 20, 7, 17, 27, 23, 26, 25]"
tabm_orbit_student,half_04_A,4,0.5,A,0.5,"[0, 16, 19, 18, 23, 20, 21, 25, 17, 15, 14, 7]"
lasso_pair_q20,half_04_B,4,0.5,B,0.4117647058823529,"[20, 0, 25, 27, 21, 5, 16, 26, 28, 14, 3, 4]"
linear_orbit_student,half_04_B,4,0.5,B,0.5,"[0, 25, 20, 16, 27, 21, 23, 26, 22, 7, 1, 3]"
xgb_shap,half_04_B,4,0.5,B,0.6,"[23, 21, 0, 16, 15, 19, 24, 20, 18, 27, 17, 25]"
xgb_pfi,half_04_B,4,0.5,B,0.8461538461538461,"[23, 21, 0, 16, 19, 20, 15, 18, 2, 24, 27, 9]"
tabm_pfi,half_04_B,4,0.5,B,0.7142857142857143,"[23, 0, 16, 15, 21, 19, 20, 2, 25, 1, 24, 27]"
deep_lasso,half_04_B,4,0.5,B,0.8461538461538461,"[23, 21, 0, 16, 15, 25, 20, 19, 27, 24, 18, 4]"
xgb_naive,half_04_B,4,0.5,B,0.4117647058823529,"[0, 16, 15, 19, 18, 17, 3, 27, 9, 22, 12, 25]"
xgb_midpoint,half_04_B,4,0.5,B,0.4117647058823529,"[16, 19, 0, 15, 17, 27, 3, 4, 25, 12, 22, 24]"
xgb_orbit,half_04_B,4,0.5,B,0.4117647058823529,"[16, 0, 19, 15, 18, 27, 17, 4, 3, 12, 25, 22]"
xgb_orbit_student,half_04_B,4,0.5,B,0.4117647058823529,"[0, 16, 19, 15, 25, 12, 20, 18, 27, 17, 3, 24]"
tabm_naive,half_04_B,4,0.5,B,0.5,"[16, 15, 0, 19, 20, 18, 1, 3, 25, 4, 22, 27]"
tabm_midpoint,half_04_B,4,0.5,B,0.5,"[16, 0, 15, 19, 18, 20, 3, 25, 27, 4, 1, 24]"
tabm_orbit,half_04_B,4,0.5,B,0.5,"[16, 0, 15, 19, 20, 3, 18, 27, 25, 4, 1, 24]"
tabm_orbit_student,half_04_B,4,0.5,B,0.5,"[0, 16, 15, 3, 20, 19, 12, 25, 24, 21, 18, 27]"
lasso_pair_q20,half_05_A,5,0.5,A,0.3333333333333333,"[0, 23, 26, 16, 15, 28, 19, 8, 12, 14, 7, 17]"
linear_orbit_student,half_05_A,5,0.5,A,0.7142857142857143,"[0, 23, 16, 27, 8, 26, 22, 28, 7, 25, 20, 2]"
xgb_shap,half_05_A,5,0.5,A,0.8461538461538461,"[23, 0, 21, 24, 16, 19, 15, 18, 20, 2, 1, 17]"
xgb_pfi,half_05_A,5,0.5,A,0.8461538461538461,"[23, 0, 21, 19, 16, 24, 15, 20, 2, 18, 1, 8]"
tabm_pfi,half_05_A,5,0.5,A,0.6,"[0, 23, 15, 16, 19, 21, 2, 20, 17, 1, 8, 18]"
deep_lasso,half_05_A,5,0.5,A,0.7142857142857143,"[23, 21, 16, 0, 25, 20, 19, 15, 27, 9, 24, 2]"
xgb_naive,half_05_A,5,0.5,A,0.5,"[16, 19, 0, 18, 15, 27, 23, 8, 12, 17, 20, 10]"
xgb_midpoint,half_05_A,5,0.5,A,0.5,"[16, 19, 0, 15, 27, 17, 23, 8, 12, 10, 20, 11]"
xgb_orbit,half_05_A,5,0.5,A,0.4117647058823529,"[16, 19, 0, 15, 27, 17, 8, 23, 12, 10, 20, 6]"
xgb_orbit_student,half_05_A,5,0.5,A,0.3333333333333333,"[16, 0, 19, 15, 23, 27, 10, 12, 8, 17, 20, 6]"
tabm_naive,half_05_A,5,0.5,A,0.5,"[16, 19, 15, 0, 27, 18, 20, 2, 8, 23, 25, 13]"
tabm_midpoint,half_05_A,5,0.5,A,0.3333333333333333,"[16, 0, 19, 15, 18, 27, 23, 26, 5, 2, 8, 20]"
tabm_orbit,half_05_A,5,0.5,A,0.4117647058823529,"[16, 0, 19, 15, 18, 27, 23, 2, 8, 26, 5, 20]"
tabm_orbit_student,half_05_A,5,0.5,A,0.2631578947368421,"[16, 0, 19, 15, 23, 18, 12, 27, 8, 13, 5, 26]"
lasso_pair_q20,half_05_B,5,0.5,B,0.6,"[20, 0, 25, 27, 16, 2, 26, 6, 22, 9, 12, 1]"
linear_orbit_student,half_05_B,5,0.5,B,0.6,"[0, 26, 2, 20, 25, 27, 22, 16, 17, 7, 4, 8]"
xgb_shap,half_05_B,5,0.5,B,0.7142857142857143,"[21, 23, 0, 16, 19, 15, 24, 25, 18, 1, 20, 27]"
xgb_pfi,half_05_B,5,0.5,B,0.7142857142857143,"[21, 23, 0, 16, 19, 20, 18, 24, 15, 25, 28, 27]"
tabm_pfi,half_05_B,5,0.5,B,0.7142857142857143,"[23, 0, 21, 20, 16, 15, 19, 24, 27, 2, 25, 26]"
deep_lasso,half_05_B,5,0.5,B,1.0,"[23, 0, 21, 20, 25, 19, 15, 16, 24, 27, 18, 7]"
xgb_naive,half_05_B,5,0.5,B,0.3333333333333333,"[0, 16, 19, 18, 15, 4, 2, 22, 6, 27, 26, 24]"
xgb_midpoint,half_05_B,5,0.5,B,0.2631578947368421,"[19, 16, 15, 0, 4, 28, 7, 18, 22, 24, 26, 2]"
xgb_orbit,half_05_B,5,0.5,B,0.4117647058823529,"[16, 19, 0, 15, 18, 4, 7, 22, 28, 2, 24, 26]"
xgb_orbit_student,half_05_B,5,0.5,B,0.4117647058823529,"[19, 0, 16, 15, 4, 11, 18, 24, 2, 22, 26, 7]"
tabm_naive,half_05_B,5,0.5,B,0.5,"[0, 16, 19, 15, 18, 20, 24, 27, 26, 2, 5, 3]"
tabm_midpoint,half_05_B,5,0.5,B,0.5,"[16, 0, 15, 19, 18, 27, 5, 20, 26, 24, 22, 3]"
tabm_orbit,half_05_B,5,0.5,B,0.4117647058823529,"[0, 16, 15, 19, 18, 27, 20, 5, 26, 24, 4, 22]"
tabm_orbit_student,half_05_B,5,0.5,B,0.5,"[0, 16, 19, 5, 24, 2, 18, 20, 26, 15, 3, 22]"
lasso_pair_q20,half_06_A,6,0.5,A,0.5,"[20, 0, 25, 16, 27, 2, 26, 22, 23, 17, 3, 5]"
linear_orbit_student,half_06_A,6,0.5,A,0.6,"[0, 16, 20, 25, 22, 13, 23, 17, 21, 28, 2, 27]"
xgb_shap,half_06_A,6,0.5,A,0.8461538461538461,"[23, 0, 21, 24, 19, 16, 15, 20, 18, 25, 2, 1]"
xgb_pfi,half_06_A,6,0.5,A,0.7142857142857143,"[23, 0, 21, 19, 16, 24, 15, 20, 18, 2, 25, 22]"
tabm_pfi,half_06_A,6,0.5,A,0.8461538461538461,"[23, 0, 15, 21, 16, 19, 2, 24, 25, 20, 27, 18]"
deep_lasso,half_06_A,6,0.5,A,0.8461538461538461,"[23, 21, 0, 16, 20, 15, 25, 19, 27, 18, 24, 2]"
xgb_naive,half_06_A,6,0.5,A,0.6,"[19, 16, 0, 18, 17, 15, 28, 8, 3, 25, 22, 20]"
xgb_midpoint,half_06_A,6,0.5,A,0.6,"[19, 16, 15, 0, 17, 28, 18, 8, 22, 3, 25, 1]"
xgb_orbit,half_06_A,6,0.5,A,0.5,"[19, 16, 0, 15, 17, 18, 28, 22, 8, 4, 25, 3]"
xgb_orbit_student,half_06_A,6,0.5,A,0.3333333333333333,"[16, 19, 0, 17, 3, 15, 20, 25, 28, 22, 4, 8]"
tabm_naive,half_06_A,6,0.5,A,0.5,"[16, 19, 15, 0, 20, 27, 28, 22, 17, 25, 8, 5]"
tabm_midpoint,half_06_A,6,0.5,A,0.6,"[16, 15, 19, 0, 17, 18, 22, 20, 3, 5, 28, 26]"
tabm_orbit,half_06_A,6,0.5,A,0.7142857142857143,"[16, 15, 19, 0, 17, 22, 18, 20, 5, 3, 28, 8]"
tabm_orbit_student,half_06_A,6,0.5,A,0.4117647058823529,"[16, 19, 0, 15, 5, 22, 17, 13, 20, 12, 23, 25]"
lasso_pair_q20,half_06_B,6,0.5,B,0.6,"[0, 20, 21, 26, 16, 25, 27, 3, 28, 19, 6, 17]"
linear_orbit_student,half_06_B,6,0.5,B,0.8461538461538461,"[0, 19, 21, 16, 26, 27, 28, 25, 2, 22, 7, 20]"
xgb_shap,half_06_B,6,0.5,B,0.8461538461538461,"[21, 23, 0, 16, 19, 24, 15, 20, 18, 7, 28, 2]"
xgb_pfi,half_06_B,6,0.5,B,0.7142857142857143,"[21, 0, 23, 19, 16, 15, 20, 24, 18, 1, 7, 28]"
tabm_pfi,half_06_B,6,0.5,B,0.6,"[0, 23, 19, 15, 16, 21, 20, 1, 8, 24, 7, 22]"
deep_lasso,half_06_B,6,0.5,B,0.8461538461538461,"[23, 21, 0, 20, 25, 19, 15, 16, 27, 24, 26, 18]"
xgb_naive,half_06_B,6,0.5,B,0.5,"[19, 16, 0, 18, 15, 7, 21, 1, 23, 24, 6, 2]"
xgb_midpoint,half_06_B,6,0.5,B,0.4117647058823529,"[19, 16, 15, 0, 7, 18, 21, 1, 17, 23, 24, 2]"
xgb_orbit,half_06_B,6,0.5,B,0.5,"[19, 16, 0, 15, 7, 18, 21, 1, 23, 27, 11, 17]"
xgb_orbit_student,half_06_B,6,0.5,B,0.5,"[19, 16, 0, 11, 15, 23, 1, 21, 7, 10, 18, 24]"
tabm_naive,half_06_B,6,0.5,B,0.2631578947368421,"[19, 16, 15, 0, 7, 27, 18, 1, 25, 21, 23, 24]"
tabm_midpoint,half_06_B,6,0.5,B,0.3333333333333333,"[19, 16, 15, 0, 27, 7, 18, 17, 1, 23, 9, 2]"
tabm_orbit,half_06_B,6,0.5,B,0.3333333333333333,"[19, 16, 15, 0, 7, 27, 18, 1, 17, 23, 28, 21]"
tabm_orbit_student,half_06_B,6,0.5,B,0.4117647058823529,"[0, 19, 16, 15, 17, 27, 23, 21, 18, 1, 7, 24]"
lasso_pair_q20,half_07_A,7,0.5,A,0.7142857142857143,"[20, 0, 25, 27, 23, 26, 16, 2, 19, 22, 6, 14]"
linear_orbit_student,half_07_A,7,0.5,A,0.7142857142857143,"[0, 19, 22, 21, 20, 12, 2, 25, 16, 27, 17, 26]"
xgb_shap,half_07_A,7,0.5,A,0.6,"[21, 0, 16, 23, 19, 20, 24, 15, 18, 27, 17, 6]"
xgb_pfi,half_07_A,7,0.5,A,0.8461538461538461,"[21, 0, 16, 19, 23, 20, 15, 18, 24, 27, 2, 17]"
tabm_pfi,half_07_A,7,0.5,A,0.7142857142857143,"[0, 23, 16, 21, 20, 19, 15, 2, 25, 27, 3, 24]"
deep_lasso,half_07_A,7,0.5,A,0.6,"[20, 21, 0, 23, 25, 19, 16, 27, 15, 2, 3, 9]"
xgb_naive,half_07_A,7,0.5,A,0.6,"[16, 0, 19, 18, 15, 17, 2, 28, 7, 21, 22, 8]"
xgb_midpoint,half_07_A,7,0.5,A,0.6,"[16, 19, 0, 15, 17, 18, 21, 22, 20, 2, 6, 8]"
xgb_orbit,half_07_A,7,0.5,A,0.6,"[16, 19, 0, 15, 18, 17, 22, 21, 2, 7, 28, 8]"
xgb_orbit_student,half_07_A,7,0.5,A,0.5,"[19, 16, 0, 15, 13, 11, 21, 10, 18, 12, 17, 22]"
tabm_naive,half_07_A,7,0.5,A,0.6,"[16, 19, 0, 15, 2, 28, 20, 22, 18, 8, 5, 24]"
tabm_midpoint,half_07_A,7,0.5,A,0.4117647058823529,"[16, 0, 19, 15, 18, 28, 2, 27, 20, 7, 22, 26]"
tabm_orbit,half_07_A,7,0.5,A,0.5,"[16, 0, 19, 15, 18, 28, 27, 2, 20, 22, 26, 17]"
tabm_orbit_student,half_07_A,7,0.5,A,0.4117647058823529,"[0, 16, 19, 2, 15, 22, 28, 18, 21, 27, 23, 12]"
lasso_pair_q20,half_07_B,7,0.5,B,0.6,"[20, 0, 21, 25, 26, 16, 28, 27, 14, 17, 22, 15]"
linear_orbit_student,half_07_B,7,0.5,B,0.7142857142857143,"[0, 16, 23, 20, 25, 26, 28, 22, 8, 27, 2, 1]"
xgb_shap,half_07_B,7,0.5,B,0.8461538461538461,"[23, 21, 0, 24, 16, 19, 15, 25, 20, 18, 7, 1]"
xgb_pfi,half_07_B,7,0.5,B,0.8461538461538461,"[23, 0, 21, 19, 16, 15, 24, 20, 2, 18, 1, 25]"
tabm_pfi,half_07_B,7,0.5,B,0.8461538461538461,"[0, 23, 16, 15, 19, 21, 2, 20, 25, 18, 27, 22]"
deep_lasso,half_07_B,7,0.5,B,0.8461538461538461,"[23, 21, 0, 25, 15, 16, 19, 24, 20, 27, 26, 18]"
xgb_naive,half_07_B,7,0.5,B,0.7142857142857143,"[19, 16, 0, 18, 15, 25, 4, 20, 2, 1, 21, 23]"
xgb_midpoint,half_07_B,7,0.5,B,0.4117647058823529,"[19, 16, 0, 15, 17, 25, 2, 4, 20, 23, 21, 5]"
xgb_orbit,half_07_B,7,0.5,B,0.4117647058823529,"[19, 16, 0, 15, 25, 2, 20, 4, 17, 23, 5, 21]"
xgb_orbit_student,half_07_B,7,0.5,B,0.3333333333333333,"[19, 16, 0, 20, 11, 23, 12, 15, 4, 25, 2, 5]"
tabm_naive,half_07_B,7,0.5,B,0.5,"[16, 0, 19, 15, 18, 20, 25, 27, 21, 22, 23, 17]"
tabm_midpoint,half_07_B,7,0.5,B,0.6,"[16, 0, 19, 15, 20, 18, 25, 17, 23, 21, 27, 5]"
tabm_orbit,half_07_B,7,0.5,B,0.6,"[16, 0, 19, 15, 20, 25, 18, 23, 27, 17, 21, 22]"
tabm_orbit_student,half_07_B,7,0.5,B,0.5,"[0, 19, 16, 23, 21, 20, 17, 25, 15, 5, 18, 12]"
lasso_pair_q20,half_08_A,8,0.5,A,0.6,"[20, 0, 23, 16, 26, 25, 2, 27, 1, 22, 7, 6]"
linear_orbit_student,half_08_A,8,0.5,A,0.4117647058823529,"[23, 0, 20, 21, 16, 27, 10, 25, 2, 7, 1, 3]"
xgb_shap,half_08_A,8,0.5,A,0.7142857142857143,"[23, 21, 0, 24, 19, 16, 15, 20, 18, 25, 1, 4]"
xgb_pfi,half_08_A,8,0.5,A,0.7142857142857143,"[21, 23, 0, 19, 16, 24, 20, 15, 18, 2, 7, 25]"
tabm_pfi,half_08_A,8,0.5,A,0.8461538461538461,"[23, 0, 19, 15, 21, 16, 20, 25, 24, 2, 22, 7]"
deep_lasso,half_08_A,8,0.5,A,1.0,"[0, 23, 21, 20, 15, 16, 25, 19, 27, 24, 18, 7]"
xgb_naive,half_08_A,8,0.5,A,0.5,"[19, 16, 0, 18, 15, 7, 17, 25, 23, 8, 28, 27]"
xgb_midpoint,half_08_A,8,0.5,A,0.4117647058823529,"[19, 16, 15, 0, 17, 7, 8, 23, 27, 20, 4, 2]"
xgb_orbit,half_08_A,8,0.5,A,0.5,"[19, 16, 0, 15, 17, 7, 8, 27, 23, 20, 1, 2]"
xgb_orbit_student,half_08_A,8,0.5,A,0.3333333333333333,"[19, 16, 0, 15, 23, 12, 7, 13, 8, 17, 27, 21]"
tabm_naive,half_08_A,8,0.5,A,0.4117647058823529,"[19, 15, 16, 0, 20, 17, 27, 25, 4, 23, 3, 5]"
tabm_midpoint,half_08_A,8,0.5,A,0.3333333333333333,"[19, 15, 16, 0, 17, 20, 5, 27, 23, 26, 2, 4]"
tabm_orbit,half_08_A,8,0.5,A,0.3333333333333333,"[19, 15, 16, 0, 20, 17, 27, 23, 5, 26, 4, 24]"
tabm_orbit_student,half_08_A,8,0.5,A,0.4117647058823529,"[19, 0, 16, 15, 23, 5, 20, 17, 21, 26, 27, 24]"
lasso_pair_q20,half_08_B,8,0.5,B,0.4117647058823529,"[20, 0, 25, 21, 27, 16, 22, 5, 14, 1, 15, 18]"
linear_orbit_student,half_08_B,8,0.5,B,0.7142857142857143,"[0, 19, 21, 27, 26, 20, 16, 8, 3, 22, 25, 10]"
xgb_shap,half_08_B,8,0.5,B,0.8461538461538461,"[21, 23, 0, 16, 19, 15, 24, 20, 25, 18, 7, 2]"
xgb_pfi,half_08_B,8,0.5,B,0.7142857142857143,"[21, 0, 23, 19, 16, 18, 20, 15, 2, 9, 25, 1]"
tabm_pfi,half_08_B,8,0.5,B,0.6,"[23, 0, 21, 16, 20, 19, 15, 2, 27, 25, 26, 9]"
deep_lasso,half_08_B,8,0.5,B,0.8461538461538461,"[23, 0, 21, 20, 25, 15, 24, 19, 16, 27, 26, 7]"
xgb_naive,half_08_B,8,0.5,B,0.6,"[16, 19, 0, 18, 15, 8, 27, 25, 3, 4, 17, 21]"
xgb_midpoint,half_08_B,8,0.5,B,0.5,"[16, 19, 0, 15, 17, 8, 3, 27, 21, 25, 6, 23]"
xgb_orbit,half_08_B,8,0.5,B,0.5,"[16, 19, 0, 15, 18, 8, 17, 25, 27, 21, 3, 6]"
xgb_orbit_student,half_08_B,8,0.5,B,0.6,"[16, 19, 0, 15, 21, 8, 25, 17, 3, 11, 26, 18]"
tabm_naive,half_08_B,8,0.5,B,0.5,"[16, 0, 19, 27, 8, 20, 18, 10, 25, 3, 21, 17]"
tabm_midpoint,half_08_B,8,0.5,B,0.5,"[16, 0, 19, 27, 8, 26, 10, 20, 25, 18, 21, 3]"
tabm_orbit,half_08_B,8,0.5,B,0.5,"[16, 0, 19, 27, 8, 20, 26, 10, 18, 21, 25, 3]"
tabm_orbit_student,half_08_B,8,0.5,B,0.4117647058823529,"[0, 16, 19, 21, 27, 8, 20, 11, 10, 25, 26, 3]"
lasso_pair_q20,half_09_A,9,0.5,A,0.5,"[20, 0, 16, 25, 21, 27, 26, 17, 14, 15, 10, 28]"
linear_orbit_student,half_09_A,9,0.5,A,0.5,"[16, 19, 0, 21, 25, 27, 23, 26, 20, 7, 1, 3]"
xgb_shap,half_09_A,9,0.5,A,0.7142857142857143,"[21, 23, 0, 24, 19, 16, 15, 18, 25, 20, 2, 27]"
xgb_pfi,half_09_A,9,0.5,A,0.8461538461538461,"[21, 0, 23, 19, 16, 24, 15, 18, 20, 2, 25, 27]"
tabm_pfi,half_09_A,9,0.5,A,0.7142857142857143,"[23, 0, 16, 21, 19, 15, 20, 25, 2, 27, 3, 24]"
deep_lasso,half_09_A,9,0.5,A,0.8461538461538461,"[23, 21, 0, 20, 25, 16, 15, 19, 27, 18, 26, 24]"
xgb_naive,half_09_A,9,0.5,A,0.6,"[19, 0, 16, 18, 15, 17, 27, 25, 7, 24, 21, 20]"
xgb_midpoint,half_09_A,9,0.5,A,0.4117647058823529,"[16, 19, 0, 15, 17, 25, 3, 18, 21, 27, 24, 2]"
xgb_orbit,half_09_A,9,0.5,A,0.4117647058823529,"[19, 16, 0, 15, 17, 25, 18, 21, 27, 7, 24, 3]"
xgb_orbit_student,half_09_A,9,0.5,A,0.4117647058823529,"[16, 0, 19, 25, 21, 17, 15, 10, 23, 20, 3, 24]"
tabm_naive,half_09_A,9,0.5,A,0.3333333333333333,"[16, 19, 0, 15, 7, 27, 20, 18, 26, 25, 28, 5]"
tabm_midpoint,half_09_A,9,0.5,A,0.5,"[16, 19, 0, 15, 27, 18, 7, 25, 20, 28, 3, 26]"
tabm_orbit,half_09_A,9,0.5,A,0.5,"[16, 19, 0, 15, 27, 7, 18, 20, 25, 26, 3, 23]"
tabm_orbit_student,half_09_A,9,0.5,A,0.5,"[16, 0, 19, 21, 23, 28, 25, 18, 20, 3, 15, 27]"
lasso_pair_q20,half_09_B,9,0.5,B,0.4117647058823529,"[20, 0, 23, 8, 16, 17, 6, 14, 27, 10, 25, 22]"
linear_orbit_student,half_09_B,9,0.5,B,0.5,"[0, 21, 22, 20, 26, 23, 16, 8, 27, 3, 17, 1]"
xgb_shap,half_09_B,9,0.5,B,0.8461538461538461,"[23, 21, 0, 16, 19, 24, 15, 20, 18, 25, 1, 7]"
xgb_pfi,half_09_B,9,0.5,B,0.7142857142857143,"[23, 21, 0, 16, 19, 18, 20, 2, 1, 25, 24, 17]"
tabm_pfi,half_09_B,9,0.5,B,0.6,"[23, 15, 0, 19, 16, 21, 20, 2, 18, 9, 4, 27]"
deep_lasso,half_09_B,9,0.5,B,0.7142857142857143,"[23, 21, 0, 16, 19, 15, 20, 25, 18, 9, 27, 22]"
xgb_naive,half_09_B,9,0.5,B,0.5,"[16, 0, 19, 18, 4, 8, 17, 15, 9, 21, 6, 23]"
xgb_midpoint,half_09_B,9,0.5,B,0.5,"[16, 19, 0, 15, 4, 17, 23, 2, 21, 8, 6, 20]"
xgb_orbit,half_09_B,9,0.5,B,0.5,"[16, 19, 0, 15, 4, 18, 17, 8, 9, 21, 23, 2]"
xgb_orbit_student,half_09_B,9,0.5,B,0.4117647058823529,"[0, 16, 19, 4, 15, 21, 14, 17, 23, 9, 24, 8]"
tabm_naive,half_09_B,9,0.5,B,0.4117647058823529,"[19, 15, 16, 0, 18, 4, 20, 8, 23, 21, 27, 24]"
tabm_midpoint,half_09_B,9,0.5,B,0.4117647058823529,"[19, 15, 16, 0, 18, 4, 20, 27, 9, 23, 8, 21]"
tabm_orbit,half_09_B,9,0.5,B,0.4117647058823529,"[19, 15, 16, 0, 18, 4, 20, 8, 27, 21, 23, 24]"
tabm_orbit_student,half_09_B,9,0.5,B,0.4117647058823529,"[19, 0, 15, 4, 16, 21, 18, 20, 23, 8, 24, 14]"
lasso_pair_q20,half_10_A,10,0.5,A,0.4117647058823529,"[20, 0, 25, 16, 26, 19, 17, 7, 5, 28, 3, 14]"
linear_orbit_student,half_10_A,10,0.5,A,0.7142857142857143,"[0, 19, 2, 23, 16, 27, 21, 26, 20, 28, 25, 9]"
xgb_shap,half_10_A,10,0.5,A,0.6,"[21, 23, 0, 16, 24, 19, 20, 15, 18, 25, 17, 27]"
xgb_pfi,half_10_A,10,0.5,A,0.8461538461538461,"[21, 0, 23, 16, 19, 24, 20, 18, 2, 28, 15, 27]"
tabm_pfi,half_10_A,10,0.5,A,0.8461538461538461,"[23, 0, 16, 19, 15, 21, 20, 27, 25, 22, 24, 2]"
deep_lasso,half_10_A,10,0.5,A,0.8461538461538461,"[23, 21, 0, 20, 16, 19, 25, 15, 27, 24, 18, 2]"
xgb_naive,half_10_A,10,0.5,A,0.6,"[16, 0, 19, 18, 17, 28, 4, 2, 9, 21, 25, 15]"
xgb_midpoint,half_10_A,10,0.5,A,0.5,"[16, 19, 0, 15, 17, 18, 27, 7, 21, 23, 3, 20]"
xgb_orbit,half_10_A,10,0.5,A,0.4117647058823529,"[16, 19, 0, 18, 15, 17, 4, 2, 27, 21, 7, 24]"
xgb_orbit_student,half_10_A,10,0.5,A,0.6,"[0, 16, 19, 14, 17, 26, 23, 10, 21, 18, 15, 3]"
tabm_naive,half_10_A,10,0.5,A,0.5,"[16, 19, 0, 15, 20, 18, 9, 8, 2, 7, 26, 5]"
tabm_midpoint,half_10_A,10,0.5,A,0.4117647058823529,"[16, 19, 0, 15, 18, 20, 27, 28, 7, 17, 23, 2]"
tabm_orbit,half_10_A,10,0.5,A,0.4117647058823529,"[16, 19, 0, 15, 18, 20, 27, 7, 28, 23, 2, 17]"
tabm_orbit_student,half_10_A,10,0.5,A,0.4117647058823529,"[0, 16, 19, 10, 23, 15, 18, 20, 27, 21, 7, 2]"
lasso_pair_q20,half_10_B,10,0.5,B,0.6,"[20, 0, 21, 25, 27, 26, 16, 4, 22, 2, 3, 6]"
linear_orbit_student,half_10_B,10,0.5,B,0.6,"[0, 21, 25, 22, 20, 18, 27, 16, 26, 2, 1, 3]"
xgb_shap,half_10_B,10,0.5,B,1.0,"[23, 21, 0, 19, 24, 15, 16, 20, 1, 18, 7, 2]"
xgb_pfi,half_10_B,10,0.5,B,0.7142857142857143,"[23, 21, 0, 19, 15, 16, 24, 20, 18, 2, 28, 17]"
tabm_pfi,half_10_B,10,0.5,B,0.8461538461538461,"[23, 0, 21, 15, 19, 16, 2, 20, 18, 25, 22, 14]"
deep_lasso,half_10_B,10,0.5,B,0.8461538461538461,"[23, 21, 0, 25, 20, 24, 16, 19, 27, 15, 2, 7]"
xgb_naive,half_10_B,10,0.5,B,0.6,"[19, 0, 15, 18, 16, 24, 20, 1, 23, 2, 21, 12]"
xgb_midpoint,half_10_B,10,0.5,B,0.7142857142857143,"[19, 15, 16, 0, 18, 24, 17, 1, 20, 21, 22, 8]"
xgb_orbit,half_10_B,10,0.5,B,0.7142857142857143,"[19, 15, 0, 16, 18, 24, 20, 1, 22, 21, 8, 23]"
xgb_orbit_student,half_10_B,10,0.5,B,0.5,"[0, 19, 15, 16, 20, 24, 11, 21, 18, 22, 23, 12]"
tabm_naive,half_10_B,10,0.5,B,0.6,"[15, 16, 0, 19, 18, 25, 2, 22, 20, 3, 24, 21]"
tabm_midpoint,half_10_B,10,0.5,B,0.6,"[15, 16, 0, 19, 18, 2, 20, 3, 27, 22, 25, 24]"
tabm_orbit,half_10_B,10,0.5,B,0.6,"[15, 0, 16, 19, 18, 2, 20, 25, 24, 3, 27, 22]"
tabm_orbit_student,half_10_B,10,0.5,B,0.4117647058823529,"[0, 15, 16, 18, 19, 21, 20, 13, 2, 25, 12, 24]"
lasso_pair_q20,half_11_A,11,0.5,A,0.6,"[20, 0, 25, 26, 16, 28, 17, 19, 27, 4, 2, 18]"
linear_orbit_student,half_11_A,11,0.5,A,0.7142857142857143,"[0, 21, 25, 22, 20, 27, 26, 16, 28, 1, 2, 3]"
xgb_shap,half_11_A,11,0.5,A,0.7142857142857143,"[23, 21, 0, 16, 19, 18, 24, 15, 27, 2, 20, 25]"
xgb_pfi,half_11_A,11,0.5,A,0.7142857142857143,"[21, 23, 0, 16, 19, 18, 2, 20, 15, 7, 4, 24]"
tabm_pfi,half_11_A,11,0.5,A,0.6,"[23, 0, 16, 15, 21, 19, 20, 2, 25, 1, 12, 9]"
deep_lasso,half_11_A,11,0.5,A,0.8461538461538461,"[23, 21, 0, 15, 16, 20, 19, 27, 25, 24, 18, 9]"
xgb_naive,half_11_A,11,0.5,A,0.4117647058823529,"[16, 0, 19, 18, 15, 17, 4, 27, 25, 23, 22, 24]"
xgb_midpoint,half_11_A,11,0.5,A,0.5,"[16, 19, 0, 15, 17, 23, 7, 21, 1, 25, 18, 22]"
xgb_orbit,half_11_A,11,0.5,A,0.5,"[16, 19, 0, 15, 18, 17, 4, 27, 23, 25, 21, 22]"
xgb_orbit_student,half_11_A,11,0.5,A,0.5,"[0, 16, 19, 15, 23, 17, 21, 25, 11, 22, 12, 18]"
tabm_naive,half_11_A,11,0.5,A,0.5,"[19, 15, 16, 0, 18, 22, 20, 24, 2, 1, 27, 21]"
tabm_midpoint,half_11_A,11,0.5,A,0.6,"[19, 15, 16, 0, 18, 20, 23, 6, 22, 2, 26, 21]"
tabm_orbit,half_11_A,11,0.5,A,0.4117647058823529,"[19, 15, 16, 0, 18, 20, 22, 23, 1, 26, 2, 21]"
tabm_orbit_student,half_11_A,11,0.5,A,0.6,"[0, 16, 19, 15, 12, 21, 23, 20, 18, 22, 6, 1]"
lasso_pair_q20,half_11_B,11,0.5,B,0.4117647058823529,"[0, 20, 25, 23, 27, 16, 18, 17, 2, 22, 3, 5]"
linear_orbit_student,half_11_B,11,0.5,B,0.5,"[16, 19, 0, 20, 23, 25, 26, 27, 2, 12, 1, 3]"
xgb_shap,half_11_B,11,0.5,B,0.7142857142857143,"[23, 0, 21, 24, 16, 15, 25, 19, 20, 1, 18, 9]"
xgb_pfi,half_11_B,11,0.5,B,0.8461538461538461,"[23, 0, 21, 16, 19, 24, 15, 20, 18, 25, 1, 2]"
tabm_pfi,half_11_B,11,0.5,B,0.7142857142857143,"[0, 23, 16, 21, 19, 15, 20, 25, 2, 24, 1, 9]"
deep_lasso,half_11_B,11,0.5,B,0.8461538461538461,"[23, 0, 20, 21, 25, 16, 19, 15, 26, 7, 18, 24]"
xgb_naive,half_11_B,11,0.5,B,0.6,"[16, 0, 19, 18, 15, 1, 25, 6, 23, 20, 24, 2]"
xgb_midpoint,half_11_B,11,0.5,B,0.3333333333333333,"[16, 19, 0, 15, 18, 1, 20, 23, 25, 7, 4, 24]"
xgb_orbit,half_11_B,11,0.5,B,0.4117647058823529,"[16, 19, 0, 15, 18, 1, 25, 2, 20, 24, 23, 11]"
xgb_orbit_student,half_11_B,11,0.5,B,0.6,"[16, 0, 19, 11, 18, 20, 15, 1, 23, 24, 14, 2]"
tabm_naive,half_11_B,11,0.5,B,0.3333333333333333,"[16, 19, 0, 15, 20, 18, 25, 1, 5, 10, 11, 23]"
tabm_midpoint,half_11_B,11,0.5,B,0.4117647058823529,"[16, 19, 0, 15, 20, 18, 1, 25, 5, 2, 10, 23]"
tabm_orbit,half_11_B,11,0.5,B,0.4117647058823529,"[16, 19, 0, 15, 20, 18, 1, 25, 2, 23, 10, 27]"
tabm_orbit_student,half_11_B,11,0.5,B,0.3333333333333333,"[16, 19, 0, 13, 20, 15, 1, 2, 23, 10, 14, 18]"
lasso_pair_q20,half_12_A,12,0.5,A,0.6,"[20, 0, 25, 16, 26, 28, 9, 22, 4, 10, 6, 27]"
linear_orbit_student,half_12_A,12,0.5,A,0.5,"[20, 0, 16, 22, 25, 27, 23, 2, 6, 7, 4, 26]"
xgb_shap,half_12_A,12,0.5,A,0.7142857142857143,"[23, 21, 0, 19, 16, 24, 15, 25, 17, 7, 2, 1]"
xgb_pfi,half_12_A,12,0.5,A,0.8461538461538461,"[23, 0, 21, 19, 16, 20, 18, 2, 1, 15, 24, 25]"
tabm_pfi,half_12_A,12,0.5,A,0.7142857142857143,"[0, 23, 16, 21, 20, 15, 19, 2, 27, 24, 26, 18]"
deep_lasso,half_12_A,12,0.5,A,0.7142857142857143,"[23, 21, 0, 20, 25, 24, 2, 16, 15, 19, 26, 27]"
xgb_naive,half_12_A,12,0.5,A,0.6,"[19, 16, 0, 18, 15, 25, 1, 2, 3, 17, 23, 11]"
xgb_midpoint,half_12_A,12,0.5,A,0.3333333333333333,"[19, 16, 15, 0, 17, 1, 4, 28, 23, 25, 18, 2]"
xgb_orbit,half_12_A,12,0.5,A,0.4117647058823529,"[19, 16, 0, 15, 17, 18, 1, 25, 2, 23, 4, 3]"
xgb_orbit_student,half_12_A,12,0.5,A,0.6,"[0, 16, 19, 15, 14, 13, 1, 17, 23, 11, 25, 20]"
tabm_naive,half_12_A,12,0.5,A,0.5,"[16, 0, 19, 15, 20, 18, 4, 22, 25, 17, 13, 14]"
tabm_midpoint,half_12_A,12,0.5,A,0.5,"[16, 0, 19, 15, 20, 18, 22, 7, 25, 2, 4, 13]"
tabm_orbit,half_12_A,12,0.5,A,0.6,"[16, 0, 19, 15, 20, 18, 7, 22, 4, 25, 17, 13]"
tabm_orbit_student,half_12_A,12,0.5,A,0.4117647058823529,"[0, 16, 19, 20, 13, 18, 15, 22, 25, 7, 23, 4]"
lasso_pair_q20,half_12_B,12,0.5,B,0.5,"[0, 21, 25, 16, 27, 26, 14, 15, 7, 8, 22, 6]"
linear_orbit_student,half_12_B,12,0.5,B,0.4117647058823529,"[0, 25, 27, 16, 21, 7, 10, 1, 2, 20, 3, 4]"
xgb_shap,half_12_B,12,0.5,B,0.6,"[23, 21, 0, 24, 16, 15, 19, 20, 18, 28, 27, 8]"
xgb_pfi,half_12_B,12,0.5,B,0.7142857142857143,"[21, 23, 0, 16, 19, 24, 20, 15, 18, 2, 28, 17]"
tabm_pfi,half_12_B,12,0.5,B,0.6,"[0, 23, 21, 19, 16, 15, 20, 25, 2, 3, 1, 8]"
deep_lasso,half_12_B,12,0.5,B,0.8461538461538461,"[23, 21, 0, 20, 25, 19, 16, 15, 27, 8, 7, 18]"
xgb_naive,half_12_B,12,0.5,B,0.5,"[0, 16, 18, 19, 15, 7, 3, 27, 25, 8, 4, 17]"
xgb_midpoint,half_12_B,12,0.5,B,0.5,"[16, 0, 19, 15, 3, 8, 27, 18, 24, 25, 17, 21]"
xgb_orbit,half_12_B,12,0.5,B,0.4117647058823529,"[16, 0, 19, 15, 18, 3, 7, 27, 8, 24, 25, 17]"
xgb_orbit_student,half_12_B,12,0.5,B,0.3333333333333333,"[0, 16, 19, 3, 15, 25, 26, 18, 24, 7, 12, 27]"
tabm_naive,half_12_B,12,0.5,B,0.4117647058823529,"[0, 19, 16, 18, 27, 25, 3, 8, 4, 1, 21, 2]"
tabm_midpoint,half_12_B,12,0.5,B,0.4117647058823529,"[0, 16, 19, 27, 18, 15, 8, 25, 3, 1, 4, 2]"
tabm_orbit,half_12_B,12,0.5,B,0.4117647058823529,"[0, 16, 19, 18, 27, 25, 3, 1, 8, 4, 2, 21]"
tabm_orbit_student,half_12_B,12,0.5,B,0.3333333333333333,"[0, 16, 3, 18, 25, 27, 19, 12, 21, 4, 1, 8]"
lasso_pair_q20,half_13_A,13,0.5,A,0.5,"[20, 0, 23, 16, 25, 26, 27, 14, 22, 7, 19, 1]"
linear_orbit_student,half_13_A,13,0.5,A,0.6,"[0, 20, 16, 22, 26, 27, 19, 21, 23, 25, 17, 18]"
xgb_shap,half_13_A,13,0.5,A,0.7142857142857143,"[23, 21, 0, 24, 16, 19, 25, 15, 20, 18, 7, 9]"
xgb_pfi,half_13_A,13,0.5,A,0.7142857142857143,"[23, 21, 0, 16, 19, 24, 20, 15, 25, 18, 28, 2]"
tabm_pfi,half_13_A,13,0.5,A,1.0,"[23, 0, 19, 21, 16, 15, 20, 18, 2, 24, 25, 22]"
deep_lasso,half_13_A,13,0.5,A,1.0,"[23, 21, 0, 20, 25, 16, 19, 15, 27, 24, 18, 7]"
xgb_naive,half_13_A,13,0.5,A,0.5,"[16, 0, 19, 15, 18, 17, 22, 26, 3, 25, 20, 7]"
xgb_midpoint,half_13_A,13,0.5,A,0.6,"[16, 19, 15, 0, 17, 5, 22, 20, 21, 3, 7, 4]"
xgb_orbit,half_13_A,13,0.5,A,0.6,"[16, 19, 0, 15, 18, 17, 22, 20, 5, 26, 25, 23]"
xgb_orbit_student,half_13_A,13,0.5,A,0.5,"[16, 19, 0, 15, 12, 20, 17, 13, 22, 5, 18, 26]"
tabm_naive,half_13_A,13,0.5,A,0.7142857142857143,"[16, 15, 19, 0, 18, 20, 22, 3, 2, 17, 26, 5]"
tabm_midpoint,half_13_A,13,0.5,A,0.6,"[16, 15, 19, 0, 18, 17, 22, 20, 5, 26, 3, 2]"
tabm_orbit,half_13_A,13,0.5,A,0.6,"[15, 16, 19, 0, 18, 20, 22, 26, 5, 3, 17, 27]"
tabm_orbit_student,half_13_A,13,0.5,A,0.6,"[16, 0, 19, 15, 18, 20, 3, 5, 22, 17, 26, 2]"
lasso_pair_q20,half_13_B,13,0.5,B,0.6,"[20, 0, 25, 16, 23, 27, 2, 26, 8, 22, 28, 9]"
linear_orbit_student,half_13_B,13,0.5,B,0.6,"[0, 23, 16, 2, 20, 25, 22, 27, 8, 21, 7, 13]"
xgb_shap,half_13_B,13,0.5,B,0.8461538461538461,"[23, 21, 0, 16, 19, 20, 15, 24, 8, 18, 1, 2]"
xgb_pfi,half_13_B,13,0.5,B,0.8461538461538461,"[23, 21, 0, 16, 19, 20, 18, 2, 15, 8, 1, 24]"
tabm_pfi,half_13_B,13,0.5,B,0.6,"[23, 0, 21, 16, 15, 19, 20, 2, 8, 25, 17, 27]"
deep_lasso,half_13_B,13,0.5,B,0.7142857142857143,"[23, 21, 0, 20, 16, 15, 25, 19, 27, 8, 24, 4]"
xgb_naive,half_13_B,13,0.5,B,0.5,"[0, 16, 19, 18, 1, 2, 5, 28, 17, 23, 20, 24]"
xgb_midpoint,half_13_B,13,0.5,B,0.4117647058823529,"[16, 19, 0, 15, 1, 17, 23, 2, 28, 18, 20, 6]"
xgb_orbit,half_13_B,13,0.5,B,0.4117647058823529,"[16, 19, 0, 15, 18, 1, 2, 23, 27, 28, 17, 5]"
xgb_orbit_student,half_13_B,13,0.5,B,0.4117647058823529,"[0, 19, 16, 1, 23, 20, 2, 27, 24, 15, 18, 25]"
tabm_naive,half_13_B,13,0.5,B,0.4117647058823529,"[16, 0, 15, 19, 2, 20, 1, 4, 5, 17, 23, 25]"
tabm_midpoint,half_13_B,13,0.5,B,0.3333333333333333,"[16, 0, 15, 19, 20, 2, 5, 7, 17, 1, 23, 4]"
tabm_orbit,half_13_B,13,0.5,B,0.4117647058823529,"[16, 0, 15, 19, 20, 2, 5, 17, 18, 23, 1, 7]"
tabm_orbit_student,half_13_B,13,0.5,B,0.3333333333333333,"[0, 16, 23, 19, 17, 20, 5, 2, 15, 10, 1, 7]"
lasso_pair_q20,half_14_A,14,0.5,A,0.4117647058823529,"[20, 0, 23, 27, 16, 25, 4, 6, 13, 22, 10, 8]"
linear_orbit_student,half_14_A,14,0.5,A,0.6,"[0, 21, 16, 8, 22, 2, 27, 26, 25, 7, 5, 1]"
xgb_shap,half_14_A,14,0.5,A,0.8461538461538461,"[21, 23, 0, 16, 19, 24, 15, 18, 2, 7, 17, 1]"
xgb_pfi,half_14_A,14,0.5,A,1.0,"[21, 0, 23, 19, 16, 2, 18, 24, 20, 1, 15, 27]"
tabm_pfi,half_14_A,14,0.5,A,0.8461538461538461,"[23, 0, 21, 16, 15, 19, 2, 25, 18, 20, 17, 22]"
deep_lasso,half_14_A,14,0.5,A,0.8461538461538461,"[21, 23, 0, 15, 25, 16, 19, 20, 27, 18, 26, 24]"
xgb_naive,half_14_A,14,0.5,A,0.4117647058823529,"[16, 19, 0, 18, 2, 7, 6, 1, 21, 22, 24, 23]"
xgb_midpoint,half_14_A,14,0.5,A,0.5,"[16, 19, 0, 15, 18, 8, 17, 2, 21, 1, 6, 23]"
xgb_orbit,half_14_A,14,0.5,A,0.6,"[16, 19, 0, 18, 7, 2, 8, 15, 21, 6, 1, 17]"
xgb_orbit_student,half_14_A,14,0.5,A,0.2631578947368421,"[16, 19, 0, 23, 21, 6, 18, 8, 2, 10, 7, 24]"
tabm_naive,half_14_A,14,0.5,A,0.6,"[16, 0, 19, 15, 18, 2, 22, 5, 20, 3, 7, 21]"
tabm_midpoint,half_14_A,14,0.5,A,0.4117647058823529,"[16, 0, 19, 15, 18, 27, 5, 2, 7, 20, 8, 25]"
tabm_orbit,half_14_A,14,0.5,A,0.4117647058823529,"[16, 0, 19, 15, 18, 27, 2, 5, 7, 20, 8, 21]"
tabm_orbit_student,half_14_A,14,0.5,A,0.4117647058823529,"[16, 0, 18, 19, 23, 27, 21, 25, 2, 8, 20, 15]"
lasso_pair_q20,half_14_B,14,0.5,B,0.6,"[0, 20, 25, 26, 16, 2, 19, 11, 22, 4, 1, 28]"
linear_orbit_student,half_14_B,14,0.5,B,0.7142857142857143,"[0, 19, 25, 27, 16, 26, 22, 20, 8, 2, 23, 11]"
xgb_shap,half_14_B,14,0.5,B,0.6,"[23, 0, 21, 24, 16, 19, 20, 15, 25, 18, 9, 28]"
xgb_pfi,half_14_B,14,0.5,B,0.7142857142857143,"[23, 0, 21, 16, 19, 24, 20, 18, 15, 2, 28, 17]"
tabm_pfi,half_14_B,14,0.5,B,0.7142857142857143,"[0, 23, 20, 16, 19, 15, 21, 2, 24, 27, 25, 9]"
deep_lasso,half_14_B,14,0.5,B,0.8461538461538461,"[20, 0, 23, 21, 25, 16, 19, 15, 24, 27, 2, 18]"
xgb_naive,half_14_B,14,0.5,B,0.6,"[16, 0, 19, 18, 15, 25, 20, 1, 22, 24, 8, 28]"
xgb_midpoint,half_14_B,14,0.5,B,0.6,"[16, 19, 0, 15, 17, 20, 1, 7, 25, 28, 21, 22]"
xgb_orbit,half_14_B,14,0.5,B,0.6,"[16, 19, 0, 15, 18, 28, 20, 25, 22, 8, 24, 1]"
xgb_orbit_student,half_14_B,14,0.5,B,0.5,"[16, 0, 19, 15, 14, 22, 20, 25, 28, 10, 1, 21]"
tabm_naive,half_14_B,14,0.5,B,0.7142857142857143,"[16, 19, 0, 15, 18, 27, 20, 25, 17, 22, 2, 3]"
tabm_midpoint,half_14_B,14,0.5,B,0.7142857142857143,"[16, 19, 0, 15, 27, 18, 20, 25, 22, 21, 3, 5]"
tabm_orbit,half_14_B,14,0.5,B,0.6,"[16, 0, 19, 15, 27, 18, 20, 25, 22, 21, 17, 1]"
tabm_orbit_student,half_14_B,14,0.5,B,0.5,"[0, 16, 19, 15, 25, 21, 18, 22, 20, 27, 13, 1]"
lasso_pair_q20,half_15_A,15,0.5,A,0.5,"[20, 0, 16, 26, 1, 28, 27, 22, 6, 3, 8, 11]"
linear_orbit_student,half_15_A,15,0.5,A,0.4117647058823529,"[20, 0, 16, 22, 27, 13, 26, 19, 1, 6, 3, 5]"
xgb_shap,half_15_A,15,0.5,A,0.5,"[23, 21, 0, 16, 24, 19, 25, 15, 17, 9, 18, 27]"
xgb_pfi,half_15_A,15,0.5,A,0.7142857142857143,"[23, 21, 0, 16, 19, 24, 9, 20, 18, 27, 15, 25]"
tabm_pfi,half_15_A,15,0.5,A,0.6,"[0, 23, 21, 16, 19, 20, 15, 27, 25, 9, 24, 26]"
deep_lasso,half_15_A,15,0.5,A,0.7142857142857143,"[23, 0, 21, 20, 25, 19, 15, 16, 27, 24, 9, 26]"
xgb_naive,half_15_A,15,0.5,A,0.4117647058823529,"[16, 0, 19, 18, 3, 4, 15, 1, 27, 22, 28, 20]"
xgb_midpoint,half_15_A,15,0.5,A,0.6,"[16, 19, 0, 15, 27, 18, 17, 20, 3, 21, 22, 26]"
xgb_orbit,half_15_A,15,0.5,A,0.6,"[16, 0, 19, 15, 18, 4, 3, 17, 21, 20, 22, 27]"
xgb_orbit_student,half_15_A,15,0.5,A,0.5,"[0, 19, 16, 12, 20, 21, 15, 18, 10, 3, 11, 22]"
tabm_naive,half_15_A,15,0.5,A,0.4117647058823529,"[0, 16, 19, 15, 20, 27, 22, 18, 5, 9, 1, 4]"
tabm_midpoint,half_15_A,15,0.5,A,0.5,"[0, 16, 19, 15, 20, 27, 18, 22, 5, 28, 21, 13]"
tabm_orbit,half_15_A,15,0.5,A,0.4117647058823529,"[0, 16, 19, 15, 20, 27, 18, 22, 5, 21, 28, 26]"
tabm_orbit_student,half_15_A,15,0.5,A,0.6,"[0, 16, 20, 19, 18, 15, 27, 21, 22, 3, 5, 13]"
lasso_pair_q20,half_15_B,15,0.5,B,0.5,"[0, 23, 20, 27, 2, 16, 19, 7, 11, 8, 28, 6]"
linear_orbit_student,half_15_B,15,0.5,B,0.8461538461538461,"[0, 21, 16, 2, 20, 28, 27, 8, 25, 22, 26, 1]"
xgb_shap,half_15_B,15,0.5,B,0.8461538461538461,"[23, 21, 0, 24, 19, 16, 15, 20, 18, 2, 1, 25]"
xgb_pfi,half_15_B,15,0.5,B,0.8461538461538461,"[21, 23, 0, 19, 16, 20, 18, 24, 15, 2, 1, 17]"
tabm_pfi,half_15_B,15,0.5,B,0.7142857142857143,"[23, 0, 16, 15, 21, 19, 20, 2, 18, 17, 1, 25]"
deep_lasso,half_15_B,15,0.5,B,1.0,"[21, 23, 0, 20, 16, 25, 15, 19, 18, 27, 7, 24]"
xgb_naive,half_15_B,15,0.5,B,0.7142857142857143,"[16, 19, 0, 15, 18, 17, 1, 21, 9, 25, 3, 20]"
xgb_midpoint,half_15_B,15,0.5,B,0.6,"[16, 19, 15, 0, 17, 1, 8, 21, 2, 25, 3, 23]"
xgb_orbit,half_15_B,15,0.5,B,0.6,"[16, 19, 0, 15, 17, 1, 21, 8, 18, 25, 2, 3]"
xgb_orbit_student,half_15_B,15,0.5,B,0.5,"[16, 0, 19, 15, 21, 1, 17, 25, 10, 3, 14, 8]"
tabm_naive,half_15_B,15,0.5,B,0.6,"[16, 15, 19, 0, 18, 20, 3, 6, 28, 21, 23, 2]"
tabm_midpoint,half_15_B,15,0.5,B,0.6,"[16, 15, 19, 0, 18, 2, 20, 3, 28, 6, 21, 10]"
tabm_orbit,half_15_B,15,0.5,B,0.5,"[16, 15, 19, 0, 18, 20, 2, 3, 28, 17, 21, 1]"
tabm_orbit_student,half_15_B,15,0.5,B,0.5,"[0, 16, 19, 15, 21, 28, 18, 3, 20, 1, 10, 2]"
lasso_pair_q20,half_16_A,16,0.5,A,0.6,"[20, 0, 21, 16, 25, 27, 26, 3, 2, 6, 19, 18]"
linear_orbit_student,half_16_A,16,0.5,A,0.5,"[16, 0, 13, 25, 19, 27, 21, 20, 7, 2, 5, 17]"
xgb_shap,half_16_A,16,0.5,A,0.8461538461538461,"[21, 0, 24, 16, 19, 23, 20, 15, 18, 17, 7, 1]"
xgb_pfi,half_16_A,16,0.5,A,0.8461538461538461,"[21, 0, 16, 19, 24, 20, 23, 18, 2, 27, 1, 17]"
tabm_pfi,half_16_A,16,0.5,A,0.7142857142857143,"[0, 23, 15, 19, 16, 20, 21, 2, 22, 25, 11, 17]"
deep_lasso,half_16_A,16,0.5,A,0.8461538461538461,"[21, 23, 0, 20, 16, 25, 15, 19, 27, 18, 24, 9]"
xgb_naive,half_16_A,16,0.5,A,0.5,"[19, 0, 16, 18, 17, 7, 27, 20, 4, 2, 11, 8]"
xgb_midpoint,half_16_A,16,0.5,A,0.5,"[19, 16, 0, 17, 7, 15, 4, 20, 2, 3, 27, 21]"
xgb_orbit,half_16_A,16,0.5,A,0.5,"[19, 16, 0, 18, 17, 7, 27, 4, 15, 2, 20, 21]"
xgb_orbit_student,half_16_A,16,0.5,A,0.5,"[19, 0, 16, 17, 7, 4, 20, 18, 11, 21, 2, 27]"
tabm_naive,half_16_A,16,0.5,A,0.4117647058823529,"[19, 15, 16, 0, 18, 7, 20, 5, 2, 27, 28, 25]"
tabm_midpoint,half_16_A,16,0.5,A,0.4117647058823529,"[19, 15, 16, 0, 7, 17, 18, 2, 20, 27, 5, 10]"
tabm_orbit,half_16_A,16,0.5,A,0.4117647058823529,"[19, 15, 16, 0, 20, 2, 17, 18, 7, 5, 28, 27]"
tabm_orbit_student,half_16_A,16,0.5,A,0.4117647058823529,"[19, 16, 0, 15, 17, 13, 20, 2, 28, 23, 10, 18]"
lasso_pair_q20,half_16_B,16,0.5,B,0.4117647058823529,"[20, 0, 16, 22, 26, 3, 5, 11, 18, 1, 15, 28]"
linear_orbit_student,half_16_B,16,0.5,B,0.5,"[0, 20, 26, 22, 16, 12, 14, 5, 27, 23, 2, 28]"
xgb_shap,half_16_B,16,0.5,B,0.7142857142857143,"[23, 0, 21, 15, 19, 24, 16, 25, 18, 2, 20, 28]"
xgb_pfi,half_16_B,16,0.5,B,0.7142857142857143,"[23, 0, 21, 19, 15, 16, 24, 20, 18, 25, 28, 1]"
tabm_pfi,half_16_B,16,0.5,B,0.7142857142857143,"[23, 0, 16, 21, 20, 15, 19, 24, 25, 27, 18, 28]"
deep_lasso,half_16_B,16,0.5,B,0.8461538461538461,"[23, 21, 0, 25, 20, 16, 15, 24, 19, 27, 22, 18]"
xgb_naive,half_16_B,16,0.5,B,0.4117647058823529,"[19, 15, 0, 16, 18, 7, 17, 4, 27, 26, 5, 1]"
xgb_midpoint,half_16_B,16,0.5,B,0.4117647058823529,"[19, 15, 16, 0, 17, 27, 18, 7, 1, 5, 2, 21]"
xgb_orbit,half_16_B,16,0.5,B,0.6,"[19, 15, 16, 0, 18, 27, 17, 7, 1, 21, 26, 5]"
xgb_orbit_student,half_16_B,16,0.5,B,0.7142857142857143,"[16, 19, 15, 0, 20, 27, 21, 26, 18, 1, 5, 11]"
tabm_naive,half_16_B,16,0.5,B,0.4117647058823529,"[16, 0, 19, 15, 20, 27, 18, 26, 7, 8, 14, 21]"
tabm_midpoint,half_16_B,16,0.5,B,0.3333333333333333,"[16, 19, 0, 15, 27, 18, 20, 7, 26, 1, 14, 8]"
tabm_orbit,half_16_B,16,0.5,B,0.5,"[16, 0, 19, 15, 27, 18, 20, 7, 26, 8, 14, 3]"
tabm_orbit_student,half_16_B,16,0.5,B,0.5,"[19, 16, 0, 27, 18, 20, 15, 21, 3, 8, 26, 14]"
lasso_pair_q20,half_17_A,17,0.5,A,0.5,"[20, 0, 25, 27, 21, 16, 2, 6, 1, 9, 13, 19]"
linear_orbit_student,half_17_A,17,0.5,A,0.8461538461538461,"[0, 27, 19, 25, 16, 21, 20, 26, 2, 8, 5, 28]"
xgb_shap,half_17_A,17,0.5,A,0.7142857142857143,"[21, 0, 23, 16, 24, 19, 25, 15, 20, 18, 26, 2]"
xgb_pfi,half_17_A,17,0.5,A,0.8461538461538461,"[21, 0, 16, 23, 20, 19, 2, 24, 15, 18, 26, 1]"
tabm_pfi,half_17_A,17,0.5,A,0.6,"[23, 0, 16, 21, 19, 20, 15, 2, 26, 17, 18, 27]"
deep_lasso,half_17_A,17,0.5,A,0.7142857142857143,"[23, 21, 0, 20, 25, 19, 24, 16, 27, 26, 15, 2]"
xgb_naive,half_17_A,17,0.5,A,0.8461538461538461,"[0, 16, 18, 19, 25, 17, 2, 27, 1, 8, 21, 20]"
xgb_midpoint,half_17_A,17,0.5,A,0.5,"[16, 19, 0, 15, 25, 27, 17, 21, 2, 20, 1, 26]"
xgb_orbit,half_17_A,17,0.5,A,0.6,"[16, 0, 19, 15, 25, 18, 26, 27, 17, 2, 8, 21]"
xgb_orbit_student,half_17_A,17,0.5,A,0.5,"[0, 19, 16, 25, 13, 15, 21, 27, 14, 20, 17, 2]"
tabm_naive,half_17_A,17,0.5,A,0.5,"[19, 16, 0, 15, 25, 18, 20, 2, 22, 5, 23, 26]"
tabm_midpoint,half_17_A,17,0.5,A,0.5,"[16, 19, 0, 15, 18, 25, 27, 2, 26, 5, 22, 20]"
tabm_orbit,half_17_A,17,0.5,A,0.5,"[19, 16, 0, 15, 18, 25, 27, 26, 2, 5, 20, 22]"
tabm_orbit_student,half_17_A,17,0.5,A,0.4117647058823529,"[0, 16, 19, 25, 18, 5, 21, 2, 15, 27, 17, 23]"
lasso_pair_q20,half_17_B,17,0.5,B,0.4117647058823529,"[20, 0, 25, 16, 26, 23, 7, 22, 28, 5, 4, 14]"
linear_orbit_student,half_17_B,17,0.5,B,0.3333333333333333,"[0, 16, 20, 23, 25, 7, 28, 18, 4, 17, 27, 1]"
xgb_shap,half_17_B,17,0.5,B,0.8461538461538461,"[23, 21, 0, 19, 24, 16, 15, 18, 20, 9, 1, 7]"
xgb_pfi,half_17_B,17,0.5,B,0.8461538461538461,"[23, 0, 21, 19, 16, 15, 24, 18, 20, 28, 1, 27]"
tabm_pfi,half_17_B,17,0.5,B,0.7142857142857143,"[23, 0, 15, 16, 19, 21, 20, 25, 24, 2, 1, 27]"
deep_lasso,half_17_B,17,0.5,B,1.0,"[23, 0, 21, 15, 16, 20, 25, 19, 24, 27, 18, 7]"
xgb_naive,half_17_B,17,0.5,B,0.5,"[19, 16, 0, 15, 18, 17, 28, 20, 3, 6, 11, 25]"
xgb_midpoint,half_17_B,17,0.5,B,0.6,"[19, 16, 15, 0, 17, 3, 1, 28, 8, 7, 23, 20]"
xgb_orbit,half_17_B,17,0.5,B,0.5,"[19, 16, 15, 0, 17, 18, 28, 3, 1, 20, 23, 6]"
xgb_orbit_student,half_17_B,17,0.5,B,0.4117647058823529,"[16, 19, 0, 15, 17, 20, 6, 14, 28, 3, 23, 10]"
tabm_naive,half_17_B,17,0.5,B,0.5,"[15, 16, 19, 0, 18, 20, 25, 24, 1, 2, 22, 5]"
tabm_midpoint,half_17_B,17,0.5,B,0.5,"[15, 16, 0, 19, 18, 1, 20, 7, 6, 24, 26, 22]"
tabm_orbit,half_17_B,17,0.5,B,0.5,"[15, 16, 0, 19, 18, 20, 1, 26, 7, 24, 22, 25]"
tabm_orbit_student,half_17_B,17,0.5,B,0.4117647058823529,"[16, 0, 15, 19, 1, 18, 20, 26, 22, 23, 25, 5]"
lasso_pair_q20,half_18_A,18,0.5,A,0.5,"[0, 20, 25, 16, 26, 23, 22, 28, 4, 17, 27, 5]"
linear_orbit_student,half_18_A,18,0.5,A,0.6,"[0, 16, 26, 19, 25, 20, 21, 3, 27, 28, 7, 4]"
xgb_shap,half_18_A,18,0.5,A,0.7142857142857143,"[21, 23, 0, 16, 24, 19, 15, 25, 20, 18, 2, 17]"
xgb_pfi,half_18_A,18,0.5,A,0.7142857142857143,"[21, 0, 23, 16, 19, 15, 24, 20, 2, 25, 9, 1]"
tabm_pfi,half_18_A,18,0.5,A,0.7142857142857143,"[0, 23, 19, 15, 21, 16, 20, 2, 25, 22, 27, 9]"
deep_lasso,half_18_A,18,0.5,A,0.7142857142857143,"[23, 0, 21, 20, 19, 25, 16, 15, 18, 24, 9, 8]"
xgb_naive,half_18_A,18,0.5,A,0.5,"[16, 0, 19, 15, 18, 25, 7, 3, 17, 24, 4, 20]"
xgb_midpoint,half_18_A,18,0.5,A,0.4117647058823529,"[16, 19, 15, 0, 17, 18, 25, 3, 24, 20, 7, 23]"
xgb_orbit,half_18_A,18,0.5,A,0.4117647058823529,"[16, 19, 0, 15, 18, 17, 7, 3, 25, 24, 20, 23]"
xgb_orbit_student,half_18_A,18,0.5,A,0.5,"[16, 0, 19, 15, 23, 20, 24, 26, 18, 21, 7, 25]"
tabm_naive,half_18_A,18,0.5,A,0.6,"[19, 15, 16, 0, 18, 25, 20, 3, 22, 1, 6, 4]"
tabm_midpoint,half_18_A,18,0.5,A,0.7142857142857143,"[19, 15, 16, 0, 18, 20, 25, 26, 3, 22, 1, 6]"
tabm_orbit,half_18_A,18,0.5,A,0.6,"[19, 15, 16, 0, 18, 20, 3, 25, 26, 22, 27, 1]"
tabm_orbit_student,half_18_A,18,0.5,A,0.5,"[19, 16, 0, 15, 26, 23, 18, 25, 20, 3, 22, 24]"
lasso_pair_q20,half_18_B,18,0.5,B,0.7142857142857143,"[20, 0, 25, 16, 27, 21, 6, 2, 7, 19, 15, 26]"
linear_orbit_student,half_18_B,18,0.5,B,0.5,"[16, 0, 27, 25, 23, 18, 2, 22, 20, 7, 8, 1]"
xgb_shap,half_18_B,18,0.5,B,0.8461538461538461,"[23, 0, 21, 24, 16, 19, 15, 7, 20, 27, 1, 2]"
xgb_pfi,half_18_B,18,0.5,B,0.7142857142857143,"[23, 0, 21, 16, 24, 19, 18, 20, 15, 2, 28, 4]"
tabm_pfi,half_18_B,18,0.5,B,0.7142857142857143,"[23, 0, 16, 21, 15, 19, 20, 24, 2, 18, 27, 3]"
deep_lasso,half_18_B,18,0.5,B,0.8461538461538461,"[23, 0, 21, 16, 20, 25, 27, 15, 24, 19, 26, 7]"
xgb_naive,half_18_B,18,0.5,B,0.6,"[16, 0, 19, 18, 15, 7, 17, 6, 1, 21, 28, 2]"
xgb_midpoint,half_18_B,18,0.5,B,0.5,"[16, 19, 0, 15, 18, 7, 17, 21, 1, 6, 2, 8]"
xgb_orbit,half_18_B,18,0.5,B,0.5,"[16, 19, 0, 15, 18, 17, 7, 21, 6, 2, 28, 1]"
xgb_orbit_student,half_18_B,18,0.5,B,0.5,"[0, 16, 19, 21, 11, 15, 17, 18, 6, 3, 7, 2]"
tabm_naive,half_18_B,18,0.5,B,0.4117647058823529,"[16, 15, 0, 19, 27, 18, 21, 2, 25, 17, 14, 23]"
tabm_midpoint,half_18_B,18,0.5,B,0.5,"[16, 15, 0, 19, 27, 18, 21, 26, 2, 22, 23, 25]"
tabm_orbit,half_18_B,18,0.5,B,0.4117647058823529,"[16, 15, 0, 27, 19, 18, 21, 26, 23, 20, 25, 14]"
tabm_orbit_student,half_18_B,18,0.5,B,0.4117647058823529,"[16, 0, 21, 15, 27, 18, 14, 11, 12, 19, 23, 25]"
lasso_pair_q20,half_19_A,19,0.5,A,0.6,"[0, 20, 21, 25, 26, 16, 28, 19, 2, 22, 7, 10]"
linear_orbit_student,half_19_A,19,0.5,A,0.7142857142857143,"[0, 16, 25, 26, 21, 27, 20, 2, 7, 28, 11, 22]"
xgb_shap,half_19_A,19,0.5,A,0.7142857142857143,"[21, 23, 0, 24, 16, 19, 15, 18, 2, 20, 4, 28]"
xgb_pfi,half_19_A,19,0.5,A,0.7142857142857143,"[21, 0, 23, 16, 19, 15, 24, 20, 18, 2, 28, 17]"
tabm_pfi,half_19_A,19,0.5,A,0.7142857142857143,"[23, 0, 21, 19, 16, 15, 20, 2, 25, 18, 17, 1]"
deep_lasso,half_19_A,19,0.5,A,0.8461538461538461,"[23, 21, 0, 20, 16, 25, 15, 19, 18, 27, 24, 26]"
xgb_naive,half_19_A,19,0.5,A,0.5,"[16, 0, 19, 15, 18, 4, 17, 24, 7, 26, 25, 21]"
xgb_midpoint,half_19_A,19,0.5,A,0.5,"[16, 19, 15, 0, 17, 4, 24, 21, 1, 25, 7, 20]"
xgb_orbit,half_19_A,19,0.5,A,0.5,"[16, 19, 0, 15, 4, 17, 24, 7, 26, 21, 22, 25]"
xgb_orbit_student,half_19_A,19,0.5,A,0.4117647058823529,"[16, 0, 19, 15, 10, 11, 24, 4, 25, 17, 7, 21]"
tabm_naive,half_19_A,19,0.5,A,0.4117647058823529,"[16, 19, 0, 15, 27, 20, 25, 3, 18, 24, 4, 28]"
tabm_midpoint,half_19_A,19,0.5,A,0.5,"[19, 16, 0, 15, 27, 18, 20, 25, 24, 3, 26, 28]"
tabm_orbit,half_19_A,19,0.5,A,0.5,"[16, 19, 0, 15, 27, 20, 25, 24, 3, 26, 4, 18]"
tabm_orbit_student,half_19_A,19,0.5,A,0.4117647058823529,"[0, 16, 19, 27, 25, 24, 10, 20, 15, 4, 3, 11]"
lasso_pair_q20,half_19_B,19,0.5,B,0.5,"[20, 0, 25, 27, 16, 23, 22, 10, 6, 17, 28, 1]"
linear_orbit_student,half_19_B,19,0.5,B,0.7142857142857143,"[23, 20, 0, 16, 25, 22, 21, 26, 8, 19, 27, 5]"
xgb_shap,half_19_B,19,0.5,B,0.8461538461538461,"[23, 21, 0, 16, 19, 24, 20, 25, 15, 7, 1, 18]"
xgb_pfi,half_19_B,19,0.5,B,0.8461538461538461,"[23, 0, 21, 16, 19, 20, 2, 24, 18, 15, 1, 8]"
tabm_pfi,half_19_B,19,0.5,B,0.7142857142857143,"[23, 0, 15, 16, 19, 20, 21, 2, 27, 24, 9, 25]"
deep_lasso,half_19_B,19,0.5,B,0.8461538461538461,"[23, 15, 0, 21, 20, 16, 19, 25, 7, 27, 18, 2]"
xgb_naive,half_19_B,19,0.5,B,0.5,"[0, 19, 16, 18, 23, 6, 20, 3, 17, 21, 5, 25]"
xgb_midpoint,half_19_B,19,0.5,B,0.5,"[19, 16, 0, 15, 17, 20, 23, 25, 1, 21, 5, 6]"
xgb_orbit,half_19_B,19,0.5,B,0.6,"[19, 16, 0, 15, 18, 17, 20, 23, 25, 1, 21, 6]"
xgb_orbit_student,half_19_B,19,0.5,B,0.4117647058823529,"[0, 19, 16, 23, 20, 21, 14, 25, 3, 13, 6, 17]"
tabm_naive,half_19_B,19,0.5,B,0.3333333333333333,"[16, 15, 19, 0, 20, 18, 23, 28, 10, 25, 5, 21]"
tabm_midpoint,half_19_B,19,0.5,B,0.6,"[16, 0, 15, 19, 18, 20, 23, 17, 5, 25, 6, 26]"
tabm_orbit,half_19_B,19,0.5,B,0.5,"[16, 0, 15, 19, 20, 18, 23, 5, 25, 21, 26, 6]"
tabm_orbit_student,half_19_B,19,0.5,B,0.4117647058823529,"[0, 16, 23, 19, 15, 20, 18, 21, 25, 14, 26, 5]"
lasso_pair_q20,half_20_A,20,0.5,A,0.5,"[20, 0, 25, 27, 26, 16, 9, 14, 10, 12, 15, 28]"
linear_orbit_student,half_20_A,20,0.5,A,0.4117647058823529,"[16, 20, 23, 0, 27, 22, 25, 18, 26, 1, 3, 4]"
xgb_shap,half_20_A,20,0.5,A,0.7142857142857143,"[23, 21, 0, 19, 16, 15, 20, 24, 1, 18, 17, 28]"
xgb_pfi,half_20_A,20,0.5,A,0.8461538461538461,"[23, 21, 0, 19, 16, 20, 15, 18, 24, 1, 2, 12]"
tabm_pfi,half_20_A,20,0.5,A,0.8461538461538461,"[23, 0, 15, 19, 21, 16, 20, 24, 18, 2, 25, 1]"
deep_lasso,half_20_A,20,0.5,A,0.8461538461538461,"[23, 0, 20, 21, 19, 16, 15, 25, 27, 7, 18, 26]"
xgb_naive,half_20_A,20,0.5,A,0.6,"[19, 16, 0, 18, 15, 17, 27, 20, 23, 3, 8, 1]"
xgb_midpoint,half_20_A,20,0.5,A,0.6,"[19, 16, 0, 15, 17, 18, 20, 3, 27, 23, 21, 1]"
xgb_orbit,half_20_A,20,0.5,A,0.6,"[19, 16, 0, 15, 18, 17, 27, 23, 20, 3, 8, 1]"
xgb_orbit_student,half_20_A,20,0.5,A,0.5,"[16, 19, 0, 15, 23, 20, 11, 18, 27, 17, 25, 6]"
tabm_naive,half_20_A,20,0.5,A,0.5,"[15, 16, 19, 0, 20, 22, 18, 27, 23, 26, 1, 17]"
tabm_midpoint,half_20_A,20,0.5,A,0.5,"[15, 16, 19, 0, 20, 27, 18, 7, 17, 22, 23, 1]"
tabm_orbit,half_20_A,20,0.5,A,0.5,"[15, 16, 19, 0, 20, 18, 27, 7, 17, 22, 23, 1]"
tabm_orbit_student,half_20_A,20,0.5,A,0.7142857142857143,"[16, 0, 15, 19, 23, 20, 6, 25, 17, 22, 18, 11]"
lasso_pair_q20,half_20_B,20,0.5,B,0.5,"[0, 25, 20, 21, 26, 28, 16, 22, 9, 8, 19, 7]"
linear_orbit_student,half_20_B,20,0.5,B,0.5,"[0, 16, 27, 21, 28, 25, 26, 11, 7, 1, 23, 20]"
xgb_shap,half_20_B,20,0.5,B,0.7142857142857143,"[21, 0, 24, 16, 25, 23, 19, 15, 18, 2, 7, 28]"
xgb_pfi,half_20_B,20,0.5,B,0.7142857142857143,"[21, 0, 16, 23, 19, 24, 2, 18, 25, 1, 20, 17]"
tabm_pfi,half_20_B,20,0.5,B,0.6,"[23, 0, 21, 16, 19, 20, 2, 25, 24, 27, 26, 1]"
deep_lasso,half_20_B,20,0.5,B,0.7142857142857143,"[23, 21, 0, 25, 20, 24, 15, 16, 19, 9, 27, 2]"
xgb_naive,half_20_B,20,0.5,B,0.6,"[16, 0, 19, 18, 2, 8, 25, 1, 3, 26, 21, 4]"
xgb_midpoint,half_20_B,20,0.5,B,0.5,"[16, 19, 0, 15, 28, 1, 17, 27, 2, 21, 3, 4]"
xgb_orbit,half_20_B,20,0.5,B,0.6,"[16, 19, 0, 15, 1, 2, 28, 18, 17, 25, 8, 26]"
xgb_orbit_student,half_20_B,20,0.5,B,0.6,"[16, 19, 0, 10, 11, 1, 28, 17, 26, 15, 2, 20]"
tabm_naive,half_20_B,20,0.5,B,0.4117647058823529,"[16, 0, 19, 18, 27, 25, 20, 26, 7, 2, 1, 6]"
tabm_midpoint,half_20_B,20,0.5,B,0.3333333333333333,"[16, 0, 19, 18, 27, 26, 1, 20, 25, 28, 2, 4]"
tabm_orbit,half_20_B,20,0.5,B,0.3333333333333333,"[16, 0, 19, 18, 27, 26, 28, 25, 1, 20, 4, 2]"
tabm_orbit_student,half_20_B,20,0.5,B,0.3333333333333333,"[0, 16, 19, 27, 18, 26, 4, 10, 25, 20, 1, 21]"
lasso_pair_q20,half_21_A,21,0.5,A,0.4117647058823529,"[20, 0, 21, 27, 25, 16, 9, 7, 5, 22, 2, 17]"
linear_orbit_student,half_21_A,21,0.5,A,0.5,"[0, 22, 27, 16, 23, 20, 25, 28, 6, 7, 21, 17]"
xgb_shap,half_21_A,21,0.5,A,0.8461538461538461,"[23, 21, 0, 19, 24, 20, 16, 15, 18, 7, 27, 2]"
xgb_pfi,half_21_A,21,0.5,A,0.8461538461538461,"[23, 0, 21, 19, 20, 16, 15, 2, 24, 27, 18, 28]"
tabm_pfi,half_21_A,21,0.5,A,0.7142857142857143,"[23, 0, 15, 19, 16, 21, 20, 2, 27, 25, 22, 17]"
deep_lasso,half_21_A,21,0.5,A,1.0,"[23, 21, 20, 0, 15, 16, 19, 25, 27, 18, 7, 24]"
xgb_naive,half_21_A,21,0.5,A,0.3333333333333333,"[19, 16, 0, 18, 15, 7, 28, 24, 20, 22, 6, 27]"
xgb_midpoint,half_21_A,21,0.5,A,0.5,"[19, 16, 15, 0, 7, 17, 20, 23, 24, 1, 22, 6]"
xgb_orbit,half_21_A,21,0.5,A,0.3333333333333333,"[19, 16, 0, 15, 7, 20, 28, 24, 22, 23, 27, 25]"
xgb_orbit_student,half_21_A,21,0.5,A,0.3333333333333333,"[16, 19, 0, 23, 15, 10, 25, 24, 20, 7, 11, 22]"
tabm_naive,half_21_A,21,0.5,A,0.6,"[16, 19, 15, 0, 20, 22, 18, 17, 27, 25, 24, 6]"
tabm_midpoint,half_21_A,21,0.5,A,0.7142857142857143,"[16, 19, 15, 0, 20, 17, 27, 22, 6, 24, 3, 25]"
tabm_orbit,half_21_A,21,0.5,A,0.6,"[16, 19, 15, 0, 20, 17, 27, 22, 6, 24, 23, 25]"
tabm_orbit_student,half_21_A,21,0.5,A,0.5,"[16, 0, 19, 22, 23, 15, 20, 17, 24, 25, 27, 6]"
lasso_pair_q20,half_21_B,21,0.5,B,0.6,"[0, 20, 16, 26, 6, 9, 2, 15, 13, 17, 19, 22]"
linear_orbit_student,half_21_B,21,0.5,B,0.7142857142857143,"[0, 19, 28, 16, 21, 26, 22, 12, 27, 20, 3, 2]"
xgb_shap,half_21_B,21,0.5,B,0.7142857142857143,"[23, 21, 0, 16, 24, 19, 25, 15, 18, 1, 7, 8]"
xgb_pfi,half_21_B,21,0.5,B,0.7142857142857143,"[21, 23, 0, 16, 19, 24, 18, 15, 2, 20, 8, 25]"
tabm_pfi,half_21_B,21,0.5,B,0.8461538461538461,"[23, 0, 16, 15, 19, 21, 20, 24, 2, 18, 25, 1]"
deep_lasso,half_21_B,21,0.5,B,0.8461538461538461,"[23, 21, 16, 25, 0, 19, 15, 20, 26, 18, 24, 27]"
xgb_naive,half_21_B,21,0.5,B,0.6,"[16, 0, 19, 18, 8, 1, 4, 17, 2, 27, 6, 15]"
xgb_midpoint,half_21_B,21,0.5,B,0.4117647058823529,"[16, 19, 0, 15, 17, 18, 8, 4, 1, 27, 23, 2]"
xgb_orbit,half_21_B,21,0.5,B,0.5,"[16, 19, 0, 15, 18, 8, 17, 4, 1, 27, 7, 6]"
xgb_orbit_student,half_21_B,21,0.5,B,0.5,"[0, 16, 19, 4, 8, 18, 17, 27, 15, 1, 13, 14]"
tabm_naive,half_21_B,21,0.5,B,0.6,"[16, 19, 15, 0, 18, 26, 27, 8, 6, 2, 3, 24]"
tabm_midpoint,half_21_B,21,0.5,B,0.4117647058823529,"[19, 16, 15, 0, 18, 27, 26, 4, 17, 24, 6, 28]"
tabm_orbit,half_21_B,21,0.5,B,0.3333333333333333,"[19, 16, 0, 15, 18, 26, 27, 4, 8, 24, 2, 28]"
tabm_orbit_student,half_21_B,21,0.5,B,0.3333333333333333,"[0, 16, 19, 18, 15, 26, 27, 24, 21, 23, 8, 12]"
lasso_pair_q20,half_22_A,22,0.5,A,0.7142857142857143,"[20, 0, 23, 16, 25, 27, 26, 9, 19, 22, 28, 6]"
linear_orbit_student,half_22_A,22,0.5,A,0.6,"[16, 0, 21, 20, 19, 22, 27, 25, 15, 26, 10, 1]"
xgb_shap,half_22_A,22,0.5,A,0.7142857142857143,"[21, 23, 0, 24, 19, 16, 25, 20, 15, 18, 17, 7]"
xgb_pfi,half_22_A,22,0.5,A,0.7142857142857143,"[21, 0, 23, 19, 16, 20, 18, 15, 24, 2, 25, 22]"
tabm_pfi,half_22_A,22,0.5,A,0.6,"[0, 23, 21, 16, 20, 15, 19, 2, 27, 24, 17, 12]"
deep_lasso,half_22_A,22,0.5,A,1.0,"[0, 21, 23, 20, 25, 16, 15, 24, 19, 27, 7, 18]"
xgb_naive,half_22_A,22,0.5,A,0.6,"[19, 16, 0, 15, 18, 17, 25, 22, 20, 23, 8, 11]"
xgb_midpoint,half_22_A,22,0.5,A,0.6,"[19, 16, 15, 0, 18, 17, 22, 1, 20, 23, 25, 21]"
xgb_orbit,half_22_A,22,0.5,A,0.7142857142857143,"[19, 16, 0, 15, 18, 17, 22, 20, 23, 25, 1, 8]"
xgb_orbit_student,half_22_A,22,0.5,A,0.5,"[16, 19, 0, 15, 12, 13, 20, 23, 22, 11, 18, 17]"
tabm_naive,half_22_A,22,0.5,A,0.4117647058823529,"[15, 16, 0, 19, 20, 22, 25, 23, 1, 18, 21, 13]"
tabm_midpoint,half_22_A,22,0.5,A,0.6,"[16, 15, 0, 19, 20, 22, 25, 1, 23, 18, 3, 26]"
tabm_orbit,half_22_A,22,0.5,A,0.6,"[16, 15, 0, 19, 20, 22, 25, 18, 23, 1, 8, 21]"
tabm_orbit_student,half_22_A,22,0.5,A,0.5,"[16, 0, 19, 23, 20, 15, 13, 1, 22, 25, 21, 18]"
lasso_pair_q20,half_22_B,22,0.5,B,0.5,"[20, 0, 16, 26, 7, 25, 21, 15, 22, 8, 9, 28]"
linear_orbit_student,half_22_B,22,0.5,B,0.5,"[0, 20, 23, 7, 26, 16, 11, 27, 2, 22, 8, 9]"
xgb_shap,half_22_B,22,0.5,B,1.0,"[23, 21, 0, 16, 24, 19, 15, 18, 1, 20, 7, 2]"
xgb_pfi,half_22_B,22,0.5,B,0.8461538461538461,"[23, 21, 0, 16, 19, 20, 24, 15, 18, 2, 1, 7]"
tabm_pfi,half_22_B,22,0.5,B,0.8461538461538461,"[23, 0, 19, 16, 21, 15, 20, 27, 25, 2, 18, 24]"
deep_lasso,half_22_B,22,0.5,B,0.8461538461538461,"[23, 21, 19, 0, 16, 15, 25, 20, 27, 18, 26, 24]"
xgb_naive,half_22_B,22,0.5,B,0.4117647058823529,"[16, 19, 0, 18, 17, 15, 3, 27, 7, 21, 6, 9]"
xgb_midpoint,half_22_B,22,0.5,B,0.5,"[16, 19, 0, 15, 18, 17, 3, 1, 21, 28, 7, 23]"
xgb_orbit,half_22_B,22,0.5,B,0.5,"[16, 19, 0, 15, 18, 17, 3, 7, 1, 28, 6, 21]"
xgb_orbit_student,half_22_B,22,0.5,B,0.5,"[16, 19, 0, 3, 21, 17, 11, 15, 14, 6, 23, 7]"
tabm_naive,half_22_B,22,0.5,B,0.5,"[19, 16, 0, 15, 18, 17, 23, 7, 21, 27, 6, 3]"
tabm_midpoint,half_22_B,22,0.5,B,0.7142857142857143,"[19, 16, 0, 15, 18, 17, 3, 27, 26, 20, 21, 6]"
tabm_orbit,half_22_B,22,0.5,B,0.6,"[19, 16, 0, 15, 18, 17, 3, 27, 20, 7, 21, 6]"
tabm_orbit_student,half_22_B,22,0.5,B,0.8461538461538461,"[19, 0, 16, 21, 17, 3, 18, 15, 23, 20, 11, 6]"
lasso_pair_q20,half_23_A,23,0.5,A,0.6,"[20, 0, 25, 27, 16, 18, 26, 22, 2, 5, 15, 14]"
linear_orbit_student,half_23_A,23,0.5,A,0.5,"[0, 20, 25, 27, 16, 28, 23, 19, 2, 1, 3, 4]"
xgb_shap,half_23_A,23,0.5,A,0.7142857142857143,"[23, 0, 21, 24, 16, 19, 15, 20, 25, 27, 18, 7]"
xgb_pfi,half_23_A,23,0.5,A,0.8461538461538461,"[23, 0, 21, 19, 24, 16, 15, 20, 17, 2, 18, 1]"
tabm_pfi,half_23_A,23,0.5,A,0.8461538461538461,"[0, 23, 21, 20, 16, 19, 27, 15, 24, 2, 25, 18]"
deep_lasso,half_23_A,23,0.5,A,0.7142857142857143,"[0, 23, 21, 20, 25, 24, 27, 15, 19, 16, 26, 8]"
xgb_naive,half_23_A,23,0.5,A,0.7142857142857143,"[19, 0, 16, 18, 15, 17, 20, 25, 2, 3, 8, 9]"
xgb_midpoint,half_23_A,23,0.5,A,0.7142857142857143,"[19, 16, 0, 15, 17, 1, 20, 25, 21, 11, 22, 2]"
xgb_orbit,half_23_A,23,0.5,A,0.7142857142857143,"[19, 16, 0, 15, 17, 18, 20, 25, 1, 21, 3, 22]"
xgb_orbit_student,half_23_A,23,0.5,A,0.7142857142857143,"[0, 19, 16, 15, 20, 17, 11, 25, 21, 18, 1, 22]"
tabm_naive,half_23_A,23,0.5,A,0.3333333333333333,"[0, 19, 16, 20, 25, 28, 27, 17, 1, 18, 24, 26]"
tabm_midpoint,half_23_A,23,0.5,A,0.6,"[0, 16, 19, 20, 25, 27, 28, 17, 1, 18, 22, 15]"
tabm_orbit,half_23_A,23,0.5,A,0.5,"[0, 16, 19, 20, 25, 27, 28, 17, 1, 18, 22, 24]"
tabm_orbit_student,half_23_A,23,0.5,A,0.6,"[0, 16, 19, 20, 22, 25, 1, 28, 17, 21, 11, 18]"
lasso_pair_q20,half_23_B,23,0.5,B,0.5,"[20, 0, 25, 16, 26, 4, 18, 9, 22, 19, 6, 1]"
linear_orbit_student,half_23_B,23,0.5,B,0.6,"[0, 16, 20, 25, 26, 18, 9, 22, 21, 2, 28, 1]"
xgb_shap,half_23_B,23,0.5,B,0.8461538461538461,"[21, 23, 0, 16, 19, 24, 15, 20, 2, 18, 4, 7]"
xgb_pfi,half_23_B,23,0.5,B,0.8461538461538461,"[21, 0, 23, 16, 19, 18, 20, 2, 15, 24, 27, 9]"
tabm_pfi,half_23_B,23,0.5,B,0.6,"[23, 0, 16, 19, 15, 21, 20, 2, 9, 18, 3, 1]"
deep_lasso,half_23_B,23,0.5,B,0.8461538461538461,"[21, 23, 0, 20, 16, 15, 25, 19, 22, 27, 18, 7]"
xgb_naive,half_23_B,23,0.5,B,0.7142857142857143,"[16, 0, 19, 18, 15, 17, 2, 8, 20, 24, 25, 28]"
xgb_midpoint,half_23_B,23,0.5,B,0.5,"[16, 19, 0, 15, 17, 18, 8, 2, 20, 1, 25, 4]"
xgb_orbit,half_23_B,23,0.5,B,0.7142857142857143,"[16, 19, 0, 15, 18, 17, 8, 2, 20, 1, 25, 26]"
xgb_orbit_student,half_23_B,23,0.5,B,0.6,"[16, 0, 19, 15, 17, 20, 8, 18, 14, 11, 25, 2]"
tabm_naive,half_23_B,23,0.5,B,0.6,"[16, 19, 0, 15, 18, 20, 2, 3, 28, 5, 8, 24]"
tabm_midpoint,half_23_B,23,0.5,B,0.5,"[16, 0, 19, 15, 18, 20, 2, 3, 17, 28, 27, 5]"
tabm_orbit,half_23_B,23,0.5,B,0.6,"[16, 0, 19, 15, 18, 20, 3, 2, 28, 27, 25, 17]"
tabm_orbit_student,half_23_B,23,0.5,B,0.4117647058823529,"[16, 0, 19, 20, 3, 15, 18, 5, 27, 28, 13, 25]"
lasso_pair_q20,half_24_A,24,0.5,A,0.5,"[20, 0, 21, 16, 26, 27, 25, 17, 1, 22, 6, 14]"
linear_orbit_student,half_24_A,24,0.5,A,0.7142857142857143,"[16, 0, 26, 19, 22, 20, 27, 25, 3, 10, 8, 2]"
xgb_shap,half_24_A,24,0.5,A,0.8461538461538461,"[23, 0, 21, 16, 19, 15, 25, 20, 24, 18, 2, 7]"
xgb_pfi,half_24_A,24,0.5,A,0.8461538461538461,"[23, 0, 16, 21, 19, 18, 2, 20, 24, 25, 1, 27]"
tabm_pfi,half_24_A,24,0.5,A,0.8461538461538461,"[23, 0, 16, 15, 21, 19, 2, 20, 27, 24, 18, 25]"
deep_lasso,half_24_A,24,0.5,A,1.0,"[23, 0, 21, 19, 20, 25, 16, 15, 27, 24, 18, 7]"
xgb_naive,half_24_A,24,0.5,A,0.4117647058823529,"[16, 0, 19, 18, 15, 17, 23, 25, 7, 3, 24, 27]"
xgb_midpoint,half_24_A,24,0.5,A,0.3333333333333333,"[16, 19, 0, 15, 18, 17, 7, 25, 27, 21, 24, 23]"
xgb_orbit,half_24_A,24,0.5,A,0.4117647058823529,"[16, 19, 0, 15, 18, 17, 7, 23, 25, 27, 24, 21]"
xgb_orbit_student,half_24_A,24,0.5,A,0.4117647058823529,"[16, 0, 19, 18, 15, 24, 21, 10, 23, 17, 25, 7]"
tabm_naive,half_24_A,24,0.5,A,0.5,"[16, 15, 19, 0, 27, 18, 8, 24, 26, 20, 2, 21]"
tabm_midpoint,half_24_A,24,0.5,A,0.3333333333333333,"[16, 15, 0, 19, 27, 18, 24, 20, 26, 5, 8, 2]"
tabm_orbit,half_24_A,24,0.5,A,0.4117647058823529,"[16, 15, 0, 19, 27, 18, 24, 26, 20, 8, 2, 21]"
tabm_orbit_student,half_24_A,24,0.5,A,0.4117647058823529,"[16, 0, 15, 19, 27, 24, 21, 18, 20, 26, 8, 5]"
lasso_pair_q20,half_24_B,24,0.5,B,0.4117647058823529,"[20, 0, 25, 23, 27, 1, 16, 2, 17, 26, 8, 9]"
linear_orbit_student,half_24_B,24,0.5,B,0.7142857142857143,"[0, 20, 22, 16, 21, 25, 27, 28, 2, 11, 26, 1]"
xgb_shap,half_24_B,24,0.5,B,0.8461538461538461,"[21, 0, 24, 16, 19, 20, 15, 23, 18, 1, 28, 7]"
xgb_pfi,half_24_B,24,0.5,B,0.8461538461538461,"[21, 0, 16, 19, 20, 24, 23, 15, 18, 1, 28, 2]"
tabm_pfi,half_24_B,24,0.5,B,0.8461538461538461,"[0, 23, 16, 15, 19, 21, 20, 24, 18, 28, 2, 25]"
deep_lasso,half_24_B,24,0.5,B,0.8461538461538461,"[21, 20, 0, 23, 16, 15, 25, 19, 27, 18, 24, 26]"
xgb_naive,half_24_B,24,0.5,B,0.5,"[19, 0, 16, 18, 15, 1, 2, 4, 7, 17, 22, 28]"
xgb_midpoint,half_24_B,24,0.5,B,0.6,"[19, 16, 15, 0, 1, 17, 28, 4, 22, 2, 21, 20]"
xgb_orbit,half_24_B,24,0.5,B,0.6,"[19, 16, 0, 15, 1, 18, 28, 17, 2, 22, 4, 21]"
xgb_orbit_student,half_24_B,24,0.5,B,0.5,"[19, 0, 16, 1, 15, 13, 22, 11, 28, 21, 17, 23]"
tabm_naive,half_24_B,24,0.5,B,0.6,"[16, 15, 19, 0, 18, 28, 20, 7, 22, 1, 3, 17]"
tabm_midpoint,half_24_B,24,0.5,B,0.4117647058823529,"[16, 15, 19, 0, 28, 18, 20, 1, 22, 7, 4, 27]"
tabm_orbit,half_24_B,24,0.5,B,0.4117647058823529,"[16, 15, 19, 0, 28, 18, 20, 22, 1, 7, 4, 27]"
tabm_orbit_student,half_24_B,24,0.5,B,0.5,"[0, 19, 16, 18, 15, 28, 20, 1, 22, 23, 21, 7]"
lasso_pair_q20,half_25_A,25,0.5,A,0.5,"[0, 25, 20, 26, 16, 2, 5, 8, 27, 14, 9, 15]"
linear_orbit_student,half_25_A,25,0.5,A,0.7142857142857143,"[0, 25, 26, 21, 22, 17, 16, 6, 2, 27, 20, 8]"
xgb_shap,half_25_A,25,0.5,A,0.7142857142857143,"[21, 0, 24, 23, 16, 19, 15, 25, 20, 18, 7, 17]"
xgb_pfi,half_25_A,25,0.5,A,0.8461538461538461,"[21, 0, 23, 16, 19, 24, 20, 18, 15, 2, 1, 25]"
tabm_pfi,half_25_A,25,0.5,A,0.7142857142857143,"[23, 0, 15, 16, 19, 21, 20, 2, 18, 25, 27, 9]"
deep_lasso,half_25_A,25,0.5,A,0.8461538461538461,"[21, 23, 0, 20, 16, 25, 19, 15, 24, 27, 18, 26]"
xgb_naive,half_25_A,25,0.5,A,0.6,"[16, 0, 19, 18, 17, 25, 2, 28, 8, 1, 22, 24]"
xgb_midpoint,half_25_A,25,0.5,A,0.4117647058823529,"[16, 19, 0, 15, 17, 18, 25, 28, 8, 24, 2, 1]"
xgb_orbit,half_25_A,25,0.5,A,0.5,"[16, 19, 0, 17, 18, 15, 25, 28, 2, 8, 24, 1]"
xgb_orbit_student,half_25_A,25,0.5,A,0.4117647058823529,"[0, 16, 19, 17, 25, 6, 11, 3, 18, 28, 1, 2]"
tabm_naive,half_25_A,25,0.5,A,0.6,"[16, 19, 0, 15, 18, 25, 24, 8, 3, 6, 10, 2]"
tabm_midpoint,half_25_A,25,0.5,A,0.4117647058823529,"[16, 19, 0, 15, 18, 24, 25, 27, 17, 8, 23, 26]"
tabm_orbit,half_25_A,25,0.5,A,0.5,"[16, 19, 0, 15, 18, 24, 25, 17, 27, 8, 26, 23]"
tabm_orbit_student,half_25_A,25,0.5,A,0.4117647058823529,"[0, 16, 19, 25, 13, 24, 18, 15, 17, 23, 27, 21]"
lasso_pair_q20,half_25_B,25,0.5,B,0.7142857142857143,"[20, 0, 25, 16, 6, 27, 19, 7, 22, 28, 26, 23]"
linear_orbit_student,half_25_B,25,0.5,B,0.6,"[16, 0, 20, 22, 19, 23, 8, 28, 25, 6, 10, 26]"
xgb_shap,half_25_B,25,0.5,B,0.8461538461538461,"[23, 21, 0, 16, 19, 15, 24, 18, 20, 2, 1, 28]"
xgb_pfi,half_25_B,25,0.5,B,0.8461538461538461,"[23, 21, 0, 16, 19, 15, 20, 18, 24, 2, 17, 1]"
tabm_pfi,half_25_B,25,0.5,B,0.6,"[23, 0, 21, 16, 15, 20, 19, 2, 17, 3, 25, 27]"
deep_lasso,half_25_B,25,0.5,B,0.8461538461538461,"[0, 23, 21, 16, 20, 25, 15, 19, 27, 18, 24, 2]"
xgb_naive,half_25_B,25,0.5,B,0.5,"[16, 0, 19, 18, 15, 23, 7, 4, 17, 27, 20, 8]"
xgb_midpoint,half_25_B,25,0.5,B,0.5,"[16, 19, 15, 0, 8, 3, 18, 4, 17, 23, 20, 7]"
xgb_orbit,half_25_B,25,0.5,B,0.4117647058823529,"[16, 19, 0, 15, 18, 4, 8, 17, 7, 23, 6, 27]"
xgb_orbit_student,half_25_B,25,0.5,B,0.4117647058823529,"[16, 0, 19, 15, 11, 20, 10, 6, 4, 13, 21, 24]"
tabm_naive,half_25_B,25,0.5,B,0.6,"[16, 19, 0, 15, 18, 20, 17, 6, 2, 28, 7, 23]"
tabm_midpoint,half_25_B,25,0.5,B,0.7142857142857143,"[16, 0, 19, 15, 18, 20, 17, 6, 2, 22, 8, 3]"
tabm_orbit,half_25_B,25,0.5,B,0.7142857142857143,"[16, 0, 19, 15, 18, 20, 17, 6, 28, 22, 2, 3]"
tabm_orbit_student,half_25_B,25,0.5,B,0.8461538461538461,"[16, 0, 18, 19, 6, 21, 20, 17, 28, 22, 11, 3]"
lasso_pair_q20,half_26_A,26,0.5,A,0.6,"[20, 0, 25, 27, 23, 26, 14, 16, 2, 28, 4, 22]"
linear_orbit_student,half_26_A,26,0.5,A,0.7142857142857143,"[0, 23, 20, 25, 27, 11, 22, 16, 21, 8, 28, 2]"
xgb_shap,half_26_A,26,0.5,A,0.8461538461538461,"[21, 23, 0, 19, 24, 16, 15, 2, 18, 25, 20, 7]"
xgb_pfi,half_26_A,26,0.5,A,0.7142857142857143,"[21, 0, 19, 23, 16, 24, 2, 18, 20, 15, 7, 28]"
tabm_pfi,half_26_A,26,0.5,A,0.8461538461538461,"[23, 16, 0, 19, 15, 21, 2, 20, 22, 27, 18, 24]"
deep_lasso,half_26_A,26,0.5,A,0.8461538461538461,"[23, 16, 21, 0, 25, 20, 19, 15, 24, 18, 2, 7]"
xgb_naive,half_26_A,26,0.5,A,0.6,"[19, 0, 16, 18, 15, 17, 8, 27, 23, 25, 2, 3]"
xgb_midpoint,half_26_A,26,0.5,A,0.4117647058823529,"[19, 16, 15, 0, 18, 17, 8, 23, 25, 3, 2, 27]"
xgb_orbit,half_26_A,26,0.5,A,0.4117647058823529,"[19, 16, 0, 15, 18, 17, 8, 27, 23, 2, 25, 3]"
xgb_orbit_student,half_26_A,26,0.5,A,0.3333333333333333,"[16, 19, 0, 15, 17, 23, 18, 27, 25, 3, 8, 5]"
tabm_naive,half_26_A,26,0.5,A,0.4117647058823529,"[16, 19, 15, 0, 20, 8, 18, 23, 25, 28, 1, 27]"
tabm_midpoint,half_26_A,26,0.5,A,0.4117647058823529,"[16, 15, 19, 0, 18, 20, 23, 27, 5, 25, 1, 8]"
tabm_orbit,half_26_A,26,0.5,A,0.5,"[16, 15, 19, 0, 18, 20, 23, 27, 25, 5, 8, 1]"
tabm_orbit_student,half_26_A,26,0.5,A,0.4117647058823529,"[16, 19, 0, 23, 15, 20, 18, 25, 27, 13, 11, 5]"
lasso_pair_q20,half_26_B,26,0.5,B,0.3333333333333333,"[0, 20, 25, 21, 16, 26, 22, 18, 7, 17, 4, 5]"
linear_orbit_student,half_26_B,26,0.5,B,0.6,"[0, 21, 16, 19, 23, 25, 26, 3, 20, 7, 8, 28]"
xgb_shap,half_26_B,26,0.5,B,0.7142857142857143,"[23, 21, 0, 16, 19, 24, 15, 20, 1, 25, 18, 17]"
xgb_pfi,half_26_B,26,0.5,B,0.7142857142857143,"[23, 0, 21, 19, 16, 20, 24, 15, 2, 18, 25, 3]"
tabm_pfi,half_26_B,26,0.5,B,0.7142857142857143,"[0, 23, 15, 21, 19, 16, 20, 24, 2, 25, 1, 9]"
deep_lasso,half_26_B,26,0.5,B,0.8461538461538461,"[23, 0, 21, 20, 15, 25, 19, 16, 27, 26, 18, 24]"
xgb_naive,half_26_B,26,0.5,B,0.5,"[19, 16, 0, 18, 15, 3, 17, 8, 2, 28, 7, 23]"
xgb_midpoint,half_26_B,26,0.5,B,0.6,"[16, 19, 0, 15, 17, 3, 7, 1, 21, 23, 8, 18]"
xgb_orbit,half_26_B,26,0.5,B,0.5,"[16, 19, 0, 15, 3, 17, 18, 8, 21, 23, 2, 7]"
xgb_orbit_student,half_26_B,26,0.5,B,0.4117647058823529,"[16, 0, 19, 3, 15, 21, 8, 17, 23, 10, 11, 22]"
tabm_naive,half_26_B,26,0.5,B,0.4117647058823529,"[0, 19, 15, 16, 7, 27, 3, 17, 4, 21, 23, 22]"
tabm_midpoint,half_26_B,26,0.5,B,0.6,"[0, 15, 16, 19, 27, 18, 7, 20, 17, 3, 26, 21]"
tabm_orbit,half_26_B,26,0.5,B,0.5,"[0, 15, 16, 19, 27, 20, 7, 18, 17, 3, 26, 21]"
tabm_orbit_student,half_26_B,26,0.5,B,0.5,"[0, 16, 21, 15, 19, 27, 20, 11, 14, 7, 23, 17]"
lasso_pair_q20,half_27_A,27,0.5,A,0.6,"[0, 20, 21, 25, 16, 27, 19, 3, 2, 26, 4, 22]"
linear_orbit_student,half_27_A,27,0.5,A,0.5,"[0, 25, 26, 16, 20, 23, 2, 13, 28, 27, 10, 9]"
xgb_shap,half_27_A,27,0.5,A,0.8461538461538461,"[23, 21, 0, 16, 19, 24, 15, 18, 25, 20, 2, 1]"
xgb_pfi,half_27_A,27,0.5,A,0.7142857142857143,"[23, 21, 0, 16, 19, 24, 18, 2, 20, 15, 28, 25]"
tabm_pfi,half_27_A,27,0.5,A,1.0,"[23, 0, 16, 21, 19, 15, 20, 2, 25, 24, 22, 18]"
deep_lasso,half_27_A,27,0.5,A,0.8461538461538461,"[23, 21, 0, 16, 19, 25, 20, 15, 27, 18, 26, 24]"
xgb_naive,half_27_A,27,0.5,A,0.5,"[16, 0, 19, 18, 15, 17, 25, 2, 3, 26, 27, 9]"
xgb_midpoint,half_27_A,27,0.5,A,0.4117647058823529,"[16, 19, 0, 15, 17, 3, 2, 25, 5, 20, 27, 7]"
xgb_orbit,half_27_A,27,0.5,A,0.4117647058823529,"[16, 19, 0, 15, 17, 18, 2, 3, 25, 26, 9, 27]"
xgb_orbit_student,half_27_A,27,0.5,A,0.4117647058823529,"[16, 0, 15, 19, 25, 20, 2, 17, 3, 13, 26, 12]"
tabm_naive,half_27_A,27,0.5,A,0.5,"[16, 19, 15, 0, 25, 3, 2, 20, 27, 28, 17, 24]"
tabm_midpoint,half_27_A,27,0.5,A,0.5,"[16, 19, 0, 15, 27, 3, 20, 18, 25, 2, 28, 5]"
tabm_orbit,half_27_A,27,0.5,A,0.5,"[16, 19, 15, 0, 20, 3, 27, 25, 2, 18, 28, 5]"
tabm_orbit_student,half_27_A,27,0.5,A,0.5,"[16, 15, 0, 19, 25, 27, 3, 20, 2, 11, 23, 18]"
lasso_pair_q20,half_27_B,27,0.5,B,0.5,"[20, 0, 16, 25, 23, 27, 26, 3, 4, 28, 6, 7]"
linear_orbit_student,half_27_B,27,0.5,B,0.7142857142857143,"[16, 0, 20, 21, 12, 19, 22, 25, 27, 26, 2, 5]"
xgb_shap,half_27_B,27,0.5,B,0.8461538461538461,"[21, 23, 0, 24, 16, 15, 19, 20, 7, 18, 1, 17]"
xgb_pfi,half_27_B,27,0.5,B,1.0,"[21, 0, 23, 16, 19, 20, 15, 18, 24, 2, 1, 27]"
tabm_pfi,half_27_B,27,0.5,B,0.6,"[23, 0, 16, 15, 19, 21, 20, 27, 2, 10, 25, 1]"
deep_lasso,half_27_B,27,0.5,B,1.0,"[21, 23, 0, 20, 25, 15, 19, 16, 24, 27, 7, 18]"
xgb_naive,half_27_B,27,0.5,B,0.5,"[16, 0, 19, 15, 18, 24, 2, 4, 27, 1, 20, 6]"
xgb_midpoint,half_27_B,27,0.5,B,0.5,"[16, 19, 15, 0, 4, 24, 17, 1, 2, 20, 21, 25]"
xgb_orbit,half_27_B,27,0.5,B,0.6,"[16, 19, 15, 0, 18, 4, 24, 2, 1, 17, 20, 21]"
xgb_orbit_student,half_27_B,27,0.5,B,0.5,"[19, 16, 0, 15, 24, 4, 11, 20, 18, 2, 1, 6]"
tabm_naive,half_27_B,27,0.5,B,0.5,"[15, 19, 16, 0, 27, 18, 20, 10, 24, 4, 2, 22]"
tabm_midpoint,half_27_B,27,0.5,B,0.4117647058823529,"[15, 19, 16, 0, 18, 27, 20, 2, 24, 4, 26, 22]"
tabm_orbit,half_27_B,27,0.5,B,0.4117647058823529,"[15, 19, 0, 16, 18, 27, 20, 24, 4, 2, 28, 22]"
tabm_orbit_student,half_27_B,27,0.5,B,0.4117647058823529,"[0, 19, 16, 15, 18, 20, 12, 21, 27, 24, 4, 13]"
lasso_pair_q20,half_28_A,28,0.5,A,0.4117647058823529,"[20, 0, 25, 16, 26, 10, 7, 22, 18, 19, 14, 4]"
linear_orbit_student,half_28_A,28,0.5,A,0.6,"[0, 16, 20, 8, 3, 25, 7, 2, 26, 27, 28, 1]"
xgb_shap,half_28_A,28,0.5,A,0.7142857142857143,"[21, 0, 23, 16, 19, 15, 20, 24, 25, 27, 18, 7]"
xgb_pfi,half_28_A,28,0.5,A,0.8461538461538461,"[21, 0, 16, 19, 23, 20, 15, 18, 2, 27, 28, 1]"
tabm_pfi,half_28_A,28,0.5,A,0.6,"[0, 23, 16, 15, 20, 19, 21, 2, 22, 27, 9, 1]"
deep_lasso,half_28_A,28,0.5,A,0.7142857142857143,"[20, 21, 23, 0, 16, 15, 25, 27, 19, 18, 17, 2]"
xgb_naive,half_28_A,28,0.5,A,0.5,"[16, 0, 19, 15, 18, 17, 2, 7, 27, 3, 8, 4]"
xgb_midpoint,half_28_A,28,0.5,A,0.7142857142857143,"[16, 19, 15, 0, 1, 17, 2, 20, 8, 18, 22, 3]"
xgb_orbit,half_28_A,28,0.5,A,0.5,"[16, 19, 0, 15, 18, 1, 2, 17, 7, 8, 4, 27]"
xgb_orbit_student,half_28_A,28,0.5,A,0.5,"[0, 16, 19, 15, 1, 22, 2, 10, 11, 18, 17, 8]"
tabm_naive,half_28_A,28,0.5,A,0.6,"[16, 15, 0, 19, 20, 7, 18, 3, 2, 8, 9, 1]"
tabm_midpoint,half_28_A,28,0.5,A,0.4117647058823529,"[16, 15, 0, 19, 20, 7, 1, 2, 3, 18, 10, 24]"
tabm_orbit,half_28_A,28,0.5,A,0.4117647058823529,"[16, 15, 0, 19, 20, 18, 1, 7, 3, 2, 26, 5]"
tabm_orbit_student,half_28_A,28,0.5,A,0.4117647058823529,"[0, 16, 15, 19, 1, 20, 10, 24, 18, 5, 26, 3]"
lasso_pair_q20,half_28_B,28,0.5,B,0.5,"[0, 20, 25, 27, 16, 10, 28, 8, 22, 13, 15, 18]"
linear_orbit_student,half_28_B,28,0.5,B,0.5,"[0, 25, 16, 27, 23, 7, 22, 19, 8, 13, 9, 26]"
xgb_shap,half_28_B,28,0.5,B,0.7142857142857143,"[23, 0, 24, 21, 16, 19, 18, 25, 15, 20, 8, 2]"
xgb_pfi,half_28_B,28,0.5,B,0.7142857142857143,"[23, 0, 21, 16, 24, 19, 20, 15, 2, 17, 18, 28]"
tabm_pfi,half_28_B,28,0.5,B,0.6,"[23, 0, 21, 20, 24, 16, 19, 25, 2, 27, 9, 8]"
deep_lasso,half_28_B,28,0.5,B,0.6,"[0, 23, 21, 25, 24, 20, 15, 19, 2, 22, 27, 9]"
xgb_naive,half_28_B,28,0.5,B,0.4117647058823529,"[0, 16, 19, 17, 18, 25, 24, 23, 15, 4, 5, 12]"
xgb_midpoint,half_28_B,28,0.5,B,0.4117647058823529,"[16, 19, 0, 15, 17, 25, 24, 23, 4, 12, 3, 1]"
xgb_orbit,half_28_B,28,0.5,B,0.3333333333333333,"[16, 19, 0, 15, 17, 24, 25, 4, 23, 12, 6, 20]"
xgb_orbit_student,half_28_B,28,0.5,B,0.4117647058823529,"[0, 19, 16, 17, 25, 12, 15, 11, 23, 4, 24, 14]"
tabm_naive,half_28_B,28,0.5,B,0.3333333333333333,"[0, 16, 19, 25, 27, 24, 22, 8, 7, 20, 23, 21]"
tabm_midpoint,half_28_B,28,0.5,B,0.4117647058823529,"[0, 16, 19, 25, 27, 24, 7, 8, 22, 23, 20, 21]"
tabm_orbit,half_28_B,28,0.5,B,0.4117647058823529,"[0, 16, 19, 25, 27, 24, 7, 22, 8, 23, 20, 21]"
tabm_orbit_student,half_28_B,28,0.5,B,0.3333333333333333,"[0, 16, 25, 21, 24, 27, 23, 8, 22, 19, 17, 7]"
lasso_pair_q20,half_29_A,29,0.5,A,0.5,"[20, 0, 16, 26, 27, 23, 5, 19, 22, 6, 14, 18]"
linear_orbit_student,half_29_A,29,0.5,A,0.5,"[0, 21, 27, 20, 16, 26, 25, 10, 8, 3, 4, 5]"
xgb_shap,half_29_A,29,0.5,A,0.7142857142857143,"[21, 0, 16, 23, 24, 19, 15, 20, 18, 2, 28, 4]"
xgb_pfi,half_29_A,29,0.5,A,0.8461538461538461,"[21, 0, 16, 19, 23, 18, 2, 15, 20, 24, 1, 7]"
tabm_pfi,half_29_A,29,0.5,A,0.7142857142857143,"[0, 23, 16, 19, 21, 15, 20, 2, 27, 25, 18, 17]"
deep_lasso,half_29_A,29,0.5,A,0.8461538461538461,"[23, 0, 21, 20, 25, 24, 16, 27, 19, 15, 18, 2]"
xgb_naive,half_29_A,29,0.5,A,0.7142857142857143,"[16, 19, 0, 18, 27, 17, 2, 4, 15, 20, 21, 8]"
xgb_midpoint,half_29_A,29,0.5,A,0.4117647058823529,"[16, 19, 0, 15, 18, 17, 27, 20, 2, 21, 4, 6]"
xgb_orbit,half_29_A,29,0.5,A,0.5,"[16, 19, 0, 15, 18, 17, 27, 2, 21, 20, 4, 6]"
xgb_orbit_student,half_29_A,29,0.5,A,0.6,"[16, 19, 0, 21, 20, 17, 15, 27, 18, 2, 11, 22]"
tabm_naive,half_29_A,29,0.5,A,0.4117647058823529,"[16, 19, 0, 15, 18, 20, 27, 4, 7, 21, 23, 22]"
tabm_midpoint,half_29_A,29,0.5,A,0.5,"[16, 19, 0, 15, 18, 27, 7, 20, 4, 21, 22, 23]"
tabm_orbit,half_29_A,29,0.5,A,0.4117647058823529,"[16, 19, 0, 15, 18, 27, 20, 7, 4, 21, 22, 23]"
tabm_orbit_student,half_29_A,29,0.5,A,0.6,"[0, 19, 16, 21, 20, 27, 15, 18, 7, 22, 11, 4]"
lasso_pair_q20,half_29_B,29,0.5,B,0.3333333333333333,"[0, 20, 25, 23, 16, 17, 26, 22, 7, 9, 13, 5]"
linear_orbit_student,half_29_B,29,0.5,B,0.4117647058823529,"[0, 25, 16, 22, 23, 17, 19, 26, 20, 4, 7, 1]"
xgb_shap,half_29_B,29,0.5,B,0.8461538461538461,"[23, 21, 0, 24, 16, 19, 15, 25, 20, 7, 18, 1]"
xgb_pfi,half_29_B,29,0.5,B,0.7142857142857143,"[23, 21, 0, 19, 16, 24, 20, 15, 25, 2, 18, 17]"
tabm_pfi,half_29_B,29,0.5,B,0.7142857142857143,"[23, 0, 15, 21, 19, 16, 20, 24, 25, 22, 4, 14]"
deep_lasso,half_29_B,29,0.5,B,0.8461538461538461,"[23, 15, 21, 0, 16, 19, 20, 25, 7, 27, 22, 18]"
xgb_naive,half_29_B,29,0.5,B,0.4117647058823529,"[19, 0, 16, 18, 17, 27, 23, 9, 25, 3, 26, 20]"
xgb_midpoint,half_29_B,29,0.5,B,0.5,"[19, 16, 0, 15, 17, 25, 3, 20, 23, 24, 21, 5]"
xgb_orbit,half_29_B,29,0.5,B,0.5,"[19, 16, 0, 15, 17, 18, 25, 3, 23, 27, 20, 21]"
xgb_orbit_student,half_29_B,29,0.5,B,0.6,"[19, 0, 16, 17, 14, 25, 3, 11, 15, 20, 26, 23]"
tabm_naive,half_29_B,29,0.5,B,0.3333333333333333,"[19, 0, 15, 16, 22, 25, 5, 17, 28, 27, 26, 23]"
tabm_midpoint,half_29_B,29,0.5,B,0.6,"[19, 0, 16, 15, 18, 5, 25, 7, 27, 17, 3, 6]"
tabm_orbit,half_29_B,29,0.5,B,0.6,"[19, 16, 0, 15, 18, 25, 5, 17, 3, 27, 23, 22]"
tabm_orbit_student,half_29_B,29,0.5,B,0.4117647058823529,"[0, 16, 19, 15, 25, 3, 13, 6, 26, 5, 18, 27]"
lasso_pair_q20,f70_00,0,0.7,,0.6,"[0, 20, 25, 16, 26, 23, 27, 22, 2, 14, 1, 6]"
linear_orbit_student,f70_00,0,0.7,,0.7142857142857143,"[0, 16, 26, 2, 20, 25, 22, 19, 10, 27, 23, 8]"
xgb_shap,f70_00,0,0.7,,1.0,"[23, 21, 0, 16, 24, 19, 15, 20, 18, 2, 1, 7]"
xgb_pfi,f70_00,0,0.7,,0.7142857142857143,"[23, 21, 0, 16, 24, 19, 18, 15, 20, 2, 28, 7]"
tabm_pfi,f70_00,0,0.7,,0.7142857142857143,"[23, 0, 15, 16, 19, 21, 20, 2, 24, 18, 1, 3]"
deep_lasso,f70_00,0,0.7,,0.8461538461538461,"[23, 21, 0, 16, 20, 25, 19, 15, 27, 24, 2, 18]"
xgb_naive,f70_00,0,0.7,,0.6,"[16, 0, 19, 18, 15, 17, 2, 8, 24, 1, 28, 3]"
xgb_midpoint,f70_00,0,0.7,,0.6,"[16, 19, 0, 15, 17, 3, 1, 21, 8, 24, 26, 4]"
xgb_orbit,f70_00,0,0.7,,0.6,"[16, 19, 0, 15, 18, 17, 8, 1, 24, 3, 26, 2]"
xgb_orbit_student,f70_00,0,0.7,,0.6,"[0, 16, 19, 15, 26, 21, 17, 1, 10, 8, 24, 18]"
tabm_naive,f70_00,0,0.7,,0.6,"[16, 19, 15, 0, 18, 2, 1, 17, 3, 8, 24, 25]"
tabm_midpoint,f70_00,0,0.7,,0.6,"[16, 19, 15, 0, 18, 2, 3, 17, 20, 5, 6, 26]"
tabm_orbit,f70_00,0,0.7,,0.6,"[16, 19, 15, 0, 18, 2, 17, 3, 20, 26, 8, 24]"
tabm_orbit_student,f70_00,0,0.7,,0.5,"[0, 16, 19, 15, 21, 10, 17, 2, 3, 26, 18, 5]"
lasso_pair_q20,f70_01,1,0.7,,0.6,"[20, 0, 25, 27, 16, 2, 22, 23, 19, 26, 3, 4]"
linear_orbit_student,f70_01,1,0.7,,0.6,"[0, 25, 21, 20, 22, 23, 26, 16, 27, 2, 9, 1]"
xgb_shap,f70_01,1,0.7,,0.8461538461538461,"[23, 21, 0, 24, 16, 19, 15, 18, 25, 2, 20, 1]"
xgb_pfi,f70_01,1,0.7,,0.8461538461538461,"[23, 0, 21, 16, 19, 18, 24, 20, 15, 2, 17, 1]"
tabm_pfi,f70_01,1,0.7,,0.8461538461538461,"[23, 0, 15, 19, 16, 21, 2, 20, 18, 25, 22, 9]"
deep_lasso,f70_01,1,0.7,,0.7142857142857143,"[23, 21, 0, 25, 20, 19, 15, 16, 27, 24, 2, 22]"
xgb_naive,f70_01,1,0.7,,0.5,"[16, 0, 19, 18, 15, 17, 27, 24, 25, 26, 23, 21]"
xgb_midpoint,f70_01,1,0.7,,0.4117647058823529,"[16, 19, 15, 0, 17, 27, 25, 3, 21, 23, 24, 26]"
xgb_orbit,f70_01,1,0.7,,0.5,"[16, 19, 0, 15, 17, 18, 27, 24, 25, 26, 21, 23]"
xgb_orbit_student,f70_01,1,0.7,,0.5,"[0, 16, 19, 15, 17, 21, 26, 27, 23, 11, 3, 24]"
tabm_naive,f70_01,1,0.7,,0.6,"[15, 19, 16, 0, 18, 22, 27, 20, 7, 8, 25, 2]"
tabm_midpoint,f70_01,1,0.7,,0.6,"[15, 19, 16, 0, 27, 18, 22, 20, 25, 7, 4, 21]"
tabm_orbit,f70_01,1,0.7,,0.6,"[15, 19, 16, 0, 27, 20, 22, 18, 25, 8, 21, 7]"
tabm_orbit_student,f70_01,1,0.7,,0.5,"[0, 15, 19, 16, 23, 20, 21, 27, 25, 24, 22, 11]"
lasso_pair_q20,f70_02,2,0.7,,0.7142857142857143,"[20, 0, 25, 16, 26, 19, 22, 6, 28, 3, 15, 10]"
linear_orbit_student,f70_02,2,0.7,,0.5,"[0, 16, 20, 19, 25, 22, 17, 23, 11, 27, 21, 9]"
xgb_shap,f70_02,2,0.7,,0.8461538461538461,"[23, 21, 0, 19, 16, 24, 15, 20, 18, 7, 25, 1]"
xgb_pfi,f70_02,2,0.7,,0.7142857142857143,"[23, 0, 21, 19, 16, 20, 15, 24, 18, 2, 28, 25]"
tabm_pfi,f70_02,2,0.7,,1.0,"[23, 19, 0, 16, 15, 21, 20, 25, 2, 18, 22, 24]"
deep_lasso,f70_02,2,0.7,,0.8461538461538461,"[23, 21, 0, 20, 19, 25, 16, 15, 27, 24, 9, 7]"
xgb_naive,f70_02,2,0.7,,0.6,"[19, 16, 0, 18, 17, 15, 21, 3, 20, 13, 8, 11]"
xgb_midpoint,f70_02,2,0.7,,0.6,"[16, 19, 0, 15, 17, 18, 21, 22, 20, 13, 1, 12]"
xgb_orbit,f70_02,2,0.7,,0.8461538461538461,"[19, 16, 0, 15, 18, 17, 22, 21, 13, 20, 1, 26]"
xgb_orbit_student,f70_02,2,0.7,,0.6,"[0, 16, 19, 12, 13, 14, 15, 18, 17, 21, 26, 22]"
tabm_naive,f70_02,2,0.7,,0.5,"[16, 19, 15, 0, 18, 22, 20, 8, 7, 25, 27, 1]"
tabm_midpoint,f70_02,2,0.7,,0.7142857142857143,"[16, 19, 0, 15, 18, 20, 22, 5, 27, 17, 25, 21]"
tabm_orbit,f70_02,2,0.7,,0.6,"[16, 19, 0, 15, 18, 22, 20, 17, 5, 27, 25, 21]"
tabm_orbit_student,f70_02,2,0.7,,0.7142857142857143,"[0, 16, 19, 15, 18, 20, 11, 22, 5, 17, 21, 25]"
lasso_pair_q20,f70_03,3,0.7,,0.7142857142857143,"[0, 20, 23, 25, 16, 27, 21, 26, 19, 6, 2, 22]"
linear_orbit_student,f70_03,3,0.7,,0.7142857142857143,"[0, 25, 27, 23, 16, 26, 2, 21, 20, 22, 8, 17]"
xgb_shap,f70_03,3,0.7,,0.7142857142857143,"[23, 21, 0, 16, 24, 19, 15, 18, 20, 25, 17, 7]"
xgb_pfi,f70_03,3,0.7,,1.0,"[23, 21, 0, 16, 19, 20, 15, 18, 24, 2, 27, 1]"
tabm_pfi,f70_03,3,0.7,,0.7142857142857143,"[23, 0, 16, 15, 21, 19, 20, 2, 18, 25, 3, 27]"
deep_lasso,f70_03,3,0.7,,0.8461538461538461,"[23, 21, 16, 25, 0, 15, 20, 19, 18, 27, 7, 2]"
xgb_naive,f70_03,3,0.7,,0.6,"[16, 0, 19, 18, 17, 15, 8, 2, 27, 25, 4, 26]"
xgb_midpoint,f70_03,3,0.7,,0.5,"[16, 19, 0, 15, 17, 27, 8, 21, 25, 3, 2, 18]"
xgb_orbit,f70_03,3,0.7,,0.6,"[16, 19, 0, 15, 17, 18, 8, 2, 27, 25, 26, 21]"
xgb_orbit_student,f70_03,3,0.7,,0.5,"[16, 0, 19, 17, 11, 15, 27, 25, 8, 26, 2, 20]"
tabm_naive,f70_03,3,0.7,,0.5,"[16, 19, 15, 0, 18, 2, 27, 25, 8, 17, 4, 26]"
tabm_midpoint,f70_03,3,0.7,,0.5,"[16, 19, 0, 15, 18, 27, 25, 2, 26, 17, 20, 8]"
tabm_orbit,f70_03,3,0.7,,0.6,"[16, 19, 0, 15, 18, 27, 2, 25, 26, 17, 8, 20]"
tabm_orbit_student,f70_03,3,0.7,,0.4117647058823529,"[0, 16, 19, 18, 25, 17, 15, 26, 27, 2, 8, 21]"
lasso_pair_q20,f70_04,4,0.7,,0.6,"[20, 0, 23, 27, 16, 25, 2, 26, 28, 22, 14, 7]"
linear_orbit_student,f70_04,4,0.7,,0.6,"[0, 20, 16, 27, 2, 21, 7, 26, 17, 22, 25, 23]"
xgb_shap,f70_04,4,0.7,,0.8461538461538461,"[23, 21, 0, 24, 16, 19, 15, 25, 20, 18, 2, 1]"
xgb_pfi,f70_04,4,0.7,,0.8461538461538461,"[21, 23, 0, 16, 19, 24, 20, 2, 15, 18, 25, 1]"
tabm_pfi,f70_04,4,0.7,,1.0,"[23, 0, 19, 15, 16, 21, 20, 2, 25, 24, 18, 22]"
deep_lasso,f70_04,4,0.7,,0.8461538461538461,"[21, 23, 0, 25, 19, 15, 20, 16, 27, 24, 2, 18]"
xgb_naive,f70_04,4,0.7,,0.7142857142857143,"[16, 0, 19, 15, 18, 17, 1, 25, 24, 27, 2, 20]"
xgb_midpoint,f70_04,4,0.7,,0.5,"[16, 19, 15, 0, 17, 1, 27, 24, 25, 20, 7, 3]"
xgb_orbit,f70_04,4,0.7,,0.5,"[16, 19, 0, 15, 17, 1, 24, 27, 2, 25, 20, 22]"
xgb_orbit_student,f70_04,4,0.7,,0.5,"[16, 0, 15, 19, 20, 17, 27, 24, 25, 1, 23, 26]"
tabm_naive,f70_04,4,0.7,,0.5,"[15, 19, 16, 0, 18, 2, 20, 22, 4, 24, 25, 27]"
tabm_midpoint,f70_04,4,0.7,,0.6,"[15, 19, 16, 0, 18, 2, 20, 22, 24, 4, 25, 17]"
tabm_orbit,f70_04,4,0.7,,0.6,"[15, 19, 16, 0, 18, 2, 20, 22, 24, 4, 25, 17]"
tabm_orbit_student,f70_04,4,0.7,,0.5,"[0, 15, 16, 19, 20, 2, 18, 24, 22, 23, 11, 4]"
lasso_pair_q20,f70_05,5,0.7,,0.5,"[20, 0, 21, 28, 25, 16, 27, 26, 5, 13, 11, 6]"
linear_orbit_student,f70_05,5,0.7,,0.7142857142857143,"[0, 16, 26, 20, 21, 23, 28, 27, 25, 22, 2, 10]"
xgb_shap,f70_05,5,0.7,,1.0,"[23, 21, 0, 16, 19, 24, 15, 20, 18, 7, 1, 2]"
xgb_pfi,f70_05,5,0.7,,0.8461538461538461,"[23, 21, 0, 16, 19, 20, 15, 18, 24, 2, 1, 28]"
tabm_pfi,f70_05,5,0.7,,0.8461538461538461,"[23, 0, 16, 15, 19, 21, 20, 2, 25, 18, 1, 24]"
deep_lasso,f70_05,5,0.7,,0.8461538461538461,"[21, 23, 0, 16, 20, 25, 15, 19, 27, 18, 24, 2]"
xgb_naive,f70_05,5,0.7,,0.5,"[16, 0, 19, 18, 15, 28, 23, 1, 26, 2, 8, 4]"
xgb_midpoint,f70_05,5,0.7,,0.5,"[16, 19, 15, 0, 17, 28, 23, 18, 4, 1, 21, 20]"
xgb_orbit,f70_05,5,0.7,,0.6,"[16, 19, 0, 15, 18, 28, 23, 17, 1, 8, 26, 4]"
xgb_orbit_student,f70_05,5,0.7,,0.6,"[0, 16, 19, 15, 23, 26, 28, 6, 18, 21, 1, 14]"
tabm_naive,f70_05,5,0.7,,0.6,"[16, 15, 19, 0, 18, 2, 23, 22, 17, 20, 1, 24]"
tabm_midpoint,f70_05,5,0.7,,0.5,"[16, 15, 19, 0, 18, 20, 23, 17, 4, 21, 24, 28]"
tabm_orbit,f70_05,5,0.7,,0.5,"[16, 15, 19, 0, 18, 20, 17, 23, 22, 28, 21, 24]"
tabm_orbit_student,f70_05,5,0.7,,0.6,"[0, 16, 19, 15, 18, 23, 20, 21, 17, 22, 24, 28]"
lasso_pair_q20,f70_06,6,0.7,,0.6,"[0, 20, 23, 16, 26, 25, 27, 19, 22, 6, 18, 1]"
linear_orbit_student,f70_06,6,0.7,,0.6,"[0, 16, 23, 26, 20, 27, 25, 22, 7, 21, 28, 1]"
xgb_shap,f70_06,6,0.7,,0.7142857142857143,"[23, 0, 21, 19, 24, 16, 15, 20, 18, 25, 7, 17]"
xgb_pfi,f70_06,6,0.7,,1.0,"[23, 0, 21, 19, 16, 20, 18, 24, 15, 1, 2, 27]"
tabm_pfi,f70_06,6,0.7,,0.8461538461538461,"[23, 0, 19, 16, 15, 21, 20, 24, 18, 2, 25, 27]"
deep_lasso,f70_06,6,0.7,,1.0,"[23, 21, 0, 20, 16, 19, 25, 15, 27, 24, 18, 7]"
xgb_naive,f70_06,6,0.7,,0.7142857142857143,"[19, 0, 16, 18, 15, 17, 1, 27, 25, 7, 20, 2]"
xgb_midpoint,f70_06,6,0.7,,0.4117647058823529,"[19, 16, 0, 15, 17, 1, 7, 20, 23, 4, 25, 2]"
xgb_orbit,f70_06,6,0.7,,0.6,"[19, 16, 0, 15, 17, 18, 1, 7, 26, 27, 20, 25]"
xgb_orbit_student,f70_06,6,0.7,,0.8461538461538461,"[16, 0, 19, 15, 17, 1, 23, 26, 20, 14, 18, 11]"
tabm_naive,f70_06,6,0.7,,0.6,"[16, 19, 15, 0, 18, 27, 1, 20, 28, 8, 6, 22]"
tabm_midpoint,f70_06,6,0.7,,0.5,"[19, 16, 15, 0, 18, 27, 20, 6, 26, 1, 17, 23]"
tabm_orbit,f70_06,6,0.7,,0.5,"[19, 16, 15, 0, 18, 20, 27, 26, 17, 1, 6, 7]"
tabm_orbit_student,f70_06,6,0.7,,0.5,"[19, 0, 16, 15, 18, 20, 23, 13, 27, 1, 17, 6]"
lasso_pair_q20,f70_07,7,0.7,,0.6,"[20, 0, 25, 16, 26, 27, 22, 28, 7, 14, 15, 5]"
linear_orbit_student,f70_07,7,0.7,,0.4117647058823529,"[0, 26, 20, 23, 16, 25, 22, 27, 3, 17, 9, 7]"
xgb_shap,f70_07,7,0.7,,0.8461538461538461,"[23, 21, 0, 24, 16, 15, 19, 20, 18, 17, 7, 2]"
xgb_pfi,f70_07,7,0.7,,0.8461538461538461,"[23, 0, 21, 19, 16, 15, 24, 20, 18, 2, 7, 1]"
tabm_pfi,f70_07,7,0.7,,0.8461538461538461,"[23, 0, 15, 19, 16, 21, 20, 25, 2, 22, 9, 24]"
deep_lasso,f70_07,7,0.7,,0.8461538461538461,"[23, 21, 0, 20, 15, 16, 25, 19, 27, 18, 24, 26]"
xgb_naive,f70_07,7,0.7,,0.3333333333333333,"[0, 16, 19, 15, 18, 17, 7, 27, 23, 3, 24, 26]"
xgb_midpoint,f70_07,7,0.7,,0.4117647058823529,"[16, 19, 15, 0, 17, 18, 7, 23, 27, 3, 24, 20]"
xgb_orbit,f70_07,7,0.7,,0.4117647058823529,"[16, 19, 15, 0, 18, 17, 7, 27, 23, 3, 24, 26]"
xgb_orbit_student,f70_07,7,0.7,,0.5,"[0, 19, 16, 15, 13, 17, 27, 23, 18, 14, 24, 11]"
tabm_naive,f70_07,7,0.7,,0.6,"[19, 15, 16, 0, 18, 22, 27, 23, 20, 17, 3, 24]"
tabm_midpoint,f70_07,7,0.7,,0.6,"[15, 19, 16, 0, 18, 27, 17, 20, 23, 28, 3, 22]"
tabm_orbit,f70_07,7,0.7,,0.6,"[15, 16, 19, 0, 18, 27, 20, 17, 22, 28, 23, 3]"
tabm_orbit_student,f70_07,7,0.7,,0.4117647058823529,"[0, 15, 19, 16, 23, 17, 27, 28, 18, 20, 13, 25]"
lasso_pair_q20,f70_08,8,0.7,,0.6,"[20, 0, 23, 25, 26, 16, 22, 5, 27, 10, 28, 15]"
linear_orbit_student,f70_08,8,0.7,,0.5,"[0, 25, 20, 23, 26, 22, 16, 27, 21, 11, 7, 1]"
xgb_shap,f70_08,8,0.7,,1.0,"[23, 21, 0, 24, 16, 19, 15, 20, 18, 1, 2, 7]"
xgb_pfi,f70_08,8,0.7,,0.8461538461538461,"[23, 21, 0, 16, 19, 24, 20, 15, 2, 18, 1, 28]"
tabm_pfi,f70_08,8,0.7,,0.7142857142857143,"[23, 0, 15, 19, 16, 21, 2, 20, 18, 22, 26, 27]"
deep_lasso,f70_08,8,0.7,,0.7142857142857143,"[21, 23, 0, 25, 15, 19, 20, 16, 27, 2, 18, 9]"
xgb_naive,f70_08,8,0.7,,0.5,"[19, 16, 0, 18, 15, 17, 25, 23, 7, 24, 1, 26]"
xgb_midpoint,f70_08,8,0.7,,0.4117647058823529,"[19, 16, 0, 15, 17, 24, 23, 25, 3, 18, 8, 7]"
xgb_orbit,f70_08,8,0.7,,0.5,"[16, 19, 0, 15, 18, 17, 7, 1, 24, 25, 23, 26]"
xgb_orbit_student,f70_08,8,0.7,,0.4117647058823529,"[0, 19, 16, 23, 15, 25, 17, 10, 18, 24, 13, 11]"
tabm_naive,f70_08,8,0.7,,0.4117647058823529,"[15, 19, 16, 0, 18, 20, 3, 26, 4, 23, 25, 24]"
tabm_midpoint,f70_08,8,0.7,,0.5,"[15, 19, 16, 0, 18, 20, 3, 26, 4, 27, 23, 25]"
tabm_orbit,f70_08,8,0.7,,0.4117647058823529,"[15, 19, 16, 0, 18, 20, 26, 4, 3, 23, 27, 24]"
tabm_orbit_student,f70_08,8,0.7,,0.5,"[0, 16, 19, 15, 23, 20, 3, 26, 18, 4, 24, 17]"
lasso_pair_q20,f70_09,9,0.7,,0.5,"[20, 0, 25, 16, 23, 2, 27, 7, 22, 26, 13, 14]"
linear_orbit_student,f70_09,9,0.7,,0.7142857142857143,"[0, 20, 16, 25, 2, 21, 8, 22, 26, 7, 23, 27]"
xgb_shap,f70_09,9,0.7,,0.6,"[23, 21, 0, 24, 16, 19, 15, 20, 18, 25, 27, 17]"
xgb_pfi,f70_09,9,0.7,,0.8461538461538461,"[21, 0, 23, 16, 19, 24, 20, 18, 15, 2, 1, 8]"
tabm_pfi,f70_09,9,0.7,,0.8461538461538461,"[23, 0, 15, 16, 19, 21, 20, 2, 18, 25, 22, 9]"
deep_lasso,f70_09,9,0.7,,0.8461538461538461,"[23, 21, 0, 16, 20, 25, 19, 15, 27, 18, 7, 22]"
xgb_naive,f70_09,9,0.7,,0.7142857142857143,"[16, 19, 0, 18, 15, 17, 2, 20, 4, 3, 25, 1]"
xgb_midpoint,f70_09,9,0.7,,0.7142857142857143,"[16, 19, 15, 0, 17, 20, 2, 8, 3, 1, 24, 11]"
xgb_orbit,f70_09,9,0.7,,0.6,"[16, 19, 0, 15, 17, 18, 2, 20, 8, 4, 1, 25]"
xgb_orbit_student,f70_09,9,0.7,,0.4117647058823529,"[19, 0, 16, 15, 11, 20, 17, 10, 2, 12, 4, 8]"
tabm_naive,f70_09,9,0.7,,0.6,"[15, 16, 19, 0, 18, 20, 2, 8, 22, 25, 23, 10]"
tabm_midpoint,f70_09,9,0.7,,0.5,"[15, 16, 19, 0, 20, 18, 2, 3, 17, 8, 27, 7]"
tabm_orbit,f70_09,9,0.7,,0.7142857142857143,"[15, 16, 19, 0, 20, 18, 2, 8, 3, 17, 22, 27]"
tabm_orbit_student,f70_09,9,0.7,,0.5,"[15, 0, 19, 16, 20, 17, 2, 3, 18, 10, 8, 12]"
lasso_pair_q20,f70_10,10,0.7,,0.6,"[0, 20, 25, 16, 23, 27, 2, 7, 26, 19, 4, 22]"
linear_orbit_student,f70_10,10,0.7,,0.6,"[0, 16, 23, 26, 25, 22, 27, 20, 2, 7, 10, 28]"
xgb_shap,f70_10,10,0.7,,0.7142857142857143,"[23, 0, 21, 24, 16, 19, 15, 18, 20, 1, 25, 4]"
xgb_pfi,f70_10,10,0.7,,0.7142857142857143,"[23, 0, 21, 16, 19, 15, 20, 18, 24, 2, 17, 8]"
tabm_pfi,f70_10,10,0.7,,0.8461538461538461,"[23, 0, 15, 19, 16, 21, 20, 2, 18, 25, 22, 8]"
deep_lasso,f70_10,10,0.7,,0.7142857142857143,"[23, 21, 0, 25, 20, 19, 16, 15, 27, 18, 8, 2]"
xgb_naive,f70_10,10,0.7,,0.5,"[16, 0, 19, 18, 15, 17, 23, 4, 2, 25, 7, 27]"
xgb_midpoint,f70_10,10,0.7,,0.6,"[16, 19, 0, 15, 17, 23, 1, 4, 21, 2, 22, 3]"
xgb_orbit,f70_10,10,0.7,,0.5,"[16, 19, 0, 15, 17, 18, 23, 4, 2, 1, 3, 21]"
xgb_orbit_student,f70_10,10,0.7,,0.6,"[0, 16, 19, 17, 15, 23, 11, 10, 21, 3, 18, 1]"
tabm_naive,f70_10,10,0.7,,0.6,"[16, 15, 19, 0, 18, 22, 23, 2, 8, 21, 5, 20]"
tabm_midpoint,f70_10,10,0.7,,0.7142857142857143,"[15, 16, 19, 0, 18, 23, 17, 3, 20, 5, 22, 21]"
tabm_orbit,f70_10,10,0.7,,0.6,"[15, 16, 19, 0, 18, 23, 22, 17, 3, 20, 5, 21]"
tabm_orbit_student,f70_10,10,0.7,,0.7142857142857143,"[0, 16, 19, 15, 23, 5, 21, 17, 18, 3, 22, 11]"
lasso_pair_q20,f70_11,11,0.7,,0.8461538461538461,"[20, 0, 16, 26, 27, 2, 7, 15, 28, 19, 22, 6]"
linear_orbit_student,f70_11,11,0.7,,0.7142857142857143,"[0, 21, 16, 27, 20, 19, 2, 26, 22, 17, 7, 25]"
xgb_shap,f70_11,11,0.7,,1.0,"[21, 23, 0, 24, 16, 15, 19, 20, 18, 2, 1, 7]"
xgb_pfi,f70_11,11,0.7,,0.8461538461538461,"[21, 23, 0, 16, 19, 24, 18, 15, 2, 20, 1, 7]"
tabm_pfi,f70_11,11,0.7,,0.8461538461538461,"[23, 0, 15, 19, 16, 21, 2, 20, 1, 24, 18, 25]"
deep_lasso,f70_11,11,0.7,,0.8461538461538461,"[23, 21, 15, 0, 19, 16, 25, 20, 27, 7, 2, 18]"
xgb_naive,f70_11,11,0.7,,0.7142857142857143,"[16, 0, 18, 19, 15, 2, 7, 17, 21, 1, 8, 24]"
xgb_midpoint,f70_11,11,0.7,,0.5,"[16, 19, 15, 0, 17, 18, 2, 8, 21, 23, 1, 24]"
xgb_orbit,f70_11,11,0.7,,0.6,"[16, 19, 0, 15, 18, 17, 2, 7, 1, 21, 23, 8]"
xgb_orbit_student,f70_11,11,0.7,,0.6,"[0, 16, 19, 15, 18, 21, 11, 2, 17, 14, 23, 8]"
tabm_naive,f70_11,11,0.7,,0.5,"[15, 19, 16, 0, 18, 2, 20, 24, 1, 27, 25, 17]"
tabm_midpoint,f70_11,11,0.7,,0.5,"[15, 16, 19, 0, 18, 2, 20, 27, 17, 26, 25, 24]"
tabm_orbit,f70_11,11,0.7,,0.5,"[15, 19, 16, 0, 18, 2, 20, 27, 24, 17, 25, 23]"
tabm_orbit_student,f70_11,11,0.7,,0.5,"[0, 16, 15, 19, 18, 20, 21, 2, 17, 25, 27, 24]"
lasso_pair_q20,f70_12,12,0.7,,0.7142857142857143,"[20, 0, 23, 25, 16, 27, 26, 5, 28, 19, 22, 15]"
linear_orbit_student,f70_12,12,0.7,,0.7142857142857143,"[0, 16, 20, 25, 22, 27, 26, 21, 23, 7, 8, 2]"
xgb_shap,f70_12,12,0.7,,1.0,"[23, 21, 0, 24, 19, 16, 15, 20, 18, 1, 7, 2]"
xgb_pfi,f70_12,12,0.7,,0.8461538461538461,"[23, 21, 0, 19, 16, 20, 24, 15, 2, 18, 17, 1]"
tabm_pfi,f70_12,12,0.7,,0.8461538461538461,"[23, 0, 19, 15, 16, 21, 20, 2, 25, 18, 24, 3]"
deep_lasso,f70_12,12,0.7,,1.0,"[23, 21, 20, 0, 15, 25, 16, 19, 27, 24, 18, 7]"
xgb_naive,f70_12,12,0.7,,0.5,"[0, 19, 16, 18, 17, 27, 7, 15, 23, 20, 3, 25]"
xgb_midpoint,f70_12,12,0.7,,0.4117647058823529,"[19, 16, 0, 15, 17, 7, 23, 18, 21, 26, 25, 3]"
xgb_orbit,f70_12,12,0.7,,0.5,"[19, 16, 0, 15, 17, 18, 7, 27, 23, 20, 26, 25]"
xgb_orbit_student,f70_12,12,0.7,,0.6,"[0, 16, 19, 15, 14, 25, 17, 26, 21, 23, 20, 7]"
tabm_naive,f70_12,12,0.7,,0.5,"[16, 15, 19, 0, 18, 20, 23, 17, 25, 7, 2, 27]"
tabm_midpoint,f70_12,12,0.7,,0.5,"[15, 16, 0, 19, 18, 20, 27, 3, 7, 17, 5, 23]"
tabm_orbit,f70_12,12,0.7,,0.5,"[16, 15, 19, 0, 18, 20, 27, 3, 17, 7, 5, 23]"
tabm_orbit_student,f70_12,12,0.7,,0.5,"[0, 16, 19, 15, 18, 20, 17, 23, 3, 25, 27, 5]"
lasso_pair_q20,f70_13,13,0.7,,0.6,"[20, 0, 16, 25, 27, 23, 26, 13, 19, 22, 8, 15]"
linear_orbit_student,f70_13,13,0.7,,0.4117647058823529,"[23, 0, 20, 21, 16, 27, 22, 25, 9, 17, 7, 1]"
xgb_shap,f70_13,13,0.7,,0.8461538461538461,"[23, 21, 0, 24, 19, 16, 15, 18, 25, 7, 20, 1]"
xgb_pfi,f70_13,13,0.7,,0.8461538461538461,"[23, 21, 0, 19, 16, 15, 24, 20, 18, 2, 1, 4]"
tabm_pfi,f70_13,13,0.7,,0.6,"[23, 0, 19, 15, 16, 21, 20, 2, 1, 17, 25, 9]"
deep_lasso,f70_13,13,0.7,,1.0,"[23, 21, 0, 16, 25, 19, 15, 20, 27, 24, 7, 18]"
xgb_naive,f70_13,13,0.7,,0.3333333333333333,"[19, 16, 0, 18, 15, 17, 27, 4, 23, 7, 24, 3]"
xgb_midpoint,f70_13,13,0.7,,0.4117647058823529,"[16, 19, 15, 0, 17, 18, 4, 21, 23, 27, 3, 7]"
xgb_orbit,f70_13,13,0.7,,0.4117647058823529,"[19, 16, 0, 15, 18, 17, 4, 27, 23, 7, 21, 24]"
xgb_orbit_student,f70_13,13,0.7,,0.4117647058823529,"[16, 19, 0, 15, 23, 4, 13, 21, 18, 27, 3, 17]"
tabm_naive,f70_13,13,0.7,,0.5,"[16, 15, 19, 0, 18, 3, 27, 20, 7, 23, 22, 25]"
tabm_midpoint,f70_13,13,0.7,,0.5,"[16, 15, 19, 0, 18, 3, 27, 7, 5, 23, 17, 20]"
tabm_orbit,f70_13,13,0.7,,0.4117647058823529,"[16, 15, 19, 0, 18, 3, 27, 23, 7, 20, 5, 28]"
tabm_orbit_student,f70_13,13,0.7,,0.5,"[16, 0, 15, 19, 18, 23, 3, 21, 20, 27, 5, 13]"
lasso_pair_q20,f70_14,14,0.7,,0.6,"[20, 0, 23, 25, 16, 26, 22, 27, 6, 8, 15, 14]"
linear_orbit_student,f70_14,14,0.7,,0.7142857142857143,"[0, 19, 20, 21, 22, 25, 16, 8, 11, 23, 26, 2]"
xgb_shap,f70_14,14,0.7,,0.8461538461538461,"[23, 21, 0, 16, 19, 24, 15, 25, 18, 7, 20, 2]"
xgb_pfi,f70_14,14,0.7,,0.8461538461538461,"[23, 0, 21, 19, 16, 18, 15, 24, 20, 2, 25, 1]"
tabm_pfi,f70_14,14,0.7,,0.8461538461538461,"[23, 0, 15, 16, 19, 21, 2, 20, 18, 25, 24, 9]"
deep_lasso,f70_14,14,0.7,,0.8461538461538461,"[21, 23, 15, 0, 25, 16, 19, 20, 27, 18, 7, 2]"
xgb_naive,f70_14,14,0.7,,0.7142857142857143,"[0, 19, 16, 18, 15, 17, 4, 1, 25, 2, 21, 24]"
xgb_midpoint,f70_14,14,0.7,,0.6,"[19, 16, 0, 15, 18, 17, 8, 4, 1, 21, 3, 6]"
xgb_orbit,f70_14,14,0.7,,0.6,"[19, 16, 0, 15, 18, 17, 8, 1, 4, 6, 21, 24]"
xgb_orbit_student,f70_14,14,0.7,,0.6,"[0, 19, 16, 15, 20, 18, 21, 6, 17, 1, 8, 23]"
tabm_naive,f70_14,14,0.7,,0.7142857142857143,"[16, 15, 19, 0, 18, 20, 8, 25, 2, 6, 24, 22]"
tabm_midpoint,f70_14,14,0.7,,0.6,"[16, 15, 19, 0, 18, 20, 8, 27, 6, 25, 2, 22]"
tabm_orbit,f70_14,14,0.7,,0.6,"[15, 16, 19, 0, 18, 20, 8, 27, 25, 6, 2, 21]"
tabm_orbit_student,f70_14,14,0.7,,0.6,"[0, 19, 16, 15, 18, 20, 21, 6, 25, 11, 23, 12]"
lasso_pair_q20,f70_15,15,0.7,,0.5,"[20, 0, 25, 26, 16, 7, 6, 2, 22, 13, 5, 11]"
linear_orbit_student,f70_15,15,0.7,,0.7142857142857143,"[0, 19, 16, 25, 27, 21, 20, 22, 26, 17, 7, 8]"
xgb_shap,f70_15,15,0.7,,0.8461538461538461,"[21, 0, 23, 16, 19, 24, 15, 18, 25, 20, 1, 2]"
xgb_pfi,f70_15,15,0.7,,1.0,"[21, 0, 16, 19, 23, 18, 2, 15, 24, 20, 1, 27]"
tabm_pfi,f70_15,15,0.7,,0.8461538461538461,"[23, 0, 16, 19, 15, 21, 20, 2, 25, 24, 9, 18]"
deep_lasso,f70_15,15,0.7,,0.8461538461538461,"[23, 21, 0, 20, 25, 16, 15, 19, 24, 27, 26, 18]"
xgb_naive,f70_15,15,0.7,,0.6,"[16, 19, 0, 18, 17, 2, 7, 27, 8, 25, 3, 1]"
xgb_midpoint,f70_15,15,0.7,,0.4117647058823529,"[16, 19, 0, 15, 17, 8, 18, 7, 3, 27, 4, 2]"
xgb_orbit,f70_15,15,0.7,,0.5,"[16, 19, 0, 18, 15, 17, 8, 7, 2, 27, 3, 1]"
xgb_orbit_student,f70_15,15,0.7,,0.4117647058823529,"[16, 19, 0, 17, 3, 8, 15, 18, 27, 20, 7, 25]"
tabm_naive,f70_15,15,0.7,,0.7142857142857143,"[16, 19, 15, 0, 18, 2, 8, 6, 1, 3, 20, 24]"
tabm_midpoint,f70_15,15,0.7,,0.6,"[16, 19, 0, 15, 18, 2, 3, 17, 27, 8, 6, 20]"
tabm_orbit,f70_15,15,0.7,,0.7142857142857143,"[16, 19, 0, 15, 18, 2, 3, 27, 8, 20, 17, 6]"
tabm_orbit_student,f70_15,15,0.7,,0.5,"[16, 19, 0, 18, 15, 3, 2, 27, 8, 25, 6, 17]"
lasso_pair_q20,f70_16,16,0.7,,0.6,"[20, 0, 21, 25, 16, 26, 27, 22, 19, 12, 10, 15]"
linear_orbit_student,f70_16,16,0.7,,0.4117647058823529,"[0, 16, 20, 22, 25, 27, 26, 23, 1, 3, 4, 5]"
xgb_shap,f70_16,16,0.7,,0.7142857142857143,"[23, 21, 0, 16, 19, 24, 15, 25, 20, 8, 18, 7]"
xgb_pfi,f70_16,16,0.7,,0.7142857142857143,"[23, 0, 21, 16, 19, 2, 20, 18, 15, 24, 28, 8]"
tabm_pfi,f70_16,16,0.7,,0.7142857142857143,"[23, 0, 16, 19, 15, 21, 20, 2, 25, 9, 22, 8]"
deep_lasso,f70_16,16,0.7,,0.8461538461538461,"[23, 21, 0, 25, 15, 16, 20, 19, 8, 24, 27, 18]"
xgb_naive,f70_16,16,0.7,,0.6,"[16, 0, 19, 18, 15, 8, 20, 25, 24, 6, 2, 5]"
xgb_midpoint,f70_16,16,0.7,,0.4117647058823529,"[16, 19, 15, 0, 17, 18, 20, 3, 24, 5, 23, 6]"
xgb_orbit,f70_16,16,0.7,,0.5,"[16, 19, 0, 15, 18, 17, 20, 8, 3, 23, 6, 24]"
xgb_orbit_student,f70_16,16,0.7,,0.4117647058823529,"[16, 19, 0, 15, 20, 18, 3, 10, 17, 23, 6, 5]"
tabm_naive,f70_16,16,0.7,,0.6,"[15, 16, 19, 0, 18, 20, 22, 25, 8, 5, 24, 17]"
tabm_midpoint,f70_16,16,0.7,,0.7142857142857143,"[15, 16, 19, 0, 18, 20, 17, 27, 22, 5, 25, 3]"
tabm_orbit,f70_16,16,0.7,,0.7142857142857143,"[15, 16, 19, 0, 18, 20, 17, 5, 22, 27, 25, 3]"
tabm_orbit_student,f70_16,16,0.7,,0.6,"[16, 0, 19, 15, 20, 18, 17, 5, 3, 21, 13, 10]"
lasso_pair_q20,f70_17,17,0.7,,0.7142857142857143,"[20, 0, 23, 16, 26, 25, 28, 27, 19, 1, 22, 6]"
linear_orbit_student,f70_17,17,0.7,,0.5,"[0, 20, 16, 28, 26, 25, 27, 23, 2, 11, 17, 1]"
xgb_shap,f70_17,17,0.7,,1.0,"[23, 0, 21, 24, 16, 19, 15, 20, 1, 18, 7, 2]"
xgb_pfi,f70_17,17,0.7,,0.7142857142857143,"[23, 0, 21, 16, 24, 19, 20, 15, 18, 28, 2, 17]"
tabm_pfi,f70_17,17,0.7,,1.0,"[23, 0, 15, 16, 19, 21, 20, 18, 24, 2, 22, 25]"
deep_lasso,f70_17,17,0.7,,0.8461538461538461,"[23, 0, 21, 16, 25, 15, 20, 19, 27, 24, 18, 26]"
xgb_naive,f70_17,17,0.7,,0.6,"[16, 0, 19, 18, 15, 24, 28, 17, 7, 20, 25, 1]"
xgb_midpoint,f70_17,17,0.7,,0.5,"[16, 19, 15, 0, 17, 24, 20, 7, 18, 1, 3, 25]"
xgb_orbit,f70_17,17,0.7,,0.4117647058823529,"[16, 19, 0, 15, 18, 17, 24, 7, 28, 20, 27, 3]"
xgb_orbit_student,f70_17,17,0.7,,0.6,"[16, 0, 19, 15, 10, 20, 14, 24, 17, 21, 3, 18]"
tabm_naive,f70_17,17,0.7,,0.4117647058823529,"[16, 19, 15, 0, 18, 24, 20, 2, 25, 7, 21, 23]"
tabm_midpoint,f70_17,17,0.7,,0.6,"[16, 15, 19, 0, 18, 20, 24, 3, 17, 25, 28, 7]"
tabm_orbit,f70_17,17,0.7,,0.5,"[16, 15, 19, 0, 18, 20, 24, 28, 3, 2, 17, 7]"
tabm_orbit_student,f70_17,17,0.7,,0.6,"[16, 0, 19, 15, 18, 20, 24, 21, 28, 17, 3, 25]"
lasso_pair_q20,f70_18,18,0.7,,0.5,"[20, 0, 23, 25, 16, 26, 6, 19, 22, 17, 9, 4]"
linear_orbit_student,f70_18,18,0.7,,0.6,"[0, 16, 19, 25, 23, 20, 27, 22, 21, 7, 26, 11]"
xgb_shap,f70_18,18,0.7,,0.8461538461538461,"[23, 21, 0, 16, 24, 19, 15, 18, 20, 2, 7, 25]"
xgb_pfi,f70_18,18,0.7,,0.8461538461538461,"[23, 0, 21, 16, 19, 24, 20, 15, 18, 2, 1, 7]"
tabm_pfi,f70_18,18,0.7,,0.7142857142857143,"[23, 0, 16, 19, 15, 21, 2, 20, 25, 18, 27, 17]"
deep_lasso,f70_18,18,0.7,,0.8461538461538461,"[21, 23, 0, 25, 16, 20, 19, 15, 24, 27, 18, 2]"
xgb_naive,f70_18,18,0.7,,0.6,"[16, 19, 0, 18, 7, 17, 23, 8, 20, 25, 6, 15]"
xgb_midpoint,f70_18,18,0.7,,0.6,"[16, 19, 0, 15, 17, 7, 8, 20, 23, 28, 3, 1]"
xgb_orbit,f70_18,18,0.7,,0.5,"[16, 19, 0, 15, 17, 7, 18, 23, 20, 8, 3, 25]"
xgb_orbit_student,f70_18,18,0.7,,0.4117647058823529,"[16, 19, 0, 17, 20, 15, 23, 7, 11, 8, 3, 25]"
tabm_naive,f70_18,18,0.7,,0.5,"[16, 19, 15, 0, 18, 25, 23, 17, 5, 8, 1, 22]"
tabm_midpoint,f70_18,18,0.7,,0.5,"[16, 19, 0, 15, 18, 17, 5, 25, 23, 27, 20, 8]"
tabm_orbit,f70_18,18,0.7,,0.7142857142857143,"[16, 19, 15, 0, 18, 17, 5, 25, 20, 23, 8, 22]"
tabm_orbit_student,f70_18,18,0.7,,0.4117647058823529,"[16, 0, 19, 15, 18, 17, 5, 23, 25, 20, 13, 12]"
lasso_pair_q20,f70_19,19,0.7,,0.5,"[0, 23, 20, 21, 16, 27, 26, 25, 28, 22, 14, 5]"
linear_orbit_student,f70_19,19,0.7,,0.6,"[0, 21, 16, 23, 25, 26, 22, 20, 28, 27, 17, 1]"
xgb_shap,f70_19,19,0.7,,0.7142857142857143,"[23, 21, 0, 19, 24, 16, 15, 18, 27, 20, 17, 7]"
xgb_pfi,f70_19,19,0.7,,0.8461538461538461,"[21, 23, 0, 19, 16, 24, 15, 18, 20, 2, 28, 27]"
tabm_pfi,f70_19,19,0.7,,0.8461538461538461,"[23, 0, 19, 15, 16, 21, 20, 24, 2, 27, 25, 18]"
deep_lasso,f70_19,19,0.7,,0.8461538461538461,"[21, 23, 0, 15, 25, 16, 19, 20, 27, 18, 9, 7]"
xgb_naive,f70_19,19,0.7,,0.5,"[19, 0, 16, 18, 15, 17, 1, 7, 23, 3, 20, 27]"
xgb_midpoint,f70_19,19,0.7,,0.4117647058823529,"[19, 16, 15, 0, 17, 1, 18, 4, 7, 21, 23, 27]"
xgb_orbit,f70_19,19,0.7,,0.6,"[19, 16, 0, 15, 17, 18, 1, 7, 27, 23, 20, 21]"
xgb_orbit_student,f70_19,19,0.7,,0.6,"[16, 19, 0, 15, 20, 23, 17, 1, 21, 10, 18, 12]"
tabm_naive,f70_19,19,0.7,,0.4117647058823529,"[16, 15, 19, 0, 18, 22, 20, 21, 25, 4, 23, 1]"
tabm_midpoint,f70_19,19,0.7,,0.6,"[15, 16, 19, 0, 18, 27, 17, 20, 5, 25, 4, 21]"
tabm_orbit,f70_19,19,0.7,,0.5,"[16, 15, 19, 0, 18, 20, 17, 27, 21, 25, 5, 4]"
tabm_orbit_student,f70_19,19,0.7,,0.5,"[16, 0, 19, 15, 18, 21, 20, 4, 23, 5, 25, 17]"
lasso_pair_q20,f80_00,0,0.8,,0.7142857142857143,"[20, 0, 25, 26, 27, 16, 28, 2, 22, 1, 5, 19]"
linear_orbit_student,f80_00,0,0.8,,0.7142857142857143,"[0, 19, 25, 23, 20, 16, 22, 28, 27, 26, 17, 2]"
xgb_shap,f80_00,0,0.8,,0.8461538461538461,"[23, 21, 0, 16, 24, 19, 15, 18, 20, 25, 1, 7]"
xgb_pfi,f80_00,0,0.8,,0.8461538461538461,"[23, 21, 0, 16, 19, 18, 15, 24, 20, 2, 27, 28]"
tabm_pfi,f80_00,0,0.8,,0.8461538461538461,"[23, 0, 15, 16, 19, 21, 20, 2, 18, 25, 1, 24]"
deep_lasso,f80_00,0,0.8,,0.8461538461538461,"[23, 21, 0, 25, 20, 19, 15, 16, 27, 24, 26, 7]"
xgb_naive,f80_00,0,0.8,,0.5,"[16, 0, 19, 18, 15, 17, 24, 28, 25, 27, 20, 6]"
xgb_midpoint,f80_00,0,0.8,,0.4117647058823529,"[16, 19, 15, 0, 17, 18, 24, 1, 25, 6, 20, 23]"
xgb_orbit,f80_00,0,0.8,,0.4117647058823529,"[16, 19, 0, 15, 18, 17, 28, 24, 27, 25, 20, 6]"
xgb_orbit_student,f80_00,0,0.8,,0.4117647058823529,"[16, 0, 19, 15, 17, 25, 10, 23, 20, 18, 24, 6]"
tabm_naive,f80_00,0,0.8,,0.5,"[19, 15, 16, 0, 18, 20, 25, 22, 1, 27, 2, 5]"
tabm_midpoint,f80_00,0,0.8,,0.6,"[16, 19, 15, 0, 18, 20, 25, 3, 17, 5, 27, 28]"
tabm_orbit,f80_00,0,0.8,,0.6,"[16, 19, 15, 0, 18, 20, 25, 17, 3, 27, 5, 28]"
tabm_orbit_student,f80_00,0,0.8,,0.5,"[0, 19, 16, 15, 25, 20, 18, 3, 17, 23, 5, 27]"
lasso_pair_q20,f80_01,1,0.8,,0.6,"[20, 0, 25, 27, 16, 23, 7, 22, 6, 26, 19, 14]"
linear_orbit_student,f80_01,1,0.8,,0.7142857142857143,"[0, 16, 20, 25, 21, 27, 22, 26, 23, 7, 8, 28]"
xgb_shap,f80_01,1,0.8,,0.7142857142857143,"[23, 21, 0, 24, 16, 19, 15, 25, 18, 20, 2, 9]"
xgb_pfi,f80_01,1,0.8,,0.7142857142857143,"[23, 21, 0, 16, 19, 18, 24, 20, 15, 2, 28, 9]"
tabm_pfi,f80_01,1,0.8,,0.7142857142857143,"[23, 15, 0, 16, 19, 21, 2, 20, 18, 22, 9, 17]"
deep_lasso,f80_01,1,0.8,,0.6,"[0, 15, 16, 19, 23, 21, 27, 25, 20, 2, 9, 22]"
xgb_naive,f80_01,1,0.8,,0.4117647058823529,"[16, 0, 19, 18, 15, 7, 27, 24, 3, 20, 23, 21]"
xgb_midpoint,f80_01,1,0.8,,0.5,"[16, 19, 15, 0, 17, 24, 7, 21, 3, 4, 20, 18]"
xgb_orbit,f80_01,1,0.8,,0.5,"[16, 19, 0, 15, 18, 7, 17, 24, 21, 3, 20, 4]"
xgb_orbit_student,f80_01,1,0.8,,0.5,"[16, 0, 19, 15, 21, 14, 10, 11, 24, 20, 3, 7]"
tabm_naive,f80_01,1,0.8,,0.5,"[15, 16, 19, 0, 18, 22, 20, 7, 27, 25, 8, 24]"
tabm_midpoint,f80_01,1,0.8,,0.6,"[15, 16, 0, 19, 18, 20, 27, 22, 26, 17, 24, 25]"
tabm_orbit,f80_01,1,0.8,,0.5,"[15, 16, 19, 0, 18, 20, 27, 22, 26, 17, 24, 7]"
tabm_orbit_student,f80_01,1,0.8,,0.6,"[16, 0, 15, 19, 18, 20, 21, 17, 22, 27, 26, 24]"
lasso_pair_q20,f80_02,2,0.8,,0.6,"[20, 0, 25, 23, 26, 16, 22, 28, 27, 19, 5, 10]"
linear_orbit_student,f80_02,2,0.8,,0.8461538461538461,"[0, 23, 21, 27, 16, 25, 20, 19, 26, 28, 22, 8]"
xgb_shap,f80_02,2,0.8,,0.8461538461538461,"[23, 21, 0, 19, 24, 16, 15, 18, 20, 25, 7, 1]"
xgb_pfi,f80_02,2,0.8,,0.8461538461538461,"[23, 0, 21, 19, 16, 20, 18, 24, 2, 15, 1, 4]"
tabm_pfi,f80_02,2,0.8,,1.0,"[23, 0, 19, 15, 16, 21, 20, 2, 25, 18, 22, 24]"
deep_lasso,f80_02,2,0.8,,0.8461538461538461,"[23, 21, 0, 19, 25, 20, 15, 16, 27, 24, 7, 26]"
xgb_naive,f80_02,2,0.8,,0.5,"[19, 0, 16, 18, 15, 24, 25, 8, 23, 7, 27, 2]"
xgb_midpoint,f80_02,2,0.8,,0.5,"[19, 16, 0, 15, 17, 1, 24, 25, 8, 23, 21, 27]"
xgb_orbit,f80_02,2,0.8,,0.5,"[19, 16, 0, 15, 18, 17, 24, 1, 25, 8, 27, 23]"
xgb_orbit_student,f80_02,2,0.8,,0.5,"[0, 16, 19, 15, 24, 25, 21, 23, 1, 11, 17, 27]"
tabm_naive,f80_02,2,0.8,,0.5,"[16, 15, 19, 0, 18, 22, 7, 24, 27, 17, 8, 25]"
tabm_midpoint,f80_02,2,0.8,,0.4117647058823529,"[16, 15, 19, 0, 18, 17, 27, 24, 20, 28, 8, 23]"
tabm_orbit,f80_02,2,0.8,,0.6,"[16, 15, 19, 0, 18, 27, 17, 24, 20, 28, 8, 22]"
tabm_orbit_student,f80_02,2,0.8,,0.5,"[0, 19, 16, 15, 24, 17, 23, 18, 11, 20, 25, 27]"
lasso_pair_q20,f80_03,3,0.8,,0.6,"[20, 0, 23, 25, 16, 26, 27, 2, 19, 28, 4, 8]"
linear_orbit_student,f80_03,3,0.8,,0.7142857142857143,"[0, 16, 21, 20, 22, 26, 27, 25, 2, 8, 23, 9]"
xgb_shap,f80_03,3,0.8,,0.7142857142857143,"[23, 21, 0, 24, 19, 16, 15, 18, 20, 1, 25, 17]"
xgb_pfi,f80_03,3,0.8,,0.8461538461538461,"[23, 21, 0, 19, 16, 24, 15, 20, 18, 2, 28, 1]"
tabm_pfi,f80_03,3,0.8,,0.8461538461538461,"[23, 0, 15, 16, 19, 21, 20, 2, 18, 24, 25, 17]"
deep_lasso,f80_03,3,0.8,,1.0,"[23, 21, 25, 0, 19, 20, 16, 15, 27, 18, 24, 7]"
xgb_naive,f80_03,3,0.8,,0.7142857142857143,"[19, 0, 16, 18, 15, 17, 2, 21, 7, 28, 20, 8]"
xgb_midpoint,f80_03,3,0.8,,0.5,"[19, 16, 15, 0, 17, 2, 21, 8, 27, 20, 24, 25]"
xgb_orbit,f80_03,3,0.8,,0.6,"[19, 16, 0, 15, 17, 18, 2, 21, 27, 8, 20, 7]"
xgb_orbit_student,f80_03,3,0.8,,0.5,"[19, 0, 16, 15, 11, 20, 17, 2, 5, 21, 27, 25]"
tabm_naive,f80_03,3,0.8,,0.7142857142857143,"[16, 15, 19, 0, 18, 2, 20, 8, 1, 22, 21, 17]"
tabm_midpoint,f80_03,3,0.8,,0.6,"[16, 15, 19, 0, 18, 20, 17, 2, 27, 25, 21, 26]"
tabm_orbit,f80_03,3,0.8,,0.5,"[16, 15, 19, 0, 18, 20, 2, 17, 21, 27, 25, 26]"
tabm_orbit_student,f80_03,3,0.8,,0.5,"[0, 16, 19, 15, 20, 17, 21, 18, 13, 2, 26, 25]"
lasso_pair_q20,f80_04,4,0.8,,0.7142857142857143,"[20, 0, 23, 25, 16, 27, 26, 2, 28, 22, 8, 6]"
linear_orbit_student,f80_04,4,0.8,,0.6,"[0, 20, 16, 23, 27, 26, 22, 21, 25, 7, 17, 2]"
xgb_shap,f80_04,4,0.8,,0.8461538461538461,"[23, 0, 21, 24, 16, 19, 15, 18, 20, 25, 2, 1]"
xgb_pfi,f80_04,4,0.8,,0.8461538461538461,"[23, 0, 21, 16, 19, 15, 24, 18, 20, 2, 1, 28]"
tabm_pfi,f80_04,4,0.8,,1.0,"[23, 15, 0, 19, 16, 21, 2, 20, 25, 18, 24, 22]"
deep_lasso,f80_04,4,0.8,,0.8461538461538461,"[23, 21, 19, 0, 25, 15, 20, 16, 27, 24, 18, 2]"
xgb_naive,f80_04,4,0.8,,0.7142857142857143,"[16, 0, 19, 18, 15, 17, 7, 1, 2, 20, 23, 25]"
xgb_midpoint,f80_04,4,0.8,,0.5,"[16, 19, 15, 0, 17, 1, 23, 8, 20, 27, 7, 18]"
xgb_orbit,f80_04,4,0.8,,0.5,"[16, 19, 0, 15, 18, 17, 1, 7, 2, 27, 23, 20]"
xgb_orbit_student,f80_04,4,0.8,,0.5,"[16, 0, 19, 15, 17, 23, 20, 1, 11, 10, 27, 6]"
tabm_naive,f80_04,4,0.8,,0.8461538461538461,"[15, 19, 16, 0, 18, 2, 20, 7, 17, 22, 8, 6]"
tabm_midpoint,f80_04,4,0.8,,0.6,"[15, 19, 16, 0, 18, 20, 2, 17, 27, 7, 22, 6]"
tabm_orbit,f80_04,4,0.8,,0.6,"[15, 19, 16, 0, 18, 20, 2, 17, 27, 7, 22, 6]"
tabm_orbit_student,f80_04,4,0.8,,0.6,"[0, 16, 19, 15, 20, 17, 23, 22, 27, 6, 18, 2]"
lasso_pair_q20,f80_05,5,0.8,,0.7142857142857143,"[0, 20, 25, 16, 26, 27, 28, 7, 22, 6, 1, 2]"
linear_orbit_student,f80_05,5,0.8,,0.7142857142857143,"[0, 16, 20, 19, 25, 21, 26, 8, 27, 23, 10, 22]"
xgb_shap,f80_05,5,0.8,,0.8461538461538461,"[23, 21, 0, 16, 24, 19, 15, 20, 18, 7, 25, 1]"
xgb_pfi,f80_05,5,0.8,,0.8461538461538461,"[23, 21, 0, 16, 19, 24, 15, 20, 18, 2, 28, 27]"
tabm_pfi,f80_05,5,0.8,,0.8461538461538461,"[23, 0, 16, 15, 19, 21, 20, 2, 25, 24, 18, 17]"
deep_lasso,f80_05,5,0.8,,0.7142857142857143,"[21, 23, 0, 25, 16, 15, 20, 19, 27, 24, 26, 9]"
xgb_naive,f80_05,5,0.8,,0.6,"[16, 0, 19, 18, 15, 2, 8, 27, 17, 28, 1, 3]"
xgb_midpoint,f80_05,5,0.8,,0.6,"[16, 19, 0, 15, 17, 7, 2, 1, 3, 4, 20, 8]"
xgb_orbit,f80_05,5,0.8,,0.6,"[16, 19, 0, 15, 2, 17, 18, 7, 1, 27, 8, 20]"
xgb_orbit_student,f80_05,5,0.8,,0.5,"[0, 19, 16, 15, 2, 20, 17, 1, 27, 3, 8, 11]"
tabm_naive,f80_05,5,0.8,,0.7142857142857143,"[16, 15, 19, 0, 18, 27, 1, 20, 17, 22, 3, 8]"
tabm_midpoint,f80_05,5,0.8,,0.5,"[16, 0, 15, 19, 18, 17, 27, 20, 3, 7, 1, 5]"
tabm_orbit,f80_05,5,0.8,,0.5,"[16, 15, 0, 19, 18, 17, 27, 20, 3, 5, 7, 1]"
tabm_orbit_student,f80_05,5,0.8,,0.5,"[0, 16, 19, 15, 17, 27, 18, 20, 3, 10, 5, 1]"
lasso_pair_q20,f80_06,6,0.8,,0.7142857142857143,"[20, 0, 25, 23, 26, 16, 27, 22, 3, 19, 2, 6]"
linear_orbit_student,f80_06,6,0.8,,0.7142857142857143,"[0, 16, 19, 20, 27, 22, 25, 21, 26, 23, 17, 28]"
xgb_shap,f80_06,6,0.8,,0.8461538461538461,"[23, 0, 21, 16, 19, 24, 15, 20, 25, 18, 7, 1]"
xgb_pfi,f80_06,6,0.8,,0.8461538461538461,"[23, 0, 21, 19, 16, 20, 18, 15, 24, 2, 25, 1]"
tabm_pfi,f80_06,6,0.8,,0.8461538461538461,"[23, 0, 15, 16, 19, 21, 20, 2, 25, 18, 1, 22]"
deep_lasso,f80_06,6,0.8,,0.8461538461538461,"[23, 21, 0, 19, 20, 25, 16, 15, 27, 24, 7, 26]"
xgb_naive,f80_06,6,0.8,,0.6,"[19, 0, 16, 18, 15, 27, 20, 22, 25, 2, 23, 21]"
xgb_midpoint,f80_06,6,0.8,,0.6,"[19, 16, 0, 15, 18, 17, 27, 20, 1, 7, 21, 22]"
xgb_orbit,f80_06,6,0.8,,0.6,"[19, 16, 0, 15, 18, 27, 20, 22, 25, 2, 17, 26]"
xgb_orbit_student,f80_06,6,0.8,,0.6,"[0, 19, 16, 15, 20, 18, 27, 14, 23, 22, 11, 21]"
tabm_naive,f80_06,6,0.8,,0.5,"[16, 15, 19, 0, 18, 20, 27, 22, 24, 25, 5, 2]"
tabm_midpoint,f80_06,6,0.8,,0.5,"[15, 16, 0, 19, 18, 20, 27, 17, 5, 26, 22, 24]"
tabm_orbit,f80_06,6,0.8,,0.5,"[15, 16, 19, 0, 18, 20, 27, 17, 26, 24, 22, 5]"
tabm_orbit_student,f80_06,6,0.8,,0.5,"[0, 16, 19, 15, 18, 20, 17, 27, 13, 23, 12, 22]"
lasso_pair_q20,f80_07,7,0.8,,0.6,"[20, 0, 25, 16, 26, 22, 28, 23, 7, 6, 14, 15]"
linear_orbit_student,f80_07,7,0.8,,0.5,"[0, 16, 26, 21, 22, 20, 23, 25, 11, 7, 28, 17]"
xgb_shap,f80_07,7,0.8,,0.7142857142857143,"[23, 21, 0, 24, 16, 19, 15, 20, 18, 17, 9, 7]"
xgb_pfi,f80_07,7,0.8,,0.7142857142857143,"[23, 21, 0, 19, 16, 15, 24, 20, 18, 2, 9, 28]"
tabm_pfi,f80_07,7,0.8,,0.8461538461538461,"[23, 0, 15, 19, 16, 21, 20, 2, 24, 22, 9, 25]"
deep_lasso,f80_07,7,0.8,,0.8461538461538461,"[23, 21, 20, 0, 16, 25, 15, 19, 27, 24, 26, 7]"
xgb_naive,f80_07,7,0.8,,0.4117647058823529,"[0, 16, 19, 18, 15, 17, 28, 7, 6, 24, 23, 21]"
xgb_midpoint,f80_07,7,0.8,,0.6,"[16, 19, 15, 0, 17, 28, 7, 20, 22, 24, 8, 21]"
xgb_orbit,f80_07,7,0.8,,0.6,"[16, 19, 0, 15, 17, 18, 7, 28, 24, 20, 22, 21]"
xgb_orbit_student,f80_07,7,0.8,,0.5,"[0, 16, 15, 19, 14, 17, 11, 12, 7, 21, 28, 24]"
tabm_naive,f80_07,7,0.8,,0.5,"[15, 16, 19, 0, 18, 22, 7, 28, 20, 17, 25, 23]"
tabm_midpoint,f80_07,7,0.8,,0.5,"[15, 16, 0, 19, 18, 20, 7, 17, 28, 25, 26, 5]"
tabm_orbit,f80_07,7,0.8,,0.6,"[15, 16, 0, 19, 18, 7, 20, 17, 28, 22, 26, 25]"
tabm_orbit_student,f80_07,7,0.8,,0.5,"[0, 16, 15, 19, 18, 21, 5, 17, 7, 25, 20, 28]"
lasso_pair_q20,f80_08,8,0.8,,0.6,"[20, 0, 26, 16, 25, 23, 22, 27, 28, 2, 10, 8]"
linear_orbit_student,f80_08,8,0.8,,0.6,"[0, 16, 21, 20, 26, 22, 8, 25, 27, 11, 9, 23]"
xgb_shap,f80_08,8,0.8,,0.8461538461538461,"[23, 21, 0, 24, 16, 19, 15, 18, 20, 7, 1, 25]"
xgb_pfi,f80_08,8,0.8,,1.0,"[23, 21, 0, 16, 19, 24, 15, 18, 20, 2, 1, 27]"
tabm_pfi,f80_08,8,0.8,,0.7142857142857143,"[23, 15, 0, 19, 16, 21, 20, 2, 18, 22, 3, 8]"
deep_lasso,f80_08,8,0.8,,0.7142857142857143,"[23, 21, 15, 25, 0, 20, 19, 16, 27, 4, 24, 9]"
xgb_naive,f80_08,8,0.8,,0.6,"[16, 0, 19, 18, 17, 15, 20, 1, 24, 2, 27, 3]"
xgb_midpoint,f80_08,8,0.8,,0.6,"[16, 19, 15, 0, 18, 17, 24, 1, 20, 21, 2, 3]"
xgb_orbit,f80_08,8,0.8,,0.6,"[16, 19, 0, 15, 18, 17, 24, 20, 1, 2, 8, 27]"
xgb_orbit_student,f80_08,8,0.8,,0.7142857142857143,"[16, 0, 19, 17, 15, 20, 14, 18, 24, 11, 21, 3]"
tabm_naive,f80_08,8,0.8,,0.7142857142857143,"[15, 16, 19, 0, 18, 20, 8, 7, 3, 22, 26, 2]"
tabm_midpoint,f80_08,8,0.8,,0.5,"[15, 16, 19, 0, 18, 20, 5, 3, 26, 24, 27, 17]"
tabm_orbit,f80_08,8,0.8,,0.5,"[15, 16, 19, 0, 18, 20, 5, 3, 8, 26, 24, 2]"
tabm_orbit_student,f80_08,8,0.8,,0.6,"[16, 0, 15, 19, 18, 20, 3, 5, 8, 17, 12, 21]"
lasso_pair_q20,f80_09,9,0.8,,0.6,"[20, 0, 25, 16, 27, 2, 22, 26, 7, 5, 19, 1]"
linear_orbit_student,f80_09,9,0.8,,0.7142857142857143,"[0, 20, 16, 25, 27, 26, 9, 28, 21, 22, 7, 8]"
xgb_shap,f80_09,9,0.8,,0.7142857142857143,"[23, 21, 0, 24, 16, 19, 15, 20, 18, 25, 7, 9]"
xgb_pfi,f80_09,9,0.8,,0.8461538461538461,"[23, 21, 0, 16, 19, 24, 20, 18, 15, 2, 1, 7]"
tabm_pfi,f80_09,9,0.8,,0.8461538461538461,"[23, 0, 16, 15, 19, 21, 20, 2, 18, 24, 25, 7]"
deep_lasso,f80_09,9,0.8,,1.0,"[23, 21, 0, 25, 16, 20, 19, 15, 27, 24, 18, 7]"
xgb_naive,f80_09,9,0.8,,0.7142857142857143,"[16, 0, 19, 18, 15, 17, 20, 2, 9, 25, 7, 1]"
xgb_midpoint,f80_09,9,0.8,,0.4117647058823529,"[16, 19, 0, 15, 18, 17, 20, 25, 12, 3, 7, 28]"
xgb_orbit,f80_09,9,0.8,,0.5,"[16, 19, 0, 15, 18, 17, 7, 20, 2, 25, 21, 12]"
xgb_orbit_student,f80_09,9,0.8,,0.5,"[16, 0, 19, 15, 20, 18, 10, 17, 12, 7, 25, 21]"
tabm_naive,f80_09,9,0.8,,0.5,"[16, 15, 19, 0, 18, 20, 22, 7, 9, 8, 25, 1]"
tabm_midpoint,f80_09,9,0.8,,0.6,"[16, 15, 0, 19, 18, 20, 27, 25, 7, 28, 17, 3]"
tabm_orbit,f80_09,9,0.8,,0.5,"[16, 15, 0, 19, 18, 20, 7, 27, 28, 25, 9, 22]"
tabm_orbit_student,f80_09,9,0.8,,0.4117647058823529,"[16, 0, 15, 19, 20, 18, 13, 11, 25, 9, 28, 27]"
lasso_pair_q20,f80_10,10,0.8,,0.7142857142857143,"[0, 20, 23, 25, 27, 2, 26, 16, 7, 22, 15, 6]"
linear_orbit_student,f80_10,10,0.8,,0.7142857142857143,"[0, 19, 25, 23, 28, 27, 2, 20, 16, 22, 7, 26]"
xgb_shap,f80_10,10,0.8,,0.8461538461538461,"[23, 0, 21, 24, 16, 19, 15, 20, 18, 1, 7, 27]"
xgb_pfi,f80_10,10,0.8,,0.7142857142857143,"[23, 0, 21, 16, 19, 24, 20, 18, 15, 2, 17, 28]"
tabm_pfi,f80_10,10,0.8,,0.8461538461538461,"[23, 0, 15, 19, 16, 21, 20, 2, 18, 25, 22, 9]"
deep_lasso,f80_10,10,0.8,,0.7142857142857143,"[23, 21, 20, 0, 25, 19, 27, 15, 16, 24, 26, 9]"
xgb_naive,f80_10,10,0.8,,0.5,"[0, 16, 19, 18, 17, 7, 15, 2, 22, 20, 23, 9]"
xgb_midpoint,f80_10,10,0.8,,0.6,"[16, 19, 0, 15, 17, 1, 22, 2, 7, 23, 20, 3]"
xgb_orbit,f80_10,10,0.8,,0.6,"[16, 19, 0, 15, 17, 18, 7, 2, 22, 1, 20, 23]"
xgb_orbit_student,f80_10,10,0.8,,0.6,"[0, 19, 16, 17, 15, 11, 22, 20, 14, 23, 18, 2]"
tabm_naive,f80_10,10,0.8,,0.8461538461538461,"[19, 15, 16, 0, 18, 22, 20, 2, 6, 7, 3, 8]"
tabm_midpoint,f80_10,10,0.8,,0.6,"[19, 15, 16, 0, 18, 20, 3, 22, 7, 2, 17, 5]"
tabm_orbit,f80_10,10,0.8,,0.6,"[19, 15, 16, 0, 18, 20, 22, 7, 3, 2, 27, 17]"
tabm_orbit_student,f80_10,10,0.8,,0.6,"[19, 0, 16, 15, 18, 13, 11, 20, 3, 5, 23, 22]"
lasso_pair_q20,f80_11,11,0.8,,0.5,"[20, 0, 25, 16, 21, 26, 27, 28, 7, 5, 22, 14]"
linear_orbit_student,f80_11,11,0.8,,0.7142857142857143,"[16, 0, 19, 20, 21, 25, 8, 27, 7, 28, 23, 22]"
xgb_shap,f80_11,11,0.8,,1.0,"[21, 23, 0, 24, 19, 16, 15, 18, 20, 2, 7, 1]"
xgb_pfi,f80_11,11,0.8,,0.7142857142857143,"[21, 0, 23, 19, 16, 24, 18, 15, 2, 20, 28, 9]"
tabm_pfi,f80_11,11,0.8,,0.7142857142857143,"[23, 0, 15, 19, 16, 21, 2, 20, 18, 25, 1, 3]"
deep_lasso,f80_11,11,0.8,,0.8461538461538461,"[21, 23, 25, 0, 19, 20, 15, 16, 27, 24, 7, 26]"
xgb_naive,f80_11,11,0.8,,0.4117647058823529,"[16, 0, 19, 18, 15, 8, 27, 7, 6, 9, 25, 4]"
xgb_midpoint,f80_11,11,0.8,,0.6,"[16, 19, 15, 0, 27, 8, 17, 21, 20, 23, 3, 6]"
xgb_orbit,f80_11,11,0.8,,0.4117647058823529,"[16, 19, 0, 15, 18, 27, 8, 7, 4, 28, 20, 6]"
xgb_orbit_student,f80_11,11,0.8,,0.4117647058823529,"[0, 16, 19, 15, 8, 27, 10, 11, 12, 20, 18, 6]"
tabm_naive,f80_11,11,0.8,,0.6,"[15, 16, 19, 0, 18, 2, 8, 20, 28, 27, 25, 17]"
tabm_midpoint,f80_11,11,0.8,,0.6,"[15, 16, 19, 0, 18, 27, 20, 17, 28, 21, 8, 6]"
tabm_orbit,f80_11,11,0.8,,0.5,"[15, 16, 19, 0, 18, 20, 27, 8, 17, 2, 28, 21]"
tabm_orbit_student,f80_11,11,0.8,,0.6,"[16, 0, 15, 19, 18, 21, 20, 13, 17, 27, 8, 6]"
lasso_pair_q20,f80_12,12,0.8,,0.5,"[20, 0, 25, 16, 27, 26, 5, 22, 28, 21, 1, 3]"
linear_orbit_student,f80_12,12,0.8,,0.7142857142857143,"[0, 16, 20, 25, 19, 27, 28, 8, 22, 21, 23, 17]"
xgb_shap,f80_12,12,0.8,,0.8461538461538461,"[23, 21, 0, 19, 24, 16, 15, 25, 18, 20, 7, 1]"
xgb_pfi,f80_12,12,0.8,,0.7142857142857143,"[23, 0, 21, 19, 16, 15, 24, 20, 2, 18, 25, 28]"
tabm_pfi,f80_12,12,0.8,,0.8461538461538461,"[23, 0, 16, 19, 15, 21, 20, 2, 25, 24, 18, 3]"
deep_lasso,f80_12,12,0.8,,0.8461538461538461,"[23, 21, 0, 25, 20, 16, 19, 15, 27, 24, 26, 7]"
xgb_naive,f80_12,12,0.8,,0.6,"[19, 0, 16, 18, 15, 17, 25, 20, 23, 6, 11, 21]"
xgb_midpoint,f80_12,12,0.8,,0.6,"[19, 16, 0, 15, 17, 25, 20, 27, 21, 23, 3, 11]"
xgb_orbit,f80_12,12,0.8,,0.5,"[19, 16, 0, 15, 17, 18, 25, 20, 23, 6, 2, 21]"
xgb_orbit_student,f80_12,12,0.8,,0.6,"[16, 0, 19, 15, 11, 17, 20, 25, 12, 6, 21, 14]"
tabm_naive,f80_12,12,0.8,,0.6,"[16, 19, 15, 0, 18, 20, 25, 27, 28, 3, 17, 22]"
tabm_midpoint,f80_12,12,0.8,,0.6,"[16, 0, 15, 19, 18, 27, 20, 28, 3, 17, 25, 5]"
tabm_orbit,f80_12,12,0.8,,0.7142857142857143,"[16, 15, 19, 0, 18, 20, 27, 28, 3, 17, 25, 8]"
tabm_orbit_student,f80_12,12,0.8,,0.6,"[16, 0, 19, 15, 18, 3, 20, 28, 25, 17, 27, 11]"
lasso_pair_q20,f80_13,13,0.8,,0.5,"[20, 0, 25, 16, 22, 19, 26, 5, 2, 3, 9, 11]"
linear_orbit_student,f80_13,13,0.8,,0.6,"[0, 20, 16, 22, 25, 23, 28, 21, 26, 2, 9, 1]"
xgb_shap,f80_13,13,0.8,,0.8461538461538461,"[23, 21, 0, 19, 24, 16, 15, 18, 25, 20, 7, 2]"
xgb_pfi,f80_13,13,0.8,,0.7142857142857143,"[23, 21, 0, 19, 16, 24, 15, 18, 20, 2, 4, 28]"
tabm_pfi,f80_13,13,0.8,,0.8461538461538461,"[23, 0, 19, 16, 15, 21, 20, 25, 24, 2, 18, 17]"
deep_lasso,f80_13,13,0.8,,1.0,"[23, 21, 25, 0, 19, 20, 15, 16, 27, 24, 18, 7]"
xgb_naive,f80_13,13,0.8,,0.6,"[19, 0, 16, 18, 15, 27, 17, 20, 4, 21, 1, 23]"
xgb_midpoint,f80_13,13,0.8,,0.6,"[19, 16, 15, 0, 17, 4, 21, 20, 1, 27, 23, 22]"
xgb_orbit,f80_13,13,0.8,,0.6,"[19, 16, 0, 15, 18, 17, 27, 4, 20, 21, 23, 1]"
xgb_orbit_student,f80_13,13,0.8,,0.6,"[0, 16, 19, 15, 20, 21, 17, 4, 27, 1, 23, 18]"
tabm_naive,f80_13,13,0.8,,0.5,"[15, 19, 16, 0, 18, 20, 22, 1, 28, 23, 17, 10]"
tabm_midpoint,f80_13,13,0.8,,0.5,"[16, 19, 15, 0, 18, 20, 17, 28, 22, 27, 23, 10]"
tabm_orbit,f80_13,13,0.8,,0.5,"[16, 15, 19, 0, 18, 20, 17, 28, 22, 23, 10, 13]"
tabm_orbit_student,f80_13,13,0.8,,0.6,"[0, 16, 15, 19, 20, 18, 17, 28, 22, 13, 23, 11]"
lasso_pair_q20,f80_14,14,0.8,,0.6,"[20, 0, 23, 25, 16, 26, 27, 22, 6, 14, 4, 15]"
linear_orbit_student,f80_14,14,0.8,,0.7142857142857143,"[0, 16, 19, 23, 21, 20, 8, 22, 25, 27, 26, 7]"
xgb_shap,f80_14,14,0.8,,0.8461538461538461,"[23, 21, 0, 16, 24, 19, 15, 25, 18, 20, 7, 1]"
xgb_pfi,f80_14,14,0.8,,0.8461538461538461,"[23, 21, 0, 16, 19, 15, 18, 20, 2, 24, 1, 7]"
tabm_pfi,f80_14,14,0.8,,0.7142857142857143,"[23, 0, 15, 16, 19, 21, 20, 2, 18, 25, 17, 27]"
deep_lasso,f80_14,14,0.8,,1.0,"[23, 21, 25, 0, 19, 16, 15, 20, 27, 7, 24, 18]"
xgb_naive,f80_14,14,0.8,,0.6,"[16, 19, 0, 18, 15, 17, 1, 4, 7, 25, 8, 23]"
xgb_midpoint,f80_14,14,0.8,,0.5,"[16, 19, 0, 15, 18, 17, 1, 7, 25, 4, 21, 3]"
xgb_orbit,f80_14,14,0.8,,0.6,"[16, 19, 0, 15, 18, 17, 4, 7, 1, 25, 8, 21]"
xgb_orbit_student,f80_14,14,0.8,,0.6,"[0, 19, 16, 15, 17, 18, 11, 21, 4, 13, 1, 23]"
tabm_naive,f80_14,14,0.8,,0.3333333333333333,"[16, 19, 15, 0, 18, 7, 20, 23, 5, 25, 21, 27]"
tabm_midpoint,f80_14,14,0.8,,0.7142857142857143,"[16, 19, 15, 0, 18, 7, 17, 20, 25, 23, 6, 21]"
tabm_orbit,f80_14,14,0.8,,0.5,"[16, 15, 19, 0, 18, 7, 17, 20, 27, 23, 6, 21]"
tabm_orbit_student,f80_14,14,0.8,,0.6,"[0, 19, 16, 15, 13, 21, 20, 23, 17, 7, 18, 6]"
lasso_pair_q20,f80_15,15,0.8,,0.6,"[20, 0, 25, 16, 26, 27, 22, 13, 19, 7, 2, 18]"
linear_orbit_student,f80_15,15,0.8,,0.7142857142857143,"[0, 19, 20, 22, 16, 26, 27, 25, 9, 2, 8, 7]"
xgb_shap,f80_15,15,0.8,,0.8461538461538461,"[21, 23, 0, 16, 19, 24, 15, 18, 25, 20, 7, 1]"
xgb_pfi,f80_15,15,0.8,,0.8461538461538461,"[21, 0, 23, 16, 19, 18, 15, 20, 2, 24, 1, 28]"
tabm_pfi,f80_15,15,0.8,,0.8461538461538461,"[23, 0, 15, 16, 19, 21, 20, 2, 25, 22, 18, 9]"
deep_lasso,f80_15,15,0.8,,0.7142857142857143,"[21, 23, 25, 0, 20, 19, 16, 15, 27, 26, 24, 9]"
xgb_naive,f80_15,15,0.8,,0.7142857142857143,"[16, 0, 19, 18, 15, 2, 4, 17, 7, 25, 20, 1]"
xgb_midpoint,f80_15,15,0.8,,0.6,"[16, 19, 0, 15, 17, 2, 4, 7, 20, 21, 1, 8]"
xgb_orbit,f80_15,15,0.8,,0.6,"[16, 19, 0, 15, 18, 17, 2, 7, 4, 1, 20, 21]"
xgb_orbit_student,f80_15,15,0.8,,0.6,"[16, 19, 0, 15, 14, 20, 2, 17, 4, 11, 18, 7]"
tabm_naive,f80_15,15,0.8,,0.7142857142857143,"[16, 15, 19, 0, 18, 20, 25, 8, 2, 22, 1, 17]"
tabm_midpoint,f80_15,15,0.8,,0.6,"[16, 15, 19, 0, 18, 20, 17, 1, 8, 3, 27, 22]"
tabm_orbit,f80_15,15,0.8,,0.7142857142857143,"[16, 15, 19, 0, 18, 20, 17, 22, 1, 8, 25, 7]"
tabm_orbit_student,f80_15,15,0.8,,0.7142857142857143,"[16, 0, 19, 15, 18, 20, 11, 17, 1, 25, 22, 3]"
lasso_pair_q20,f80_16,16,0.8,,0.5,"[20, 0, 23, 25, 26, 16, 27, 22, 19, 1, 14, 17]"
linear_orbit_student,f80_16,16,0.8,,0.7142857142857143,"[0, 20, 25, 16, 28, 22, 27, 23, 21, 9, 26, 2]"
xgb_shap,f80_16,16,0.8,,0.7142857142857143,"[23, 21, 0, 19, 24, 16, 15, 25, 20, 18, 8, 7]"
xgb_pfi,f80_16,16,0.8,,0.7142857142857143,"[23, 0, 21, 19, 16, 15, 24, 18, 20, 2, 28, 25]"
tabm_pfi,f80_16,16,0.8,,0.8461538461538461,"[23, 0, 16, 15, 19, 21, 20, 2, 18, 25, 24, 9]"
deep_lasso,f80_16,16,0.8,,0.7142857142857143,"[23, 21, 25, 0, 16, 20, 15, 19, 27, 24, 26, 9]"
xgb_naive,f80_16,16,0.8,,0.5,"[19, 0, 16, 18, 15, 17, 28, 27, 25, 3, 9, 2]"
xgb_midpoint,f80_16,16,0.8,,0.5,"[19, 16, 15, 0, 17, 18, 27, 3, 20, 23, 21, 2]"
xgb_orbit,f80_16,16,0.8,,0.3333333333333333,"[19, 16, 0, 15, 18, 17, 28, 27, 3, 25, 2, 23]"
xgb_orbit_student,f80_16,16,0.8,,0.6,"[0, 16, 19, 15, 11, 17, 3, 20, 13, 18, 21, 28]"
tabm_naive,f80_16,16,0.8,,0.5,"[15, 16, 19, 0, 20, 18, 28, 9, 22, 25, 3, 1]"
tabm_midpoint,f80_16,16,0.8,,0.6,"[15, 16, 19, 0, 18, 20, 28, 3, 5, 25, 17, 9]"
tabm_orbit,f80_16,16,0.8,,0.6,"[15, 16, 19, 0, 20, 18, 28, 3, 9, 5, 17, 22]"
tabm_orbit_student,f80_16,16,0.8,,0.6,"[0, 16, 15, 19, 20, 3, 13, 18, 21, 28, 5, 17]"
lasso_pair_q20,f80_17,17,0.8,,0.7142857142857143,"[20, 0, 23, 25, 16, 26, 27, 28, 19, 5, 6, 2]"
linear_orbit_student,f80_17,17,0.8,,0.7142857142857143,"[0, 23, 20, 16, 25, 26, 27, 22, 11, 2, 28, 8]"
xgb_shap,f80_17,17,0.8,,1.0,"[23, 0, 21, 24, 16, 19, 15, 20, 18, 7, 1, 2]"
xgb_pfi,f80_17,17,0.8,,0.8461538461538461,"[23, 0, 21, 16, 19, 15, 24, 20, 18, 2, 1, 28]"
tabm_pfi,f80_17,17,0.8,,1.0,"[23, 0, 15, 16, 19, 21, 20, 18, 2, 25, 22, 24]"
deep_lasso,f80_17,17,0.8,,0.7142857142857143,"[23, 21, 25, 20, 0, 19, 15, 16, 27, 24, 26, 22]"
xgb_naive,f80_17,17,0.8,,0.5,"[16, 0, 19, 18, 15, 23, 24, 4, 26, 8, 25, 2]"
xgb_midpoint,f80_17,17,0.8,,0.3333333333333333,"[16, 19, 0, 15, 17, 23, 24, 18, 4, 1, 25, 7]"
xgb_orbit,f80_17,17,0.8,,0.4117647058823529,"[16, 19, 0, 15, 18, 17, 23, 24, 4, 7, 25, 26]"
xgb_orbit_student,f80_17,17,0.8,,0.5,"[0, 16, 19, 15, 23, 26, 21, 25, 18, 10, 4, 17]"
tabm_naive,f80_17,17,0.8,,0.6,"[19, 15, 16, 0, 18, 27, 20, 2, 23, 22, 8, 24]"
tabm_midpoint,f80_17,17,0.8,,0.4117647058823529,"[15, 16, 19, 0, 18, 27, 20, 23, 26, 24, 17, 5]"
tabm_orbit,f80_17,17,0.8,,0.5,"[15, 19, 16, 0, 18, 20, 27, 23, 26, 24, 22, 6]"
tabm_orbit_student,f80_17,17,0.8,,0.6,"[0, 19, 16, 15, 18, 23, 26, 20, 21, 27, 6, 17]"
lasso_pair_q20,f80_18,18,0.8,,0.8461538461538461,"[20, 0, 23, 16, 26, 27, 6, 19, 15, 28, 22, 25]"
linear_orbit_student,f80_18,18,0.8,,0.5,"[0, 16, 20, 26, 21, 23, 7, 27, 11, 22, 25, 9]"
xgb_shap,f80_18,18,0.8,,0.8461538461538461,"[23, 21, 0, 16, 19, 24, 15, 20, 18, 7, 2, 25]"
xgb_pfi,f80_18,18,0.8,,1.0,"[23, 0, 21, 16, 19, 20, 15, 24, 18, 2, 1, 27]"
tabm_pfi,f80_18,18,0.8,,0.8461538461538461,"[23, 0, 15, 16, 19, 21, 20, 2, 25, 18, 24, 1]"
deep_lasso,f80_18,18,0.8,,0.8461538461538461,"[23, 21, 20, 25, 0, 19, 16, 15, 24, 27, 26, 7]"
xgb_naive,f80_18,18,0.8,,0.5,"[16, 0, 19, 18, 15, 7, 20, 27, 1, 23, 21, 24]"
xgb_midpoint,f80_18,18,0.8,,0.5,"[16, 19, 0, 15, 17, 20, 1, 7, 21, 23, 27, 26]"
xgb_orbit,f80_18,18,0.8,,0.6,"[16, 19, 0, 15, 18, 7, 20, 1, 17, 23, 21, 27]"
xgb_orbit_student,f80_18,18,0.8,,0.7142857142857143,"[0, 16, 19, 15, 20, 11, 23, 21, 1, 7, 26, 18]"
tabm_naive,f80_18,18,0.8,,0.3333333333333333,"[16, 19, 15, 0, 18, 20, 7, 25, 5, 23, 1, 27]"
tabm_midpoint,f80_18,18,0.8,,0.5,"[16, 0, 15, 19, 18, 20, 7, 26, 17, 5, 25, 27]"
tabm_orbit,f80_18,18,0.8,,0.5,"[16, 15, 19, 0, 18, 20, 7, 5, 26, 17, 23, 25]"
tabm_orbit_student,f80_18,18,0.8,,0.5,"[0, 16, 19, 15, 20, 18, 21, 23, 17, 5, 26, 25]"
lasso_pair_q20,f80_19,19,0.8,,0.6,"[0, 20, 25, 16, 27, 23, 26, 22, 5, 28, 14, 15]"
linear_orbit_student,f80_19,19,0.8,,0.6,"[0, 25, 16, 27, 21, 22, 28, 20, 26, 7, 23, 9]"
xgb_shap,f80_19,19,0.8,,0.7142857142857143,"[23, 21, 0, 24, 16, 19, 15, 18, 20, 27, 25, 7]"
xgb_pfi,f80_19,19,0.8,,1.0,"[23, 0, 21, 19, 16, 24, 15, 18, 20, 2, 1, 27]"
tabm_pfi,f80_19,19,0.8,,0.8461538461538461,"[23, 0, 15, 19, 16, 21, 20, 24, 2, 25, 18, 27]"
deep_lasso,f80_19,19,0.8,,0.7142857142857143,"[23, 21, 0, 19, 25, 20, 16, 27, 15, 24, 9, 26]"
xgb_naive,f80_19,19,0.8,,0.5,"[16, 0, 19, 18, 15, 17, 7, 25, 27, 2, 4, 23]"
xgb_midpoint,f80_19,19,0.8,,0.4117647058823529,"[16, 19, 15, 0, 17, 25, 7, 23, 3, 21, 4, 27]"
xgb_orbit,f80_19,19,0.8,,0.4117647058823529,"[16, 19, 0, 15, 17, 18, 7, 25, 27, 23, 4, 21]"
xgb_orbit_student,f80_19,19,0.8,,0.5,"[16, 0, 19, 15, 17, 11, 25, 21, 10, 7, 3, 18]"
tabm_naive,f80_19,19,0.8,,0.5,"[15, 16, 19, 0, 18, 7, 25, 17, 27, 20, 4, 22]"
tabm_midpoint,f80_19,19,0.8,,0.6,"[16, 15, 19, 0, 18, 17, 27, 25, 20, 7, 4, 3]"
tabm_orbit,f80_19,19,0.8,,0.6,"[15, 16, 19, 0, 18, 17, 27, 25, 20, 7, 4, 3]"
tabm_orbit_student,f80_19,19,0.8,,0.6,"[16, 15, 19, 0, 18, 17, 25, 4, 3, 20, 11, 27]"
