method,run,group,fraction,half,k,reference_jaccard,features,native_count,seconds
copula_mvr,half_00_A,0,0.5,A,4,1.0,"[0, 21, 20, 23]",12.0,0.7289637080393732
copula_mvr,half_00_A,0,0.5,A,8,1.0,"[0, 21, 20, 23, 16, 2, 27, 24]",12.0,0.7289637080393732
copula_mvr,half_00_A,0,0.5,A,10,0.6666666666666666,"[0, 21, 20, 23, 16, 2, 27, 24, 25, 10]",12.0,0.7289637080393732
copula_mvr,half_00_A,0,0.5,A,12,0.7142857142857143,"[0, 21, 20, 23, 16, 2, 27, 24, 25, 10, 26, 17]",12.0,0.7289637080393732
copula_mvr,half_00_A,0,0.5,A,14,0.75,"[0, 21, 20, 23, 16, 2, 27, 24, 25, 10, 26, 17, 8, 22]",12.0,0.7289637080393732
copula_mvr,half_00_B,0,0.5,B,4,1.0,"[23, 0, 21, 20]",11.0,0.6976371658965945
copula_mvr,half_00_B,0,0.5,B,8,0.6,"[23, 0, 21, 20, 27, 16, 7, 25]",11.0,0.6976371658965945
copula_mvr,half_00_B,0,0.5,B,10,0.6666666666666666,"[23, 0, 21, 20, 27, 16, 7, 25, 24, 17]",11.0,0.6976371658965945
copula_mvr,half_00_B,0,0.5,B,12,0.7142857142857143,"[23, 0, 21, 20, 27, 16, 7, 25, 24, 17, 2, 9]",11.0,0.6976371658965945
copula_mvr,half_00_B,0,0.5,B,14,0.75,"[23, 0, 21, 20, 27, 16, 7, 25, 24, 17, 2, 9, 22, 4]",11.0,0.6976371658965945
copula_mvr,half_01_A,1,0.5,A,4,1.0,"[21, 0, 20, 23]",0.0,0.6315388339571655
copula_mvr,half_01_A,1,0.5,A,8,0.6,"[21, 0, 20, 23, 24, 27, 17, 28]",0.0,0.6315388339571655
copula_mvr,half_01_A,1,0.5,A,10,0.8181818181818182,"[21, 0, 20, 23, 24, 27, 17, 28, 2, 16]",0.0,0.6315388339571655
copula_mvr,half_01_A,1,0.5,A,12,0.7142857142857143,"[21, 0, 20, 23, 24, 27, 17, 28, 2, 16, 26, 25]",0.0,0.6315388339571655
copula_mvr,half_01_A,1,0.5,A,14,0.6470588235294118,"[21, 0, 20, 23, 24, 27, 17, 28, 2, 16, 26, 25, 4, 6]",0.0,0.6315388339571655
copula_mvr,half_01_B,1,0.5,B,4,1.0,"[21, 0, 23, 20]",13.0,0.7112396671436727
copula_mvr,half_01_B,1,0.5,B,8,0.7777777777777778,"[21, 0, 23, 20, 24, 16, 27, 17]",13.0,0.7112396671436727
copula_mvr,half_01_B,1,0.5,B,10,0.6666666666666666,"[21, 0, 23, 20, 24, 16, 27, 17, 7, 9]",13.0,0.7112396671436727
copula_mvr,half_01_B,1,0.5,B,12,0.6,"[21, 0, 23, 20, 24, 16, 27, 17, 7, 9, 15, 8]",13.0,0.7112396671436727
copula_mvr,half_01_B,1,0.5,B,14,0.6470588235294118,"[21, 0, 23, 20, 24, 16, 27, 17, 7, 9, 15, 8, 2, 25]",13.0,0.7112396671436727
copula_mvr,half_02_A,2,0.5,A,4,0.6,"[21, 0, 24, 20]",0.0,0.7045271249953657
copula_mvr,half_02_A,2,0.5,A,8,0.7777777777777778,"[21, 0, 24, 20, 23, 27, 16, 9]",0.0,0.7045271249953657
copula_mvr,half_02_A,2,0.5,A,10,0.8181818181818182,"[21, 0, 24, 20, 23, 27, 16, 9, 2, 17]",0.0,0.7045271249953657
copula_mvr,half_02_A,2,0.5,A,12,0.7142857142857143,"[21, 0, 24, 20, 23, 27, 16, 9, 2, 17, 7, 30]",0.0,0.7045271249953657
copula_mvr,half_02_A,2,0.5,A,14,0.6470588235294118,"[21, 0, 24, 20, 23, 27, 16, 9, 2, 17, 7, 30, 28, 8]",0.0,0.7045271249953657
copula_mvr,half_02_B,2,0.5,B,4,1.0,"[0, 23, 21, 20]",12.0,0.7278803749941289
copula_mvr,half_02_B,2,0.5,B,8,0.7777777777777778,"[0, 23, 21, 20, 24, 27, 2, 17]",12.0,0.7278803749941289
copula_mvr,half_02_B,2,0.5,B,10,0.8181818181818182,"[0, 23, 21, 20, 24, 27, 2, 17, 16, 25]",12.0,0.7278803749941289
copula_mvr,half_02_B,2,0.5,B,12,0.8461538461538461,"[0, 23, 21, 20, 24, 27, 2, 17, 16, 25, 22, 7]",12.0,0.7278803749941289
copula_mvr,half_02_B,2,0.5,B,14,0.8666666666666667,"[0, 23, 21, 20, 24, 27, 2, 17, 16, 25, 22, 7, 26, 29]",12.0,0.7278803749941289
copula_mvr,half_03_A,3,0.5,A,4,0.6,"[21, 0, 20, 27]",0.0,0.7181433329824358
copula_mvr,half_03_A,3,0.5,A,8,0.7777777777777778,"[21, 0, 20, 27, 23, 24, 16, 17]",0.0,0.7181433329824358
copula_mvr,half_03_A,3,0.5,A,10,0.8181818181818182,"[21, 0, 20, 27, 23, 24, 16, 17, 2, 25]",0.0,0.7181433329824358
copula_mvr,half_03_A,3,0.5,A,12,0.6,"[21, 0, 20, 27, 23, 24, 16, 17, 2, 25, 28, 8]",0.0,0.7181433329824358
copula_mvr,half_03_A,3,0.5,A,14,0.5555555555555556,"[21, 0, 20, 27, 23, 24, 16, 17, 2, 25, 28, 8, 29, 18]",0.0,0.7181433329824358
copula_mvr,half_03_B,3,0.5,B,4,0.6,"[21, 0, 23, 24]",0.0,0.7021115000825375
copula_mvr,half_03_B,3,0.5,B,8,1.0,"[21, 0, 23, 24, 20, 16, 2, 27]",0.0,0.7021115000825375
copula_mvr,half_03_B,3,0.5,B,10,0.8181818181818182,"[21, 0, 23, 24, 20, 16, 2, 27, 26, 17]",0.0,0.7021115000825375
copula_mvr,half_03_B,3,0.5,B,12,0.7142857142857143,"[21, 0, 23, 24, 20, 16, 2, 27, 26, 17, 10, 30]",0.0,0.7021115000825375
copula_mvr,half_03_B,3,0.5,B,14,0.8666666666666667,"[21, 0, 23, 24, 20, 16, 2, 27, 26, 17, 10, 30, 7, 22]",0.0,0.7021115000825375
copula_mvr,half_04_A,4,0.5,A,4,1.0,"[0, 20, 21, 23]",0.0,0.7423952082172036
copula_mvr,half_04_A,4,0.5,A,8,0.7777777777777778,"[0, 20, 21, 23, 27, 2, 16, 25]",0.0,0.7423952082172036
copula_mvr,half_04_A,4,0.5,A,10,0.6666666666666666,"[0, 20, 21, 23, 27, 2, 16, 25, 24, 7]",0.0,0.7423952082172036
copula_mvr,half_04_A,4,0.5,A,12,0.6,"[0, 20, 21, 23, 27, 2, 16, 25, 24, 7, 10, 12]",0.0,0.7423952082172036
copula_mvr,half_04_A,4,0.5,A,14,0.5555555555555556,"[0, 20, 21, 23, 27, 2, 16, 25, 24, 7, 10, 12, 18, 1]",0.0,0.7423952082172036
copula_mvr,half_04_B,4,0.5,B,4,1.0,"[0, 21, 23, 20]",0.0,0.7170521658845246
copula_mvr,half_04_B,4,0.5,B,8,0.7777777777777778,"[0, 21, 23, 20, 27, 17, 24, 16]",0.0,0.7170521658845246
copula_mvr,half_04_B,4,0.5,B,10,0.8181818181818182,"[0, 21, 23, 20, 27, 17, 24, 16, 22, 25]",0.0,0.7170521658845246
copula_mvr,half_04_B,4,0.5,B,12,0.7142857142857143,"[0, 21, 23, 20, 27, 17, 24, 16, 22, 25, 7, 13]",0.0,0.7170521658845246
copula_mvr,half_04_B,4,0.5,B,14,0.75,"[0, 21, 23, 20, 27, 17, 24, 16, 22, 25, 7, 13, 19, 2]",0.0,0.7170521658845246
copula_mvr,half_05_A,5,0.5,A,4,1.0,"[0, 21, 20, 23]",12.0,0.6957772918976843
copula_mvr,half_05_A,5,0.5,A,8,1.0,"[0, 21, 20, 23, 24, 16, 2, 27]",12.0,0.6957772918976843
copula_mvr,half_05_A,5,0.5,A,10,0.8181818181818182,"[0, 21, 20, 23, 24, 16, 2, 27, 17, 25]",12.0,0.6957772918976843
copula_mvr,half_05_A,5,0.5,A,12,0.7142857142857143,"[0, 21, 20, 23, 24, 16, 2, 27, 17, 25, 26, 9]",12.0,0.6957772918976843
copula_mvr,half_05_A,5,0.5,A,14,0.6470588235294118,"[0, 21, 20, 23, 24, 16, 2, 27, 17, 25, 26, 9, 8, 10]",12.0,0.6957772918976843
copula_mvr,half_05_B,5,0.5,B,4,1.0,"[23, 0, 20, 21]",0.0,0.7317920830100775
copula_mvr,half_05_B,5,0.5,B,8,0.7777777777777778,"[23, 0, 20, 21, 24, 27, 16, 7]",0.0,0.7317920830100775
copula_mvr,half_05_B,5,0.5,B,10,0.6666666666666666,"[23, 0, 20, 21, 24, 27, 16, 7, 2, 12]",0.0,0.7317920830100775
copula_mvr,half_05_B,5,0.5,B,12,0.6,"[23, 0, 20, 21, 24, 27, 16, 7, 2, 12, 28, 25]",0.0,0.7317920830100775
copula_mvr,half_05_B,5,0.5,B,14,0.5555555555555556,"[23, 0, 20, 21, 24, 27, 16, 7, 2, 12, 28, 25, 18, 13]",0.0,0.7317920830100775
copula_mvr,half_06_A,6,0.5,A,4,0.6,"[21, 0, 20, 24]",0.0,0.6580563329625875
copula_mvr,half_06_A,6,0.5,A,8,0.7777777777777778,"[21, 0, 20, 24, 27, 23, 16, 17]",0.0,0.6580563329625875
copula_mvr,half_06_A,6,0.5,A,10,0.8181818181818182,"[21, 0, 20, 24, 27, 23, 16, 17, 2, 25]",0.0,0.6580563329625875
copula_mvr,half_06_A,6,0.5,A,12,0.7142857142857143,"[21, 0, 20, 24, 27, 23, 16, 17, 2, 25, 12, 22]",0.0,0.6580563329625875
copula_mvr,half_06_A,6,0.5,A,14,0.6470588235294118,"[21, 0, 20, 24, 27, 23, 16, 17, 2, 25, 12, 22, 6, 28]",0.0,0.6580563329625875
copula_mvr,half_06_B,6,0.5,B,4,1.0,"[0, 23, 20, 21]",12.0,0.7239136251155287
copula_mvr,half_06_B,6,0.5,B,8,0.7777777777777778,"[0, 23, 20, 21, 27, 16, 26, 24]",12.0,0.7239136251155287
copula_mvr,half_06_B,6,0.5,B,10,0.6666666666666666,"[0, 23, 20, 21, 27, 16, 26, 24, 7, 2]",12.0,0.7239136251155287
copula_mvr,half_06_B,6,0.5,B,12,0.7142857142857143,"[0, 23, 20, 21, 27, 16, 26, 24, 7, 2, 25, 9]",12.0,0.7239136251155287
copula_mvr,half_06_B,6,0.5,B,14,0.75,"[0, 23, 20, 21, 27, 16, 26, 24, 7, 2, 25, 9, 17, 8]",12.0,0.7239136251155287
copula_mvr,half_07_A,7,0.5,A,4,1.0,"[0, 23, 20, 21]",0.0,0.673805708065629
copula_mvr,half_07_A,7,0.5,A,8,0.7777777777777778,"[0, 23, 20, 21, 24, 27, 16, 22]",0.0,0.673805708065629
copula_mvr,half_07_A,7,0.5,A,10,0.8181818181818182,"[0, 23, 20, 21, 24, 27, 16, 22, 17, 9]",0.0,0.673805708065629
copula_mvr,half_07_A,7,0.5,A,12,0.8461538461538461,"[0, 23, 20, 21, 24, 27, 16, 22, 17, 9, 2, 7]",0.0,0.673805708065629
copula_mvr,half_07_A,7,0.5,A,14,0.75,"[0, 23, 20, 21, 24, 27, 16, 22, 17, 9, 2, 7, 6, 25]",0.0,0.673805708065629
copula_mvr,half_07_B,7,0.5,B,4,0.6,"[21, 23, 0, 24]",11.0,0.6817311248742044
copula_mvr,half_07_B,7,0.5,B,8,1.0,"[21, 23, 0, 24, 20, 2, 16, 27]",11.0,0.6817311248742044
copula_mvr,half_07_B,7,0.5,B,10,0.6666666666666666,"[21, 23, 0, 24, 20, 2, 16, 27, 26, 25]",11.0,0.6817311248742044
copula_mvr,half_07_B,7,0.5,B,12,0.8461538461538461,"[21, 23, 0, 24, 20, 2, 16, 27, 26, 25, 17, 7]",11.0,0.6817311248742044
copula_mvr,half_07_B,7,0.5,B,14,0.75,"[21, 23, 0, 24, 20, 2, 16, 27, 26, 25, 17, 7, 3, 28]",11.0,0.6817311248742044
copula_mvr,half_08_A,8,0.5,A,4,1.0,"[0, 20, 23, 21]",13.0,0.6931909590493888
copula_mvr,half_08_A,8,0.5,A,8,1.0,"[0, 20, 23, 21, 24, 27, 16, 2]",13.0,0.6931909590493888
copula_mvr,half_08_A,8,0.5,A,10,0.6666666666666666,"[0, 20, 23, 21, 24, 27, 16, 2, 10, 28]",13.0,0.6931909590493888
copula_mvr,half_08_A,8,0.5,A,12,0.6,"[0, 20, 23, 21, 24, 27, 16, 2, 10, 28, 17, 29]",13.0,0.6931909590493888
copula_mvr,half_08_A,8,0.5,A,14,0.5555555555555556,"[0, 20, 23, 21, 24, 27, 16, 2, 10, 28, 17, 29, 18, 30]",13.0,0.6931909590493888
copula_mvr,half_08_B,8,0.5,B,4,1.0,"[21, 0, 23, 20]",12.0,0.6859148750081658
copula_mvr,half_08_B,8,0.5,B,8,0.7777777777777778,"[21, 0, 23, 20, 27, 16, 17, 24]",12.0,0.6859148750081658
copula_mvr,half_08_B,8,0.5,B,10,0.6666666666666666,"[21, 0, 23, 20, 27, 16, 17, 24, 25, 7]",12.0,0.6859148750081658
copula_mvr,half_08_B,8,0.5,B,12,0.8461538461538461,"[21, 0, 23, 20, 27, 16, 17, 24, 25, 7, 22, 2]",12.0,0.6859148750081658
copula_mvr,half_08_B,8,0.5,B,14,0.75,"[21, 0, 23, 20, 27, 16, 17, 24, 25, 7, 22, 2, 3, 9]",12.0,0.6859148750081658
copula_mvr,half_09_A,9,0.5,A,4,0.6,"[0, 23, 21, 24]",12.0,0.6510682909283787
copula_mvr,half_09_A,9,0.5,A,8,0.7777777777777778,"[0, 23, 21, 24, 20, 16, 27, 26]",12.0,0.6510682909283787
copula_mvr,half_09_A,9,0.5,A,10,0.6666666666666666,"[0, 23, 21, 24, 20, 16, 27, 26, 25, 2]",12.0,0.6510682909283787
copula_mvr,half_09_A,9,0.5,A,12,0.7142857142857143,"[0, 23, 21, 24, 20, 16, 27, 26, 25, 2, 13, 7]",12.0,0.6510682909283787
copula_mvr,half_09_A,9,0.5,A,14,0.75,"[0, 23, 21, 24, 20, 16, 27, 26, 25, 2, 13, 7, 17, 28]",12.0,0.6510682909283787
copula_mvr,half_09_B,9,0.5,B,4,0.6,"[23, 0, 21, 24]",11.0,0.6936556249856949
copula_mvr,half_09_B,9,0.5,B,8,0.7777777777777778,"[23, 0, 21, 24, 27, 16, 20, 17]",11.0,0.6936556249856949
copula_mvr,half_09_B,9,0.5,B,10,0.8181818181818182,"[23, 0, 21, 24, 27, 16, 20, 17, 2, 9]",11.0,0.6936556249856949
copula_mvr,half_09_B,9,0.5,B,12,0.8461538461538461,"[23, 0, 21, 24, 27, 16, 20, 17, 2, 9, 22, 26]",11.0,0.6936556249856949
copula_mvr,half_09_B,9,0.5,B,14,0.6470588235294118,"[23, 0, 21, 24, 27, 16, 20, 17, 2, 9, 22, 26, 13, 28]",11.0,0.6936556249856949
copula_mvr,half_10_A,10,0.5,A,4,1.0,"[0, 23, 21, 20]",0.0,0.6647796670440584
copula_mvr,half_10_A,10,0.5,A,8,0.7777777777777778,"[0, 23, 21, 20, 24, 27, 16, 17]",0.0,0.6647796670440584
copula_mvr,half_10_A,10,0.5,A,10,1.0,"[0, 23, 21, 20, 24, 27, 16, 17, 22, 2]",0.0,0.6647796670440584
copula_mvr,half_10_A,10,0.5,A,12,0.7142857142857143,"[0, 23, 21, 20, 24, 27, 16, 17, 22, 2, 8, 9]",0.0,0.6647796670440584
copula_mvr,half_10_A,10,0.5,A,14,0.6470588235294118,"[0, 23, 21, 20, 24, 27, 16, 17, 22, 2, 8, 9, 7, 28]",0.0,0.6647796670440584
copula_mvr,half_10_B,10,0.5,B,4,1.0,"[21, 0, 23, 20]",10.0,0.6302134578581899
copula_mvr,half_10_B,10,0.5,B,8,0.7777777777777778,"[21, 0, 23, 20, 27, 24, 2, 26]",10.0,0.6302134578581899
copula_mvr,half_10_B,10,0.5,B,10,0.6666666666666666,"[21, 0, 23, 20, 27, 24, 2, 26, 16, 25]",10.0,0.6302134578581899
copula_mvr,half_10_B,10,0.5,B,12,0.8461538461538461,"[21, 0, 23, 20, 27, 24, 2, 26, 16, 25, 22, 17]",10.0,0.6302134578581899
copula_mvr,half_10_B,10,0.5,B,14,0.8666666666666667,"[21, 0, 23, 20, 27, 24, 2, 26, 16, 25, 22, 17, 7, 10]",10.0,0.6302134578581899
copula_mvr,half_11_A,11,0.5,A,4,0.6,"[23, 0, 21, 24]",14.0,0.7001111661083996
copula_mvr,half_11_A,11,0.5,A,8,0.7777777777777778,"[23, 0, 21, 24, 27, 2, 17, 20]",14.0,0.7001111661083996
copula_mvr,half_11_A,11,0.5,A,10,1.0,"[23, 0, 21, 24, 27, 2, 17, 20, 16, 22]",14.0,0.7001111661083996
copula_mvr,half_11_A,11,0.5,A,12,0.8461538461538461,"[23, 0, 21, 24, 27, 2, 17, 20, 16, 22, 10, 26]",14.0,0.7001111661083996
copula_mvr,half_11_A,11,0.5,A,14,0.75,"[23, 0, 21, 24, 27, 2, 17, 20, 16, 22, 10, 26, 7, 8]",14.0,0.7001111661083996
copula_mvr,half_11_B,11,0.5,B,4,1.0,"[0, 21, 23, 20]",0.0,0.6914421659894288
copula_mvr,half_11_B,11,0.5,B,8,0.6,"[0, 21, 23, 20, 25, 16, 1, 27]",0.0,0.6914421659894288
copula_mvr,half_11_B,11,0.5,B,10,0.6666666666666666,"[0, 21, 23, 20, 25, 16, 1, 27, 24, 17]",0.0,0.6914421659894288
copula_mvr,half_11_B,11,0.5,B,12,0.6,"[0, 21, 23, 20, 25, 16, 1, 27, 24, 17, 7, 11]",0.0,0.6914421659894288
copula_mvr,half_11_B,11,0.5,B,14,0.6470588235294118,"[0, 21, 23, 20, 25, 16, 1, 27, 24, 17, 7, 11, 28, 26]",0.0,0.6914421659894288
copula_mvr,half_12_A,12,0.5,A,4,0.6,"[23, 0, 24, 21]",10.0,0.7085410000290722
copula_mvr,half_12_A,12,0.5,A,8,0.7777777777777778,"[23, 0, 24, 21, 2, 16, 27, 17]",10.0,0.7085410000290722
copula_mvr,half_12_A,12,0.5,A,10,1.0,"[23, 0, 24, 21, 2, 16, 27, 17, 22, 20]",10.0,0.7085410000290722
copula_mvr,half_12_A,12,0.5,A,12,0.8461538461538461,"[23, 0, 24, 21, 2, 16, 27, 17, 22, 20, 26, 10]",10.0,0.7085410000290722
copula_mvr,half_12_A,12,0.5,A,14,0.75,"[23, 0, 24, 21, 2, 16, 27, 17, 22, 20, 26, 10, 7, 15]",10.0,0.7085410000290722
copula_mvr,half_12_B,12,0.5,B,4,1.0,"[0, 21, 23, 20]",0.0,0.7242300838697702
copula_mvr,half_12_B,12,0.5,B,8,0.7777777777777778,"[0, 21, 23, 20, 24, 27, 8, 16]",0.0,0.7242300838697702
copula_mvr,half_12_B,12,0.5,B,10,0.6666666666666666,"[0, 21, 23, 20, 24, 27, 8, 16, 22, 28]",0.0,0.7242300838697702
copula_mvr,half_12_B,12,0.5,B,12,0.6,"[0, 21, 23, 20, 24, 27, 8, 16, 22, 28, 25, 17]",0.0,0.7242300838697702
copula_mvr,half_12_B,12,0.5,B,14,0.6470588235294118,"[0, 21, 23, 20, 24, 27, 8, 16, 22, 28, 25, 17, 7, 10]",0.0,0.7242300838697702
copula_mvr,half_13_A,13,0.5,A,4,0.6,"[21, 0, 24, 23]",13.0,0.6754372918512672
copula_mvr,half_13_A,13,0.5,A,8,0.7777777777777778,"[21, 0, 24, 23, 27, 16, 17, 20]",13.0,0.6754372918512672
copula_mvr,half_13_A,13,0.5,A,10,0.8181818181818182,"[21, 0, 24, 23, 27, 16, 17, 20, 9, 22]",13.0,0.6754372918512672
copula_mvr,half_13_A,13,0.5,A,12,0.8461538461538461,"[21, 0, 24, 23, 27, 16, 17, 20, 9, 22, 7, 2]",13.0,0.6754372918512672
copula_mvr,half_13_A,13,0.5,A,14,0.6470588235294118,"[21, 0, 24, 23, 27, 16, 17, 20, 9, 22, 7, 2, 29, 10]",13.0,0.6754372918512672
copula_mvr,half_13_B,13,0.5,B,4,1.0,"[0, 21, 23, 20]",13.0,0.7330810409039259
copula_mvr,half_13_B,13,0.5,B,8,1.0,"[0, 21, 23, 20, 24, 27, 16, 2]",13.0,0.7330810409039259
copula_mvr,half_13_B,13,0.5,B,10,0.8181818181818182,"[0, 21, 23, 20, 24, 27, 16, 2, 8, 17]",13.0,0.7330810409039259
copula_mvr,half_13_B,13,0.5,B,12,0.7142857142857143,"[0, 21, 23, 20, 24, 27, 16, 2, 8, 17, 22, 13]",13.0,0.7330810409039259
copula_mvr,half_13_B,13,0.5,B,14,0.6470588235294118,"[0, 21, 23, 20, 24, 27, 16, 2, 8, 17, 22, 13, 25, 3]",13.0,0.7330810409039259
copula_mvr,half_14_A,14,0.5,A,4,0.6,"[21, 0, 23, 24]",12.0,0.755124457878992
copula_mvr,half_14_A,14,0.5,A,8,0.6,"[21, 0, 23, 24, 16, 26, 2, 17]",12.0,0.755124457878992
copula_mvr,half_14_A,14,0.5,A,10,0.6666666666666666,"[21, 0, 23, 24, 16, 26, 2, 17, 20, 25]",12.0,0.755124457878992
copula_mvr,half_14_A,14,0.5,A,12,0.7142857142857143,"[21, 0, 23, 24, 16, 26, 2, 17, 20, 25, 27, 5]",12.0,0.755124457878992
copula_mvr,half_14_A,14,0.5,A,14,0.8666666666666667,"[21, 0, 23, 24, 16, 26, 2, 17, 20, 25, 27, 5, 30, 22]",12.0,0.755124457878992
copula_mvr,half_14_B,14,0.5,B,4,0.6,"[0, 23, 21, 24]",12.0,0.7496394589543343
copula_mvr,half_14_B,14,0.5,B,8,0.7777777777777778,"[0, 23, 21, 24, 27, 20, 28, 16]",12.0,0.7496394589543343
copula_mvr,half_14_B,14,0.5,B,10,0.5384615384615384,"[0, 23, 21, 24, 27, 20, 28, 16, 9, 7]",12.0,0.7496394589543343
copula_mvr,half_14_B,14,0.5,B,12,0.6,"[0, 23, 21, 24, 27, 20, 28, 16, 9, 7, 2, 12]",12.0,0.7496394589543343
copula_mvr,half_14_B,14,0.5,B,14,0.6470588235294118,"[0, 23, 21, 24, 27, 20, 28, 16, 9, 7, 2, 12, 22, 26]",12.0,0.7496394589543343
copula_mvr,half_15_A,15,0.5,A,4,1.0,"[0, 23, 21, 20]",11.0,0.7412552500609308
copula_mvr,half_15_A,15,0.5,A,8,0.7777777777777778,"[0, 23, 21, 20, 24, 27, 17, 16]",11.0,0.7412552500609308
copula_mvr,half_15_A,15,0.5,A,10,0.6666666666666666,"[0, 23, 21, 20, 24, 27, 17, 16, 26, 9]",11.0,0.7412552500609308
copula_mvr,half_15_A,15,0.5,A,12,0.6,"[0, 23, 21, 20, 24, 27, 17, 16, 26, 9, 10, 30]",11.0,0.7412552500609308
copula_mvr,half_15_A,15,0.5,A,14,0.6470588235294118,"[0, 23, 21, 20, 24, 27, 17, 16, 26, 9, 10, 30, 2, 28]",11.0,0.7412552500609308
copula_mvr,half_15_B,15,0.5,B,4,1.0,"[21, 0, 20, 23]",0.0,0.7035669591277838
copula_mvr,half_15_B,15,0.5,B,8,1.0,"[21, 0, 20, 23, 24, 27, 16, 2]",0.0,0.7035669591277838
copula_mvr,half_15_B,15,0.5,B,10,0.6666666666666666,"[21, 0, 20, 23, 24, 27, 16, 2, 7, 26]",0.0,0.7035669591277838
copula_mvr,half_15_B,15,0.5,B,12,0.8461538461538461,"[21, 0, 20, 23, 24, 27, 16, 2, 7, 26, 17, 25]",0.0,0.7035669591277838
copula_mvr,half_15_B,15,0.5,B,14,0.8666666666666667,"[21, 0, 20, 23, 24, 27, 16, 2, 7, 26, 17, 25, 22, 8]",0.0,0.7035669591277838
copula_mvr,half_16_A,16,0.5,A,4,1.0,"[21, 0, 23, 20]",0.0,0.6770316250622272
copula_mvr,half_16_A,16,0.5,A,8,0.7777777777777778,"[21, 0, 23, 20, 24, 16, 27, 17]",0.0,0.6770316250622272
copula_mvr,half_16_A,16,0.5,A,10,0.8181818181818182,"[21, 0, 23, 20, 24, 16, 27, 17, 26, 2]",0.0,0.6770316250622272
copula_mvr,half_16_A,16,0.5,A,12,0.7142857142857143,"[21, 0, 23, 20, 24, 16, 27, 17, 26, 2, 25, 8]",0.0,0.6770316250622272
copula_mvr,half_16_A,16,0.5,A,14,0.75,"[21, 0, 23, 20, 24, 16, 27, 17, 26, 2, 25, 8, 10, 7]",0.0,0.6770316250622272
copula_mvr,half_16_B,16,0.5,B,4,1.0,"[21, 23, 0, 20]",0.0,0.6868992920499295
copula_mvr,half_16_B,16,0.5,B,8,1.0,"[21, 23, 0, 20, 27, 16, 24, 2]",0.0,0.6868992920499295
copula_mvr,half_16_B,16,0.5,B,10,1.0,"[21, 23, 0, 20, 27, 16, 24, 2, 17, 22]",0.0,0.6868992920499295
copula_mvr,half_16_B,16,0.5,B,12,0.7142857142857143,"[21, 23, 0, 20, 27, 16, 24, 2, 17, 22, 14, 28]",0.0,0.6868992920499295
copula_mvr,half_16_B,16,0.5,B,14,0.6470588235294118,"[21, 23, 0, 20, 27, 16, 24, 2, 17, 22, 14, 28, 9, 7]",0.0,0.6868992920499295
copula_mvr,half_17_A,17,0.5,A,4,1.0,"[23, 0, 21, 20]",10.0,0.7340295419562608
copula_mvr,half_17_A,17,0.5,A,8,1.0,"[23, 0, 21, 20, 24, 27, 2, 16]",10.0,0.7340295419562608
copula_mvr,half_17_A,17,0.5,A,10,0.6666666666666666,"[23, 0, 21, 20, 24, 27, 2, 16, 26, 25]",10.0,0.7340295419562608
copula_mvr,half_17_A,17,0.5,A,12,0.8461538461538461,"[23, 0, 21, 20, 24, 27, 2, 16, 26, 25, 17, 22]",10.0,0.7340295419562608
copula_mvr,half_17_A,17,0.5,A,14,0.8666666666666667,"[23, 0, 21, 20, 24, 27, 2, 16, 26, 25, 17, 22, 8, 7]",10.0,0.7340295419562608
copula_mvr,half_17_B,17,0.5,B,4,0.6,"[0, 21, 24, 20]",0.0,0.7422698340378702
copula_mvr,half_17_B,17,0.5,B,8,0.7777777777777778,"[0, 21, 24, 20, 23, 27, 16, 17]",0.0,0.7422698340378702
copula_mvr,half_17_B,17,0.5,B,10,0.8181818181818182,"[0, 21, 24, 20, 23, 27, 16, 17, 7, 2]",0.0,0.7422698340378702
copula_mvr,half_17_B,17,0.5,B,12,0.7142857142857143,"[0, 21, 24, 20, 23, 27, 16, 17, 7, 2, 10, 28]",0.0,0.7422698340378702
copula_mvr,half_17_B,17,0.5,B,14,0.6470588235294118,"[0, 21, 24, 20, 23, 27, 16, 17, 7, 2, 10, 28, 22, 18]",0.0,0.7422698340378702
copula_mvr,half_18_A,18,0.5,A,4,0.6,"[20, 0, 24, 23]",11.0,0.6438215831294656
copula_mvr,half_18_A,18,0.5,A,8,0.7777777777777778,"[20, 0, 24, 23, 16, 17, 21, 2]",11.0,0.6438215831294656
copula_mvr,half_18_A,18,0.5,A,10,0.8181818181818182,"[20, 0, 24, 23, 16, 17, 21, 2, 27, 25]",11.0,0.6438215831294656
copula_mvr,half_18_A,18,0.5,A,12,0.7142857142857143,"[20, 0, 24, 23, 16, 17, 21, 2, 27, 25, 3, 7]",11.0,0.6438215831294656
copula_mvr,half_18_A,18,0.5,A,14,0.6470588235294118,"[20, 0, 24, 23, 16, 17, 21, 2, 27, 25, 3, 7, 12, 8]",11.0,0.6438215831294656
copula_mvr,half_18_B,18,0.5,B,4,0.6,"[0, 23, 21, 24]",13.0,0.72752520814538
copula_mvr,half_18_B,18,0.5,B,8,0.6,"[0, 23, 21, 24, 27, 20, 22, 26]",13.0,0.72752520814538
copula_mvr,half_18_B,18,0.5,B,10,0.8181818181818182,"[0, 23, 21, 24, 27, 20, 22, 26, 17, 2]",13.0,0.72752520814538
copula_mvr,half_18_B,18,0.5,B,12,0.8461538461538461,"[0, 23, 21, 24, 27, 20, 22, 26, 17, 2, 16, 28]",13.0,0.72752520814538
copula_mvr,half_18_B,18,0.5,B,14,0.6470588235294118,"[0, 23, 21, 24, 27, 20, 22, 26, 17, 2, 16, 28, 15, 14]",13.0,0.72752520814538
copula_mvr,half_19_A,19,0.5,A,4,1.0,"[0, 23, 21, 20]",0.0,0.7131934999488294
copula_mvr,half_19_A,19,0.5,A,8,0.7777777777777778,"[0, 23, 21, 20, 24, 27, 26, 16]",0.0,0.7131934999488294
copula_mvr,half_19_A,19,0.5,A,10,0.8181818181818182,"[0, 23, 21, 20, 24, 27, 26, 16, 17, 2]",0.0,0.7131934999488294
copula_mvr,half_19_A,19,0.5,A,12,0.7142857142857143,"[0, 23, 21, 20, 24, 27, 26, 16, 17, 2, 25, 15]",0.0,0.7131934999488294
copula_mvr,half_19_A,19,0.5,A,14,0.75,"[0, 23, 21, 20, 24, 27, 26, 16, 17, 2, 25, 15, 9, 22]",0.0,0.7131934999488294
copula_mvr,half_19_B,19,0.5,B,4,0.6,"[0, 21, 23, 24]",10.0,0.6614638750907034
copula_mvr,half_19_B,19,0.5,B,8,0.7777777777777778,"[0, 21, 23, 24, 20, 27, 16, 17]",10.0,0.6614638750907034
copula_mvr,half_19_B,19,0.5,B,10,0.8181818181818182,"[0, 21, 23, 24, 20, 27, 16, 17, 7, 2]",10.0,0.6614638750907034
copula_mvr,half_19_B,19,0.5,B,12,0.8461538461538461,"[0, 21, 23, 24, 20, 27, 16, 17, 7, 2, 22, 25]",10.0,0.6614638750907034
copula_mvr,half_19_B,19,0.5,B,14,0.75,"[0, 21, 23, 24, 20, 27, 16, 17, 7, 2, 22, 25, 8, 28]",10.0,0.6614638750907034
copula_mvr,half_20_A,20,0.5,A,4,0.6,"[0, 21, 20, 24]",0.0,0.7266902499832213
copula_mvr,half_20_A,20,0.5,A,8,0.7777777777777778,"[0, 21, 20, 24, 23, 27, 16, 22]",0.0,0.7266902499832213
copula_mvr,half_20_A,20,0.5,A,10,0.8181818181818182,"[0, 21, 20, 24, 23, 27, 16, 22, 17, 1]",0.0,0.7266902499832213
copula_mvr,half_20_A,20,0.5,A,12,0.7142857142857143,"[0, 21, 20, 24, 23, 27, 16, 22, 17, 1, 13, 2]",0.0,0.7266902499832213
copula_mvr,half_20_A,20,0.5,A,14,0.5555555555555556,"[0, 21, 20, 24, 23, 27, 16, 22, 17, 1, 13, 2, 12, 3]",0.0,0.7266902499832213
copula_mvr,half_20_B,20,0.5,B,4,0.6,"[23, 0, 21, 24]",13.0,0.7162516668904573
copula_mvr,half_20_B,20,0.5,B,8,1.0,"[23, 0, 21, 24, 20, 2, 27, 16]",13.0,0.7162516668904573
copula_mvr,half_20_B,20,0.5,B,10,0.6666666666666666,"[23, 0, 21, 24, 20, 2, 27, 16, 9, 25]",13.0,0.7162516668904573
copula_mvr,half_20_B,20,0.5,B,12,0.7142857142857143,"[23, 0, 21, 24, 20, 2, 27, 16, 9, 25, 26, 17]",13.0,0.7162516668904573
copula_mvr,half_20_B,20,0.5,B,14,0.75,"[23, 0, 21, 24, 20, 2, 27, 16, 9, 25, 26, 17, 7, 11]",13.0,0.7162516668904573
copula_mvr,half_21_A,21,0.5,A,4,1.0,"[23, 0, 20, 21]",0.0,0.7174211661331356
copula_mvr,half_21_A,21,0.5,A,8,0.7777777777777778,"[23, 0, 20, 21, 24, 27, 16, 17]",0.0,0.7174211661331356
copula_mvr,half_21_A,21,0.5,A,10,1.0,"[23, 0, 20, 21, 24, 27, 16, 17, 2, 22]",0.0,0.7174211661331356
copula_mvr,half_21_A,21,0.5,A,12,0.7142857142857143,"[23, 0, 20, 21, 24, 27, 16, 17, 2, 22, 14, 28]",0.0,0.7174211661331356
copula_mvr,half_21_A,21,0.5,A,14,0.6470588235294118,"[23, 0, 20, 21, 24, 27, 16, 17, 2, 22, 14, 28, 7, 6]",0.0,0.7174211661331356
copula_mvr,half_21_B,21,0.5,B,4,1.0,"[0, 23, 21, 20]",0.0,0.7165156658738852
copula_mvr,half_21_B,21,0.5,B,8,0.7777777777777778,"[0, 23, 21, 20, 24, 27, 16, 26]",0.0,0.7165156658738852
copula_mvr,half_21_B,21,0.5,B,10,0.5384615384615384,"[0, 23, 21, 20, 24, 27, 16, 26, 12, 9]",0.0,0.7165156658738852
copula_mvr,half_21_B,21,0.5,B,12,0.7142857142857143,"[0, 23, 21, 20, 24, 27, 16, 26, 12, 9, 22, 2]",0.0,0.7165156658738852
copula_mvr,half_21_B,21,0.5,B,14,0.6470588235294118,"[0, 23, 21, 20, 24, 27, 16, 26, 12, 9, 22, 2, 8, 7]",0.0,0.7165156658738852
copula_mvr,half_22_A,22,0.5,A,4,1.0,"[0, 23, 21, 20]",0.0,0.66627062484622
copula_mvr,half_22_A,22,0.5,A,8,1.0,"[0, 23, 21, 20, 24, 27, 16, 2]",0.0,0.66627062484622
copula_mvr,half_22_A,22,0.5,A,10,0.6666666666666666,"[0, 23, 21, 20, 24, 27, 16, 2, 25, 7]",0.0,0.66627062484622
copula_mvr,half_22_A,22,0.5,A,12,0.7142857142857143,"[0, 23, 21, 20, 24, 27, 16, 2, 25, 7, 17, 6]",0.0,0.66627062484622
copula_mvr,half_22_A,22,0.5,A,14,0.6470588235294118,"[0, 23, 21, 20, 24, 27, 16, 2, 25, 7, 17, 6, 5, 3]",0.0,0.66627062484622
copula_mvr,half_22_B,22,0.5,B,4,0.6,"[21, 0, 23, 24]",0.0,0.695557750063017
copula_mvr,half_22_B,22,0.5,B,8,1.0,"[21, 0, 23, 24, 27, 16, 2, 20]",0.0,0.695557750063017
copula_mvr,half_22_B,22,0.5,B,10,0.8181818181818182,"[21, 0, 23, 24, 27, 16, 2, 20, 10, 17]",0.0,0.695557750063017
copula_mvr,half_22_B,22,0.5,B,12,0.6,"[21, 0, 23, 24, 27, 16, 2, 20, 10, 17, 28, 9]",0.0,0.695557750063017
copula_mvr,half_22_B,22,0.5,B,14,0.5555555555555556,"[21, 0, 23, 24, 27, 16, 2, 20, 10, 17, 28, 9, 26, 8]",0.0,0.695557750063017
copula_mvr,half_23_A,23,0.5,A,4,1.0,"[23, 0, 21, 20]",10.0,0.653989874990657
copula_mvr,half_23_A,23,0.5,A,8,0.7777777777777778,"[23, 0, 21, 20, 27, 17, 24, 16]",10.0,0.653989874990657
copula_mvr,half_23_A,23,0.5,A,10,0.8181818181818182,"[23, 0, 21, 20, 27, 17, 24, 16, 8, 2]",10.0,0.653989874990657
copula_mvr,half_23_A,23,0.5,A,12,0.7142857142857143,"[23, 0, 21, 20, 27, 17, 24, 16, 8, 2, 25, 26]",10.0,0.653989874990657
copula_mvr,half_23_A,23,0.5,A,14,0.6470588235294118,"[23, 0, 21, 20, 27, 17, 24, 16, 8, 2, 25, 26, 12, 3]",10.0,0.653989874990657
copula_mvr,half_23_B,23,0.5,B,4,1.0,"[0, 21, 23, 20]",11.0,0.6691424171440303
copula_mvr,half_23_B,23,0.5,B,8,0.7777777777777778,"[0, 21, 23, 20, 24, 22, 27, 16]",11.0,0.6691424171440303
copula_mvr,half_23_B,23,0.5,B,10,0.8181818181818182,"[0, 21, 23, 20, 24, 22, 27, 16, 26, 17]",11.0,0.6691424171440303
copula_mvr,half_23_B,23,0.5,B,12,1.0,"[0, 21, 23, 20, 24, 22, 27, 16, 26, 17, 2, 7]",11.0,0.6691424171440303
copula_mvr,half_23_B,23,0.5,B,14,0.8666666666666667,"[0, 21, 23, 20, 24, 22, 27, 16, 26, 17, 2, 7, 30, 28]",11.0,0.6691424171440303
copula_mvr,half_24_A,24,0.5,A,4,1.0,"[0, 21, 20, 23]",10.0,0.7019415830727667
copula_mvr,half_24_A,24,0.5,A,8,1.0,"[0, 21, 20, 23, 24, 27, 2, 16]",10.0,0.7019415830727667
copula_mvr,half_24_A,24,0.5,A,10,0.8181818181818182,"[0, 21, 20, 23, 24, 27, 2, 16, 17, 8]",10.0,0.7019415830727667
copula_mvr,half_24_A,24,0.5,A,12,0.7142857142857143,"[0, 21, 20, 23, 24, 27, 2, 16, 17, 8, 3, 26]",10.0,0.7019415830727667
copula_mvr,half_24_A,24,0.5,A,14,0.6470588235294118,"[0, 21, 20, 23, 24, 27, 2, 16, 17, 8, 3, 26, 10, 25]",10.0,0.7019415830727667
copula_mvr,half_24_B,24,0.5,B,4,0.6,"[0, 20, 24, 23]",0.0,0.7888117078691721
copula_mvr,half_24_B,24,0.5,B,8,0.7777777777777778,"[0, 20, 24, 23, 21, 27, 16, 22]",0.0,0.7888117078691721
copula_mvr,half_24_B,24,0.5,B,10,0.6666666666666666,"[0, 20, 24, 23, 21, 27, 16, 22, 28, 7]",0.0,0.7888117078691721
copula_mvr,half_24_B,24,0.5,B,12,0.6,"[0, 20, 24, 23, 21, 27, 16, 22, 28, 7, 1, 12]",0.0,0.7888117078691721
copula_mvr,half_24_B,24,0.5,B,14,0.6470588235294118,"[0, 20, 24, 23, 21, 27, 16, 22, 28, 7, 1, 12, 2, 17]",0.0,0.7888117078691721
copula_mvr,half_25_A,25,0.5,A,4,0.6,"[21, 0, 24, 23]",11.0,0.6801856670062989
copula_mvr,half_25_A,25,0.5,A,8,0.7777777777777778,"[21, 0, 24, 23, 20, 27, 16, 17]",11.0,0.6801856670062989
copula_mvr,half_25_A,25,0.5,A,10,0.8181818181818182,"[21, 0, 24, 23, 20, 27, 16, 17, 2, 26]",11.0,0.6801856670062989
copula_mvr,half_25_A,25,0.5,A,12,0.8461538461538461,"[21, 0, 24, 23, 20, 27, 16, 17, 2, 26, 7, 25]",11.0,0.6801856670062989
copula_mvr,half_25_A,25,0.5,A,14,0.75,"[21, 0, 24, 23, 20, 27, 16, 17, 2, 26, 7, 25, 10, 14]",11.0,0.6801856670062989
copula_mvr,half_25_B,25,0.5,B,4,0.6,"[21, 0, 20, 24]",0.0,0.6276096249930561
copula_mvr,half_25_B,25,0.5,B,8,0.7777777777777778,"[21, 0, 20, 24, 27, 16, 22, 23]",0.0,0.6276096249930561
copula_mvr,half_25_B,25,0.5,B,10,1.0,"[21, 0, 20, 24, 27, 16, 22, 23, 2, 17]",0.0,0.6276096249930561
copula_mvr,half_25_B,25,0.5,B,12,0.8461538461538461,"[21, 0, 20, 24, 27, 16, 22, 23, 2, 17, 7, 3]",0.0,0.6276096249930561
copula_mvr,half_25_B,25,0.5,B,14,0.75,"[21, 0, 20, 24, 27, 16, 22, 23, 2, 17, 7, 3, 1, 30]",0.0,0.6276096249930561
copula_mvr,half_26_A,26,0.5,A,4,0.6,"[0, 23, 21, 24]",14.0,0.6929514580406249
copula_mvr,half_26_A,26,0.5,A,8,0.7777777777777778,"[0, 23, 21, 24, 27, 16, 22, 20]",14.0,0.6929514580406249
copula_mvr,half_26_A,26,0.5,A,10,0.8181818181818182,"[0, 23, 21, 24, 27, 16, 22, 20, 2, 28]",14.0,0.6929514580406249
copula_mvr,half_26_A,26,0.5,A,12,0.7142857142857143,"[0, 23, 21, 24, 27, 16, 22, 20, 2, 28, 25, 7]",14.0,0.6929514580406249
copula_mvr,half_26_A,26,0.5,A,14,0.6470588235294118,"[0, 23, 21, 24, 27, 16, 22, 20, 2, 28, 25, 7, 29, 5]",14.0,0.6929514580406249
copula_mvr,half_26_B,26,0.5,B,4,1.0,"[21, 0, 23, 20]",0.0,0.7322987501975149
copula_mvr,half_26_B,26,0.5,B,8,0.7777777777777778,"[21, 0, 23, 20, 24, 27, 17, 16]",0.0,0.7322987501975149
copula_mvr,half_26_B,26,0.5,B,10,0.8181818181818182,"[21, 0, 23, 20, 24, 27, 17, 16, 26, 2]",0.0,0.7322987501975149
copula_mvr,half_26_B,26,0.5,B,12,0.8461538461538461,"[21, 0, 23, 20, 24, 27, 17, 16, 26, 2, 7, 19]",0.0,0.7322987501975149
copula_mvr,half_26_B,26,0.5,B,14,0.6470588235294118,"[21, 0, 23, 20, 24, 27, 17, 16, 26, 2, 7, 19, 10, 3]",0.0,0.7322987501975149
copula_mvr,half_27_A,27,0.5,A,4,1.0,"[0, 20, 21, 23]",10.0,0.6546428331639618
copula_mvr,half_27_A,27,0.5,A,8,0.7777777777777778,"[0, 20, 21, 23, 24, 27, 16, 17]",10.0,0.6546428331639618
copula_mvr,half_27_A,27,0.5,A,10,0.8181818181818182,"[0, 20, 21, 23, 24, 27, 16, 17, 2, 25]",10.0,0.6546428331639618
copula_mvr,half_27_A,27,0.5,A,12,0.7142857142857143,"[0, 20, 21, 23, 24, 27, 16, 17, 2, 25, 26, 28]",10.0,0.6546428331639618
copula_mvr,half_27_A,27,0.5,A,14,0.6470588235294118,"[0, 20, 21, 23, 24, 27, 16, 17, 2, 25, 26, 28, 10, 3]",10.0,0.6546428331639618
copula_mvr,half_27_B,27,0.5,B,4,1.0,"[23, 0, 20, 21]",12.0,0.7163947080262005
copula_mvr,half_27_B,27,0.5,B,8,0.6,"[23, 0, 20, 21, 27, 16, 7, 25]",12.0,0.7163947080262005
copula_mvr,half_27_B,27,0.5,B,10,0.6666666666666666,"[23, 0, 20, 21, 27, 16, 7, 25, 17, 24]",12.0,0.7163947080262005
copula_mvr,half_27_B,27,0.5,B,12,0.7142857142857143,"[23, 0, 20, 21, 27, 16, 7, 25, 17, 24, 9, 2]",12.0,0.7163947080262005
copula_mvr,half_27_B,27,0.5,B,14,0.75,"[23, 0, 20, 21, 27, 16, 7, 25, 17, 24, 9, 2, 14, 22]",12.0,0.7163947080262005
copula_mvr,half_28_A,28,0.5,A,4,1.0,"[21, 0, 23, 20]",12.0,0.7132739590015262
copula_mvr,half_28_A,28,0.5,A,8,0.7777777777777778,"[21, 0, 23, 20, 27, 16, 2, 17]",12.0,0.7132739590015262
copula_mvr,half_28_A,28,0.5,A,10,0.8181818181818182,"[21, 0, 23, 20, 27, 16, 2, 17, 25, 24]",12.0,0.7132739590015262
copula_mvr,half_28_A,28,0.5,A,12,0.7142857142857143,"[21, 0, 23, 20, 27, 16, 2, 17, 25, 24, 28, 26]",12.0,0.7132739590015262
copula_mvr,half_28_A,28,0.5,A,14,0.6470588235294118,"[21, 0, 23, 20, 27, 16, 2, 17, 25, 24, 28, 26, 12, 3]",12.0,0.7132739590015262
copula_mvr,half_28_B,28,0.5,B,4,0.6,"[0, 21, 23, 24]",0.0,0.6899129159282893
copula_mvr,half_28_B,28,0.5,B,8,0.7777777777777778,"[0, 21, 23, 24, 20, 22, 16, 27]",0.0,0.6899129159282893
copula_mvr,half_28_B,28,0.5,B,10,0.8181818181818182,"[0, 21, 23, 24, 20, 22, 16, 27, 17, 9]",0.0,0.6899129159282893
copula_mvr,half_28_B,28,0.5,B,12,0.7142857142857143,"[0, 21, 23, 24, 20, 22, 16, 27, 17, 9, 2, 10]",0.0,0.6899129159282893
copula_mvr,half_28_B,28,0.5,B,14,0.75,"[0, 21, 23, 24, 20, 22, 16, 27, 17, 9, 2, 10, 7, 26]",0.0,0.6899129159282893
copula_mvr,half_29_A,29,0.5,A,4,0.6,"[0, 21, 23, 24]",11.0,0.602758124936372
copula_mvr,half_29_A,29,0.5,A,8,1.0,"[0, 21, 23, 24, 27, 20, 2, 16]",11.0,0.602758124936372
copula_mvr,half_29_A,29,0.5,A,10,0.6666666666666666,"[0, 21, 23, 24, 27, 20, 2, 16, 26, 10]",11.0,0.602758124936372
copula_mvr,half_29_A,29,0.5,A,12,0.7142857142857143,"[0, 21, 23, 24, 27, 20, 2, 16, 26, 10, 17, 18]",11.0,0.602758124936372
copula_mvr,half_29_A,29,0.5,A,14,0.5555555555555556,"[0, 21, 23, 24, 27, 20, 2, 16, 26, 10, 17, 18, 8, 28]",11.0,0.602758124936372
copula_mvr,half_29_B,29,0.5,B,4,1.0,"[0, 23, 20, 21]",0.0,0.7526334580034018
copula_mvr,half_29_B,29,0.5,B,8,0.7777777777777778,"[0, 23, 20, 21, 27, 16, 24, 7]",0.0,0.7526334580034018
copula_mvr,half_29_B,29,0.5,B,10,0.6666666666666666,"[0, 23, 20, 21, 27, 16, 24, 7, 17, 25]",0.0,0.7526334580034018
copula_mvr,half_29_B,29,0.5,B,12,0.8461538461538461,"[0, 23, 20, 21, 27, 16, 24, 7, 17, 25, 26, 22]",0.0,0.7526334580034018
copula_mvr,half_29_B,29,0.5,B,14,0.8666666666666667,"[0, 23, 20, 21, 27, 16, 24, 7, 17, 25, 26, 22, 30, 28]",0.0,0.7526334580034018
copula_mvr,f70_00,0,0.7,,4,1.0,"[0, 21, 23, 20]",10.0,0.9319285829551518
copula_mvr,f70_00,0,0.7,,8,0.7777777777777778,"[0, 21, 23, 20, 24, 27, 16, 26]",10.0,0.9319285829551518
copula_mvr,f70_00,0,0.7,,10,0.8181818181818182,"[0, 21, 23, 20, 24, 27, 16, 26, 17, 2]",10.0,0.9319285829551518
copula_mvr,f70_00,0,0.7,,12,1.0,"[0, 21, 23, 20, 24, 27, 16, 26, 17, 2, 22, 7]",10.0,0.9319285829551518
copula_mvr,f70_00,0,0.7,,14,0.8666666666666667,"[0, 21, 23, 20, 24, 27, 16, 26, 17, 2, 22, 7, 28, 25]",10.0,0.9319285829551518
copula_mvr,f70_01,1,0.7,,4,1.0,"[0, 21, 23, 20]",0.0,0.9788504999596626
copula_mvr,f70_01,1,0.7,,8,1.0,"[0, 21, 23, 20, 24, 27, 2, 16]",0.0,0.9788504999596626
copula_mvr,f70_01,1,0.7,,10,0.6666666666666666,"[0, 21, 23, 20, 24, 27, 2, 16, 9, 10]",0.0,0.9788504999596626
copula_mvr,f70_01,1,0.7,,12,0.5,"[0, 21, 23, 20, 24, 27, 2, 16, 9, 10, 25, 12]",0.0,0.9788504999596626
copula_mvr,f70_01,1,0.7,,14,0.6470588235294118,"[0, 21, 23, 20, 24, 27, 2, 16, 9, 10, 25, 12, 30, 17]",0.0,0.9788504999596626
copula_mvr,f70_02,2,0.7,,4,1.0,"[0, 21, 20, 23]",12.0,0.930207584053278
copula_mvr,f70_02,2,0.7,,8,0.6,"[0, 21, 20, 23, 24, 27, 17, 13]",12.0,0.930207584053278
copula_mvr,f70_02,2,0.7,,10,0.8181818181818182,"[0, 21, 20, 23, 24, 27, 17, 13, 16, 2]",12.0,0.930207584053278
copula_mvr,f70_02,2,0.7,,12,0.8461538461538461,"[0, 21, 20, 23, 24, 27, 17, 13, 16, 2, 7, 22]",12.0,0.930207584053278
copula_mvr,f70_02,2,0.7,,14,0.6470588235294118,"[0, 21, 20, 23, 24, 27, 17, 13, 16, 2, 7, 22, 28, 8]",12.0,0.930207584053278
copula_mvr,f70_03,3,0.7,,4,1.0,"[0, 23, 21, 20]",11.0,0.9186930831056088
copula_mvr,f70_03,3,0.7,,8,1.0,"[0, 23, 21, 20, 24, 27, 16, 2]",11.0,0.9186930831056088
copula_mvr,f70_03,3,0.7,,10,0.8181818181818182,"[0, 23, 21, 20, 24, 27, 16, 2, 17, 7]",11.0,0.9186930831056088
copula_mvr,f70_03,3,0.7,,12,0.8461538461538461,"[0, 23, 21, 20, 24, 27, 16, 2, 17, 7, 28, 26]",11.0,0.9186930831056088
copula_mvr,f70_03,3,0.7,,14,0.75,"[0, 23, 21, 20, 24, 27, 16, 2, 17, 7, 28, 26, 25, 18]",11.0,0.9186930831056088
copula_mvr,f70_04,4,0.7,,4,1.0,"[0, 23, 21, 20]",13.0,0.8682186671067029
copula_mvr,f70_04,4,0.7,,8,1.0,"[0, 23, 21, 20, 24, 16, 2, 27]",13.0,0.8682186671067029
copula_mvr,f70_04,4,0.7,,10,0.8181818181818182,"[0, 23, 21, 20, 24, 16, 2, 27, 17, 25]",13.0,0.8682186671067029
copula_mvr,f70_04,4,0.7,,12,0.7142857142857143,"[0, 23, 21, 20, 24, 16, 2, 27, 17, 25, 26, 28]",13.0,0.8682186671067029
copula_mvr,f70_04,4,0.7,,14,0.75,"[0, 23, 21, 20, 24, 16, 2, 27, 17, 25, 26, 28, 9, 22]",13.0,0.8682186671067029
copula_mvr,f70_05,5,0.7,,4,1.0,"[0, 23, 21, 20]",10.0,0.9559652090538293
copula_mvr,f70_05,5,0.7,,8,1.0,"[0, 23, 21, 20, 24, 27, 16, 2]",10.0,0.9559652090538293
copula_mvr,f70_05,5,0.7,,10,0.8181818181818182,"[0, 23, 21, 20, 24, 27, 16, 2, 25, 17]",10.0,0.9559652090538293
copula_mvr,f70_05,5,0.7,,12,0.7142857142857143,"[0, 23, 21, 20, 24, 27, 16, 2, 25, 17, 7, 28]",10.0,0.9559652090538293
copula_mvr,f70_05,5,0.7,,14,0.6470588235294118,"[0, 23, 21, 20, 24, 27, 16, 2, 25, 17, 7, 28, 10, 8]",10.0,0.9559652090538293
copula_mvr,f70_06,6,0.7,,4,0.6,"[0, 23, 21, 24]",10.0,0.9169354161713272
copula_mvr,f70_06,6,0.7,,8,0.7777777777777778,"[0, 23, 21, 24, 20, 27, 17, 16]",10.0,0.9169354161713272
copula_mvr,f70_06,6,0.7,,10,0.8181818181818182,"[0, 23, 21, 24, 20, 27, 17, 16, 2, 25]",10.0,0.9169354161713272
copula_mvr,f70_06,6,0.7,,12,0.7142857142857143,"[0, 23, 21, 24, 20, 27, 17, 16, 2, 25, 7, 8]",10.0,0.9169354161713272
copula_mvr,f70_06,6,0.7,,14,0.75,"[0, 23, 21, 24, 20, 27, 17, 16, 2, 25, 7, 8, 9, 22]",10.0,0.9169354161713272
copula_mvr,f70_07,7,0.7,,4,0.6,"[0, 23, 20, 24]",14.0,0.994182915892452
copula_mvr,f70_07,7,0.7,,8,0.7777777777777778,"[0, 23, 20, 24, 21, 27, 16, 22]",14.0,0.994182915892452
copula_mvr,f70_07,7,0.7,,10,1.0,"[0, 23, 20, 24, 21, 27, 16, 22, 17, 2]",14.0,0.994182915892452
copula_mvr,f70_07,7,0.7,,12,0.8461538461538461,"[0, 23, 20, 24, 21, 27, 16, 22, 17, 2, 25, 7]",14.0,0.994182915892452
copula_mvr,f70_07,7,0.7,,14,0.8666666666666667,"[0, 23, 20, 24, 21, 27, 16, 22, 17, 2, 25, 7, 9, 26]",14.0,0.994182915892452
copula_mvr,f70_08,8,0.7,,4,1.0,"[0, 21, 23, 20]",15.0,0.973221916006878
copula_mvr,f70_08,8,0.7,,8,0.7777777777777778,"[0, 21, 23, 20, 27, 25, 16, 2]",15.0,0.973221916006878
copula_mvr,f70_08,8,0.7,,10,0.6666666666666666,"[0, 21, 23, 20, 27, 25, 16, 2, 26, 24]",15.0,0.973221916006878
copula_mvr,f70_08,8,0.7,,12,0.7142857142857143,"[0, 21, 23, 20, 27, 25, 16, 2, 26, 24, 30, 17]",15.0,0.973221916006878
copula_mvr,f70_08,8,0.7,,14,0.8666666666666667,"[0, 21, 23, 20, 27, 25, 16, 2, 26, 24, 30, 17, 28, 7]",15.0,0.973221916006878
copula_mvr,f70_09,9,0.7,,4,0.6,"[0, 21, 23, 24]",12.0,0.9959028330631554
copula_mvr,f70_09,9,0.7,,8,0.7777777777777778,"[0, 21, 23, 24, 20, 27, 16, 17]",12.0,0.9959028330631554
copula_mvr,f70_09,9,0.7,,10,0.8181818181818182,"[0, 21, 23, 24, 20, 27, 16, 17, 25, 2]",12.0,0.9959028330631554
copula_mvr,f70_09,9,0.7,,12,0.7142857142857143,"[0, 21, 23, 24, 20, 27, 16, 17, 25, 2, 22, 8]",12.0,0.9959028330631554
copula_mvr,f70_09,9,0.7,,14,0.75,"[0, 21, 23, 24, 20, 27, 16, 17, 25, 2, 22, 8, 26, 9]",12.0,0.9959028330631554
copula_mvr,f70_10,10,0.7,,4,1.0,"[23, 0, 21, 20]",14.0,0.8970890841446817
copula_mvr,f70_10,10,0.7,,8,0.7777777777777778,"[23, 0, 21, 20, 27, 16, 22, 24]",14.0,0.8970890841446817
copula_mvr,f70_10,10,0.7,,10,0.8181818181818182,"[23, 0, 21, 20, 27, 16, 22, 24, 2, 25]",14.0,0.8970890841446817
copula_mvr,f70_10,10,0.7,,12,0.7142857142857143,"[23, 0, 21, 20, 27, 16, 22, 24, 2, 25, 17, 8]",14.0,0.8970890841446817
copula_mvr,f70_10,10,0.7,,14,0.75,"[23, 0, 21, 20, 27, 16, 22, 24, 2, 25, 17, 8, 28, 26]",14.0,0.8970890841446817
copula_mvr,f70_11,11,0.7,,4,1.0,"[0, 23, 21, 20]",12.0,0.9377158330753446
copula_mvr,f70_11,11,0.7,,8,0.7777777777777778,"[0, 23, 21, 20, 24, 27, 16, 25]",12.0,0.9377158330753446
copula_mvr,f70_11,11,0.7,,10,0.8181818181818182,"[0, 23, 21, 20, 24, 27, 16, 25, 2, 17]",12.0,0.9377158330753446
copula_mvr,f70_11,11,0.7,,12,0.7142857142857143,"[0, 23, 21, 20, 24, 27, 16, 25, 2, 17, 7, 28]",12.0,0.9377158330753446
copula_mvr,f70_11,11,0.7,,14,0.75,"[0, 23, 21, 20, 24, 27, 16, 25, 2, 17, 7, 28, 22, 9]",12.0,0.9377158330753446
copula_mvr,f70_12,12,0.7,,4,1.0,"[23, 0, 21, 20]",12.0,0.9037739580962807
copula_mvr,f70_12,12,0.7,,8,0.7777777777777778,"[23, 0, 21, 20, 27, 24, 2, 17]",12.0,0.9037739580962807
copula_mvr,f70_12,12,0.7,,10,0.8181818181818182,"[23, 0, 21, 20, 27, 24, 2, 17, 16, 25]",12.0,0.9037739580962807
copula_mvr,f70_12,12,0.7,,12,0.8461538461538461,"[23, 0, 21, 20, 27, 24, 2, 17, 16, 25, 7, 26]",12.0,0.9037739580962807
copula_mvr,f70_12,12,0.7,,14,0.8666666666666667,"[23, 0, 21, 20, 27, 24, 2, 17, 16, 25, 7, 26, 22, 28]",12.0,0.9037739580962807
copula_mvr,f70_13,13,0.7,,4,1.0,"[0, 23, 20, 21]",0.0,0.914973083185032
copula_mvr,f70_13,13,0.7,,8,0.7777777777777778,"[0, 23, 20, 21, 24, 27, 16, 17]",0.0,0.914973083185032
copula_mvr,f70_13,13,0.7,,10,0.6666666666666666,"[0, 23, 20, 21, 24, 27, 16, 17, 7, 28]",0.0,0.914973083185032
copula_mvr,f70_13,13,0.7,,12,0.7142857142857143,"[0, 23, 20, 21, 24, 27, 16, 17, 7, 28, 13, 26]",0.0,0.914973083185032
copula_mvr,f70_13,13,0.7,,14,0.75,"[0, 23, 20, 21, 24, 27, 16, 17, 7, 28, 13, 26, 2, 25]",0.0,0.914973083185032
copula_mvr,f70_14,14,0.7,,4,1.0,"[0, 21, 23, 20]",14.0,0.9033727920614183
copula_mvr,f70_14,14,0.7,,8,1.0,"[0, 21, 23, 20, 24, 27, 16, 2]",14.0,0.9033727920614183
copula_mvr,f70_14,14,0.7,,10,0.8181818181818182,"[0, 21, 23, 20, 24, 27, 16, 2, 17, 7]",14.0,0.9033727920614183
copula_mvr,f70_14,14,0.7,,12,0.7142857142857143,"[0, 21, 23, 20, 24, 27, 16, 2, 17, 7, 8, 15]",14.0,0.9033727920614183
copula_mvr,f70_14,14,0.7,,14,0.75,"[0, 21, 23, 20, 24, 27, 16, 2, 17, 7, 8, 15, 25, 26]",14.0,0.9033727920614183
copula_mvr,f70_15,15,0.7,,4,0.6,"[0, 20, 23, 24]",0.0,0.87096245912835
copula_mvr,f70_15,15,0.7,,8,0.7777777777777778,"[0, 20, 23, 24, 21, 27, 16, 17]",0.0,0.87096245912835
copula_mvr,f70_15,15,0.7,,10,0.8181818181818182,"[0, 20, 23, 24, 21, 27, 16, 17, 2, 9]",0.0,0.87096245912835
copula_mvr,f70_15,15,0.7,,12,0.7142857142857143,"[0, 20, 23, 24, 21, 27, 16, 17, 2, 9, 7, 8]",0.0,0.87096245912835
copula_mvr,f70_15,15,0.7,,14,0.6470588235294118,"[0, 20, 23, 24, 21, 27, 16, 17, 2, 9, 7, 8, 25, 1]",0.0,0.87096245912835
copula_mvr,f70_16,16,0.7,,4,1.0,"[0, 21, 23, 20]",13.0,0.9707014579325914
copula_mvr,f70_16,16,0.7,,8,0.7777777777777778,"[0, 21, 23, 20, 24, 16, 27, 8]",13.0,0.9707014579325914
copula_mvr,f70_16,16,0.7,,10,0.6666666666666666,"[0, 21, 23, 20, 24, 16, 27, 8, 28, 17]",13.0,0.9707014579325914
copula_mvr,f70_16,16,0.7,,12,0.7142857142857143,"[0, 21, 23, 20, 24, 16, 27, 8, 28, 17, 2, 22]",13.0,0.9707014579325914
copula_mvr,f70_16,16,0.7,,14,0.75,"[0, 21, 23, 20, 24, 16, 27, 8, 28, 17, 2, 22, 25, 30]",13.0,0.9707014579325914
copula_mvr,f70_17,17,0.7,,4,1.0,"[0, 23, 21, 20]",11.0,1.007715665968135
copula_mvr,f70_17,17,0.7,,8,1.0,"[0, 23, 21, 20, 24, 27, 16, 2]",11.0,1.007715665968135
copula_mvr,f70_17,17,0.7,,10,0.8181818181818182,"[0, 23, 21, 20, 24, 27, 16, 2, 17, 10]",11.0,1.007715665968135
copula_mvr,f70_17,17,0.7,,12,0.7142857142857143,"[0, 23, 21, 20, 24, 27, 16, 2, 17, 10, 25, 26]",11.0,1.007715665968135
copula_mvr,f70_17,17,0.7,,14,0.6470588235294118,"[0, 23, 21, 20, 24, 27, 16, 2, 17, 10, 25, 26, 1, 3]",11.0,1.007715665968135
copula_mvr,f70_18,18,0.7,,4,0.6,"[0, 21, 23, 24]",0.0,0.8630345000419766
copula_mvr,f70_18,18,0.7,,8,1.0,"[0, 21, 23, 24, 20, 27, 16, 2]",0.0,0.8630345000419766
copula_mvr,f70_18,18,0.7,,10,0.6666666666666666,"[0, 21, 23, 24, 20, 27, 16, 2, 7, 11]",0.0,0.8630345000419766
copula_mvr,f70_18,18,0.7,,12,0.7142857142857143,"[0, 21, 23, 24, 20, 27, 16, 2, 7, 11, 17, 9]",0.0,0.8630345000419766
copula_mvr,f70_18,18,0.7,,14,0.75,"[0, 21, 23, 24, 20, 27, 16, 2, 7, 11, 17, 9, 26, 22]",0.0,0.8630345000419766
copula_mvr,f70_19,19,0.7,,4,0.6,"[23, 0, 21, 24]",13.0,0.9418768750037998
copula_mvr,f70_19,19,0.7,,8,0.7777777777777778,"[23, 0, 21, 24, 20, 27, 16, 17]",13.0,0.9418768750037998
copula_mvr,f70_19,19,0.7,,10,0.8181818181818182,"[23, 0, 21, 24, 20, 27, 16, 17, 2, 7]",13.0,0.9418768750037998
copula_mvr,f70_19,19,0.7,,12,0.8461538461538461,"[23, 0, 21, 24, 20, 27, 16, 17, 2, 7, 25, 22]",13.0,0.9418768750037998
copula_mvr,f70_19,19,0.7,,14,0.8666666666666667,"[23, 0, 21, 24, 20, 27, 16, 17, 2, 7, 25, 22, 26, 28]",13.0,0.9418768750037998
copula_mvr,f80_00,0,0.8,,4,0.6,"[0, 20, 23, 24]",14.0,1.1264845412224531
copula_mvr,f80_00,0,0.8,,8,1.0,"[0, 20, 23, 24, 21, 27, 16, 2]",14.0,1.1264845412224531
copula_mvr,f80_00,0,0.8,,10,1.0,"[0, 20, 23, 24, 21, 27, 16, 2, 17, 22]",14.0,1.1264845412224531
copula_mvr,f80_00,0,0.8,,12,0.8461538461538461,"[0, 20, 23, 24, 21, 27, 16, 2, 17, 22, 25, 7]",14.0,1.1264845412224531
copula_mvr,f80_00,0,0.8,,14,1.0,"[0, 20, 23, 24, 21, 27, 16, 2, 17, 22, 25, 7, 30, 26]",14.0,1.1264845412224531
copula_mvr,f80_01,1,0.8,,4,0.6,"[0, 21, 20, 24]",11.0,1.0753467918839306
copula_mvr,f80_01,1,0.8,,8,1.0,"[0, 21, 20, 24, 23, 27, 16, 2]",11.0,1.0753467918839306
copula_mvr,f80_01,1,0.8,,10,0.8181818181818182,"[0, 21, 20, 24, 23, 27, 16, 2, 25, 17]",11.0,1.0753467918839306
copula_mvr,f80_01,1,0.8,,12,0.7142857142857143,"[0, 21, 20, 24, 23, 27, 16, 2, 25, 17, 9, 26]",11.0,1.0753467918839306
copula_mvr,f80_01,1,0.8,,14,0.6470588235294118,"[0, 21, 20, 24, 23, 27, 16, 2, 25, 17, 9, 26, 28, 8]",11.0,1.0753467918839306
copula_mvr,f80_02,2,0.8,,4,1.0,"[0, 23, 21, 20]",14.0,1.0560953749809414
copula_mvr,f80_02,2,0.8,,8,0.6,"[0, 23, 21, 20, 27, 16, 17, 22]",14.0,1.0560953749809414
copula_mvr,f80_02,2,0.8,,10,0.6666666666666666,"[0, 23, 21, 20, 27, 16, 17, 22, 7, 10]",14.0,1.0560953749809414
copula_mvr,f80_02,2,0.8,,12,0.8461538461538461,"[0, 23, 21, 20, 27, 16, 17, 22, 7, 10, 24, 2]",14.0,1.0560953749809414
copula_mvr,f80_02,2,0.8,,14,0.75,"[0, 23, 21, 20, 27, 16, 17, 22, 7, 10, 24, 2, 25, 28]",14.0,1.0560953749809414
copula_mvr,f80_03,3,0.8,,4,1.0,"[0, 21, 20, 23]",10.0,1.107661958085373
copula_mvr,f80_03,3,0.8,,8,0.7777777777777778,"[0, 21, 20, 23, 24, 27, 17, 16]",10.0,1.107661958085373
copula_mvr,f80_03,3,0.8,,10,0.8181818181818182,"[0, 21, 20, 23, 24, 27, 17, 16, 2, 25]",10.0,1.107661958085373
copula_mvr,f80_03,3,0.8,,12,0.7142857142857143,"[0, 21, 20, 23, 24, 27, 17, 16, 2, 25, 28, 7]",10.0,1.107661958085373
copula_mvr,f80_03,3,0.8,,14,0.6470588235294118,"[0, 21, 20, 23, 24, 27, 17, 16, 2, 25, 28, 7, 9, 12]",10.0,1.107661958085373
copula_mvr,f80_04,4,0.8,,4,1.0,"[0, 21, 23, 20]",12.0,1.0769022922031581
copula_mvr,f80_04,4,0.8,,8,1.0,"[0, 21, 23, 20, 27, 24, 16, 2]",12.0,1.0769022922031581
copula_mvr,f80_04,4,0.8,,10,0.8181818181818182,"[0, 21, 23, 20, 27, 24, 16, 2, 25, 17]",12.0,1.0769022922031581
copula_mvr,f80_04,4,0.8,,12,0.8461538461538461,"[0, 21, 23, 20, 27, 24, 16, 2, 25, 17, 22, 7]",12.0,1.0769022922031581
copula_mvr,f80_04,4,0.8,,14,0.75,"[0, 21, 23, 20, 27, 24, 16, 2, 25, 17, 22, 7, 13, 14]",12.0,1.0769022922031581
copula_mvr,f80_05,5,0.8,,4,0.6,"[0, 21, 23, 24]",15.0,1.0246667498722672
copula_mvr,f80_05,5,0.8,,8,1.0,"[0, 21, 23, 24, 20, 27, 16, 2]",15.0,1.0246667498722672
copula_mvr,f80_05,5,0.8,,10,0.6666666666666666,"[0, 21, 23, 24, 20, 27, 16, 2, 26, 7]",15.0,1.0246667498722672
copula_mvr,f80_05,5,0.8,,12,1.0,"[0, 21, 23, 24, 20, 27, 16, 2, 26, 7, 17, 22]",15.0,1.0246667498722672
copula_mvr,f80_05,5,0.8,,14,0.8666666666666667,"[0, 21, 23, 24, 20, 27, 16, 2, 26, 7, 17, 22, 30, 9]",15.0,1.0246667498722672
copula_mvr,f80_06,6,0.8,,4,1.0,"[0, 23, 21, 20]",10.0,1.052637874847278
copula_mvr,f80_06,6,0.8,,8,0.7777777777777778,"[0, 23, 21, 20, 24, 27, 16, 17]",10.0,1.052637874847278
copula_mvr,f80_06,6,0.8,,10,0.8181818181818182,"[0, 23, 21, 20, 24, 27, 16, 17, 2, 7]",10.0,1.052637874847278
copula_mvr,f80_06,6,0.8,,12,0.8461538461538461,"[0, 23, 21, 20, 24, 27, 16, 17, 2, 7, 26, 13]",10.0,1.052637874847278
copula_mvr,f80_06,6,0.8,,14,0.75,"[0, 23, 21, 20, 24, 27, 16, 17, 2, 7, 26, 13, 8, 22]",10.0,1.052637874847278
copula_mvr,f80_07,7,0.8,,4,1.0,"[0, 21, 23, 20]",16.0,1.0283678751438856
copula_mvr,f80_07,7,0.8,,8,0.7777777777777778,"[0, 21, 23, 20, 24, 27, 16, 17]",16.0,1.0283678751438856
copula_mvr,f80_07,7,0.8,,10,1.0,"[0, 21, 23, 20, 24, 27, 16, 17, 2, 22]",16.0,1.0283678751438856
copula_mvr,f80_07,7,0.8,,12,0.8461538461538461,"[0, 21, 23, 20, 24, 27, 16, 17, 2, 22, 7, 9]",16.0,1.0283678751438856
copula_mvr,f80_07,7,0.8,,14,0.8666666666666667,"[0, 21, 23, 20, 24, 27, 16, 17, 2, 22, 7, 9, 25, 26]",16.0,1.0283678751438856
copula_mvr,f80_08,8,0.8,,4,1.0,"[23, 0, 21, 20]",15.0,1.0784115409478545
copula_mvr,f80_08,8,0.8,,8,0.7777777777777778,"[23, 0, 21, 20, 24, 27, 25, 16]",15.0,1.0784115409478545
copula_mvr,f80_08,8,0.8,,10,0.8181818181818182,"[23, 0, 21, 20, 24, 27, 25, 16, 2, 17]",15.0,1.0784115409478545
copula_mvr,f80_08,8,0.8,,12,0.7142857142857143,"[23, 0, 21, 20, 24, 27, 25, 16, 2, 17, 7, 12]",15.0,1.0784115409478545
copula_mvr,f80_08,8,0.8,,14,0.8666666666666667,"[23, 0, 21, 20, 24, 27, 25, 16, 2, 17, 7, 12, 22, 26]",15.0,1.0784115409478545
copula_mvr,f80_09,9,0.8,,4,1.0,"[0, 23, 20, 21]",0.0,1.1921240421943367
copula_mvr,f80_09,9,0.8,,8,1.0,"[0, 23, 20, 21, 24, 27, 16, 2]",0.0,1.1921240421943367
copula_mvr,f80_09,9,0.8,,10,0.8181818181818182,"[0, 23, 20, 21, 24, 27, 16, 2, 17, 25]",0.0,1.1921240421943367
copula_mvr,f80_09,9,0.8,,12,0.8461538461538461,"[0, 23, 20, 21, 24, 27, 16, 2, 17, 25, 22, 7]",0.0,1.1921240421943367
copula_mvr,f80_09,9,0.8,,14,0.75,"[0, 23, 20, 21, 24, 27, 16, 2, 17, 25, 22, 7, 9, 29]",0.0,1.1921240421943367
copula_mvr,f80_10,10,0.8,,4,1.0,"[21, 0, 23, 20]",12.0,0.9888393331784755
copula_mvr,f80_10,10,0.8,,8,1.0,"[21, 0, 23, 20, 24, 27, 16, 2]",12.0,0.9888393331784755
copula_mvr,f80_10,10,0.8,,10,0.8181818181818182,"[21, 0, 23, 20, 24, 27, 16, 2, 17, 25]",12.0,0.9888393331784755
copula_mvr,f80_10,10,0.8,,12,0.7142857142857143,"[21, 0, 23, 20, 24, 27, 16, 2, 17, 25, 7, 14]",12.0,0.9888393331784755
copula_mvr,f80_10,10,0.8,,14,0.6470588235294118,"[21, 0, 23, 20, 24, 27, 16, 2, 17, 25, 7, 14, 9, 8]",12.0,0.9888393331784755
copula_mvr,f80_11,11,0.8,,4,1.0,"[0, 21, 20, 23]",12.0,1.0014744577929378
copula_mvr,f80_11,11,0.8,,8,1.0,"[0, 21, 20, 23, 24, 27, 16, 2]",12.0,1.0014744577929378
copula_mvr,f80_11,11,0.8,,10,0.8181818181818182,"[0, 21, 20, 23, 24, 27, 16, 2, 10, 17]",12.0,1.0014744577929378
copula_mvr,f80_11,11,0.8,,12,0.7142857142857143,"[0, 21, 20, 23, 24, 27, 16, 2, 10, 17, 7, 25]",12.0,1.0014744577929378
copula_mvr,f80_11,11,0.8,,14,0.75,"[0, 21, 20, 23, 24, 27, 16, 2, 10, 17, 7, 25, 26, 28]",12.0,1.0014744577929378
copula_mvr,f80_12,12,0.8,,4,1.0,"[21, 0, 23, 20]",14.0,1.120829291176051
copula_mvr,f80_12,12,0.8,,8,1.0,"[21, 0, 23, 20, 27, 24, 16, 2]",14.0,1.120829291176051
copula_mvr,f80_12,12,0.8,,10,0.8181818181818182,"[21, 0, 23, 20, 27, 24, 16, 2, 17, 7]",14.0,1.120829291176051
copula_mvr,f80_12,12,0.8,,12,0.7142857142857143,"[21, 0, 23, 20, 27, 24, 16, 2, 17, 7, 10, 25]",14.0,1.120829291176051
copula_mvr,f80_12,12,0.8,,14,0.75,"[21, 0, 23, 20, 27, 24, 16, 2, 17, 7, 10, 25, 22, 28]",14.0,1.120829291176051
copula_mvr,f80_13,13,0.8,,4,0.6,"[0, 23, 24, 21]",0.0,1.066418374888599
copula_mvr,f80_13,13,0.8,,8,0.7777777777777778,"[0, 23, 24, 21, 20, 27, 16, 17]",0.0,1.066418374888599
copula_mvr,f80_13,13,0.8,,10,0.8181818181818182,"[0, 23, 24, 21, 20, 27, 16, 17, 7, 2]",0.0,1.066418374888599
copula_mvr,f80_13,13,0.8,,12,0.8461538461538461,"[0, 23, 24, 21, 20, 27, 16, 17, 7, 2, 26, 28]",0.0,1.066418374888599
copula_mvr,f80_13,13,0.8,,14,0.6470588235294118,"[0, 23, 24, 21, 20, 27, 16, 17, 7, 2, 26, 28, 10, 15]",0.0,1.066418374888599
copula_mvr,f80_14,14,0.8,,4,0.6,"[0, 20, 23, 24]",12.0,1.1228027909528464
copula_mvr,f80_14,14,0.8,,8,0.7777777777777778,"[0, 20, 23, 24, 21, 27, 16, 17]",12.0,1.1228027909528464
copula_mvr,f80_14,14,0.8,,10,0.8181818181818182,"[0, 20, 23, 24, 21, 27, 16, 17, 2, 7]",12.0,1.1228027909528464
copula_mvr,f80_14,14,0.8,,12,0.8461538461538461,"[0, 20, 23, 24, 21, 27, 16, 17, 2, 7, 26, 25]",12.0,1.1228027909528464
copula_mvr,f80_14,14,0.8,,14,0.8666666666666667,"[0, 20, 23, 24, 21, 27, 16, 17, 2, 7, 26, 25, 10, 22]",12.0,1.1228027909528464
copula_mvr,f80_15,15,0.8,,4,0.6,"[0, 21, 24, 23]",13.0,1.1002429998479784
copula_mvr,f80_15,15,0.8,,8,0.7777777777777778,"[0, 21, 24, 23, 20, 27, 16, 17]",13.0,1.1002429998479784
copula_mvr,f80_15,15,0.8,,10,0.8181818181818182,"[0, 21, 24, 23, 20, 27, 16, 17, 2, 26]",13.0,1.1002429998479784
copula_mvr,f80_15,15,0.8,,12,0.8461538461538461,"[0, 21, 24, 23, 20, 27, 16, 17, 2, 26, 7, 25]",13.0,1.1002429998479784
copula_mvr,f80_15,15,0.8,,14,0.75,"[0, 21, 24, 23, 20, 27, 16, 17, 2, 26, 7, 25, 8, 9]",13.0,1.1002429998479784
copula_mvr,f80_16,16,0.8,,4,1.0,"[0, 23, 21, 20]",16.0,1.125245917122811
copula_mvr,f80_16,16,0.8,,8,0.7777777777777778,"[0, 23, 21, 20, 27, 16, 24, 25]",16.0,1.125245917122811
copula_mvr,f80_16,16,0.8,,10,0.8181818181818182,"[0, 23, 21, 20, 27, 16, 24, 25, 22, 2]",16.0,1.125245917122811
copula_mvr,f80_16,16,0.8,,12,0.7142857142857143,"[0, 23, 21, 20, 27, 16, 24, 25, 22, 2, 17, 8]",16.0,1.125245917122811
copula_mvr,f80_16,16,0.8,,14,0.75,"[0, 23, 21, 20, 27, 16, 24, 25, 22, 2, 17, 8, 28, 7]",16.0,1.125245917122811
copula_mvr,f80_17,17,0.8,,4,1.0,"[0, 20, 23, 21]",12.0,1.1271544580813497
copula_mvr,f80_17,17,0.8,,8,0.7777777777777778,"[0, 20, 23, 21, 24, 27, 16, 17]",12.0,1.1271544580813497
copula_mvr,f80_17,17,0.8,,10,0.8181818181818182,"[0, 20, 23, 21, 24, 27, 16, 17, 2, 25]",12.0,1.1271544580813497
copula_mvr,f80_17,17,0.8,,12,0.8461538461538461,"[0, 20, 23, 21, 24, 27, 16, 17, 2, 25, 26, 22]",12.0,1.1271544580813497
copula_mvr,f80_17,17,0.8,,14,0.8666666666666667,"[0, 20, 23, 21, 24, 27, 16, 17, 2, 25, 26, 22, 28, 7]",12.0,1.1271544580813497
copula_mvr,f80_18,18,0.8,,4,1.0,"[0, 21, 23, 20]",14.0,1.0970998331904411
copula_mvr,f80_18,18,0.8,,8,0.7777777777777778,"[0, 21, 23, 20, 27, 16, 26, 2]",14.0,1.0970998331904411
copula_mvr,f80_18,18,0.8,,10,0.8181818181818182,"[0, 21, 23, 20, 27, 16, 26, 2, 24, 17]",14.0,1.0970998331904411
copula_mvr,f80_18,18,0.8,,12,0.8461538461538461,"[0, 21, 23, 20, 27, 16, 26, 2, 24, 17, 25, 22]",14.0,1.0970998331904411
copula_mvr,f80_18,18,0.8,,14,0.8666666666666667,"[0, 21, 23, 20, 27, 16, 26, 2, 24, 17, 25, 22, 7, 11]",14.0,1.0970998331904411
copula_mvr,f80_19,19,0.8,,4,0.6,"[0, 23, 24, 20]",11.0,1.1917424169369042
copula_mvr,f80_19,19,0.8,,8,0.7777777777777778,"[0, 23, 24, 20, 21, 27, 16, 17]",11.0,1.1917424169369042
copula_mvr,f80_19,19,0.8,,10,0.6666666666666666,"[0, 23, 24, 20, 21, 27, 16, 17, 26, 7]",11.0,1.1917424169369042
copula_mvr,f80_19,19,0.8,,12,0.8461538461538461,"[0, 23, 24, 20, 21, 27, 16, 17, 26, 7, 2, 25]",11.0,1.1917424169369042
copula_mvr,f80_19,19,0.8,,14,0.75,"[0, 23, 24, 20, 21, 27, 16, 17, 26, 7, 2, 25, 10, 28]",11.0,1.1917424169369042
elastic_net,half_00_A,0,0.5,A,4,0.6,"[21, 0, 20, 25]",28.0,0.1648738330695778
elastic_net,half_00_A,0,0.5,A,8,1.0,"[21, 0, 20, 25, 23, 27, 2, 16]",28.0,0.1648738330695778
elastic_net,half_00_A,0,0.5,A,10,0.8181818181818182,"[21, 0, 20, 25, 23, 27, 2, 16, 1, 24]",28.0,0.1648738330695778
elastic_net,half_00_A,0,0.5,A,12,0.8461538461538461,"[21, 0, 20, 25, 23, 27, 2, 16, 1, 24, 26, 28]",28.0,0.1648738330695778
elastic_net,half_00_A,0,0.5,A,14,0.8666666666666667,"[21, 0, 20, 25, 23, 27, 2, 16, 1, 24, 26, 28, 15, 3]",28.0,0.1648738330695778
elastic_net,half_00_B,0,0.5,B,4,1.0,"[23, 21, 0, 25]",26.0,0.10273133288137615
elastic_net,half_00_B,0,0.5,B,8,0.6,"[23, 21, 0, 25, 16, 27, 7, 15]",26.0,0.10273133288137615
elastic_net,half_00_B,0,0.5,B,10,0.5384615384615384,"[23, 21, 0, 25, 16, 27, 7, 15, 26, 9]",26.0,0.10273133288137615
elastic_net,half_00_B,0,0.5,B,12,0.7142857142857143,"[23, 21, 0, 25, 16, 27, 7, 15, 26, 9, 2, 24]",26.0,0.10273133288137615
elastic_net,half_00_B,0,0.5,B,14,0.6470588235294118,"[23, 21, 0, 25, 16, 27, 7, 15, 26, 9, 2, 24, 12, 17]",26.0,0.10273133288137615
elastic_net,half_01_A,1,0.5,A,4,0.6,"[21, 0, 25, 20]",26.0,0.03259291686117649
elastic_net,half_01_A,1,0.5,A,8,0.6,"[21, 0, 25, 20, 27, 2, 15, 26]",26.0,0.03259291686117649
elastic_net,half_01_A,1,0.5,A,10,0.6666666666666666,"[21, 0, 25, 20, 27, 2, 15, 26, 28, 16]",26.0,0.03259291686117649
elastic_net,half_01_A,1,0.5,A,12,0.7142857142857143,"[21, 0, 25, 20, 27, 2, 15, 26, 28, 16, 1, 19]",26.0,0.03259291686117649
elastic_net,half_01_A,1,0.5,A,14,0.6470588235294118,"[21, 0, 25, 20, 27, 2, 15, 26, 28, 16, 1, 19, 4, 17]",26.0,0.03259291686117649
elastic_net,half_01_B,1,0.5,B,4,0.6,"[23, 0, 25, 20]",26.0,0.10887745907530189
elastic_net,half_01_B,1,0.5,B,8,0.7777777777777778,"[23, 0, 25, 20, 16, 27, 2, 24]",26.0,0.10887745907530189
elastic_net,half_01_B,1,0.5,B,10,0.8181818181818182,"[23, 0, 25, 20, 16, 27, 2, 24, 26, 9]",26.0,0.10887745907530189
elastic_net,half_01_B,1,0.5,B,12,0.6,"[23, 0, 25, 20, 16, 27, 2, 24, 26, 9, 8, 7]",26.0,0.10887745907530189
elastic_net,half_01_B,1,0.5,B,14,0.6470588235294118,"[23, 0, 25, 20, 16, 27, 2, 24, 26, 9, 8, 7, 15, 4]",26.0,0.10887745907530189
elastic_net,half_02_A,2,0.5,A,4,0.6,"[21, 0, 25, 27]",26.0,0.027840042021125555
elastic_net,half_02_A,2,0.5,A,8,0.7777777777777778,"[21, 0, 25, 27, 16, 20, 2, 15]",26.0,0.027840042021125555
elastic_net,half_02_A,2,0.5,A,10,0.6666666666666666,"[21, 0, 25, 27, 16, 20, 2, 15, 26, 9]",26.0,0.027840042021125555
elastic_net,half_02_A,2,0.5,A,12,0.7142857142857143,"[21, 0, 25, 27, 16, 20, 2, 15, 26, 9, 28, 24]",26.0,0.027840042021125555
elastic_net,half_02_A,2,0.5,A,14,0.6470588235294118,"[21, 0, 25, 27, 16, 20, 2, 15, 26, 9, 28, 24, 19, 17]",26.0,0.027840042021125555
elastic_net,half_02_B,2,0.5,B,4,0.6,"[23, 0, 25, 20]",26.0,0.05066045792773366
elastic_net,half_02_B,2,0.5,B,8,0.7777777777777778,"[23, 0, 25, 20, 2, 24, 27, 16]",26.0,0.05066045792773366
elastic_net,half_02_B,2,0.5,B,10,0.8181818181818182,"[23, 0, 25, 20, 2, 24, 27, 16, 1, 26]",26.0,0.05066045792773366
elastic_net,half_02_B,2,0.5,B,12,0.8461538461538461,"[23, 0, 25, 20, 2, 24, 27, 16, 1, 26, 15, 7]",26.0,0.05066045792773366
elastic_net,half_02_B,2,0.5,B,14,0.75,"[23, 0, 25, 20, 2, 24, 27, 16, 1, 26, 15, 7, 22, 11]",26.0,0.05066045792773366
elastic_net,half_03_A,3,0.5,A,4,0.6,"[23, 0, 20, 25]",26.0,0.09601662494242191
elastic_net,half_03_A,3,0.5,A,8,0.7777777777777778,"[23, 0, 20, 25, 27, 21, 24, 16]",26.0,0.09601662494242191
elastic_net,half_03_A,3,0.5,A,10,0.8181818181818182,"[23, 0, 20, 25, 27, 21, 24, 16, 2, 15]",26.0,0.09601662494242191
elastic_net,half_03_A,3,0.5,A,12,0.8461538461538461,"[23, 0, 20, 25, 27, 21, 24, 16, 2, 15, 28, 1]",26.0,0.09601662494242191
elastic_net,half_03_A,3,0.5,A,14,1.0,"[23, 0, 20, 25, 27, 21, 24, 16, 2, 15, 28, 1, 26, 7]",26.0,0.09601662494242191
elastic_net,half_03_B,3,0.5,B,4,1.0,"[21, 0, 25, 23]",28.0,0.2777729998342693
elastic_net,half_03_B,3,0.5,B,8,1.0,"[21, 0, 25, 23, 2, 16, 27, 20]",28.0,0.2777729998342693
elastic_net,half_03_B,3,0.5,B,10,0.8181818181818182,"[21, 0, 25, 23, 2, 16, 27, 20, 26, 15]",28.0,0.2777729998342693
elastic_net,half_03_B,3,0.5,B,12,0.7142857142857143,"[21, 0, 25, 23, 2, 16, 27, 20, 26, 15, 19, 3]",28.0,0.2777729998342693
elastic_net,half_03_B,3,0.5,B,14,0.6470588235294118,"[21, 0, 25, 23, 2, 16, 27, 20, 26, 15, 19, 3, 9, 7]",28.0,0.2777729998342693
elastic_net,half_04_A,4,0.5,A,4,0.6,"[21, 0, 20, 25]",25.0,0.2527557909488678
elastic_net,half_04_A,4,0.5,A,8,1.0,"[21, 0, 20, 25, 23, 27, 2, 16]",25.0,0.2527557909488678
elastic_net,half_04_A,4,0.5,A,10,0.8181818181818182,"[21, 0, 20, 25, 23, 27, 2, 16, 26, 19]",25.0,0.2527557909488678
elastic_net,half_04_A,4,0.5,A,12,0.7142857142857143,"[21, 0, 20, 25, 23, 27, 2, 16, 26, 19, 15, 28]",25.0,0.2527557909488678
elastic_net,half_04_A,4,0.5,A,14,0.75,"[21, 0, 20, 25, 23, 27, 2, 16, 26, 19, 15, 28, 7, 9]",25.0,0.2527557909488678
elastic_net,half_04_B,4,0.5,B,4,1.0,"[23, 0, 21, 25]",28.0,0.27132900012657046
elastic_net,half_04_B,4,0.5,B,8,0.7777777777777778,"[23, 0, 21, 25, 20, 24, 27, 16]",28.0,0.27132900012657046
elastic_net,half_04_B,4,0.5,B,10,0.8181818181818182,"[23, 0, 21, 25, 20, 24, 27, 16, 1, 2]",28.0,0.27132900012657046
elastic_net,half_04_B,4,0.5,B,12,1.0,"[23, 0, 21, 25, 20, 24, 27, 16, 1, 2, 15, 26]",28.0,0.27132900012657046
elastic_net,half_04_B,4,0.5,B,14,0.75,"[23, 0, 21, 25, 20, 24, 27, 16, 1, 2, 15, 26, 17, 22]",28.0,0.27132900012657046
elastic_net,half_05_A,5,0.5,A,4,0.6,"[23, 0, 25, 27]",28.0,0.2673279580194503
elastic_net,half_05_A,5,0.5,A,8,1.0,"[23, 0, 25, 27, 2, 20, 16, 21]",28.0,0.2673279580194503
elastic_net,half_05_A,5,0.5,A,10,0.6666666666666666,"[23, 0, 25, 27, 2, 20, 16, 21, 1, 15]",28.0,0.2673279580194503
elastic_net,half_05_A,5,0.5,A,12,1.0,"[23, 0, 25, 27, 2, 20, 16, 21, 1, 15, 26, 24]",28.0,0.2673279580194503
elastic_net,half_05_A,5,0.5,A,14,0.75,"[23, 0, 25, 27, 2, 20, 16, 21, 1, 15, 26, 24, 9, 17]",28.0,0.2673279580194503
elastic_net,half_05_B,5,0.5,B,4,0.6,"[21, 0, 20, 25]",27.0,0.028786374954506755
elastic_net,half_05_B,5,0.5,B,8,0.7777777777777778,"[21, 0, 20, 25, 27, 24, 16, 2]",27.0,0.028786374954506755
elastic_net,half_05_B,5,0.5,B,10,0.8181818181818182,"[21, 0, 20, 25, 27, 24, 16, 2, 26, 7]",27.0,0.028786374954506755
elastic_net,half_05_B,5,0.5,B,12,0.7142857142857143,"[21, 0, 20, 25, 27, 24, 16, 2, 26, 7, 15, 28]",27.0,0.028786374954506755
elastic_net,half_05_B,5,0.5,B,14,0.75,"[21, 0, 20, 25, 27, 24, 16, 2, 26, 7, 15, 28, 18, 19]",27.0,0.028786374954506755
elastic_net,half_06_A,6,0.5,A,4,0.6,"[23, 0, 25, 27]",28.0,0.18735041609033942
elastic_net,half_06_A,6,0.5,A,8,0.7777777777777778,"[23, 0, 25, 27, 2, 20, 16, 15]",28.0,0.18735041609033942
elastic_net,half_06_A,6,0.5,A,10,0.6666666666666666,"[23, 0, 25, 27, 2, 20, 16, 15, 21, 1]",28.0,0.18735041609033942
elastic_net,half_06_A,6,0.5,A,12,0.7142857142857143,"[23, 0, 25, 27, 2, 20, 16, 15, 21, 1, 6, 17]",28.0,0.18735041609033942
elastic_net,half_06_A,6,0.5,A,14,0.5555555555555556,"[23, 0, 25, 27, 2, 20, 16, 15, 21, 1, 6, 17, 11, 9]",28.0,0.18735041609033942
elastic_net,half_06_B,6,0.5,B,4,0.6,"[21, 0, 25, 20]",27.0,0.028112292056903243
elastic_net,half_06_B,6,0.5,B,8,0.6,"[21, 0, 25, 20, 24, 27, 26, 16]",27.0,0.028112292056903243
elastic_net,half_06_B,6,0.5,B,10,0.8181818181818182,"[21, 0, 25, 20, 24, 27, 26, 16, 2, 7]",27.0,0.028112292056903243
elastic_net,half_06_B,6,0.5,B,12,0.7142857142857143,"[21, 0, 25, 20, 24, 27, 26, 16, 2, 7, 19, 15]",27.0,0.028112292056903243
elastic_net,half_06_B,6,0.5,B,14,0.75,"[21, 0, 25, 20, 24, 27, 26, 16, 2, 7, 19, 15, 28, 9]",27.0,0.028112292056903243
elastic_net,half_07_A,7,0.5,A,4,0.6,"[21, 0, 20, 25]",28.0,0.036241292022168636
elastic_net,half_07_A,7,0.5,A,8,0.7777777777777778,"[21, 0, 20, 25, 27, 24, 16, 2]",28.0,0.036241292022168636
elastic_net,half_07_A,7,0.5,A,10,0.8181818181818182,"[21, 0, 20, 25, 27, 24, 16, 2, 9, 26]",28.0,0.036241292022168636
elastic_net,half_07_A,7,0.5,A,12,0.6,"[21, 0, 20, 25, 27, 24, 16, 2, 9, 26, 12, 5]",28.0,0.036241292022168636
elastic_net,half_07_A,7,0.5,A,14,0.6470588235294118,"[21, 0, 20, 25, 27, 24, 16, 2, 9, 26, 12, 5, 1, 15]",28.0,0.036241292022168636
elastic_net,half_07_B,7,0.5,B,4,0.6,"[23, 0, 25, 2]",27.0,0.04347795806825161
elastic_net,half_07_B,7,0.5,B,8,0.7777777777777778,"[23, 0, 25, 2, 27, 20, 15, 16]",27.0,0.04347795806825161
elastic_net,half_07_B,7,0.5,B,10,0.6666666666666666,"[23, 0, 25, 2, 27, 20, 15, 16, 3, 26]",27.0,0.04347795806825161
elastic_net,half_07_B,7,0.5,B,12,0.6,"[23, 0, 25, 2, 27, 20, 15, 16, 3, 26, 12, 28]",27.0,0.04347795806825161
elastic_net,half_07_B,7,0.5,B,14,0.6470588235294118,"[23, 0, 25, 2, 27, 20, 15, 16, 3, 26, 12, 28, 7, 11]",27.0,0.04347795806825161
elastic_net,half_08_A,8,0.5,A,4,0.6,"[21, 0, 20, 25]",28.0,0.1505017091985792
elastic_net,half_08_A,8,0.5,A,8,1.0,"[21, 0, 20, 25, 27, 23, 2, 16]",28.0,0.1505017091985792
elastic_net,half_08_A,8,0.5,A,10,0.6666666666666666,"[21, 0, 20, 25, 27, 23, 2, 16, 15, 10]",28.0,0.1505017091985792
elastic_net,half_08_A,8,0.5,A,12,0.7142857142857143,"[21, 0, 20, 25, 27, 23, 2, 16, 15, 10, 1, 28]",28.0,0.1505017091985792
elastic_net,half_08_A,8,0.5,A,14,0.8666666666666667,"[21, 0, 20, 25, 27, 23, 2, 16, 15, 10, 1, 28, 26, 7]",28.0,0.1505017091985792
elastic_net,half_08_B,8,0.5,B,4,1.0,"[23, 0, 25, 21]",28.0,0.20700083300471306
elastic_net,half_08_B,8,0.5,B,8,0.6,"[23, 0, 25, 21, 24, 16, 26, 20]",28.0,0.20700083300471306
elastic_net,half_08_B,8,0.5,B,10,1.0,"[23, 0, 25, 21, 24, 16, 26, 20, 2, 27]",28.0,0.20700083300471306
elastic_net,half_08_B,8,0.5,B,12,0.8461538461538461,"[23, 0, 25, 21, 24, 16, 26, 20, 2, 27, 15, 9]",28.0,0.20700083300471306
elastic_net,half_08_B,8,0.5,B,14,0.8666666666666667,"[23, 0, 25, 21, 24, 16, 26, 20, 2, 27, 15, 9, 7, 1]",28.0,0.20700083300471306
elastic_net,half_09_A,9,0.5,A,4,1.0,"[21, 0, 23, 25]",27.0,0.09278779197484255
elastic_net,half_09_A,9,0.5,A,8,0.6,"[21, 0, 23, 25, 20, 27, 24, 26]",27.0,0.09278779197484255
elastic_net,half_09_A,9,0.5,A,10,1.0,"[21, 0, 23, 25, 20, 27, 24, 26, 2, 16]",27.0,0.09278779197484255
elastic_net,half_09_A,9,0.5,A,12,0.8461538461538461,"[21, 0, 23, 25, 20, 27, 24, 26, 2, 16, 15, 7]",27.0,0.09278779197484255
elastic_net,half_09_A,9,0.5,A,14,0.75,"[21, 0, 23, 25, 20, 27, 24, 26, 2, 16, 15, 7, 19, 8]",27.0,0.09278779197484255
elastic_net,half_09_B,9,0.5,B,4,1.0,"[23, 0, 21, 25]",28.0,0.18783787498250604
elastic_net,half_09_B,9,0.5,B,8,1.0,"[23, 0, 21, 25, 20, 27, 2, 16]",28.0,0.18783787498250604
elastic_net,half_09_B,9,0.5,B,10,0.6666666666666666,"[23, 0, 21, 25, 20, 27, 2, 16, 1, 9]",28.0,0.18783787498250604
elastic_net,half_09_B,9,0.5,B,12,0.8461538461538461,"[23, 0, 21, 25, 20, 27, 2, 16, 1, 9, 24, 15]",28.0,0.18783787498250604
elastic_net,half_09_B,9,0.5,B,14,0.8666666666666667,"[23, 0, 21, 25, 20, 27, 2, 16, 1, 9, 24, 15, 26, 28]",28.0,0.18783787498250604
elastic_net,half_10_A,10,0.5,A,4,0.6,"[23, 0, 20, 21]",27.0,0.1134266247972846
elastic_net,half_10_A,10,0.5,A,8,0.7777777777777778,"[23, 0, 20, 21, 25, 16, 27, 15]",27.0,0.1134266247972846
elastic_net,half_10_A,10,0.5,A,10,0.8181818181818182,"[23, 0, 20, 21, 25, 16, 27, 15, 2, 26]",27.0,0.1134266247972846
elastic_net,half_10_A,10,0.5,A,12,0.7142857142857143,"[23, 0, 20, 21, 25, 16, 27, 15, 2, 26, 28, 19]",27.0,0.1134266247972846
elastic_net,half_10_A,10,0.5,A,14,0.6470588235294118,"[23, 0, 20, 21, 25, 16, 27, 15, 2, 26, 28, 19, 17, 8]",27.0,0.1134266247972846
elastic_net,half_10_B,10,0.5,B,4,1.0,"[21, 0, 23, 25]",27.0,0.09663975005969405
elastic_net,half_10_B,10,0.5,B,8,0.7777777777777778,"[21, 0, 23, 25, 27, 24, 2, 16]",27.0,0.09663975005969405
elastic_net,half_10_B,10,0.5,B,10,0.8181818181818182,"[21, 0, 23, 25, 27, 24, 2, 16, 1, 26]",27.0,0.09663975005969405
elastic_net,half_10_B,10,0.5,B,12,1.0,"[21, 0, 23, 25, 27, 24, 2, 16, 1, 26, 20, 15]",27.0,0.09663975005969405
elastic_net,half_10_B,10,0.5,B,14,0.8666666666666667,"[21, 0, 23, 25, 27, 24, 2, 16, 1, 26, 20, 15, 7, 3]",27.0,0.09663975005969405
elastic_net,half_11_A,11,0.5,A,4,0.6,"[21, 0, 27, 25]",28.0,0.1378363750409335
elastic_net,half_11_A,11,0.5,A,8,0.6,"[21, 0, 27, 25, 2, 16, 1, 15]",28.0,0.1378363750409335
elastic_net,half_11_A,11,0.5,A,10,0.5384615384615384,"[21, 0, 27, 25, 2, 16, 1, 15, 26, 17]",28.0,0.1378363750409335
elastic_net,half_11_A,11,0.5,A,12,0.6,"[21, 0, 27, 25, 2, 16, 1, 15, 26, 17, 5, 10]",28.0,0.1378363750409335
elastic_net,half_11_A,11,0.5,A,14,0.5555555555555556,"[21, 0, 27, 25, 2, 16, 1, 15, 26, 17, 5, 10, 20, 8]",28.0,0.1378363750409335
elastic_net,half_11_B,11,0.5,B,4,0.6,"[23, 0, 25, 20]",27.0,0.27614612504839897
elastic_net,half_11_B,11,0.5,B,8,0.6,"[23, 0, 25, 20, 24, 16, 26, 2]",27.0,0.27614612504839897
elastic_net,half_11_B,11,0.5,B,10,0.8181818181818182,"[23, 0, 25, 20, 24, 16, 26, 2, 27, 15]",27.0,0.27614612504839897
elastic_net,half_11_B,11,0.5,B,12,0.7142857142857143,"[23, 0, 25, 20, 24, 16, 26, 2, 27, 15, 9, 11]",27.0,0.27614612504839897
elastic_net,half_11_B,11,0.5,B,14,0.6470588235294118,"[23, 0, 25, 20, 24, 16, 26, 2, 27, 15, 9, 11, 10, 7]",27.0,0.27614612504839897
elastic_net,half_12_A,12,0.5,A,4,0.6,"[23, 0, 25, 16]",25.0,0.25488404207862914
elastic_net,half_12_A,12,0.5,A,8,0.7777777777777778,"[23, 0, 25, 16, 2, 20, 26, 27]",25.0,0.25488404207862914
elastic_net,half_12_A,12,0.5,A,10,0.8181818181818182,"[23, 0, 25, 16, 2, 20, 26, 27, 17, 24]",25.0,0.25488404207862914
elastic_net,half_12_A,12,0.5,A,12,0.7142857142857143,"[23, 0, 25, 16, 2, 20, 26, 27, 17, 24, 7, 15]",25.0,0.25488404207862914
elastic_net,half_12_A,12,0.5,A,14,0.6470588235294118,"[23, 0, 25, 16, 2, 20, 26, 27, 17, 24, 7, 15, 9, 13]",25.0,0.25488404207862914
elastic_net,half_12_B,12,0.5,B,4,0.6,"[21, 0, 25, 20]",27.0,0.03032008302398026
elastic_net,half_12_B,12,0.5,B,8,0.6,"[21, 0, 25, 20, 27, 2, 15, 24]",27.0,0.03032008302398026
elastic_net,half_12_B,12,0.5,B,10,0.6666666666666666,"[21, 0, 25, 20, 27, 2, 15, 24, 1, 16]",27.0,0.03032008302398026
elastic_net,half_12_B,12,0.5,B,12,0.7142857142857143,"[21, 0, 25, 20, 27, 2, 15, 24, 1, 16, 8, 11]",27.0,0.03032008302398026
elastic_net,half_12_B,12,0.5,B,14,0.6470588235294118,"[21, 0, 25, 20, 27, 2, 15, 24, 1, 16, 8, 11, 28, 6]",27.0,0.03032008302398026
elastic_net,half_13_A,13,0.5,A,4,0.6,"[21, 0, 25, 20]",28.0,0.13925354182720184
elastic_net,half_13_A,13,0.5,A,8,0.6,"[21, 0, 25, 20, 27, 26, 2, 24]",28.0,0.13925354182720184
elastic_net,half_13_A,13,0.5,A,10,1.0,"[21, 0, 25, 20, 27, 26, 2, 24, 16, 23]",28.0,0.13925354182720184
elastic_net,half_13_A,13,0.5,A,12,0.8461538461538461,"[21, 0, 25, 20, 27, 26, 2, 24, 16, 23, 15, 28]",28.0,0.13925354182720184
elastic_net,half_13_A,13,0.5,A,14,0.8666666666666667,"[21, 0, 25, 20, 27, 26, 2, 24, 16, 23, 15, 28, 7, 9]",28.0,0.13925354182720184
elastic_net,half_13_B,13,0.5,B,4,0.6,"[23, 0, 25, 27]",28.0,0.24367520795203745
elastic_net,half_13_B,13,0.5,B,8,1.0,"[23, 0, 25, 27, 20, 21, 2, 16]",28.0,0.24367520795203745
elastic_net,half_13_B,13,0.5,B,10,0.6666666666666666,"[23, 0, 25, 27, 20, 21, 2, 16, 8, 11]",28.0,0.24367520795203745
elastic_net,half_13_B,13,0.5,B,12,0.7142857142857143,"[23, 0, 25, 27, 20, 21, 2, 16, 8, 11, 15, 24]",28.0,0.24367520795203745
elastic_net,half_13_B,13,0.5,B,14,0.6470588235294118,"[23, 0, 25, 27, 20, 21, 2, 16, 8, 11, 15, 24, 3, 1]",28.0,0.24367520795203745
elastic_net,half_14_A,14,0.5,A,4,0.6,"[21, 0, 25, 2]",26.0,0.02876995806582272
elastic_net,half_14_A,14,0.5,A,8,0.6,"[21, 0, 25, 2, 16, 27, 24, 26]",26.0,0.02876995806582272
elastic_net,half_14_A,14,0.5,A,10,0.6666666666666666,"[21, 0, 25, 2, 16, 27, 24, 26, 1, 5]",26.0,0.02876995806582272
elastic_net,half_14_A,14,0.5,A,12,0.7142857142857143,"[21, 0, 25, 2, 16, 27, 24, 26, 1, 5, 15, 17]",26.0,0.02876995806582272
elastic_net,half_14_A,14,0.5,A,14,0.6470588235294118,"[21, 0, 25, 2, 16, 27, 24, 26, 1, 5, 15, 17, 7, 10]",26.0,0.02876995806582272
elastic_net,half_14_B,14,0.5,B,4,0.6,"[23, 0, 20, 25]",26.0,0.051908290944993496
elastic_net,half_14_B,14,0.5,B,8,0.7777777777777778,"[23, 0, 20, 25, 27, 16, 28, 2]",26.0,0.051908290944993496
elastic_net,half_14_B,14,0.5,B,10,0.5384615384615384,"[23, 0, 20, 25, 27, 16, 28, 2, 15, 9]",26.0,0.051908290944993496
elastic_net,half_14_B,14,0.5,B,12,0.6,"[23, 0, 20, 25, 27, 16, 28, 2, 15, 9, 7, 24]",26.0,0.051908290944993496
elastic_net,half_14_B,14,0.5,B,14,0.75,"[23, 0, 20, 25, 27, 16, 28, 2, 15, 9, 7, 24, 11, 26]",26.0,0.051908290944993496
elastic_net,half_15_A,15,0.5,A,4,0.6,"[23, 0, 25, 20]",25.0,0.27305924985557795
elastic_net,half_15_A,15,0.5,A,8,0.6,"[23, 0, 25, 20, 27, 16, 9, 1]",25.0,0.27305924985557795
elastic_net,half_15_A,15,0.5,A,10,0.6666666666666666,"[23, 0, 25, 20, 27, 16, 9, 1, 2, 26]",25.0,0.27305924985557795
elastic_net,half_15_A,15,0.5,A,12,0.7142857142857143,"[23, 0, 25, 20, 27, 16, 9, 1, 2, 26, 15, 12]",25.0,0.27305924985557795
elastic_net,half_15_A,15,0.5,A,14,0.6470588235294118,"[23, 0, 25, 20, 27, 16, 9, 1, 2, 26, 15, 12, 19, 24]",25.0,0.27305924985557795
elastic_net,half_15_B,15,0.5,B,4,0.6,"[21, 0, 25, 20]",25.0,0.030042583821341395
elastic_net,half_15_B,15,0.5,B,8,0.7777777777777778,"[21, 0, 25, 20, 2, 27, 16, 24]",25.0,0.030042583821341395
elastic_net,half_15_B,15,0.5,B,10,0.8181818181818182,"[21, 0, 25, 20, 2, 27, 16, 24, 26, 15]",25.0,0.030042583821341395
elastic_net,half_15_B,15,0.5,B,12,0.7142857142857143,"[21, 0, 25, 20, 2, 27, 16, 24, 26, 15, 28, 7]",25.0,0.030042583821341395
elastic_net,half_15_B,15,0.5,B,14,0.75,"[21, 0, 25, 20, 2, 27, 16, 24, 26, 15, 28, 7, 3, 8]",25.0,0.030042583821341395
elastic_net,half_16_A,16,0.5,A,4,0.6,"[21, 0, 20, 25]",25.0,0.03217374999076128
elastic_net,half_16_A,16,0.5,A,8,0.7777777777777778,"[21, 0, 20, 25, 27, 2, 16, 26]",25.0,0.03217374999076128
elastic_net,half_16_A,16,0.5,A,10,0.6666666666666666,"[21, 0, 20, 25, 27, 2, 16, 26, 15, 1]",25.0,0.03217374999076128
elastic_net,half_16_A,16,0.5,A,12,0.7142857142857143,"[21, 0, 20, 25, 27, 2, 16, 26, 15, 1, 5, 7]",25.0,0.03217374999076128
elastic_net,half_16_A,16,0.5,A,14,0.6470588235294118,"[21, 0, 20, 25, 27, 2, 16, 26, 15, 1, 5, 7, 19, 13]",25.0,0.03217374999076128
elastic_net,half_16_B,16,0.5,B,4,0.6,"[23, 0, 25, 24]",27.0,0.06070429086685181
elastic_net,half_16_B,16,0.5,B,8,0.7777777777777778,"[23, 0, 25, 24, 20, 27, 2, 16]",27.0,0.06070429086685181
elastic_net,half_16_B,16,0.5,B,10,0.6666666666666666,"[23, 0, 25, 24, 20, 27, 2, 16, 15, 9]",27.0,0.06070429086685181
elastic_net,half_16_B,16,0.5,B,12,0.7142857142857143,"[23, 0, 25, 24, 20, 27, 2, 16, 15, 9, 28, 26]",27.0,0.06070429086685181
elastic_net,half_16_B,16,0.5,B,14,0.75,"[23, 0, 25, 24, 20, 27, 2, 16, 15, 9, 28, 26, 22, 7]",27.0,0.06070429086685181
elastic_net,half_17_A,17,0.5,A,4,0.6,"[21, 0, 25, 20]",28.0,0.030557958874851465
elastic_net,half_17_A,17,0.5,A,8,0.6,"[21, 0, 25, 20, 2, 24, 26, 27]",28.0,0.030557958874851465
elastic_net,half_17_A,17,0.5,A,10,0.8181818181818182,"[21, 0, 25, 20, 2, 24, 26, 27, 16, 1]",28.0,0.030557958874851465
elastic_net,half_17_A,17,0.5,A,12,0.8461538461538461,"[21, 0, 25, 20, 2, 24, 26, 27, 16, 1, 15, 11]",28.0,0.030557958874851465
elastic_net,half_17_A,17,0.5,A,14,0.75,"[21, 0, 25, 20, 2, 24, 26, 27, 16, 1, 15, 11, 19, 28]",28.0,0.030557958874851465
elastic_net,half_17_B,17,0.5,B,4,0.6,"[23, 0, 25, 20]",24.0,0.09229616704396904
elastic_net,half_17_B,17,0.5,B,8,0.7777777777777778,"[23, 0, 25, 20, 27, 16, 15, 2]",24.0,0.09229616704396904
elastic_net,half_17_B,17,0.5,B,10,0.5384615384615384,"[23, 0, 25, 20, 27, 16, 15, 2, 7, 9]",24.0,0.09229616704396904
elastic_net,half_17_B,17,0.5,B,12,0.5,"[23, 0, 25, 20, 27, 16, 15, 2, 7, 9, 17, 28]",24.0,0.09229616704396904
elastic_net,half_17_B,17,0.5,B,14,0.5555555555555556,"[23, 0, 25, 20, 27, 16, 15, 2, 7, 9, 17, 28, 18, 4]",24.0,0.09229616704396904
elastic_net,half_18_A,18,0.5,A,4,0.6,"[21, 0, 25, 20]",26.0,0.028980083065107465
elastic_net,half_18_A,18,0.5,A,8,0.7777777777777778,"[21, 0, 25, 20, 16, 24, 2, 27]",26.0,0.028980083065107465
elastic_net,half_18_A,18,0.5,A,10,0.8181818181818182,"[21, 0, 25, 20, 16, 24, 2, 27, 15, 26]",26.0,0.028980083065107465
elastic_net,half_18_A,18,0.5,A,12,0.7142857142857143,"[21, 0, 25, 20, 16, 24, 2, 27, 15, 26, 3, 28]",26.0,0.028980083065107465
elastic_net,half_18_A,18,0.5,A,14,0.6470588235294118,"[21, 0, 25, 20, 16, 24, 2, 27, 15, 26, 3, 28, 9, 19]",26.0,0.028980083065107465
elastic_net,half_18_B,18,0.5,B,4,0.6,"[23, 0, 27, 25]",27.0,0.061703291023150086
elastic_net,half_18_B,18,0.5,B,8,0.6,"[23, 0, 27, 25, 20, 2, 26, 1]",27.0,0.061703291023150086
elastic_net,half_18_B,18,0.5,B,10,0.6666666666666666,"[23, 0, 27, 25, 20, 2, 26, 1, 16, 15]",27.0,0.061703291023150086
elastic_net,half_18_B,18,0.5,B,12,0.7142857142857143,"[23, 0, 27, 25, 20, 2, 26, 1, 16, 15, 7, 22]",27.0,0.061703291023150086
elastic_net,half_18_B,18,0.5,B,14,0.8666666666666667,"[23, 0, 27, 25, 20, 2, 26, 1, 16, 15, 7, 22, 24, 28]",27.0,0.061703291023150086
elastic_net,half_19_A,19,0.5,A,4,0.6,"[21, 0, 25, 24]",28.0,0.28211220796220005
elastic_net,half_19_A,19,0.5,A,8,0.6,"[21, 0, 25, 24, 20, 27, 26, 2]",28.0,0.28211220796220005
elastic_net,half_19_A,19,0.5,A,10,0.8181818181818182,"[21, 0, 25, 24, 20, 27, 26, 2, 16, 9]",28.0,0.28211220796220005
elastic_net,half_19_A,19,0.5,A,12,0.7142857142857143,"[21, 0, 25, 24, 20, 27, 26, 2, 16, 9, 3, 15]",28.0,0.28211220796220005
elastic_net,half_19_A,19,0.5,A,14,0.75,"[21, 0, 25, 24, 20, 27, 26, 2, 16, 9, 3, 15, 1, 28]",28.0,0.28211220796220005
elastic_net,half_19_B,19,0.5,B,4,0.6,"[23, 0, 20, 25]",24.0,0.2020076250191778
elastic_net,half_19_B,19,0.5,B,8,0.7777777777777778,"[23, 0, 20, 25, 27, 2, 16, 15]",24.0,0.2020076250191778
elastic_net,half_19_B,19,0.5,B,10,0.6666666666666666,"[23, 0, 20, 25, 27, 2, 16, 15, 21, 7]",24.0,0.2020076250191778
elastic_net,half_19_B,19,0.5,B,12,0.6,"[23, 0, 20, 25, 27, 2, 16, 15, 21, 7, 5, 19]",24.0,0.2020076250191778
elastic_net,half_19_B,19,0.5,B,14,0.75,"[23, 0, 20, 25, 27, 2, 16, 15, 21, 7, 5, 19, 1, 26]",24.0,0.2020076250191778
elastic_net,half_20_A,20,0.5,A,4,0.6,"[23, 0, 20, 25]",24.0,0.08894991595298052
elastic_net,half_20_A,20,0.5,A,8,0.7777777777777778,"[23, 0, 20, 25, 27, 16, 24, 2]",24.0,0.08894991595298052
elastic_net,half_20_A,20,0.5,A,10,0.8181818181818182,"[23, 0, 20, 25, 27, 16, 24, 2, 15, 26]",24.0,0.08894991595298052
elastic_net,half_20_A,20,0.5,A,12,0.7142857142857143,"[23, 0, 20, 25, 27, 16, 24, 2, 15, 26, 3, 7]",24.0,0.08894991595298052
elastic_net,half_20_A,20,0.5,A,14,0.6470588235294118,"[23, 0, 20, 25, 27, 16, 24, 2, 15, 26, 3, 7, 22, 17]",24.0,0.08894991595298052
elastic_net,half_20_B,20,0.5,B,4,0.6,"[21, 0, 25, 2]",27.0,0.29027529200538993
elastic_net,half_20_B,20,0.5,B,8,0.45454545454545453,"[21, 0, 25, 2, 27, 1, 26, 15]",27.0,0.29027529200538993
elastic_net,half_20_B,20,0.5,B,10,0.5384615384615384,"[21, 0, 25, 2, 27, 1, 26, 15, 9, 16]",27.0,0.29027529200538993
elastic_net,half_20_B,20,0.5,B,12,0.6,"[21, 0, 25, 2, 27, 1, 26, 15, 9, 16, 12, 28]",27.0,0.29027529200538993
elastic_net,half_20_B,20,0.5,B,14,0.6470588235294118,"[21, 0, 25, 2, 27, 1, 26, 15, 9, 16, 12, 28, 23, 18]",27.0,0.29027529200538993
elastic_net,half_21_A,21,0.5,A,4,0.6,"[23, 0, 21, 20]",27.0,0.21053220820613205
elastic_net,half_21_A,21,0.5,A,8,0.7777777777777778,"[23, 0, 21, 20, 25, 27, 24, 2]",27.0,0.21053220820613205
elastic_net,half_21_A,21,0.5,A,10,0.8181818181818182,"[23, 0, 21, 20, 25, 27, 24, 2, 16, 15]",27.0,0.21053220820613205
elastic_net,half_21_A,21,0.5,A,12,0.7142857142857143,"[23, 0, 21, 20, 25, 27, 24, 2, 16, 15, 17, 28]",27.0,0.21053220820613205
elastic_net,half_21_A,21,0.5,A,14,0.75,"[23, 0, 21, 20, 25, 27, 24, 2, 16, 15, 17, 28, 7, 6]",27.0,0.21053220820613205
elastic_net,half_21_B,21,0.5,B,4,1.0,"[21, 23, 0, 25]",28.0,0.20566674997098744
elastic_net,half_21_B,21,0.5,B,8,0.7777777777777778,"[21, 23, 0, 25, 16, 27, 2, 26]",28.0,0.20566674997098744
elastic_net,half_21_B,21,0.5,B,10,0.6666666666666666,"[21, 23, 0, 25, 16, 27, 2, 26, 9, 12]",28.0,0.20566674997098744
elastic_net,half_21_B,21,0.5,B,12,0.7142857142857143,"[21, 23, 0, 25, 16, 27, 2, 26, 9, 12, 15, 1]",28.0,0.20566674997098744
elastic_net,half_21_B,21,0.5,B,14,0.5555555555555556,"[21, 23, 0, 25, 16, 27, 2, 26, 9, 12, 15, 1, 3, 19]",28.0,0.20566674997098744
elastic_net,half_22_A,22,0.5,A,4,0.6,"[21, 0, 25, 20]",27.0,0.02865145797841251
elastic_net,half_22_A,22,0.5,A,8,0.7777777777777778,"[21, 0, 25, 20, 2, 16, 27, 15]",27.0,0.02865145797841251
elastic_net,half_22_A,22,0.5,A,10,0.6666666666666666,"[21, 0, 25, 20, 2, 16, 27, 15, 26, 7]",27.0,0.02865145797841251
elastic_net,half_22_A,22,0.5,A,12,0.6,"[21, 0, 25, 20, 2, 16, 27, 15, 26, 7, 5, 6]",27.0,0.02865145797841251
elastic_net,half_22_A,22,0.5,A,14,0.5555555555555556,"[21, 0, 25, 20, 2, 16, 27, 15, 26, 7, 5, 6, 3, 19]",27.0,0.02865145797841251
elastic_net,half_22_B,22,0.5,B,4,0.6,"[23, 0, 25, 27]",28.0,0.19072691700421274
elastic_net,half_22_B,22,0.5,B,8,0.7777777777777778,"[23, 0, 25, 27, 24, 20, 16, 2]",28.0,0.19072691700421274
elastic_net,half_22_B,22,0.5,B,10,0.8181818181818182,"[23, 0, 25, 27, 24, 20, 16, 2, 26, 15]",28.0,0.19072691700421274
elastic_net,half_22_B,22,0.5,B,12,0.8461538461538461,"[23, 0, 25, 27, 24, 20, 16, 2, 26, 15, 1, 28]",28.0,0.19072691700421274
elastic_net,half_22_B,22,0.5,B,14,0.75,"[23, 0, 25, 27, 24, 20, 16, 2, 26, 15, 1, 28, 9, 10]",28.0,0.19072691700421274
elastic_net,half_23_A,23,0.5,A,4,0.6,"[23, 0, 25, 27]",26.0,0.05359645886346698
elastic_net,half_23_A,23,0.5,A,8,0.7777777777777778,"[23, 0, 25, 27, 20, 16, 2, 15]",26.0,0.05359645886346698
elastic_net,half_23_A,23,0.5,A,10,0.5384615384615384,"[23, 0, 25, 27, 20, 16, 2, 15, 8, 12]",26.0,0.05359645886346698
elastic_net,half_23_A,23,0.5,A,12,0.6,"[23, 0, 25, 27, 20, 16, 2, 15, 8, 12, 17, 24]",26.0,0.05359645886346698
elastic_net,half_23_A,23,0.5,A,14,0.47368421052631576,"[23, 0, 25, 27, 20, 16, 2, 15, 8, 12, 17, 24, 19, 5]",26.0,0.05359645886346698
elastic_net,half_23_B,23,0.5,B,4,0.6,"[21, 0, 25, 20]",25.0,0.030402292031794786
elastic_net,half_23_B,23,0.5,B,8,0.6,"[21, 0, 25, 20, 2, 24, 26, 16]",25.0,0.030402292031794786
elastic_net,half_23_B,23,0.5,B,10,0.8181818181818182,"[21, 0, 25, 20, 2, 24, 26, 16, 27, 9]",25.0,0.030402292031794786
elastic_net,half_23_B,23,0.5,B,12,0.7142857142857143,"[21, 0, 25, 20, 2, 24, 26, 16, 27, 9, 12, 1]",25.0,0.030402292031794786
elastic_net,half_23_B,23,0.5,B,14,0.6470588235294118,"[21, 0, 25, 20, 2, 24, 26, 16, 27, 9, 12, 1, 15, 22]",25.0,0.030402292031794786
elastic_net,half_24_A,24,0.5,A,4,0.6,"[23, 0, 25, 2]",27.0,0.04126358404755592
elastic_net,half_24_A,24,0.5,A,8,0.6,"[23, 0, 25, 2, 27, 24, 1, 16]",27.0,0.04126358404755592
elastic_net,half_24_A,24,0.5,A,10,0.8181818181818182,"[23, 0, 25, 2, 27, 24, 1, 16, 26, 20]",27.0,0.04126358404755592
elastic_net,half_24_A,24,0.5,A,12,0.8461538461538461,"[23, 0, 25, 2, 27, 24, 1, 16, 26, 20, 15, 17]",27.0,0.04126358404755592
elastic_net,half_24_A,24,0.5,A,14,0.6470588235294118,"[23, 0, 25, 2, 27, 24, 1, 16, 26, 20, 15, 17, 19, 3]",27.0,0.04126358404755592
elastic_net,half_24_B,24,0.5,B,4,0.6,"[21, 0, 20, 25]",26.0,0.029164500068873167
elastic_net,half_24_B,24,0.5,B,8,0.6,"[21, 0, 20, 25, 27, 16, 12, 28]",26.0,0.029164500068873167
elastic_net,half_24_B,24,0.5,B,10,0.5384615384615384,"[21, 0, 20, 25, 27, 16, 12, 28, 15, 26]",26.0,0.029164500068873167
elastic_net,half_24_B,24,0.5,B,12,0.6,"[21, 0, 20, 25, 27, 16, 12, 28, 15, 26, 13, 2]",26.0,0.029164500068873167
elastic_net,half_24_B,24,0.5,B,14,0.6470588235294118,"[21, 0, 20, 25, 27, 16, 12, 28, 15, 26, 13, 2, 7, 9]",26.0,0.029164500068873167
elastic_net,half_25_A,25,0.5,A,4,0.6,"[21, 0, 25, 27]",26.0,0.03185883420519531
elastic_net,half_25_A,25,0.5,A,8,0.7777777777777778,"[21, 0, 25, 27, 16, 2, 26, 20]",26.0,0.03185883420519531
elastic_net,half_25_A,25,0.5,A,10,0.6666666666666666,"[21, 0, 25, 27, 16, 2, 26, 20, 15, 1]",26.0,0.03185883420519531
elastic_net,half_25_A,25,0.5,A,12,0.7142857142857143,"[21, 0, 25, 27, 16, 2, 26, 20, 15, 1, 9, 7]",26.0,0.03185883420519531
elastic_net,half_25_A,25,0.5,A,14,0.6470588235294118,"[21, 0, 25, 27, 16, 2, 26, 20, 15, 1, 9, 7, 17, 6]",26.0,0.03185883420519531
elastic_net,half_25_B,25,0.5,B,4,0.6,"[23, 0, 20, 25]",28.0,0.12162658292800188
elastic_net,half_25_B,25,0.5,B,8,0.7777777777777778,"[23, 0, 20, 25, 24, 27, 2, 16]",28.0,0.12162658292800188
elastic_net,half_25_B,25,0.5,B,10,0.8181818181818182,"[23, 0, 20, 25, 24, 27, 2, 16, 15, 26]",28.0,0.12162658292800188
elastic_net,half_25_B,25,0.5,B,12,0.8461538461538461,"[23, 0, 20, 25, 24, 27, 2, 16, 15, 26, 21, 28]",28.0,0.12162658292800188
elastic_net,half_25_B,25,0.5,B,14,0.8666666666666667,"[23, 0, 20, 25, 24, 27, 2, 16, 15, 26, 21, 28, 5, 7]",28.0,0.12162658292800188
elastic_net,half_26_A,26,0.5,A,4,1.0,"[21, 23, 0, 25]",25.0,0.21448904206044972
elastic_net,half_26_A,26,0.5,A,8,0.7777777777777778,"[21, 23, 0, 25, 2, 27, 16, 15]",25.0,0.21448904206044972
elastic_net,half_26_A,26,0.5,A,10,0.5384615384615384,"[21, 23, 0, 25, 2, 27, 16, 15, 5, 9]",25.0,0.21448904206044972
elastic_net,half_26_A,26,0.5,A,12,0.6,"[21, 23, 0, 25, 2, 27, 16, 15, 5, 9, 11, 20]",25.0,0.21448904206044972
elastic_net,half_26_A,26,0.5,A,14,0.5555555555555556,"[21, 23, 0, 25, 2, 27, 16, 15, 5, 9, 11, 20, 22, 7]",25.0,0.21448904206044972
elastic_net,half_26_B,26,0.5,B,4,0.6,"[0, 21, 23, 20]",27.0,0.15945774991996586
elastic_net,half_26_B,26,0.5,B,8,0.6,"[0, 21, 23, 20, 25, 24, 26, 27]",27.0,0.15945774991996586
elastic_net,half_26_B,26,0.5,B,10,0.8181818181818182,"[0, 21, 23, 20, 25, 24, 26, 27, 16, 19]",27.0,0.15945774991996586
elastic_net,half_26_B,26,0.5,B,12,0.7142857142857143,"[0, 21, 23, 20, 25, 24, 26, 27, 16, 19, 15, 17]",27.0,0.15945774991996586
elastic_net,half_26_B,26,0.5,B,14,0.6470588235294118,"[0, 21, 23, 20, 25, 24, 26, 27, 16, 19, 15, 17, 3, 2]",27.0,0.15945774991996586
elastic_net,half_27_A,27,0.5,A,4,0.6,"[23, 0, 25, 20]",26.0,0.08176883310079575
elastic_net,half_27_A,27,0.5,A,8,0.7777777777777778,"[23, 0, 25, 20, 24, 16, 27, 2]",26.0,0.08176883310079575
elastic_net,half_27_A,27,0.5,A,10,0.8181818181818182,"[23, 0, 25, 20, 24, 16, 27, 2, 26, 15]",26.0,0.08176883310079575
elastic_net,half_27_A,27,0.5,A,12,0.7142857142857143,"[23, 0, 25, 20, 24, 16, 27, 2, 26, 15, 28, 3]",26.0,0.08176883310079575
elastic_net,half_27_A,27,0.5,A,14,0.6470588235294118,"[23, 0, 25, 20, 24, 16, 27, 2, 26, 15, 28, 3, 17, 13]",26.0,0.08176883310079575
elastic_net,half_27_B,27,0.5,B,4,0.6,"[21, 0, 25, 20]",25.0,0.02122245798818767
elastic_net,half_27_B,27,0.5,B,8,0.7777777777777778,"[21, 0, 25, 20, 27, 2, 16, 7]",25.0,0.02122245798818767
elastic_net,half_27_B,27,0.5,B,10,0.5384615384615384,"[21, 0, 25, 20, 27, 2, 16, 7, 15, 1]",25.0,0.02122245798818767
elastic_net,half_27_B,27,0.5,B,12,0.6,"[21, 0, 25, 20, 27, 2, 16, 7, 15, 1, 12, 9]",25.0,0.02122245798818767
elastic_net,half_27_B,27,0.5,B,14,0.5555555555555556,"[21, 0, 25, 20, 27, 2, 16, 7, 15, 1, 12, 9, 22, 5]",25.0,0.02122245798818767
elastic_net,half_28_A,28,0.5,A,4,0.6,"[21, 20, 0, 25]",26.0,0.012674750061705709
elastic_net,half_28_A,28,0.5,A,8,0.7777777777777778,"[21, 20, 0, 25, 27, 2, 16, 24]",26.0,0.012674750061705709
elastic_net,half_28_A,28,0.5,A,10,0.8181818181818182,"[21, 20, 0, 25, 27, 2, 16, 24, 15, 26]",26.0,0.012674750061705709
elastic_net,half_28_A,28,0.5,A,12,0.7142857142857143,"[21, 20, 0, 25, 27, 2, 16, 24, 15, 26, 28, 7]",26.0,0.012674750061705709
elastic_net,half_28_A,28,0.5,A,14,0.75,"[21, 20, 0, 25, 27, 2, 16, 24, 15, 26, 28, 7, 3, 17]",26.0,0.012674750061705709
elastic_net,half_28_B,28,0.5,B,4,0.6,"[23, 0, 25, 27]",27.0,0.16709612496197224
elastic_net,half_28_B,28,0.5,B,8,0.6,"[23, 0, 25, 27, 2, 16, 26, 15]",27.0,0.16709612496197224
elastic_net,half_28_B,28,0.5,B,10,0.5384615384615384,"[23, 0, 25, 27, 2, 16, 26, 15, 22, 9]",27.0,0.16709612496197224
elastic_net,half_28_B,28,0.5,B,12,0.6,"[23, 0, 25, 27, 2, 16, 26, 15, 22, 9, 1, 19]",27.0,0.16709612496197224
elastic_net,half_28_B,28,0.5,B,14,0.5555555555555556,"[23, 0, 25, 27, 2, 16, 26, 15, 22, 9, 1, 19, 24, 13]",27.0,0.16709612496197224
elastic_net,half_29_A,29,0.5,A,4,0.6,"[21, 0, 25, 27]",25.0,0.03597708302550018
elastic_net,half_29_A,29,0.5,A,8,0.7777777777777778,"[21, 0, 25, 27, 2, 20, 16, 1]",25.0,0.03597708302550018
elastic_net,half_29_A,29,0.5,A,10,0.6666666666666666,"[21, 0, 25, 27, 2, 20, 16, 1, 26, 8]",25.0,0.03597708302550018
elastic_net,half_29_A,29,0.5,A,12,0.7142857142857143,"[21, 0, 25, 27, 2, 20, 16, 1, 26, 8, 9, 15]",25.0,0.03597708302550018
elastic_net,half_29_A,29,0.5,A,14,0.6470588235294118,"[21, 0, 25, 27, 2, 20, 16, 1, 26, 8, 9, 15, 28, 18]",25.0,0.03597708302550018
elastic_net,half_29_B,29,0.5,B,4,0.6,"[23, 0, 25, 20]",25.0,0.07137620798312128
elastic_net,half_29_B,29,0.5,B,8,0.6,"[23, 0, 25, 20, 24, 16, 27, 15]",25.0,0.07137620798312128
elastic_net,half_29_B,29,0.5,B,10,0.6666666666666666,"[23, 0, 25, 20, 24, 16, 27, 15, 7, 26]",25.0,0.07137620798312128
elastic_net,half_29_B,29,0.5,B,12,0.7142857142857143,"[23, 0, 25, 20, 24, 16, 27, 15, 7, 26, 2, 19]",25.0,0.07137620798312128
elastic_net,half_29_B,29,0.5,B,14,0.6470588235294118,"[23, 0, 25, 20, 24, 16, 27, 15, 7, 26, 2, 19, 17, 22]",25.0,0.07137620798312128
elastic_net,f70_00,0,0.7,,4,0.6,"[23, 0, 25, 20]",27.0,0.09665562491863966
elastic_net,f70_00,0,0.7,,8,0.7777777777777778,"[23, 0, 25, 20, 27, 2, 16, 24]",27.0,0.09665562491863966
elastic_net,f70_00,0,0.7,,10,0.8181818181818182,"[23, 0, 25, 20, 27, 2, 16, 24, 26, 15]",27.0,0.09665562491863966
elastic_net,f70_00,0,0.7,,12,0.8461538461538461,"[23, 0, 25, 20, 27, 2, 16, 24, 26, 15, 1, 19]",27.0,0.09665562491863966
elastic_net,f70_00,0,0.7,,14,0.8666666666666667,"[23, 0, 25, 20, 27, 2, 16, 24, 26, 15, 1, 19, 7, 28]",27.0,0.09665562491863966
elastic_net,f70_01,1,0.7,,4,1.0,"[21, 0, 23, 25]",28.0,0.35898175020702183
elastic_net,f70_01,1,0.7,,8,0.7777777777777778,"[21, 0, 23, 25, 24, 20, 27, 2]",28.0,0.35898175020702183
elastic_net,f70_01,1,0.7,,10,0.8181818181818182,"[21, 0, 23, 25, 24, 20, 27, 2, 16, 15]",28.0,0.35898175020702183
elastic_net,f70_01,1,0.7,,12,0.7142857142857143,"[21, 0, 23, 25, 24, 20, 27, 2, 16, 15, 12, 9]",28.0,0.35898175020702183
elastic_net,f70_01,1,0.7,,14,0.75,"[21, 0, 23, 25, 24, 20, 27, 2, 16, 15, 12, 9, 26, 1]",28.0,0.35898175020702183
elastic_net,f70_02,2,0.7,,4,1.0,"[23, 0, 21, 25]",27.0,0.1387382079847157
elastic_net,f70_02,2,0.7,,8,0.7777777777777778,"[23, 0, 21, 25, 27, 20, 24, 2]",27.0,0.1387382079847157
elastic_net,f70_02,2,0.7,,10,0.8181818181818182,"[23, 0, 21, 25, 27, 20, 24, 2, 16, 1]",27.0,0.1387382079847157
elastic_net,f70_02,2,0.7,,12,0.8461538461538461,"[23, 0, 21, 25, 27, 20, 24, 2, 16, 1, 15, 7]",27.0,0.1387382079847157
elastic_net,f70_02,2,0.7,,14,0.8666666666666667,"[23, 0, 21, 25, 27, 20, 24, 2, 16, 1, 15, 7, 9, 28]",27.0,0.1387382079847157
elastic_net,f70_03,3,0.7,,4,1.0,"[23, 0, 25, 21]",26.0,0.1302980831824243
elastic_net,f70_03,3,0.7,,8,0.7777777777777778,"[23, 0, 25, 21, 20, 27, 24, 2]",26.0,0.1302980831824243
elastic_net,f70_03,3,0.7,,10,0.8181818181818182,"[23, 0, 25, 21, 20, 27, 24, 2, 16, 1]",26.0,0.1302980831824243
elastic_net,f70_03,3,0.7,,12,1.0,"[23, 0, 25, 21, 20, 27, 24, 2, 16, 1, 26, 15]",26.0,0.1302980831824243
elastic_net,f70_03,3,0.7,,14,1.0,"[23, 0, 25, 21, 20, 27, 24, 2, 16, 1, 26, 15, 7, 28]",26.0,0.1302980831824243
elastic_net,f70_04,4,0.7,,4,1.0,"[21, 0, 25, 23]",25.0,0.17205133405514061
elastic_net,f70_04,4,0.7,,8,1.0,"[21, 0, 25, 23, 20, 27, 2, 16]",25.0,0.17205133405514061
elastic_net,f70_04,4,0.7,,10,0.8181818181818182,"[21, 0, 25, 23, 20, 27, 2, 16, 15, 26]",25.0,0.17205133405514061
elastic_net,f70_04,4,0.7,,12,0.8461538461538461,"[21, 0, 25, 23, 20, 27, 2, 16, 15, 26, 28, 1]",25.0,0.17205133405514061
elastic_net,f70_04,4,0.7,,14,1.0,"[21, 0, 25, 23, 20, 27, 2, 16, 15, 26, 28, 1, 7, 24]",25.0,0.17205133405514061
elastic_net,f70_05,5,0.7,,4,0.6,"[21, 0, 25, 20]",26.0,0.12428779085166752
elastic_net,f70_05,5,0.7,,8,0.7777777777777778,"[21, 0, 25, 20, 27, 24, 23, 2]",26.0,0.12428779085166752
elastic_net,f70_05,5,0.7,,10,1.0,"[21, 0, 25, 20, 27, 24, 23, 2, 16, 26]",26.0,0.12428779085166752
elastic_net,f70_05,5,0.7,,12,0.8461538461538461,"[21, 0, 25, 20, 27, 24, 23, 2, 16, 26, 15, 28]",26.0,0.12428779085166752
elastic_net,f70_05,5,0.7,,14,0.8666666666666667,"[21, 0, 25, 20, 27, 24, 23, 2, 16, 26, 15, 28, 7, 3]",26.0,0.12428779085166752
elastic_net,f70_06,6,0.7,,4,1.0,"[0, 21, 23, 25]",27.0,0.23223766684532166
elastic_net,f70_06,6,0.7,,8,1.0,"[0, 21, 23, 25, 20, 27, 16, 2]",27.0,0.23223766684532166
elastic_net,f70_06,6,0.7,,10,0.8181818181818182,"[0, 21, 23, 25, 20, 27, 16, 2, 15, 26]",27.0,0.23223766684532166
elastic_net,f70_06,6,0.7,,12,0.8461538461538461,"[0, 21, 23, 25, 20, 27, 16, 2, 15, 26, 1, 17]",27.0,0.23223766684532166
elastic_net,f70_06,6,0.7,,14,0.8666666666666667,"[0, 21, 23, 25, 20, 27, 16, 2, 15, 26, 1, 17, 24, 7]",27.0,0.23223766684532166
elastic_net,f70_07,7,0.7,,4,0.6,"[23, 0, 25, 20]",27.0,0.32363979099318385
elastic_net,f70_07,7,0.7,,8,0.7777777777777778,"[23, 0, 25, 20, 2, 16, 27, 26]",27.0,0.32363979099318385
elastic_net,f70_07,7,0.7,,10,0.8181818181818182,"[23, 0, 25, 20, 2, 16, 27, 26, 21, 15]",27.0,0.32363979099318385
elastic_net,f70_07,7,0.7,,12,0.8461538461538461,"[23, 0, 25, 20, 2, 16, 27, 26, 21, 15, 9, 24]",27.0,0.32363979099318385
elastic_net,f70_07,7,0.7,,14,0.75,"[23, 0, 25, 20, 2, 16, 27, 26, 21, 15, 9, 24, 3, 1]",27.0,0.32363979099318385
elastic_net,f70_08,8,0.7,,4,1.0,"[21, 0, 23, 25]",27.0,0.34078220883384347
elastic_net,f70_08,8,0.7,,8,0.7777777777777778,"[21, 0, 23, 25, 20, 2, 24, 27]",27.0,0.34078220883384347
elastic_net,f70_08,8,0.7,,10,1.0,"[21, 0, 23, 25, 20, 2, 24, 27, 16, 26]",27.0,0.34078220883384347
elastic_net,f70_08,8,0.7,,12,0.8461538461538461,"[21, 0, 23, 25, 20, 2, 24, 27, 16, 26, 5, 15]",27.0,0.34078220883384347
elastic_net,f70_08,8,0.7,,14,0.8666666666666667,"[21, 0, 23, 25, 20, 2, 24, 27, 16, 26, 5, 15, 28, 7]",27.0,0.34078220883384347
elastic_net,f70_09,9,0.7,,4,0.6,"[21, 0, 25, 20]",27.0,0.1678537919651717
elastic_net,f70_09,9,0.7,,8,0.7777777777777778,"[21, 0, 25, 20, 23, 27, 24, 2]",27.0,0.1678537919651717
elastic_net,f70_09,9,0.7,,10,0.8181818181818182,"[21, 0, 25, 20, 23, 27, 24, 2, 16, 1]",27.0,0.1678537919651717
elastic_net,f70_09,9,0.7,,12,1.0,"[21, 0, 25, 20, 23, 27, 24, 2, 16, 1, 15, 26]",27.0,0.1678537919651717
elastic_net,f70_09,9,0.7,,14,0.75,"[21, 0, 25, 20, 23, 27, 24, 2, 16, 1, 15, 26, 9, 5]",27.0,0.1678537919651717
elastic_net,f70_10,10,0.7,,4,0.6,"[23, 0, 25, 20]",25.0,0.11040129186585546
elastic_net,f70_10,10,0.7,,8,0.7777777777777778,"[23, 0, 25, 20, 24, 27, 2, 16]",25.0,0.11040129186585546
elastic_net,f70_10,10,0.7,,10,0.6666666666666666,"[23, 0, 25, 20, 24, 27, 2, 16, 15, 1]",25.0,0.11040129186585546
elastic_net,f70_10,10,0.7,,12,0.8461538461538461,"[23, 0, 25, 20, 24, 27, 2, 16, 15, 1, 8, 26]",25.0,0.11040129186585546
elastic_net,f70_10,10,0.7,,14,0.75,"[23, 0, 25, 20, 24, 27, 2, 16, 15, 1, 8, 26, 28, 9]",25.0,0.11040129186585546
elastic_net,f70_11,11,0.7,,4,0.6,"[21, 0, 25, 27]",27.0,0.2347277500666678
elastic_net,f70_11,11,0.7,,8,0.7777777777777778,"[21, 0, 25, 27, 16, 2, 20, 1]",27.0,0.2347277500666678
elastic_net,f70_11,11,0.7,,10,0.6666666666666666,"[21, 0, 25, 27, 16, 2, 20, 1, 24, 15]",27.0,0.2347277500666678
elastic_net,f70_11,11,0.7,,12,1.0,"[21, 0, 25, 27, 16, 2, 20, 1, 24, 15, 26, 23]",27.0,0.2347277500666678
elastic_net,f70_11,11,0.7,,14,0.8666666666666667,"[21, 0, 25, 27, 16, 2, 20, 1, 24, 15, 26, 23, 7, 19]",27.0,0.2347277500666678
elastic_net,f70_12,12,0.7,,4,0.6,"[21, 0, 20, 25]",27.0,0.2164912079460919
elastic_net,f70_12,12,0.7,,8,0.7777777777777778,"[21, 0, 20, 25, 23, 27, 2, 15]",27.0,0.2164912079460919
elastic_net,f70_12,12,0.7,,10,0.8181818181818182,"[21, 0, 20, 25, 23, 27, 2, 15, 16, 24]",27.0,0.2164912079460919
elastic_net,f70_12,12,0.7,,12,1.0,"[21, 0, 20, 25, 23, 27, 2, 15, 16, 24, 1, 26]",27.0,0.2164912079460919
elastic_net,f70_12,12,0.7,,14,0.8666666666666667,"[21, 0, 20, 25, 23, 27, 2, 15, 16, 24, 1, 26, 7, 17]",27.0,0.2164912079460919
elastic_net,f70_13,13,0.7,,4,1.0,"[23, 0, 21, 25]",27.0,0.3463538328651339
elastic_net,f70_13,13,0.7,,8,0.7777777777777778,"[23, 0, 21, 25, 27, 16, 24, 20]",27.0,0.3463538328651339
elastic_net,f70_13,13,0.7,,10,0.8181818181818182,"[23, 0, 21, 25, 27, 16, 24, 20, 2, 15]",27.0,0.3463538328651339
elastic_net,f70_13,13,0.7,,12,0.7142857142857143,"[23, 0, 21, 25, 27, 16, 24, 20, 2, 15, 7, 17]",27.0,0.3463538328651339
elastic_net,f70_13,13,0.7,,14,0.8666666666666667,"[23, 0, 21, 25, 27, 16, 24, 20, 2, 15, 7, 17, 1, 26]",27.0,0.3463538328651339
elastic_net,f70_14,14,0.7,,4,1.0,"[21, 0, 25, 23]",26.0,0.2654978330247104
elastic_net,f70_14,14,0.7,,8,0.7777777777777778,"[21, 0, 25, 23, 27, 2, 16, 24]",26.0,0.2654978330247104
elastic_net,f70_14,14,0.7,,10,0.8181818181818182,"[21, 0, 25, 23, 27, 2, 16, 24, 26, 7]",26.0,0.2654978330247104
elastic_net,f70_14,14,0.7,,12,0.7142857142857143,"[21, 0, 25, 23, 27, 2, 16, 24, 26, 7, 1, 9]",26.0,0.2654978330247104
elastic_net,f70_14,14,0.7,,14,0.8666666666666667,"[21, 0, 25, 23, 27, 2, 16, 24, 26, 7, 1, 9, 15, 20]",26.0,0.2654978330247104
elastic_net,f70_15,15,0.7,,4,0.6,"[21, 0, 25, 20]",27.0,0.037000207928940654
elastic_net,f70_15,15,0.7,,8,0.7777777777777778,"[21, 0, 25, 20, 24, 2, 27, 16]",27.0,0.037000207928940654
elastic_net,f70_15,15,0.7,,10,0.8181818181818182,"[21, 0, 25, 20, 24, 2, 27, 16, 26, 15]",27.0,0.037000207928940654
elastic_net,f70_15,15,0.7,,12,0.7142857142857143,"[21, 0, 25, 20, 24, 2, 27, 16, 26, 15, 19, 9]",27.0,0.037000207928940654
elastic_net,f70_15,15,0.7,,14,0.6470588235294118,"[21, 0, 25, 20, 24, 2, 27, 16, 26, 15, 19, 9, 17, 7]",27.0,0.037000207928940654
elastic_net,f70_16,16,0.7,,4,0.6,"[23, 0, 25, 20]",27.0,0.14502720814198256
elastic_net,f70_16,16,0.7,,8,0.7777777777777778,"[23, 0, 25, 20, 24, 27, 16, 2]",27.0,0.14502720814198256
elastic_net,f70_16,16,0.7,,10,0.6666666666666666,"[23, 0, 25, 20, 24, 27, 16, 2, 8, 15]",27.0,0.14502720814198256
elastic_net,f70_16,16,0.7,,12,0.7142857142857143,"[23, 0, 25, 20, 24, 27, 16, 2, 8, 15, 26, 28]",27.0,0.14502720814198256
elastic_net,f70_16,16,0.7,,14,0.75,"[23, 0, 25, 20, 24, 27, 16, 2, 8, 15, 26, 28, 1, 9]",27.0,0.14502720814198256
elastic_net,f70_17,17,0.7,,4,0.6,"[23, 0, 25, 20]",26.0,0.08278829208575189
elastic_net,f70_17,17,0.7,,8,0.7777777777777778,"[23, 0, 25, 20, 27, 16, 2, 24]",26.0,0.08278829208575189
elastic_net,f70_17,17,0.7,,10,0.8181818181818182,"[23, 0, 25, 20, 27, 16, 2, 24, 15, 26]",26.0,0.08278829208575189
elastic_net,f70_17,17,0.7,,12,0.7142857142857143,"[23, 0, 25, 20, 27, 16, 2, 24, 15, 26, 11, 28]",26.0,0.08278829208575189
elastic_net,f70_17,17,0.7,,14,0.75,"[23, 0, 25, 20, 27, 16, 2, 24, 15, 26, 11, 28, 3, 1]",26.0,0.08278829208575189
elastic_net,f70_18,18,0.7,,4,0.6,"[21, 0, 25, 20]",28.0,0.21540662506595254
elastic_net,f70_18,18,0.7,,8,1.0,"[21, 0, 25, 20, 23, 2, 27, 16]",28.0,0.21540662506595254
elastic_net,f70_18,18,0.7,,10,0.6666666666666666,"[21, 0, 25, 20, 23, 2, 27, 16, 15, 11]",28.0,0.21540662506595254
elastic_net,f70_18,18,0.7,,12,0.7142857142857143,"[21, 0, 25, 20, 23, 2, 27, 16, 15, 11, 1, 7]",28.0,0.21540662506595254
elastic_net,f70_18,18,0.7,,14,0.75,"[21, 0, 25, 20, 23, 2, 27, 16, 15, 11, 1, 7, 9, 26]",28.0,0.21540662506595254
elastic_net,f70_19,19,0.7,,4,0.6,"[21, 0, 25, 27]",27.0,0.2360950829461217
elastic_net,f70_19,19,0.7,,8,0.7777777777777778,"[21, 0, 25, 27, 23, 16, 2, 24]",27.0,0.2360950829461217
elastic_net,f70_19,19,0.7,,10,1.0,"[21, 0, 25, 27, 23, 16, 2, 24, 20, 26]",27.0,0.2360950829461217
elastic_net,f70_19,19,0.7,,12,1.0,"[21, 0, 25, 27, 23, 16, 2, 24, 20, 26, 15, 1]",27.0,0.2360950829461217
elastic_net,f70_19,19,0.7,,14,0.8666666666666667,"[21, 0, 25, 27, 23, 16, 2, 24, 20, 26, 15, 1, 7, 17]",27.0,0.2360950829461217
elastic_net,f80_00,0,0.8,,4,0.6,"[23, 0, 25, 20]",26.0,0.14137279195711017
elastic_net,f80_00,0,0.8,,8,0.7777777777777778,"[23, 0, 25, 20, 27, 24, 16, 2]",26.0,0.14137279195711017
elastic_net,f80_00,0,0.8,,10,0.8181818181818182,"[23, 0, 25, 20, 27, 24, 16, 2, 26, 15]",26.0,0.14137279195711017
elastic_net,f80_00,0,0.8,,12,0.8461538461538461,"[23, 0, 25, 20, 27, 24, 16, 2, 26, 15, 1, 7]",26.0,0.14137279195711017
elastic_net,f80_00,0,0.8,,14,0.8666666666666667,"[23, 0, 25, 20, 27, 24, 16, 2, 26, 15, 1, 7, 19, 28]",26.0,0.14137279195711017
elastic_net,f80_01,1,0.8,,4,1.0,"[23, 0, 21, 25]",27.0,0.3852143329568207
elastic_net,f80_01,1,0.8,,8,1.0,"[23, 0, 21, 25, 27, 2, 20, 16]",27.0,0.3852143329568207
elastic_net,f80_01,1,0.8,,10,0.8181818181818182,"[23, 0, 21, 25, 27, 2, 20, 16, 24, 9]",27.0,0.3852143329568207
elastic_net,f80_01,1,0.8,,12,0.8461538461538461,"[23, 0, 21, 25, 27, 2, 20, 16, 24, 9, 15, 26]",27.0,0.3852143329568207
elastic_net,f80_01,1,0.8,,14,0.75,"[23, 0, 21, 25, 27, 2, 20, 16, 24, 9, 15, 26, 12, 1]",27.0,0.3852143329568207
elastic_net,f80_02,2,0.8,,4,1.0,"[23, 0, 21, 25]",27.0,0.2727642918471247
elastic_net,f80_02,2,0.8,,8,1.0,"[23, 0, 21, 25, 20, 27, 2, 16]",27.0,0.2727642918471247
elastic_net,f80_02,2,0.8,,10,0.8181818181818182,"[23, 0, 21, 25, 20, 27, 2, 16, 24, 15]",27.0,0.2727642918471247
elastic_net,f80_02,2,0.8,,12,1.0,"[23, 0, 21, 25, 20, 27, 2, 16, 24, 15, 1, 26]",27.0,0.2727642918471247
elastic_net,f80_02,2,0.8,,14,1.0,"[23, 0, 21, 25, 20, 27, 2, 16, 24, 15, 1, 26, 7, 28]",27.0,0.2727642918471247
elastic_net,f80_03,3,0.8,,4,1.0,"[21, 0, 23, 25]",26.0,0.3866915418766439
elastic_net,f80_03,3,0.8,,8,0.7777777777777778,"[21, 0, 23, 25, 27, 24, 20, 2]",26.0,0.3866915418766439
elastic_net,f80_03,3,0.8,,10,1.0,"[21, 0, 23, 25, 27, 24, 20, 2, 16, 26]",26.0,0.3866915418766439
elastic_net,f80_03,3,0.8,,12,1.0,"[21, 0, 23, 25, 27, 24, 20, 2, 16, 26, 1, 15]",26.0,0.3866915418766439
elastic_net,f80_03,3,0.8,,14,1.0,"[21, 0, 23, 25, 27, 24, 20, 2, 16, 26, 1, 15, 28, 7]",26.0,0.3866915418766439
elastic_net,f80_04,4,0.8,,4,1.0,"[21, 0, 23, 25]",25.0,0.3701160829514265
elastic_net,f80_04,4,0.8,,8,1.0,"[21, 0, 23, 25, 20, 27, 2, 16]",25.0,0.3701160829514265
elastic_net,f80_04,4,0.8,,10,0.6666666666666666,"[21, 0, 23, 25, 20, 27, 2, 16, 15, 1]",25.0,0.3701160829514265
elastic_net,f80_04,4,0.8,,12,1.0,"[21, 0, 23, 25, 20, 27, 2, 16, 15, 1, 26, 24]",25.0,0.3701160829514265
elastic_net,f80_04,4,0.8,,14,1.0,"[21, 0, 23, 25, 20, 27, 2, 16, 15, 1, 26, 24, 7, 28]",25.0,0.3701160829514265
elastic_net,f80_05,5,0.8,,4,1.0,"[21, 0, 23, 25]",25.0,0.3807555839885026
elastic_net,f80_05,5,0.8,,8,1.0,"[21, 0, 23, 25, 20, 27, 16, 2]",25.0,0.3807555839885026
elastic_net,f80_05,5,0.8,,10,0.8181818181818182,"[21, 0, 23, 25, 20, 27, 16, 2, 15, 26]",25.0,0.3807555839885026
elastic_net,f80_05,5,0.8,,12,0.8461538461538461,"[21, 0, 23, 25, 20, 27, 16, 2, 15, 26, 24, 28]",25.0,0.3807555839885026
elastic_net,f80_05,5,0.8,,14,0.8666666666666667,"[21, 0, 23, 25, 20, 27, 16, 2, 15, 26, 24, 28, 7, 19]",25.0,0.3807555839885026
elastic_net,f80_06,6,0.8,,4,1.0,"[21, 0, 23, 25]",26.0,0.192148125031963
elastic_net,f80_06,6,0.8,,8,1.0,"[21, 0, 23, 25, 20, 27, 16, 2]",26.0,0.192148125031963
elastic_net,f80_06,6,0.8,,10,1.0,"[21, 0, 23, 25, 20, 27, 16, 2, 26, 24]",26.0,0.192148125031963
elastic_net,f80_06,6,0.8,,12,0.8461538461538461,"[21, 0, 23, 25, 20, 27, 16, 2, 26, 24, 15, 17]",26.0,0.192148125031963
elastic_net,f80_06,6,0.8,,14,0.8666666666666667,"[21, 0, 23, 25, 20, 27, 16, 2, 26, 24, 15, 17, 7, 1]",26.0,0.192148125031963
elastic_net,f80_07,7,0.8,,4,0.6,"[23, 0, 20, 25]",27.0,0.29757450008764863
elastic_net,f80_07,7,0.8,,8,1.0,"[23, 0, 20, 25, 21, 27, 16, 2]",27.0,0.29757450008764863
elastic_net,f80_07,7,0.8,,10,1.0,"[23, 0, 20, 25, 21, 27, 16, 2, 24, 26]",27.0,0.29757450008764863
elastic_net,f80_07,7,0.8,,12,0.8461538461538461,"[23, 0, 20, 25, 21, 27, 16, 2, 24, 26, 15, 9]",27.0,0.29757450008764863
elastic_net,f80_07,7,0.8,,14,0.75,"[23, 0, 20, 25, 21, 27, 16, 2, 24, 26, 15, 9, 28, 11]",27.0,0.29757450008764863
elastic_net,f80_08,8,0.8,,4,1.0,"[21, 0, 23, 25]",28.0,0.3930102919694036
elastic_net,f80_08,8,0.8,,8,1.0,"[21, 0, 23, 25, 20, 27, 2, 16]",28.0,0.3930102919694036
elastic_net,f80_08,8,0.8,,10,0.8181818181818182,"[21, 0, 23, 25, 20, 27, 2, 16, 15, 26]",28.0,0.3930102919694036
elastic_net,f80_08,8,0.8,,12,0.8461538461538461,"[21, 0, 23, 25, 20, 27, 2, 16, 15, 26, 24, 7]",28.0,0.3930102919694036
elastic_net,f80_08,8,0.8,,14,0.8666666666666667,"[21, 0, 23, 25, 20, 27, 2, 16, 15, 26, 24, 7, 9, 1]",28.0,0.3930102919694036
elastic_net,f80_09,9,0.8,,4,0.6,"[21, 0, 25, 20]",27.0,0.3998549170792103
elastic_net,f80_09,9,0.8,,8,1.0,"[21, 0, 25, 20, 23, 27, 16, 2]",27.0,0.3998549170792103
elastic_net,f80_09,9,0.8,,10,1.0,"[21, 0, 25, 20, 23, 27, 16, 2, 24, 26]",27.0,0.3998549170792103
elastic_net,f80_09,9,0.8,,12,1.0,"[21, 0, 25, 20, 23, 27, 16, 2, 24, 26, 15, 1]",27.0,0.3998549170792103
elastic_net,f80_09,9,0.8,,14,0.8666666666666667,"[21, 0, 25, 20, 23, 27, 16, 2, 24, 26, 15, 1, 28, 9]",27.0,0.3998549170792103
elastic_net,f80_10,10,0.8,,4,0.6,"[23, 0, 25, 20]",25.0,0.131083375075832
elastic_net,f80_10,10,0.8,,8,0.7777777777777778,"[23, 0, 25, 20, 27, 24, 2, 16]",25.0,0.131083375075832
elastic_net,f80_10,10,0.8,,10,0.8181818181818182,"[23, 0, 25, 20, 27, 24, 2, 16, 26, 15]",25.0,0.131083375075832
elastic_net,f80_10,10,0.8,,12,0.8461538461538461,"[23, 0, 25, 20, 27, 24, 2, 16, 26, 15, 1, 7]",25.0,0.131083375075832
elastic_net,f80_10,10,0.8,,14,0.8666666666666667,"[23, 0, 25, 20, 27, 24, 2, 16, 26, 15, 1, 7, 28, 9]",25.0,0.131083375075832
elastic_net,f80_11,11,0.8,,4,0.6,"[21, 0, 25, 27]",28.0,0.3090309160761535
elastic_net,f80_11,11,0.8,,8,1.0,"[21, 0, 25, 27, 20, 2, 16, 23]",28.0,0.3090309160761535
elastic_net,f80_11,11,0.8,,10,0.8181818181818182,"[21, 0, 25, 27, 20, 2, 16, 23, 24, 15]",28.0,0.3090309160761535
elastic_net,f80_11,11,0.8,,12,1.0,"[21, 0, 25, 27, 20, 2, 16, 23, 24, 15, 1, 26]",28.0,0.3090309160761535
elastic_net,f80_11,11,0.8,,14,1.0,"[21, 0, 25, 27, 20, 2, 16, 23, 24, 15, 1, 26, 7, 28]",28.0,0.3090309160761535
elastic_net,f80_12,12,0.8,,4,1.0,"[23, 0, 21, 25]",27.0,0.39239933295175433
elastic_net,f80_12,12,0.8,,8,1.0,"[23, 0, 21, 25, 20, 27, 2, 16]",27.0,0.39239933295175433
elastic_net,f80_12,12,0.8,,10,0.8181818181818182,"[23, 0, 21, 25, 20, 27, 2, 16, 15, 24]",27.0,0.39239933295175433
elastic_net,f80_12,12,0.8,,12,1.0,"[23, 0, 21, 25, 20, 27, 2, 16, 15, 24, 26, 1]",27.0,0.39239933295175433
elastic_net,f80_12,12,0.8,,14,1.0,"[23, 0, 21, 25, 20, 27, 2, 16, 15, 24, 26, 1, 7, 28]",27.0,0.39239933295175433
elastic_net,f80_13,13,0.8,,4,1.0,"[23, 0, 21, 25]",27.0,0.3832150408998132
elastic_net,f80_13,13,0.8,,8,1.0,"[23, 0, 21, 25, 27, 16, 20, 2]",27.0,0.3832150408998132
elastic_net,f80_13,13,0.8,,10,0.8181818181818182,"[23, 0, 21, 25, 27, 16, 20, 2, 24, 15]",27.0,0.3832150408998132
elastic_net,f80_13,13,0.8,,12,0.8461538461538461,"[23, 0, 21, 25, 27, 16, 20, 2, 24, 15, 26, 7]",27.0,0.3832150408998132
elastic_net,f80_13,13,0.8,,14,0.8666666666666667,"[23, 0, 21, 25, 27, 16, 20, 2, 24, 15, 26, 7, 1, 17]",27.0,0.3832150408998132
elastic_net,f80_14,14,0.8,,4,1.0,"[23, 0, 21, 25]",27.0,0.35524262487888336
elastic_net,f80_14,14,0.8,,8,1.0,"[23, 0, 21, 25, 20, 27, 16, 2]",27.0,0.35524262487888336
elastic_net,f80_14,14,0.8,,10,0.8181818181818182,"[23, 0, 21, 25, 20, 27, 16, 2, 26, 15]",27.0,0.35524262487888336
elastic_net,f80_14,14,0.8,,12,0.8461538461538461,"[23, 0, 21, 25, 20, 27, 16, 2, 26, 15, 24, 7]",27.0,0.35524262487888336
elastic_net,f80_14,14,0.8,,14,0.8666666666666667,"[23, 0, 21, 25, 20, 27, 16, 2, 26, 15, 24, 7, 19, 1]",27.0,0.35524262487888336
elastic_net,f80_15,15,0.8,,4,0.6,"[21, 0, 25, 20]",27.0,0.04305970878340304
elastic_net,f80_15,15,0.8,,8,0.7777777777777778,"[21, 0, 25, 20, 27, 16, 2, 24]",27.0,0.04305970878340304
elastic_net,f80_15,15,0.8,,10,0.8181818181818182,"[21, 0, 25, 20, 27, 16, 2, 24, 26, 15]",27.0,0.04305970878340304
elastic_net,f80_15,15,0.8,,12,0.7142857142857143,"[21, 0, 25, 20, 27, 16, 2, 24, 26, 15, 7, 19]",27.0,0.04305970878340304
elastic_net,f80_15,15,0.8,,14,0.75,"[21, 0, 25, 20, 27, 16, 2, 24, 26, 15, 7, 19, 28, 8]",27.0,0.04305970878340304
elastic_net,f80_16,16,0.8,,4,0.6,"[23, 0, 25, 20]",27.0,0.1493564168922603
elastic_net,f80_16,16,0.8,,8,0.7777777777777778,"[23, 0, 25, 20, 27, 2, 16, 26]",27.0,0.1493564168922603
elastic_net,f80_16,16,0.8,,10,1.0,"[23, 0, 25, 20, 27, 2, 16, 26, 24, 21]",27.0,0.1493564168922603
elastic_net,f80_16,16,0.8,,12,1.0,"[23, 0, 25, 20, 27, 2, 16, 26, 24, 21, 15, 1]",27.0,0.1493564168922603
elastic_net,f80_16,16,0.8,,14,0.8666666666666667,"[23, 0, 25, 20, 27, 2, 16, 26, 24, 21, 15, 1, 28, 8]",27.0,0.1493564168922603
elastic_net,f80_17,17,0.8,,4,0.6,"[23, 0, 25, 20]",26.0,0.13759866612963378
elastic_net,f80_17,17,0.8,,8,0.7777777777777778,"[23, 0, 25, 20, 27, 2, 16, 24]",26.0,0.13759866612963378
elastic_net,f80_17,17,0.8,,10,0.8181818181818182,"[23, 0, 25, 20, 27, 2, 16, 24, 15, 26]",26.0,0.13759866612963378
elastic_net,f80_17,17,0.8,,12,0.8461538461538461,"[23, 0, 25, 20, 27, 2, 16, 24, 15, 26, 1, 7]",26.0,0.13759866612963378
elastic_net,f80_17,17,0.8,,14,0.8666666666666667,"[23, 0, 25, 20, 27, 2, 16, 24, 15, 26, 1, 7, 28, 5]",26.0,0.13759866612963378
elastic_net,f80_18,18,0.8,,4,1.0,"[21, 0, 25, 23]",27.0,0.23440974997356534
elastic_net,f80_18,18,0.8,,8,1.0,"[21, 0, 25, 23, 20, 2, 27, 16]",27.0,0.23440974997356534
elastic_net,f80_18,18,0.8,,10,1.0,"[21, 0, 25, 23, 20, 2, 27, 16, 26, 24]",27.0,0.23440974997356534
elastic_net,f80_18,18,0.8,,12,1.0,"[21, 0, 25, 23, 20, 2, 27, 16, 26, 24, 1, 15]",27.0,0.23440974997356534
elastic_net,f80_18,18,0.8,,14,0.8666666666666667,"[21, 0, 25, 23, 20, 2, 27, 16, 26, 24, 1, 15, 11, 7]",27.0,0.23440974997356534
elastic_net,f80_19,19,0.8,,4,1.0,"[21, 0, 25, 23]",26.0,0.33012058306485415
elastic_net,f80_19,19,0.8,,8,1.0,"[21, 0, 25, 23, 27, 16, 20, 2]",26.0,0.33012058306485415
elastic_net,f80_19,19,0.8,,10,1.0,"[21, 0, 25, 23, 27, 16, 20, 2, 26, 24]",26.0,0.33012058306485415
elastic_net,f80_19,19,0.8,,12,1.0,"[21, 0, 25, 23, 27, 16, 20, 2, 26, 24, 15, 1]",26.0,0.33012058306485415
elastic_net,f80_19,19,0.8,,14,0.8666666666666667,"[21, 0, 25, 23, 27, 16, 20, 2, 26, 24, 15, 1, 7, 17]",26.0,0.33012058306485415
stability_selection,half_00_A,0,0.5,A,4,1.0,"[0, 20, 25, 27]",22.0,1.0206458340398967
stability_selection,half_00_A,0,0.5,A,8,0.6,"[0, 20, 25, 27, 2, 16, 13, 3]",22.0,1.0206458340398967
stability_selection,half_00_A,0,0.5,A,10,0.42857142857142855,"[0, 20, 25, 27, 2, 16, 13, 3, 8, 17]",22.0,1.0206458340398967
stability_selection,half_00_A,0,0.5,A,12,0.4117647058823529,"[0, 20, 25, 27, 2, 16, 13, 3, 8, 17, 1, 15]",22.0,1.0206458340398967
stability_selection,half_00_A,0,0.5,A,14,0.5555555555555556,"[0, 20, 25, 27, 2, 16, 13, 3, 8, 17, 1, 15, 19, 26]",22.0,1.0206458340398967
stability_selection,half_00_B,0,0.5,B,4,0.6,"[0, 25, 16, 27]",22.0,1.4000596250407398
stability_selection,half_00_B,0,0.5,B,8,0.6,"[0, 25, 16, 27, 7, 15, 26, 9]",22.0,1.4000596250407398
stability_selection,half_00_B,0,0.5,B,10,0.6666666666666666,"[0, 25, 16, 27, 7, 15, 26, 9, 2, 19]",22.0,1.4000596250407398
stability_selection,half_00_B,0,0.5,B,12,0.6,"[0, 25, 16, 27, 7, 15, 26, 9, 2, 19, 6, 18]",22.0,1.4000596250407398
stability_selection,half_00_B,0,0.5,B,14,0.5555555555555556,"[0, 25, 16, 27, 7, 15, 26, 9, 2, 19, 6, 18, 5, 3]",22.0,1.4000596250407398
stability_selection,half_01_A,1,0.5,A,4,0.6,"[0, 25, 27, 2]",21.0,0.9961202091071755
stability_selection,half_01_A,1,0.5,A,8,0.6,"[0, 25, 27, 2, 15, 26, 28, 19]",21.0,0.9961202091071755
stability_selection,half_01_A,1,0.5,A,10,0.6666666666666666,"[0, 25, 27, 2, 15, 26, 28, 19, 22, 16]",21.0,0.9961202091071755
stability_selection,half_01_A,1,0.5,A,12,0.6,"[0, 25, 27, 2, 15, 26, 28, 19, 22, 16, 6, 17]",21.0,0.9961202091071755
stability_selection,half_01_A,1,0.5,A,14,0.5555555555555556,"[0, 25, 27, 2, 15, 26, 28, 19, 22, 16, 6, 17, 18, 1]",21.0,0.9961202091071755
stability_selection,half_01_B,1,0.5,B,4,0.6,"[0, 25, 16, 27]",20.0,1.0726286249700934
stability_selection,half_01_B,1,0.5,B,8,0.6,"[0, 25, 16, 27, 2, 8, 7, 15]",20.0,1.0726286249700934
stability_selection,half_01_B,1,0.5,B,10,0.5384615384615384,"[0, 25, 16, 27, 2, 8, 7, 15, 10, 9]",20.0,1.0726286249700934
stability_selection,half_01_B,1,0.5,B,12,0.5,"[0, 25, 16, 27, 2, 8, 7, 15, 10, 9, 4, 5]",20.0,1.0726286249700934
stability_selection,half_01_B,1,0.5,B,14,0.5555555555555556,"[0, 25, 16, 27, 2, 8, 7, 15, 10, 9, 4, 5, 3, 26]",20.0,1.0726286249700934
stability_selection,half_02_A,2,0.5,A,4,0.6,"[0, 25, 27, 16]",23.0,1.3372150419745594
stability_selection,half_02_A,2,0.5,A,8,0.7777777777777778,"[0, 25, 27, 16, 2, 15, 28, 26]",23.0,1.3372150419745594
stability_selection,half_02_A,2,0.5,A,10,0.6666666666666666,"[0, 25, 27, 16, 2, 15, 28, 26, 9, 19]",23.0,1.3372150419745594
stability_selection,half_02_A,2,0.5,A,12,0.7142857142857143,"[0, 25, 27, 16, 2, 15, 28, 26, 9, 19, 17, 22]",23.0,1.3372150419745594
stability_selection,half_02_A,2,0.5,A,14,0.75,"[0, 25, 27, 16, 2, 15, 28, 26, 9, 19, 17, 22, 7, 10]",23.0,1.3372150419745594
stability_selection,half_02_B,2,0.5,B,4,0.6,"[0, 25, 20, 2]",22.0,1.2577921668998897
stability_selection,half_02_B,2,0.5,B,8,0.7777777777777778,"[0, 25, 20, 2, 27, 16, 26, 1]",22.0,1.2577921668998897
stability_selection,half_02_B,2,0.5,B,10,0.8181818181818182,"[0, 25, 20, 2, 27, 16, 26, 1, 15, 7]",22.0,1.2577921668998897
stability_selection,half_02_B,2,0.5,B,12,0.7142857142857143,"[0, 25, 20, 2, 27, 16, 26, 1, 15, 7, 9, 17]",22.0,1.2577921668998897
stability_selection,half_02_B,2,0.5,B,14,0.75,"[0, 25, 20, 2, 27, 16, 26, 1, 15, 7, 9, 17, 22, 28]",22.0,1.2577921668998897
stability_selection,half_03_A,3,0.5,A,4,1.0,"[0, 20, 25, 27]",21.0,1.307195832952857
stability_selection,half_03_A,3,0.5,A,8,0.7777777777777778,"[0, 20, 25, 27, 16, 2, 15, 7]",21.0,1.307195832952857
stability_selection,half_03_A,3,0.5,A,10,0.8181818181818182,"[0, 20, 25, 27, 16, 2, 15, 7, 28, 8]",21.0,1.307195832952857
stability_selection,half_03_A,3,0.5,A,12,0.7142857142857143,"[0, 20, 25, 27, 16, 2, 15, 7, 28, 8, 9, 17]",21.0,1.307195832952857
stability_selection,half_03_A,3,0.5,A,14,0.6470588235294118,"[0, 20, 25, 27, 16, 2, 15, 7, 28, 8, 9, 17, 18, 24]",21.0,1.307195832952857
stability_selection,half_03_B,3,0.5,B,4,0.3333333333333333,"[0, 25, 2, 16]",21.0,1.5251289578154683
stability_selection,half_03_B,3,0.5,B,8,0.45454545454545453,"[0, 25, 2, 16, 19, 7, 17, 27]",21.0,1.5251289578154683
stability_selection,half_03_B,3,0.5,B,10,0.5384615384615384,"[0, 25, 2, 16, 19, 7, 17, 27, 15, 3]",21.0,1.5251289578154683
stability_selection,half_03_B,3,0.5,B,12,0.5,"[0, 25, 2, 16, 19, 7, 17, 27, 15, 3, 9, 5]",21.0,1.5251289578154683
stability_selection,half_03_B,3,0.5,B,14,0.5555555555555556,"[0, 25, 2, 16, 19, 7, 17, 27, 15, 3, 9, 5, 4, 8]",21.0,1.5251289578154683
stability_selection,half_04_A,4,0.5,A,4,0.6,"[0, 25, 27, 2]",21.0,1.5945428751874715
stability_selection,half_04_A,4,0.5,A,8,0.6,"[0, 25, 27, 2, 16, 19, 15, 28]",21.0,1.5945428751874715
stability_selection,half_04_A,4,0.5,A,10,0.6666666666666666,"[0, 25, 27, 2, 16, 19, 15, 28, 7, 4]",21.0,1.5945428751874715
stability_selection,half_04_A,4,0.5,A,12,0.7142857142857143,"[0, 25, 27, 2, 16, 19, 15, 28, 7, 4, 26, 9]",21.0,1.5945428751874715
stability_selection,half_04_A,4,0.5,A,14,0.6470588235294118,"[0, 25, 27, 2, 16, 19, 15, 28, 7, 4, 26, 9, 3, 5]",21.0,1.5945428751874715
stability_selection,half_04_B,4,0.5,B,4,0.6,"[0, 25, 27, 16]",20.0,1.2664990827906877
stability_selection,half_04_B,4,0.5,B,8,0.6,"[0, 25, 27, 16, 2, 15, 17, 22]",20.0,1.2664990827906877
stability_selection,half_04_B,4,0.5,B,10,0.5384615384615384,"[0, 25, 27, 16, 2, 15, 17, 22, 7, 8]",20.0,1.2664990827906877
stability_selection,half_04_B,4,0.5,B,12,0.5,"[0, 25, 27, 16, 2, 15, 17, 22, 7, 8, 1, 3]",20.0,1.2664990827906877
stability_selection,half_04_B,4,0.5,B,14,0.5555555555555556,"[0, 25, 27, 16, 2, 15, 17, 22, 7, 8, 1, 3, 4, 28]",20.0,1.2664990827906877
stability_selection,half_05_A,5,0.5,A,4,0.6,"[0, 25, 27, 2]",21.0,1.0683497497811913
stability_selection,half_05_A,5,0.5,A,8,0.6,"[0, 25, 27, 2, 16, 15, 9, 6]",21.0,1.0683497497811913
stability_selection,half_05_A,5,0.5,A,10,0.5384615384615384,"[0, 25, 27, 2, 16, 15, 9, 6, 26, 17]",21.0,1.0683497497811913
stability_selection,half_05_A,5,0.5,A,12,0.6,"[0, 25, 27, 2, 16, 15, 9, 6, 26, 17, 5, 7]",21.0,1.0683497497811913
stability_selection,half_05_A,5,0.5,A,14,0.5555555555555556,"[0, 25, 27, 2, 16, 15, 9, 6, 26, 17, 5, 7, 19, 18]",21.0,1.0683497497811913
stability_selection,half_05_B,5,0.5,B,4,0.6,"[0, 25, 27, 16]",26.0,1.2800002919975668
stability_selection,half_05_B,5,0.5,B,8,0.6,"[0, 25, 27, 16, 26, 7, 15, 28]",26.0,1.2800002919975668
stability_selection,half_05_B,5,0.5,B,10,0.8181818181818182,"[0, 25, 27, 16, 26, 7, 15, 28, 6, 2]",26.0,1.2800002919975668
stability_selection,half_05_B,5,0.5,B,12,0.6,"[0, 25, 27, 16, 26, 7, 15, 28, 6, 2, 18, 19]",26.0,1.2800002919975668
stability_selection,half_05_B,5,0.5,B,14,0.6470588235294118,"[0, 25, 27, 16, 26, 7, 15, 28, 6, 2, 18, 19, 8, 10]",26.0,1.2800002919975668
stability_selection,half_06_A,6,0.5,A,4,0.6,"[0, 25, 27, 2]",20.0,1.2321369170676917
stability_selection,half_06_A,6,0.5,A,8,0.7777777777777778,"[0, 25, 27, 2, 16, 15, 9, 26]",20.0,1.2321369170676917
stability_selection,half_06_A,6,0.5,A,10,0.5384615384615384,"[0, 25, 27, 2, 16, 15, 9, 26, 17, 14]",20.0,1.2321369170676917
stability_selection,half_06_A,6,0.5,A,12,0.6,"[0, 25, 27, 2, 16, 15, 9, 26, 17, 14, 6, 28]",20.0,1.2321369170676917
stability_selection,half_06_A,6,0.5,A,14,0.47368421052631576,"[0, 25, 27, 2, 16, 15, 9, 26, 17, 14, 6, 28, 1, 3]",20.0,1.2321369170676917
stability_selection,half_06_B,6,0.5,B,4,0.6,"[0, 25, 20, 26]",23.0,1.345058250008151
stability_selection,half_06_B,6,0.5,B,8,0.6,"[0, 25, 20, 26, 16, 2, 7, 14]",23.0,1.345058250008151
stability_selection,half_06_B,6,0.5,B,10,0.6666666666666666,"[0, 25, 20, 26, 16, 2, 7, 14, 27, 19]",23.0,1.345058250008151
stability_selection,half_06_B,6,0.5,B,12,0.7142857142857143,"[0, 25, 20, 26, 16, 2, 7, 14, 27, 19, 28, 15]",23.0,1.345058250008151
stability_selection,half_06_B,6,0.5,B,14,0.75,"[0, 25, 20, 26, 16, 2, 7, 14, 27, 19, 28, 15, 22, 5]",23.0,1.345058250008151
stability_selection,half_07_A,7,0.5,A,4,0.6,"[0, 25, 27, 16]",25.0,0.8160176661331207
stability_selection,half_07_A,7,0.5,A,8,0.45454545454545453,"[0, 25, 27, 16, 24, 9, 26, 5]",25.0,0.8160176661331207
stability_selection,half_07_A,7,0.5,A,10,0.42857142857142855,"[0, 25, 27, 16, 24, 9, 26, 5, 15, 19]",25.0,0.8160176661331207
stability_selection,half_07_A,7,0.5,A,12,0.5,"[0, 25, 27, 16, 24, 9, 26, 5, 15, 19, 1, 7]",25.0,0.8160176661331207
stability_selection,half_07_A,7,0.5,A,14,0.47368421052631576,"[0, 25, 27, 16, 24, 9, 26, 5, 15, 19, 1, 7, 6, 17]",25.0,0.8160176661331207
stability_selection,half_07_B,7,0.5,B,4,0.6,"[0, 25, 2, 27]",24.0,1.0134964580647647
stability_selection,half_07_B,7,0.5,B,8,0.6,"[0, 25, 2, 27, 15, 16, 3, 1]",24.0,1.0134964580647647
stability_selection,half_07_B,7,0.5,B,10,0.5384615384615384,"[0, 25, 2, 27, 15, 16, 3, 1, 7, 18]",24.0,1.0134964580647647
stability_selection,half_07_B,7,0.5,B,12,0.6,"[0, 25, 2, 27, 15, 16, 3, 1, 7, 18, 26, 28]",24.0,1.0134964580647647
stability_selection,half_07_B,7,0.5,B,14,0.47368421052631576,"[0, 25, 2, 27, 15, 16, 3, 1, 7, 18, 26, 28, 5, 10]",24.0,1.0134964580647647
stability_selection,half_08_A,8,0.5,A,4,1.0,"[0, 20, 25, 27]",21.0,0.9887555411551148
stability_selection,half_08_A,8,0.5,A,8,0.6,"[0, 20, 25, 27, 2, 16, 10, 28]",21.0,0.9887555411551148
stability_selection,half_08_A,8,0.5,A,10,0.5384615384615384,"[0, 20, 25, 27, 2, 16, 10, 28, 17, 4]",21.0,0.9887555411551148
stability_selection,half_08_A,8,0.5,A,12,0.5,"[0, 20, 25, 27, 2, 16, 10, 28, 17, 4, 15, 1]",21.0,0.9887555411551148
stability_selection,half_08_A,8,0.5,A,14,0.5555555555555556,"[0, 20, 25, 27, 2, 16, 10, 28, 17, 4, 15, 1, 9, 7]",21.0,0.9887555411551148
stability_selection,half_08_B,8,0.5,B,4,0.3333333333333333,"[0, 25, 24, 16]",22.0,1.0729316249489784
stability_selection,half_08_B,8,0.5,B,8,0.45454545454545453,"[0, 25, 24, 16, 26, 15, 10, 28]",22.0,1.0729316249489784
stability_selection,half_08_B,8,0.5,B,10,0.5384615384615384,"[0, 25, 24, 16, 26, 15, 10, 28, 18, 27]",22.0,1.0729316249489784
stability_selection,half_08_B,8,0.5,B,12,0.6,"[0, 25, 24, 16, 26, 15, 10, 28, 18, 27, 7, 22]",22.0,1.0729316249489784
stability_selection,half_08_B,8,0.5,B,14,0.6470588235294118,"[0, 25, 24, 16, 26, 15, 10, 28, 18, 27, 7, 22, 8, 2]",22.0,1.0729316249489784
stability_selection,half_09_A,9,0.5,A,4,0.6,"[0, 25, 27, 2]",22.0,1.5655633751302958
stability_selection,half_09_A,9,0.5,A,8,0.7777777777777778,"[0, 25, 27, 2, 26, 16, 15, 7]",22.0,1.5655633751302958
stability_selection,half_09_A,9,0.5,A,10,0.6666666666666666,"[0, 25, 27, 2, 26, 16, 15, 7, 19, 18]",22.0,1.5655633751302958
stability_selection,half_09_A,9,0.5,A,12,0.6,"[0, 25, 27, 2, 26, 16, 15, 7, 19, 18, 9, 4]",22.0,1.5655633751302958
stability_selection,half_09_A,9,0.5,A,14,0.6470588235294118,"[0, 25, 27, 2, 26, 16, 15, 7, 19, 18, 9, 4, 28, 17]",22.0,1.5655633751302958
stability_selection,half_09_B,9,0.5,B,4,0.6,"[0, 25, 27, 2]",23.0,1.3727527500595897
stability_selection,half_09_B,9,0.5,B,8,0.6,"[0, 25, 27, 2, 16, 1, 15, 3]",23.0,1.3727527500595897
stability_selection,half_09_B,9,0.5,B,10,0.42857142857142855,"[0, 25, 27, 2, 16, 1, 15, 3, 19, 6]",23.0,1.3727527500595897
stability_selection,half_09_B,9,0.5,B,12,0.5,"[0, 25, 27, 2, 16, 1, 15, 3, 19, 6, 9, 28]",23.0,1.3727527500595897
stability_selection,half_09_B,9,0.5,B,14,0.6470588235294118,"[0, 25, 27, 2, 16, 1, 15, 3, 19, 6, 9, 28, 7, 20]",23.0,1.3727527500595897
stability_selection,half_10_A,10,0.5,A,4,0.6,"[0, 25, 16, 27]",23.0,1.3121155831031501
stability_selection,half_10_A,10,0.5,A,8,0.45454545454545453,"[0, 25, 16, 27, 15, 28, 19, 8]",23.0,1.3121155831031501
stability_selection,half_10_A,10,0.5,A,10,0.5384615384615384,"[0, 25, 16, 27, 15, 28, 19, 8, 26, 9]",23.0,1.3121155831031501
stability_selection,half_10_A,10,0.5,A,12,0.6,"[0, 25, 16, 27, 15, 28, 19, 8, 26, 9, 17, 7]",23.0,1.3121155831031501
stability_selection,half_10_A,10,0.5,A,14,0.6470588235294118,"[0, 25, 16, 27, 15, 28, 19, 8, 26, 9, 17, 7, 4, 18]",23.0,1.3121155831031501
stability_selection,half_10_B,10,0.5,B,4,0.6,"[0, 25, 27, 2]",22.0,0.9399254580494016
stability_selection,half_10_B,10,0.5,B,8,0.7777777777777778,"[0, 25, 27, 2, 16, 26, 15, 7]",22.0,0.9399254580494016
stability_selection,half_10_B,10,0.5,B,10,0.6666666666666666,"[0, 25, 27, 2, 16, 26, 15, 7, 6, 8]",22.0,0.9399254580494016
stability_selection,half_10_B,10,0.5,B,12,0.6,"[0, 25, 27, 2, 16, 26, 15, 7, 6, 8, 4, 28]",22.0,0.9399254580494016
stability_selection,half_10_B,10,0.5,B,14,0.5555555555555556,"[0, 25, 27, 2, 16, 26, 15, 7, 6, 8, 4, 28, 1, 3]",22.0,0.9399254580494016
stability_selection,half_11_A,11,0.5,A,4,0.6,"[0, 27, 25, 2]",22.0,1.2960705000441521
stability_selection,half_11_A,11,0.5,A,8,0.6,"[0, 27, 25, 2, 16, 15, 17, 7]",22.0,1.2960705000441521
stability_selection,half_11_A,11,0.5,A,10,0.5384615384615384,"[0, 27, 25, 2, 16, 15, 17, 7, 22, 5]",22.0,1.2960705000441521
stability_selection,half_11_A,11,0.5,A,12,0.5,"[0, 27, 25, 2, 16, 15, 17, 7, 22, 5, 10, 8]",22.0,1.2960705000441521
stability_selection,half_11_A,11,0.5,A,14,0.5555555555555556,"[0, 27, 25, 2, 16, 15, 17, 7, 22, 5, 10, 8, 1, 26]",22.0,1.2960705000441521
stability_selection,half_11_B,11,0.5,B,4,0.6,"[0, 25, 20, 16]",23.0,1.0804764169733971
stability_selection,half_11_B,11,0.5,B,8,0.6,"[0, 25, 20, 16, 26, 7, 28, 2]",23.0,1.0804764169733971
stability_selection,half_11_B,11,0.5,B,10,0.8181818181818182,"[0, 25, 20, 16, 26, 7, 28, 2, 15, 9]",23.0,1.0804764169733971
stability_selection,half_11_B,11,0.5,B,12,0.7142857142857143,"[0, 25, 20, 16, 26, 7, 28, 2, 15, 9, 19, 5]",23.0,1.0804764169733971
stability_selection,half_11_B,11,0.5,B,14,0.6470588235294118,"[0, 25, 20, 16, 26, 7, 28, 2, 15, 9, 19, 5, 18, 3]",23.0,1.0804764169733971
stability_selection,half_12_A,12,0.5,A,4,0.3333333333333333,"[0, 25, 2, 16]",22.0,1.2509202091023326
stability_selection,half_12_A,12,0.5,A,8,0.6,"[0, 25, 2, 16, 26, 27, 17, 7]",22.0,1.2509202091023326
stability_selection,half_12_A,12,0.5,A,10,0.6666666666666666,"[0, 25, 2, 16, 26, 27, 17, 7, 15, 5]",22.0,1.2509202091023326
stability_selection,half_12_A,12,0.5,A,12,0.6,"[0, 25, 2, 16, 26, 27, 17, 7, 15, 5, 4, 28]",22.0,1.2509202091023326
stability_selection,half_12_A,12,0.5,A,14,0.5555555555555556,"[0, 25, 2, 16, 26, 27, 17, 7, 15, 5, 4, 28, 13, 9]",22.0,1.2509202091023326
stability_selection,half_12_B,12,0.5,B,4,0.6,"[0, 25, 27, 2]",21.0,0.961946208961308
stability_selection,half_12_B,12,0.5,B,8,0.6,"[0, 25, 27, 2, 15, 16, 8, 28]",21.0,0.961946208961308
stability_selection,half_12_B,12,0.5,B,10,0.6666666666666666,"[0, 25, 27, 2, 15, 16, 8, 28, 6, 7]",21.0,0.961946208961308
stability_selection,half_12_B,12,0.5,B,12,0.5,"[0, 25, 27, 2, 15, 16, 8, 28, 6, 7, 13, 4]",21.0,0.961946208961308
stability_selection,half_12_B,12,0.5,B,14,0.6470588235294118,"[0, 25, 27, 2, 15, 16, 8, 28, 6, 7, 13, 4, 19, 20]",21.0,0.961946208961308
stability_selection,half_13_A,13,0.5,A,4,0.6,"[0, 25, 27, 26]",22.0,1.222145708044991
stability_selection,half_13_A,13,0.5,A,8,0.7777777777777778,"[0, 25, 27, 26, 2, 16, 15, 28]",22.0,1.222145708044991
stability_selection,half_13_A,13,0.5,A,10,0.6666666666666666,"[0, 25, 27, 26, 2, 16, 15, 28, 9, 1]",22.0,1.222145708044991
stability_selection,half_13_A,13,0.5,A,12,0.8461538461538461,"[0, 25, 27, 26, 2, 16, 15, 28, 9, 1, 20, 7]",22.0,1.222145708044991
stability_selection,half_13_A,13,0.5,A,14,0.75,"[0, 25, 27, 26, 2, 16, 15, 28, 9, 1, 20, 7, 8, 3]",22.0,1.222145708044991
stability_selection,half_13_B,13,0.5,B,4,0.6,"[0, 25, 27, 2]",21.0,1.6312058749608696
stability_selection,half_13_B,13,0.5,B,8,0.6,"[0, 25, 27, 2, 16, 8, 15, 1]",21.0,1.6312058749608696
stability_selection,half_13_B,13,0.5,B,10,0.5384615384615384,"[0, 25, 27, 2, 16, 8, 15, 1, 3, 26]",21.0,1.6312058749608696
stability_selection,half_13_B,13,0.5,B,12,0.4117647058823529,"[0, 25, 27, 2, 16, 8, 15, 1, 3, 26, 19, 4]",21.0,1.6312058749608696
stability_selection,half_13_B,13,0.5,B,14,0.5555555555555556,"[0, 25, 27, 2, 16, 8, 15, 1, 3, 26, 19, 4, 28, 18]",21.0,1.6312058749608696
stability_selection,half_14_A,14,0.5,A,4,0.3333333333333333,"[0, 25, 2, 16]",22.0,0.9117282500956208
stability_selection,half_14_A,14,0.5,A,8,0.7777777777777778,"[0, 25, 2, 16, 27, 26, 5, 15]",22.0,0.9117282500956208
stability_selection,half_14_A,14,0.5,A,10,0.6666666666666666,"[0, 25, 2, 16, 27, 26, 5, 15, 22, 28]",22.0,0.9117282500956208
stability_selection,half_14_A,14,0.5,A,12,0.6,"[0, 25, 2, 16, 27, 26, 5, 15, 22, 28, 14, 21]",22.0,0.9117282500956208
stability_selection,half_14_A,14,0.5,A,14,0.47368421052631576,"[0, 25, 2, 16, 27, 26, 5, 15, 22, 28, 14, 21, 17, 10]",22.0,0.9117282500956208
stability_selection,half_14_B,14,0.5,B,4,1.0,"[0, 20, 25, 27]",22.0,1.030963791999966
stability_selection,half_14_B,14,0.5,B,8,0.6,"[0, 20, 25, 27, 16, 28, 2, 9]",22.0,1.030963791999966
stability_selection,half_14_B,14,0.5,B,10,0.8181818181818182,"[0, 20, 25, 27, 16, 28, 2, 9, 15, 7]",22.0,1.030963791999966
stability_selection,half_14_B,14,0.5,B,12,0.7142857142857143,"[0, 20, 25, 27, 16, 28, 2, 9, 15, 7, 19, 3]",22.0,1.030963791999966
stability_selection,half_14_B,14,0.5,B,14,0.6470588235294118,"[0, 20, 25, 27, 16, 28, 2, 9, 15, 7, 19, 3, 4, 18]",22.0,1.030963791999966
stability_selection,half_15_A,15,0.5,A,4,0.6,"[0, 25, 27, 16]",23.0,1.3465687499847263
stability_selection,half_15_A,15,0.5,A,8,0.6,"[0, 25, 27, 16, 9, 1, 15, 2]",23.0,1.3465687499847263
stability_selection,half_15_A,15,0.5,A,10,0.5384615384615384,"[0, 25, 27, 16, 9, 1, 15, 2, 26, 19]",23.0,1.3465687499847263
stability_selection,half_15_A,15,0.5,A,12,0.6,"[0, 25, 27, 16, 9, 1, 15, 2, 26, 19, 5, 7]",23.0,1.3465687499847263
stability_selection,half_15_A,15,0.5,A,14,0.6470588235294118,"[0, 25, 27, 16, 9, 1, 15, 2, 26, 19, 5, 7, 22, 6]",23.0,1.3465687499847263
stability_selection,half_15_B,15,0.5,B,4,0.6,"[0, 25, 2, 27]",21.0,1.1222137920558453
stability_selection,half_15_B,15,0.5,B,8,0.6,"[0, 25, 2, 27, 16, 15, 3, 17]",21.0,1.1222137920558453
stability_selection,half_15_B,15,0.5,B,10,0.6666666666666666,"[0, 25, 2, 27, 16, 15, 3, 17, 26, 28]",21.0,1.1222137920558453
stability_selection,half_15_B,15,0.5,B,12,0.6,"[0, 25, 2, 27, 16, 15, 3, 17, 26, 28, 7, 8]",21.0,1.1222137920558453
stability_selection,half_15_B,15,0.5,B,14,0.6470588235294118,"[0, 25, 2, 27, 16, 15, 3, 17, 26, 28, 7, 8, 10, 22]",21.0,1.1222137920558453
stability_selection,half_16_A,16,0.5,A,4,0.6,"[0, 25, 27, 2]",22.0,0.9585548331961036
stability_selection,half_16_A,16,0.5,A,8,0.7777777777777778,"[0, 25, 27, 2, 16, 26, 15, 1]",22.0,0.9585548331961036
stability_selection,half_16_A,16,0.5,A,10,0.6666666666666666,"[0, 25, 27, 2, 16, 26, 15, 1, 6, 7]",22.0,0.9585548331961036
stability_selection,half_16_A,16,0.5,A,12,0.6,"[0, 25, 27, 2, 16, 26, 15, 1, 6, 7, 28, 8]",22.0,0.9585548331961036
stability_selection,half_16_A,16,0.5,A,14,0.6470588235294118,"[0, 25, 27, 2, 16, 26, 15, 1, 6, 7, 28, 8, 22, 21]",22.0,0.9585548331961036
stability_selection,half_16_B,16,0.5,B,4,0.6,"[0, 25, 27, 2]",25.0,1.3071027910336852
stability_selection,half_16_B,16,0.5,B,8,0.45454545454545453,"[0, 25, 27, 2, 16, 9, 18, 24]",25.0,1.3071027910336852
stability_selection,half_16_B,16,0.5,B,10,0.5384615384615384,"[0, 25, 27, 2, 16, 9, 18, 24, 15, 26]",25.0,1.3071027910336852
stability_selection,half_16_B,16,0.5,B,12,0.6,"[0, 25, 27, 2, 16, 9, 18, 24, 15, 26, 22, 3]",25.0,1.3071027910336852
stability_selection,half_16_B,16,0.5,B,14,0.6470588235294118,"[0, 25, 27, 2, 16, 9, 18, 24, 15, 26, 22, 3, 7, 8]",25.0,1.3071027910336852
stability_selection,half_17_A,17,0.5,A,4,0.3333333333333333,"[21, 0, 25, 2]",24.0,1.1038476249668747
stability_selection,half_17_A,17,0.5,A,8,0.6,"[21, 0, 25, 2, 26, 27, 16, 1]",24.0,1.1038476249668747
stability_selection,half_17_A,17,0.5,A,10,0.5384615384615384,"[21, 0, 25, 2, 26, 27, 16, 1, 15, 19]",24.0,1.1038476249668747
stability_selection,half_17_A,17,0.5,A,12,0.5,"[21, 0, 25, 2, 26, 27, 16, 1, 15, 19, 5, 28]",24.0,1.1038476249668747
stability_selection,half_17_A,17,0.5,A,14,0.5555555555555556,"[21, 0, 25, 2, 26, 27, 16, 1, 15, 19, 5, 28, 3, 9]",24.0,1.1038476249668747
stability_selection,half_17_B,17,0.5,B,4,0.6,"[0, 25, 27, 16]",21.0,1.4923152499832213
stability_selection,half_17_B,17,0.5,B,8,0.45454545454545453,"[0, 25, 27, 16, 15, 22, 7, 9]",21.0,1.4923152499832213
stability_selection,half_17_B,17,0.5,B,10,0.5384615384615384,"[0, 25, 27, 16, 15, 22, 7, 9, 28, 4]",21.0,1.4923152499832213
stability_selection,half_17_B,17,0.5,B,12,0.6,"[0, 25, 27, 16, 15, 22, 7, 9, 28, 4, 3, 6]",21.0,1.4923152499832213
stability_selection,half_17_B,17,0.5,B,14,0.6470588235294118,"[0, 25, 27, 16, 15, 22, 7, 9, 28, 4, 3, 6, 20, 2]",21.0,1.4923152499832213
stability_selection,half_18_A,18,0.5,A,4,0.3333333333333333,"[0, 25, 16, 15]",26.0,1.518845375161618
stability_selection,half_18_A,18,0.5,A,8,0.6,"[0, 25, 16, 15, 3, 7, 2, 26]",26.0,1.518845375161618
stability_selection,half_18_A,18,0.5,A,10,0.6666666666666666,"[0, 25, 16, 15, 3, 7, 2, 26, 28, 13]",26.0,1.518845375161618
stability_selection,half_18_A,18,0.5,A,12,0.5,"[0, 25, 16, 15, 3, 7, 2, 26, 28, 13, 8, 18]",26.0,1.518845375161618
stability_selection,half_18_A,18,0.5,A,14,0.6470588235294118,"[0, 25, 16, 15, 3, 7, 2, 26, 28, 13, 8, 18, 20, 27]",26.0,1.518845375161618
stability_selection,half_18_B,18,0.5,B,4,0.6,"[0, 27, 25, 2]",21.0,1.0042991251684725
stability_selection,half_18_B,18,0.5,B,8,0.45454545454545453,"[0, 27, 25, 2, 26, 7, 22, 18]",21.0,1.0042991251684725
stability_selection,half_18_B,18,0.5,B,10,0.6666666666666666,"[0, 27, 25, 2, 26, 7, 22, 18, 16, 28]",21.0,1.0042991251684725
stability_selection,half_18_B,18,0.5,B,12,0.6,"[0, 27, 25, 2, 26, 7, 22, 18, 16, 28, 17, 10]",21.0,1.0042991251684725
stability_selection,half_18_B,18,0.5,B,14,0.5555555555555556,"[0, 27, 25, 2, 26, 7, 22, 18, 16, 28, 17, 10, 19, 1]",21.0,1.0042991251684725
stability_selection,half_19_A,19,0.5,A,4,0.3333333333333333,"[0, 25, 26, 16]",23.0,1.4427525838837028
stability_selection,half_19_A,19,0.5,A,8,0.6,"[0, 25, 26, 16, 9, 3, 15, 27]",23.0,1.4427525838837028
stability_selection,half_19_A,19,0.5,A,10,0.5384615384615384,"[0, 25, 26, 16, 9, 3, 15, 27, 2, 18]",23.0,1.4427525838837028
stability_selection,half_19_A,19,0.5,A,12,0.5,"[0, 25, 26, 16, 9, 3, 15, 27, 2, 18, 4, 17]",23.0,1.4427525838837028
stability_selection,half_19_A,19,0.5,A,14,0.47368421052631576,"[0, 25, 26, 16, 9, 3, 15, 27, 2, 18, 4, 17, 24, 28]",23.0,1.4427525838837028
stability_selection,half_19_B,19,0.5,B,4,1.0,"[0, 20, 25, 27]",21.0,1.087365707848221
stability_selection,half_19_B,19,0.5,B,8,0.7777777777777778,"[0, 20, 25, 27, 2, 16, 15, 7]",21.0,1.087365707848221
stability_selection,half_19_B,19,0.5,B,10,0.6666666666666666,"[0, 20, 25, 27, 2, 16, 15, 7, 5, 19]",21.0,1.087365707848221
stability_selection,half_19_B,19,0.5,B,12,0.6,"[0, 20, 25, 27, 2, 16, 15, 7, 5, 19, 26, 17]",21.0,1.087365707848221
stability_selection,half_19_B,19,0.5,B,14,0.75,"[0, 20, 25, 27, 2, 16, 15, 7, 5, 19, 26, 17, 28, 9]",21.0,1.087365707848221
stability_selection,half_20_A,20,0.5,A,4,1.0,"[0, 20, 25, 27]",21.0,1.147806459106505
stability_selection,half_20_A,20,0.5,A,8,0.6,"[0, 20, 25, 27, 16, 15, 7, 22]",21.0,1.147806459106505
stability_selection,half_20_A,20,0.5,A,10,0.6666666666666666,"[0, 20, 25, 27, 16, 15, 7, 22, 26, 3]",21.0,1.147806459106505
stability_selection,half_20_A,20,0.5,A,12,0.7142857142857143,"[0, 20, 25, 27, 16, 15, 7, 22, 26, 3, 8, 2]",21.0,1.147806459106505
stability_selection,half_20_A,20,0.5,A,14,0.75,"[0, 20, 25, 27, 16, 15, 7, 22, 26, 3, 8, 2, 17, 19]",21.0,1.147806459106505
stability_selection,half_20_B,20,0.5,B,4,0.6,"[0, 25, 2, 27]",22.0,1.5816946250852197
stability_selection,half_20_B,20,0.5,B,8,0.7777777777777778,"[0, 25, 2, 27, 26, 15, 16, 9]",22.0,1.5816946250852197
stability_selection,half_20_B,20,0.5,B,10,0.6666666666666666,"[0, 25, 2, 27, 26, 15, 16, 9, 28, 18]",22.0,1.5816946250852197
stability_selection,half_20_B,20,0.5,B,12,0.6,"[0, 25, 2, 27, 26, 15, 16, 9, 28, 18, 1, 8]",22.0,1.5816946250852197
stability_selection,half_20_B,20,0.5,B,14,0.6470588235294118,"[0, 25, 2, 27, 26, 15, 16, 9, 28, 18, 1, 8, 7, 17]",22.0,1.5816946250852197
stability_selection,half_21_A,21,0.5,A,4,0.6,"[0, 25, 27, 16]",21.0,1.185531167080626
stability_selection,half_21_A,21,0.5,A,8,0.7777777777777778,"[0, 25, 27, 16, 15, 7, 20, 2]",21.0,1.185531167080626
stability_selection,half_21_A,21,0.5,A,10,0.6666666666666666,"[0, 25, 27, 16, 15, 7, 20, 2, 17, 6]",21.0,1.185531167080626
stability_selection,half_21_A,21,0.5,A,12,0.5,"[0, 25, 27, 16, 15, 7, 20, 2, 17, 6, 8, 24]",21.0,1.185531167080626
stability_selection,half_21_A,21,0.5,A,14,0.6470588235294118,"[0, 25, 27, 16, 15, 7, 20, 2, 17, 6, 8, 24, 28, 9]",21.0,1.185531167080626
stability_selection,half_21_B,21,0.5,B,4,0.6,"[0, 25, 16, 27]",21.0,1.7760693749878556
stability_selection,half_21_B,21,0.5,B,8,0.7777777777777778,"[0, 25, 16, 27, 2, 26, 9, 15]",21.0,1.7760693749878556
stability_selection,half_21_B,21,0.5,B,10,0.5384615384615384,"[0, 25, 16, 27, 2, 26, 9, 15, 19, 3]",21.0,1.7760693749878556
stability_selection,half_21_B,21,0.5,B,12,0.5,"[0, 25, 16, 27, 2, 26, 9, 15, 19, 3, 8, 12]",21.0,1.7760693749878556
stability_selection,half_21_B,21,0.5,B,14,0.6470588235294118,"[0, 25, 16, 27, 2, 26, 9, 15, 19, 3, 8, 12, 1, 28]",21.0,1.7760693749878556
stability_selection,half_22_A,22,0.5,A,4,0.3333333333333333,"[0, 25, 2, 16]",21.0,1.098222125088796
stability_selection,half_22_A,22,0.5,A,8,0.7777777777777778,"[0, 25, 2, 16, 27, 26, 15, 7]",21.0,1.098222125088796
stability_selection,half_22_A,22,0.5,A,10,0.6666666666666666,"[0, 25, 2, 16, 27, 26, 15, 7, 6, 19]",21.0,1.098222125088796
stability_selection,half_22_A,22,0.5,A,12,0.5,"[0, 25, 2, 16, 27, 26, 15, 7, 6, 19, 5, 4]",21.0,1.098222125088796
stability_selection,half_22_A,22,0.5,A,14,0.47368421052631576,"[0, 25, 2, 16, 27, 26, 15, 7, 6, 19, 5, 4, 10, 3]",21.0,1.098222125088796
stability_selection,half_22_B,22,0.5,B,4,0.6,"[0, 25, 27, 16]",23.0,1.4814754580147564
stability_selection,half_22_B,22,0.5,B,8,0.7777777777777778,"[0, 25, 27, 16, 2, 26, 1, 15]",23.0,1.4814754580147564
stability_selection,half_22_B,22,0.5,B,10,0.6666666666666666,"[0, 25, 27, 16, 2, 26, 1, 15, 28, 10]",23.0,1.4814754580147564
stability_selection,half_22_B,22,0.5,B,12,0.6,"[0, 25, 27, 16, 2, 26, 1, 15, 28, 10, 5, 7]",23.0,1.4814754580147564
stability_selection,half_22_B,22,0.5,B,14,0.6470588235294118,"[0, 25, 27, 16, 2, 26, 1, 15, 28, 10, 5, 7, 19, 22]",23.0,1.4814754580147564
stability_selection,half_23_A,23,0.5,A,4,0.6,"[0, 25, 27, 16]",23.0,1.0668529998511076
stability_selection,half_23_A,23,0.5,A,8,0.6,"[0, 25, 27, 16, 2, 15, 8, 17]",23.0,1.0668529998511076
stability_selection,half_23_A,23,0.5,A,10,0.42857142857142855,"[0, 25, 27, 16, 2, 15, 8, 17, 18, 19]",23.0,1.0668529998511076
stability_selection,half_23_A,23,0.5,A,12,0.4117647058823529,"[0, 25, 27, 16, 2, 15, 8, 17, 18, 19, 5, 26]",23.0,1.0668529998511076
stability_selection,half_23_A,23,0.5,A,14,0.5555555555555556,"[0, 25, 27, 16, 2, 15, 8, 17, 18, 19, 5, 26, 28, 14]",23.0,1.0668529998511076
stability_selection,half_23_B,23,0.5,B,4,0.3333333333333333,"[0, 25, 2, 26]",27.0,0.9592610001564026
stability_selection,half_23_B,23,0.5,B,8,0.6,"[0, 25, 2, 26, 16, 27, 1, 9]",27.0,0.9592610001564026
stability_selection,half_23_B,23,0.5,B,10,0.5384615384615384,"[0, 25, 2, 26, 16, 27, 1, 9, 15, 22]",27.0,0.9592610001564026
stability_selection,half_23_B,23,0.5,B,12,0.7142857142857143,"[0, 25, 2, 26, 16, 27, 1, 9, 15, 22, 7, 5]",27.0,0.9592610001564026
stability_selection,half_23_B,23,0.5,B,14,0.5555555555555556,"[0, 25, 2, 26, 16, 27, 1, 9, 15, 22, 7, 5, 21, 14]",27.0,0.9592610001564026
stability_selection,half_24_A,24,0.5,A,4,0.3333333333333333,"[23, 0, 25, 2]",21.0,0.9770448340568691
stability_selection,half_24_A,24,0.5,A,8,0.6,"[23, 0, 25, 2, 27, 1, 16, 26]",21.0,0.9770448340568691
stability_selection,half_24_A,24,0.5,A,10,0.5384615384615384,"[23, 0, 25, 2, 27, 1, 16, 26, 15, 17]",21.0,0.9770448340568691
stability_selection,half_24_A,24,0.5,A,12,0.4117647058823529,"[23, 0, 25, 2, 27, 1, 16, 26, 15, 17, 18, 24]",21.0,0.9770448340568691
stability_selection,half_24_A,24,0.5,A,14,0.47368421052631576,"[23, 0, 25, 2, 27, 1, 16, 26, 15, 17, 18, 24, 19, 9]",21.0,0.9770448340568691
stability_selection,half_24_B,24,0.5,B,4,0.6,"[21, 0, 25, 27]",24.0,0.716561249922961
stability_selection,half_24_B,24,0.5,B,8,0.6,"[21, 0, 25, 27, 16, 28, 15, 26]",24.0,0.716561249922961
stability_selection,half_24_B,24,0.5,B,10,0.6666666666666666,"[21, 0, 25, 27, 16, 28, 15, 26, 4, 20]",24.0,0.716561249922961
stability_selection,half_24_B,24,0.5,B,12,0.6,"[21, 0, 25, 27, 16, 28, 15, 26, 4, 20, 7, 3]",24.0,0.716561249922961
stability_selection,half_24_B,24,0.5,B,14,0.47368421052631576,"[21, 0, 25, 27, 16, 28, 15, 26, 4, 20, 7, 3, 18, 6]",24.0,0.716561249922961
stability_selection,half_25_A,25,0.5,A,4,0.6,"[0, 25, 27, 16]",20.0,1.1786248330026865
stability_selection,half_25_A,25,0.5,A,8,0.6,"[0, 25, 27, 16, 2, 15, 1, 9]",20.0,1.1786248330026865
stability_selection,half_25_A,25,0.5,A,10,0.5384615384615384,"[0, 25, 27, 16, 2, 15, 1, 9, 7, 6]",20.0,1.1786248330026865
stability_selection,half_25_A,25,0.5,A,12,0.7142857142857143,"[0, 25, 27, 16, 2, 15, 1, 9, 7, 6, 28, 26]",20.0,1.1786248330026865
stability_selection,half_25_A,25,0.5,A,14,0.6470588235294118,"[0, 25, 27, 16, 2, 15, 1, 9, 7, 6, 28, 26, 19, 4]",20.0,1.1786248330026865
stability_selection,half_25_B,25,0.5,B,4,0.6,"[0, 20, 25, 24]",24.0,1.3169308339711279
stability_selection,half_25_B,25,0.5,B,8,0.6,"[0, 20, 25, 24, 16, 15, 26, 28]",24.0,1.3169308339711279
stability_selection,half_25_B,25,0.5,B,10,0.5384615384615384,"[0, 20, 25, 24, 16, 15, 26, 28, 10, 22]",24.0,1.3169308339711279
stability_selection,half_25_B,25,0.5,B,12,0.7142857142857143,"[0, 20, 25, 24, 16, 15, 26, 28, 10, 22, 27, 2]",24.0,1.3169308339711279
stability_selection,half_25_B,25,0.5,B,14,0.5555555555555556,"[0, 20, 25, 24, 16, 15, 26, 28, 10, 22, 27, 2, 4, 17]",24.0,1.3169308339711279
stability_selection,half_26_A,26,0.5,A,4,0.6,"[0, 25, 2, 27]",20.0,1.1155947500374168
stability_selection,half_26_A,26,0.5,A,8,0.6,"[0, 25, 2, 27, 16, 15, 5, 9]",20.0,1.1155947500374168
stability_selection,half_26_A,26,0.5,A,10,0.5384615384615384,"[0, 25, 2, 27, 16, 15, 5, 9, 7, 14]",20.0,1.1155947500374168
stability_selection,half_26_A,26,0.5,A,12,0.6,"[0, 25, 2, 27, 16, 15, 5, 9, 7, 14, 22, 6]",20.0,1.1155947500374168
stability_selection,half_26_A,26,0.5,A,14,0.6470588235294118,"[0, 25, 2, 27, 16, 15, 5, 9, 7, 14, 22, 6, 19, 8]",20.0,1.1155947500374168
stability_selection,half_26_B,26,0.5,B,4,0.6,"[0, 20, 25, 24]",24.0,1.1203222500625998
stability_selection,half_26_B,26,0.5,B,8,0.6,"[0, 20, 25, 24, 26, 27, 16, 19]",24.0,1.1203222500625998
stability_selection,half_26_B,26,0.5,B,10,0.6666666666666666,"[0, 20, 25, 24, 26, 27, 16, 19, 2, 15]",24.0,1.1203222500625998
stability_selection,half_26_B,26,0.5,B,12,0.5,"[0, 20, 25, 24, 26, 27, 16, 19, 2, 15, 17, 3]",24.0,1.1203222500625998
stability_selection,half_26_B,26,0.5,B,14,0.5555555555555556,"[0, 20, 25, 24, 26, 27, 16, 19, 2, 15, 17, 3, 7, 4]",24.0,1.1203222500625998
stability_selection,half_27_A,27,0.5,A,4,0.6,"[0, 25, 16, 27]",23.0,1.1489582920912653
stability_selection,half_27_A,27,0.5,A,8,0.7777777777777778,"[0, 25, 16, 27, 2, 15, 28, 26]",23.0,1.1489582920912653
stability_selection,half_27_A,27,0.5,A,10,0.6666666666666666,"[0, 25, 16, 27, 2, 15, 28, 26, 17, 18]",23.0,1.1489582920912653
stability_selection,half_27_A,27,0.5,A,12,0.5,"[0, 25, 16, 27, 2, 15, 28, 26, 17, 18, 6, 24]",23.0,1.1489582920912653
stability_selection,half_27_A,27,0.5,A,14,0.47368421052631576,"[0, 25, 16, 27, 2, 15, 28, 26, 17, 18, 6, 24, 3, 8]",23.0,1.1489582920912653
stability_selection,half_27_B,27,0.5,B,4,0.6,"[0, 25, 27, 16]",24.0,1.263325500069186
stability_selection,half_27_B,27,0.5,B,8,0.6,"[0, 25, 27, 16, 7, 15, 9, 26]",24.0,1.263325500069186
stability_selection,half_27_B,27,0.5,B,10,0.6666666666666666,"[0, 25, 27, 16, 7, 15, 9, 26, 22, 28]",24.0,1.263325500069186
stability_selection,half_27_B,27,0.5,B,12,0.7142857142857143,"[0, 25, 27, 16, 7, 15, 9, 26, 22, 28, 14, 21]",24.0,1.263325500069186
stability_selection,half_27_B,27,0.5,B,14,0.75,"[0, 25, 27, 16, 7, 15, 9, 26, 22, 28, 14, 21, 20, 2]",24.0,1.263325500069186
stability_selection,half_28_A,28,0.5,A,4,0.6,"[0, 25, 27, 16]",22.0,1.1059908750467002
stability_selection,half_28_A,28,0.5,A,8,0.45454545454545453,"[0, 25, 27, 16, 15, 7, 3, 17]",22.0,1.1059908750467002
stability_selection,half_28_A,28,0.5,A,10,0.5384615384615384,"[0, 25, 27, 16, 15, 7, 3, 17, 5, 20]",22.0,1.1059908750467002
stability_selection,half_28_A,28,0.5,A,12,0.5,"[0, 25, 27, 16, 15, 7, 3, 17, 5, 20, 2, 1]",22.0,1.1059908750467002
stability_selection,half_28_A,28,0.5,A,14,0.47368421052631576,"[0, 25, 27, 16, 15, 7, 3, 17, 5, 20, 2, 1, 21, 28]",22.0,1.1059908750467002
stability_selection,half_28_B,28,0.5,B,4,0.6,"[0, 25, 27, 16]",23.0,1.1160801670048386
stability_selection,half_28_B,28,0.5,B,8,0.6,"[0, 25, 27, 16, 26, 15, 9, 22]",23.0,1.1160801670048386
stability_selection,half_28_B,28,0.5,B,10,0.42857142857142855,"[0, 25, 27, 16, 26, 15, 9, 22, 19, 13]",23.0,1.1160801670048386
stability_selection,half_28_B,28,0.5,B,12,0.6,"[0, 25, 27, 16, 26, 15, 9, 22, 19, 13, 2, 3]",23.0,1.1160801670048386
stability_selection,half_28_B,28,0.5,B,14,0.6470588235294118,"[0, 25, 27, 16, 26, 15, 9, 22, 19, 13, 2, 3, 7, 6]",23.0,1.1160801670048386
stability_selection,half_29_A,29,0.5,A,4,0.6,"[0, 25, 27, 2]",21.0,1.3471742919646204
stability_selection,half_29_A,29,0.5,A,8,0.6,"[0, 25, 27, 2, 16, 8, 17, 26]",21.0,1.3471742919646204
stability_selection,half_29_A,29,0.5,A,10,0.5384615384615384,"[0, 25, 27, 2, 16, 8, 17, 26, 15, 10]",21.0,1.3471742919646204
stability_selection,half_29_A,29,0.5,A,12,0.5,"[0, 25, 27, 2, 16, 8, 17, 26, 15, 10, 1, 9]",21.0,1.3471742919646204
stability_selection,half_29_A,29,0.5,A,14,0.5555555555555556,"[0, 25, 27, 2, 16, 8, 17, 26, 15, 10, 1, 9, 28, 5]",21.0,1.3471742919646204
stability_selection,half_29_B,29,0.5,B,4,0.6,"[0, 25, 20, 24]",25.0,1.1544277919456363
stability_selection,half_29_B,29,0.5,B,8,0.6,"[0, 25, 20, 24, 16, 27, 15, 7]",25.0,1.1544277919456363
stability_selection,half_29_B,29,0.5,B,10,0.5384615384615384,"[0, 25, 20, 24, 16, 27, 15, 7, 19, 17]",25.0,1.1544277919456363
stability_selection,half_29_B,29,0.5,B,12,0.5,"[0, 25, 20, 24, 16, 27, 15, 7, 19, 17, 22, 8]",25.0,1.1544277919456363
stability_selection,half_29_B,29,0.5,B,14,0.75,"[0, 25, 20, 24, 16, 27, 15, 7, 19, 17, 22, 8, 26, 28]",25.0,1.1544277919456363
stability_selection,f70_00,0,0.7,,4,0.6,"[0, 25, 27, 2]",19.0,1.9216574160382152
stability_selection,f70_00,0,0.7,,8,0.6,"[0, 25, 27, 2, 16, 15, 19, 7]",19.0,1.9216574160382152
stability_selection,f70_00,0,0.7,,10,0.6666666666666666,"[0, 25, 27, 2, 16, 15, 19, 7, 26, 17]",19.0,1.9216574160382152
stability_selection,f70_00,0,0.7,,12,0.7142857142857143,"[0, 25, 27, 2, 16, 15, 19, 7, 26, 17, 28, 20]",19.0,1.9216574160382152
stability_selection,f70_00,0,0.7,,14,0.6470588235294118,"[0, 25, 27, 2, 16, 15, 19, 7, 26, 17, 28, 20, 6, 3]",19.0,1.9216574160382152
stability_selection,f70_01,1,0.7,,4,0.6,"[0, 25, 27, 2]",21.0,2.066697084112093
stability_selection,f70_01,1,0.7,,8,0.7777777777777778,"[0, 25, 27, 2, 16, 15, 9, 26]",21.0,2.066697084112093
stability_selection,f70_01,1,0.7,,10,0.5384615384615384,"[0, 25, 27, 2, 16, 15, 9, 26, 24, 22]",21.0,2.066697084112093
stability_selection,f70_01,1,0.7,,12,0.7142857142857143,"[0, 25, 27, 2, 16, 15, 9, 26, 24, 22, 28, 3]",21.0,2.066697084112093
stability_selection,f70_01,1,0.7,,14,0.6470588235294118,"[0, 25, 27, 2, 16, 15, 9, 26, 24, 22, 28, 3, 7, 5]",21.0,2.066697084112093
stability_selection,f70_02,2,0.7,,4,0.6,"[0, 25, 27, 2]",21.0,2.2007676670327783
stability_selection,f70_02,2,0.7,,8,0.6,"[0, 25, 27, 2, 16, 1, 15, 9]",21.0,2.2007676670327783
stability_selection,f70_02,2,0.7,,10,0.6666666666666666,"[0, 25, 27, 2, 16, 1, 15, 9, 7, 28]",21.0,2.2007676670327783
stability_selection,f70_02,2,0.7,,12,0.8461538461538461,"[0, 25, 27, 2, 16, 1, 15, 9, 7, 28, 22, 26]",21.0,2.2007676670327783
stability_selection,f70_02,2,0.7,,14,0.75,"[0, 25, 27, 2, 16, 1, 15, 9, 7, 28, 22, 26, 17, 8]",21.0,2.2007676670327783
stability_selection,f70_03,3,0.7,,4,0.6,"[0, 25, 27, 2]",22.0,1.9066102909855545
stability_selection,f70_03,3,0.7,,8,0.7777777777777778,"[0, 25, 27, 2, 16, 1, 26, 15]",22.0,1.9066102909855545
stability_selection,f70_03,3,0.7,,10,0.8181818181818182,"[0, 25, 27, 2, 16, 1, 26, 15, 7, 28]",22.0,1.9066102909855545
stability_selection,f70_03,3,0.7,,12,0.6,"[0, 25, 27, 2, 16, 1, 26, 15, 7, 28, 18, 17]",22.0,1.9066102909855545
stability_selection,f70_03,3,0.7,,14,0.6470588235294118,"[0, 25, 27, 2, 16, 1, 26, 15, 7, 28, 18, 17, 8, 20]",22.0,1.9066102909855545
stability_selection,f70_04,4,0.7,,4,0.6,"[0, 25, 27, 2]",22.0,1.7500297918450087
stability_selection,f70_04,4,0.7,,8,0.7777777777777778,"[0, 25, 27, 2, 16, 15, 26, 7]",22.0,1.7500297918450087
stability_selection,f70_04,4,0.7,,10,1.0,"[0, 25, 27, 2, 16, 15, 26, 7, 20, 28]",22.0,1.7500297918450087
stability_selection,f70_04,4,0.7,,12,0.7142857142857143,"[0, 25, 27, 2, 16, 15, 26, 7, 20, 28, 1, 6]",22.0,1.7500297918450087
stability_selection,f70_04,4,0.7,,14,0.6470588235294118,"[0, 25, 27, 2, 16, 15, 26, 7, 20, 28, 1, 6, 9, 17]",22.0,1.7500297918450087
stability_selection,f70_05,5,0.7,,4,0.6,"[0, 25, 27, 2]",23.0,2.1086426249239594
stability_selection,f70_05,5,0.7,,8,0.7777777777777778,"[0, 25, 27, 2, 16, 26, 15, 28]",23.0,2.1086426249239594
stability_selection,f70_05,5,0.7,,10,1.0,"[0, 25, 27, 2, 16, 26, 15, 28, 7, 20]",23.0,2.1086426249239594
stability_selection,f70_05,5,0.7,,12,0.7142857142857143,"[0, 25, 27, 2, 16, 26, 15, 28, 7, 20, 3, 19]",23.0,2.1086426249239594
stability_selection,f70_05,5,0.7,,14,0.75,"[0, 25, 27, 2, 16, 26, 15, 28, 7, 20, 3, 19, 9, 4]",23.0,2.1086426249239594
stability_selection,f70_06,6,0.7,,4,0.6,"[0, 25, 27, 16]",20.0,1.755891292123124
stability_selection,f70_06,6,0.7,,8,0.7777777777777778,"[0, 25, 27, 16, 2, 15, 26, 7]",20.0,1.755891292123124
stability_selection,f70_06,6,0.7,,10,0.6666666666666666,"[0, 25, 27, 16, 2, 15, 26, 7, 9, 17]",20.0,1.755891292123124
stability_selection,f70_06,6,0.7,,12,0.6,"[0, 25, 27, 16, 2, 15, 26, 7, 9, 17, 19, 8]",20.0,1.755891292123124
stability_selection,f70_06,6,0.7,,14,0.75,"[0, 25, 27, 16, 2, 15, 26, 7, 9, 17, 19, 8, 20, 1]",20.0,1.755891292123124
stability_selection,f70_07,7,0.7,,4,0.3333333333333333,"[0, 25, 2, 16]",20.0,1.8451126250438392
stability_selection,f70_07,7,0.7,,8,0.6,"[0, 25, 2, 16, 27, 15, 9, 28]",20.0,1.8451126250438392
stability_selection,f70_07,7,0.7,,10,0.6666666666666666,"[0, 25, 2, 16, 27, 15, 9, 28, 6, 20]",20.0,1.8451126250438392
stability_selection,f70_07,7,0.7,,12,0.8461538461538461,"[0, 25, 2, 16, 27, 15, 9, 28, 6, 20, 26, 7]",20.0,1.8451126250438392
stability_selection,f70_07,7,0.7,,14,0.75,"[0, 25, 2, 16, 27, 15, 9, 28, 6, 20, 26, 7, 8, 17]",20.0,1.8451126250438392
stability_selection,f70_08,8,0.7,,4,0.6,"[0, 25, 20, 2]",22.0,1.7975629579741508
stability_selection,f70_08,8,0.7,,8,0.7777777777777778,"[0, 25, 20, 2, 27, 16, 5, 15]",22.0,1.7975629579741508
stability_selection,f70_08,8,0.7,,10,0.6666666666666666,"[0, 25, 20, 2, 27, 16, 5, 15, 7, 19]",22.0,1.7975629579741508
stability_selection,f70_08,8,0.7,,12,0.7142857142857143,"[0, 25, 20, 2, 27, 16, 5, 15, 7, 19, 26, 28]",22.0,1.7975629579741508
stability_selection,f70_08,8,0.7,,14,0.8666666666666667,"[0, 25, 20, 2, 27, 16, 5, 15, 7, 19, 26, 28, 8, 22]",22.0,1.7975629579741508
stability_selection,f70_09,9,0.7,,4,0.6,"[0, 25, 27, 24]",23.0,1.715796124888584
stability_selection,f70_09,9,0.7,,8,0.6,"[0, 25, 27, 24, 2, 16, 1, 15]",23.0,1.715796124888584
stability_selection,f70_09,9,0.7,,10,0.6666666666666666,"[0, 25, 27, 24, 2, 16, 1, 15, 26, 28]",23.0,1.715796124888584
stability_selection,f70_09,9,0.7,,12,0.6,"[0, 25, 27, 24, 2, 16, 1, 15, 26, 28, 7, 8]",23.0,1.715796124888584
stability_selection,f70_09,9,0.7,,14,0.75,"[0, 25, 27, 24, 2, 16, 1, 15, 26, 28, 7, 8, 22, 19]",23.0,1.715796124888584
stability_selection,f70_10,10,0.7,,4,0.6,"[0, 25, 24, 27]",23.0,1.7620897081214935
stability_selection,f70_10,10,0.7,,8,0.45454545454545453,"[0, 25, 24, 27, 16, 15, 1, 8]",23.0,1.7620897081214935
stability_selection,f70_10,10,0.7,,10,0.5384615384615384,"[0, 25, 24, 27, 16, 15, 1, 8, 28, 20]",23.0,1.7620897081214935
stability_selection,f70_10,10,0.7,,12,0.6,"[0, 25, 24, 27, 16, 15, 1, 8, 28, 20, 2, 26]",23.0,1.7620897081214935
stability_selection,f70_10,10,0.7,,14,0.75,"[0, 25, 24, 27, 16, 15, 1, 8, 28, 20, 2, 26, 9, 7]",23.0,1.7620897081214935
stability_selection,f70_11,11,0.7,,4,0.6,"[0, 25, 27, 2]",21.0,2.0002819169312716
stability_selection,f70_11,11,0.7,,8,0.7777777777777778,"[0, 25, 27, 2, 16, 15, 26, 7]",21.0,2.0002819169312716
stability_selection,f70_11,11,0.7,,10,0.6666666666666666,"[0, 25, 27, 2, 16, 15, 26, 7, 19, 9]",21.0,2.0002819169312716
stability_selection,f70_11,11,0.7,,12,0.6,"[0, 25, 27, 2, 16, 15, 26, 7, 19, 9, 10, 1]",21.0,2.0002819169312716
stability_selection,f70_11,11,0.7,,14,0.6470588235294118,"[0, 25, 27, 2, 16, 15, 26, 7, 19, 9, 10, 1, 28, 17]",21.0,2.0002819169312716
stability_selection,f70_12,12,0.7,,4,1.0,"[0, 20, 25, 27]",23.0,1.7943464170675725
stability_selection,f70_12,12,0.7,,8,0.7777777777777778,"[0, 20, 25, 27, 2, 16, 15, 7]",23.0,1.7943464170675725
stability_selection,f70_12,12,0.7,,10,0.6666666666666666,"[0, 20, 25, 27, 2, 16, 15, 7, 3, 17]",23.0,1.7943464170675725
stability_selection,f70_12,12,0.7,,12,0.5,"[0, 20, 25, 27, 2, 16, 15, 7, 3, 17, 8, 19]",23.0,1.7943464170675725
stability_selection,f70_12,12,0.7,,14,0.75,"[0, 20, 25, 27, 2, 16, 15, 7, 3, 17, 8, 19, 28, 9]",23.0,1.7943464170675725
stability_selection,f70_13,13,0.7,,4,0.6,"[0, 25, 27, 16]",20.0,2.23452016687952
stability_selection,f70_13,13,0.7,,8,0.6,"[0, 25, 27, 16, 2, 15, 7, 1]",20.0,2.23452016687952
stability_selection,f70_13,13,0.7,,10,0.5384615384615384,"[0, 25, 27, 16, 2, 15, 7, 1, 17, 5]",20.0,2.23452016687952
stability_selection,f70_13,13,0.7,,12,0.5,"[0, 25, 27, 16, 2, 15, 7, 1, 17, 5, 22, 19]",20.0,2.23452016687952
stability_selection,f70_13,13,0.7,,14,0.6470588235294118,"[0, 25, 27, 16, 2, 15, 7, 1, 17, 5, 22, 19, 26, 28]",20.0,2.23452016687952
stability_selection,f70_14,14,0.7,,4,0.6,"[0, 25, 27, 2]",23.0,2.3650145828723907
stability_selection,f70_14,14,0.7,,8,0.7777777777777778,"[0, 25, 27, 2, 16, 26, 15, 8]",23.0,2.3650145828723907
stability_selection,f70_14,14,0.7,,10,0.6666666666666666,"[0, 25, 27, 2, 16, 26, 15, 8, 19, 7]",23.0,2.3650145828723907
stability_selection,f70_14,14,0.7,,12,0.5,"[0, 25, 27, 2, 16, 26, 15, 8, 19, 7, 1, 6]",23.0,2.3650145828723907
stability_selection,f70_14,14,0.7,,14,0.6470588235294118,"[0, 25, 27, 2, 16, 26, 15, 8, 19, 7, 1, 6, 4, 9]",23.0,2.3650145828723907
stability_selection,f70_15,15,0.7,,4,0.6,"[21, 0, 25, 20]",25.0,1.7602396658621728
stability_selection,f70_15,15,0.7,,8,0.7777777777777778,"[21, 0, 25, 20, 2, 27, 16, 15]",25.0,1.7602396658621728
stability_selection,f70_15,15,0.7,,10,0.6666666666666666,"[21, 0, 25, 20, 2, 27, 16, 15, 17, 28]",25.0,1.7602396658621728
stability_selection,f70_15,15,0.7,,12,0.6,"[21, 0, 25, 20, 2, 27, 16, 15, 17, 28, 26, 19]",25.0,1.7602396658621728
stability_selection,f70_15,15,0.7,,14,0.75,"[21, 0, 25, 20, 2, 27, 16, 15, 17, 28, 26, 19, 9, 8]",25.0,1.7602396658621728
stability_selection,f70_16,16,0.7,,4,0.6,"[0, 25, 20, 16]",20.0,2.069473250070587
stability_selection,f70_16,16,0.7,,8,0.7777777777777778,"[0, 25, 20, 16, 2, 8, 15, 26]",20.0,2.069473250070587
stability_selection,f70_16,16,0.7,,10,0.6666666666666666,"[0, 25, 20, 16, 2, 8, 15, 26, 28, 3]",20.0,2.069473250070587
stability_selection,f70_16,16,0.7,,12,0.7142857142857143,"[0, 25, 20, 16, 2, 8, 15, 26, 28, 3, 27, 22]",20.0,2.069473250070587
stability_selection,f70_16,16,0.7,,14,0.6470588235294118,"[0, 25, 20, 16, 2, 8, 15, 26, 28, 3, 27, 22, 17, 18]",20.0,2.069473250070587
stability_selection,f70_17,17,0.7,,4,1.0,"[0, 25, 20, 27]",21.0,1.8630485418252647
stability_selection,f70_17,17,0.7,,8,0.7777777777777778,"[0, 25, 20, 27, 16, 15, 26, 7]",21.0,1.8630485418252647
stability_selection,f70_17,17,0.7,,10,0.8181818181818182,"[0, 25, 20, 27, 16, 15, 26, 7, 2, 3]",21.0,1.8630485418252647
stability_selection,f70_17,17,0.7,,12,0.7142857142857143,"[0, 25, 20, 27, 16, 15, 26, 7, 2, 3, 17, 28]",21.0,1.8630485418252647
stability_selection,f70_17,17,0.7,,14,0.5555555555555556,"[0, 25, 20, 27, 16, 15, 26, 7, 2, 3, 17, 28, 18, 1]",21.0,1.8630485418252647
stability_selection,f70_18,18,0.7,,4,0.6,"[0, 25, 2, 27]",21.0,1.60160499997437
stability_selection,f70_18,18,0.7,,8,0.6,"[0, 25, 2, 27, 16, 15, 7, 9]",21.0,1.60160499997437
stability_selection,f70_18,18,0.7,,10,0.5384615384615384,"[0, 25, 2, 27, 16, 15, 7, 9, 19, 1]",21.0,1.60160499997437
stability_selection,f70_18,18,0.7,,12,0.6,"[0, 25, 2, 27, 16, 15, 7, 9, 19, 1, 22, 4]",21.0,1.60160499997437
stability_selection,f70_18,18,0.7,,14,0.6470588235294118,"[0, 25, 2, 27, 16, 15, 7, 9, 19, 1, 22, 4, 8, 6]",21.0,1.60160499997437
stability_selection,f70_19,19,0.7,,4,0.6,"[0, 25, 27, 16]",20.0,2.0346850831992924
stability_selection,f70_19,19,0.7,,8,0.6,"[0, 25, 27, 16, 2, 15, 7, 24]",20.0,2.0346850831992924
stability_selection,f70_19,19,0.7,,10,0.8181818181818182,"[0, 25, 27, 16, 2, 15, 7, 24, 26, 28]",20.0,2.0346850831992924
stability_selection,f70_19,19,0.7,,12,0.8461538461538461,"[0, 25, 27, 16, 2, 15, 7, 24, 26, 28, 9, 22]",20.0,2.0346850831992924
stability_selection,f70_19,19,0.7,,14,0.6470588235294118,"[0, 25, 27, 16, 2, 15, 7, 24, 26, 28, 9, 22, 17, 18]",20.0,2.0346850831992924
stability_selection,f80_00,0,0.8,,4,0.6,"[0, 25, 27, 16]",24.0,2.524074957938865
stability_selection,f80_00,0,0.8,,8,0.7777777777777778,"[0, 25, 27, 16, 2, 26, 15, 7]",24.0,2.524074957938865
stability_selection,f80_00,0,0.8,,10,0.8181818181818182,"[0, 25, 27, 16, 2, 26, 15, 7, 28, 8]",24.0,2.524074957938865
stability_selection,f80_00,0,0.8,,12,0.7142857142857143,"[0, 25, 27, 16, 2, 26, 15, 7, 28, 8, 20, 1]",24.0,2.524074957938865
stability_selection,f80_00,0,0.8,,14,0.75,"[0, 25, 27, 16, 2, 26, 15, 7, 28, 8, 20, 1, 19, 17]",24.0,2.524074957938865
stability_selection,f80_01,1,0.8,,4,0.6,"[0, 25, 27, 2]",18.0,3.070518499938771
stability_selection,f80_01,1,0.8,,8,0.7777777777777778,"[0, 25, 27, 2, 16, 9, 26, 15]",18.0,3.070518499938771
stability_selection,f80_01,1,0.8,,10,0.5384615384615384,"[0, 25, 27, 2, 16, 9, 26, 15, 22, 1]",18.0,3.070518499938771
stability_selection,f80_01,1,0.8,,12,0.7142857142857143,"[0, 25, 27, 2, 16, 9, 26, 15, 22, 1, 5, 7]",18.0,3.070518499938771
stability_selection,f80_01,1,0.8,,14,0.6470588235294118,"[0, 25, 27, 2, 16, 9, 26, 15, 22, 1, 5, 7, 4, 28]",18.0,3.070518499938771
stability_selection,f80_02,2,0.8,,4,0.6,"[0, 25, 27, 2]",23.0,2.4502072918694466
stability_selection,f80_02,2,0.8,,8,0.7777777777777778,"[0, 25, 27, 2, 16, 15, 26, 7]",23.0,2.4502072918694466
stability_selection,f80_02,2,0.8,,10,0.8181818181818182,"[0, 25, 27, 2, 16, 15, 26, 7, 28, 17]",23.0,2.4502072918694466
stability_selection,f80_02,2,0.8,,12,0.6,"[0, 25, 27, 2, 16, 15, 26, 7, 28, 17, 8, 6]",23.0,2.4502072918694466
stability_selection,f80_02,2,0.8,,14,0.6470588235294118,"[0, 25, 27, 2, 16, 15, 26, 7, 28, 17, 8, 6, 1, 9]",23.0,2.4502072918694466
stability_selection,f80_03,3,0.8,,4,0.6,"[0, 25, 27, 2]",23.0,2.52419479098171
stability_selection,f80_03,3,0.8,,8,0.7777777777777778,"[0, 25, 27, 2, 16, 15, 7, 26]",23.0,2.52419479098171
stability_selection,f80_03,3,0.8,,10,0.8181818181818182,"[0, 25, 27, 2, 16, 15, 7, 26, 1, 28]",23.0,2.52419479098171
stability_selection,f80_03,3,0.8,,12,0.6,"[0, 25, 27, 2, 16, 15, 7, 26, 1, 28, 17, 8]",23.0,2.52419479098171
stability_selection,f80_03,3,0.8,,14,0.5555555555555556,"[0, 25, 27, 2, 16, 15, 7, 26, 1, 28, 17, 8, 18, 24]",23.0,2.52419479098171
stability_selection,f80_04,4,0.8,,4,0.6,"[0, 25, 27, 2]",21.0,2.5741783750709146
stability_selection,f80_04,4,0.8,,8,0.6,"[0, 25, 27, 2, 16, 15, 7, 1]",21.0,2.5741783750709146
stability_selection,f80_04,4,0.8,,10,0.8181818181818182,"[0, 25, 27, 2, 16, 15, 7, 1, 26, 28]",21.0,2.5741783750709146
stability_selection,f80_04,4,0.8,,12,0.7142857142857143,"[0, 25, 27, 2, 16, 15, 7, 1, 26, 28, 22, 8]",21.0,2.5741783750709146
stability_selection,f80_04,4,0.8,,14,0.75,"[0, 25, 27, 2, 16, 15, 7, 1, 26, 28, 22, 8, 17, 19]",21.0,2.5741783750709146
stability_selection,f80_05,5,0.8,,4,0.6,"[0, 25, 27, 16]",20.0,2.6885595000348985
stability_selection,f80_05,5,0.8,,8,0.7777777777777778,"[0, 25, 27, 16, 2, 15, 26, 28]",20.0,2.6885595000348985
stability_selection,f80_05,5,0.8,,10,0.8181818181818182,"[0, 25, 27, 16, 2, 15, 26, 28, 8, 7]",20.0,2.6885595000348985
stability_selection,f80_05,5,0.8,,12,0.7142857142857143,"[0, 25, 27, 16, 2, 15, 26, 28, 8, 7, 9, 4]",20.0,2.6885595000348985
stability_selection,f80_05,5,0.8,,14,0.6470588235294118,"[0, 25, 27, 16, 2, 15, 26, 28, 8, 7, 9, 4, 18, 17]",20.0,2.6885595000348985
stability_selection,f80_06,6,0.8,,4,0.6,"[0, 25, 27, 16]",23.0,2.4570764580275863
stability_selection,f80_06,6,0.8,,8,0.6,"[0, 25, 27, 16, 2, 15, 7, 8]",23.0,2.4570764580275863
stability_selection,f80_06,6,0.8,,10,0.8181818181818182,"[0, 25, 27, 16, 2, 15, 7, 8, 20, 26]",23.0,2.4570764580275863
stability_selection,f80_06,6,0.8,,12,0.6,"[0, 25, 27, 16, 2, 15, 7, 8, 20, 26, 17, 1]",23.0,2.4570764580275863
stability_selection,f80_06,6,0.8,,14,0.75,"[0, 25, 27, 16, 2, 15, 7, 8, 20, 26, 17, 1, 9, 19]",23.0,2.4570764580275863
stability_selection,f80_07,7,0.8,,4,1.0,"[0, 20, 25, 27]",22.0,2.2364795422181487
stability_selection,f80_07,7,0.8,,8,1.0,"[0, 20, 25, 27, 16, 2, 26, 15]",22.0,2.2364795422181487
stability_selection,f80_07,7,0.8,,10,0.8181818181818182,"[0, 20, 25, 27, 16, 2, 26, 15, 9, 28]",22.0,2.2364795422181487
stability_selection,f80_07,7,0.8,,12,1.0,"[0, 20, 25, 27, 16, 2, 26, 15, 9, 28, 7, 22]",22.0,2.2364795422181487
stability_selection,f80_07,7,0.8,,14,0.8666666666666667,"[0, 20, 25, 27, 16, 2, 26, 15, 9, 28, 7, 22, 3, 8]",22.0,2.2364795422181487
stability_selection,f80_08,8,0.8,,4,0.6,"[0, 25, 27, 2]",20.0,2.8722684590611607
stability_selection,f80_08,8,0.8,,8,0.6,"[0, 25, 27, 2, 16, 15, 7, 9]",20.0,2.8722684590611607
stability_selection,f80_08,8,0.8,,10,0.6666666666666666,"[0, 25, 27, 2, 16, 15, 7, 9, 26, 8]",20.0,2.8722684590611607
stability_selection,f80_08,8,0.8,,12,0.6,"[0, 25, 27, 2, 16, 15, 7, 9, 26, 8, 6, 1]",20.0,2.8722684590611607
stability_selection,f80_08,8,0.8,,14,0.6470588235294118,"[0, 25, 27, 2, 16, 15, 7, 9, 26, 8, 6, 1, 28, 5]",20.0,2.8722684590611607
stability_selection,f80_09,9,0.8,,4,0.6,"[0, 25, 27, 16]",22.0,2.440178500022739
stability_selection,f80_09,9,0.8,,8,0.6,"[0, 25, 27, 16, 26, 15, 28, 7]",22.0,2.440178500022739
stability_selection,f80_09,9,0.8,,10,1.0,"[0, 25, 27, 16, 26, 15, 28, 7, 20, 2]",22.0,2.440178500022739
stability_selection,f80_09,9,0.8,,12,0.8461538461538461,"[0, 25, 27, 16, 26, 15, 28, 7, 20, 2, 22, 8]",22.0,2.440178500022739
stability_selection,f80_09,9,0.8,,14,0.8666666666666667,"[0, 25, 27, 16, 26, 15, 28, 7, 20, 2, 22, 8, 3, 19]",22.0,2.440178500022739
stability_selection,f80_10,10,0.8,,4,1.0,"[0, 25, 20, 27]",22.0,2.414506708038971
stability_selection,f80_10,10,0.8,,8,0.7777777777777778,"[0, 25, 20, 27, 2, 16, 15, 9]",22.0,2.414506708038971
stability_selection,f80_10,10,0.8,,10,0.6666666666666666,"[0, 25, 20, 27, 2, 16, 15, 9, 7, 24]",22.0,2.414506708038971
stability_selection,f80_10,10,0.8,,12,0.8461538461538461,"[0, 25, 20, 27, 2, 16, 15, 9, 7, 24, 26, 28]",22.0,2.414506708038971
stability_selection,f80_10,10,0.8,,14,0.75,"[0, 25, 20, 27, 2, 16, 15, 9, 7, 24, 26, 28, 8, 3]",22.0,2.414506708038971
stability_selection,f80_11,11,0.8,,4,0.6,"[0, 25, 27, 16]",22.0,2.775906209135428
stability_selection,f80_11,11,0.8,,8,0.7777777777777778,"[0, 25, 27, 16, 2, 15, 1, 26]",22.0,2.775906209135428
stability_selection,f80_11,11,0.8,,10,0.6666666666666666,"[0, 25, 27, 16, 2, 15, 1, 26, 7, 9]",22.0,2.775906209135428
stability_selection,f80_11,11,0.8,,12,0.7142857142857143,"[0, 25, 27, 16, 2, 15, 1, 26, 7, 9, 28, 19]",22.0,2.775906209135428
stability_selection,f80_11,11,0.8,,14,0.6470588235294118,"[0, 25, 27, 16, 2, 15, 1, 26, 7, 9, 28, 19, 17, 18]",22.0,2.775906209135428
stability_selection,f80_12,12,0.8,,4,0.6,"[0, 25, 27, 2]",22.0,2.7345698340795934
stability_selection,f80_12,12,0.8,,8,0.7777777777777778,"[0, 25, 27, 2, 16, 15, 26, 7]",22.0,2.7345698340795934
stability_selection,f80_12,12,0.8,,10,0.8181818181818182,"[0, 25, 27, 2, 16, 15, 26, 7, 28, 8]",22.0,2.7345698340795934
stability_selection,f80_12,12,0.8,,12,0.6,"[0, 25, 27, 2, 16, 15, 26, 7, 28, 8, 19, 1]",22.0,2.7345698340795934
stability_selection,f80_12,12,0.8,,14,0.75,"[0, 25, 27, 2, 16, 15, 26, 7, 28, 8, 19, 1, 17, 9]",22.0,2.7345698340795934
stability_selection,f80_13,13,0.8,,4,0.6,"[0, 25, 27, 16]",20.0,2.8253293328452855
stability_selection,f80_13,13,0.8,,8,0.7777777777777778,"[0, 25, 27, 16, 2, 15, 26, 7]",20.0,2.8253293328452855
stability_selection,f80_13,13,0.8,,10,0.6666666666666666,"[0, 25, 27, 16, 2, 15, 26, 7, 9, 17]",20.0,2.8253293328452855
stability_selection,f80_13,13,0.8,,12,0.6,"[0, 25, 27, 16, 2, 15, 26, 7, 9, 17, 19, 6]",20.0,2.8253293328452855
stability_selection,f80_13,13,0.8,,14,0.6470588235294118,"[0, 25, 27, 16, 2, 15, 26, 7, 9, 17, 19, 6, 1, 28]",20.0,2.8253293328452855
stability_selection,f80_14,14,0.8,,4,0.6,"[0, 25, 27, 16]",23.0,2.766326541081071
stability_selection,f80_14,14,0.8,,8,0.7777777777777778,"[0, 25, 27, 16, 2, 26, 15, 7]",23.0,2.766326541081071
stability_selection,f80_14,14,0.8,,10,0.6666666666666666,"[0, 25, 27, 16, 2, 26, 15, 7, 19, 9]",23.0,2.766326541081071
stability_selection,f80_14,14,0.8,,12,0.7142857142857143,"[0, 25, 27, 16, 2, 26, 15, 7, 19, 9, 3, 28]",23.0,2.766326541081071
stability_selection,f80_14,14,0.8,,14,0.6470588235294118,"[0, 25, 27, 16, 2, 26, 15, 7, 19, 9, 3, 28, 10, 1]",23.0,2.766326541081071
stability_selection,f80_15,15,0.8,,4,0.6,"[0, 25, 27, 16]",21.0,2.2943360831122845
stability_selection,f80_15,15,0.8,,8,0.7777777777777778,"[0, 25, 27, 16, 2, 26, 15, 9]",21.0,2.2943360831122845
stability_selection,f80_15,15,0.8,,10,0.5384615384615384,"[0, 25, 27, 16, 2, 26, 15, 9, 19, 8]",21.0,2.2943360831122845
stability_selection,f80_15,15,0.8,,12,0.7142857142857143,"[0, 25, 27, 16, 2, 26, 15, 9, 19, 8, 22, 7]",21.0,2.2943360831122845
stability_selection,f80_15,15,0.8,,14,0.8666666666666667,"[0, 25, 27, 16, 2, 26, 15, 9, 19, 8, 22, 7, 28, 17]",21.0,2.2943360831122845
stability_selection,f80_16,16,0.8,,4,0.6,"[0, 25, 27, 2]",22.0,2.4986417500767857
stability_selection,f80_16,16,0.8,,8,0.7777777777777778,"[0, 25, 27, 2, 16, 26, 15, 28]",22.0,2.4986417500767857
stability_selection,f80_16,16,0.8,,10,0.8181818181818182,"[0, 25, 27, 2, 16, 26, 15, 28, 8, 7]",22.0,2.4986417500767857
stability_selection,f80_16,16,0.8,,12,0.7142857142857143,"[0, 25, 27, 2, 16, 26, 15, 28, 8, 7, 20, 1]",22.0,2.4986417500767857
stability_selection,f80_16,16,0.8,,14,0.8666666666666667,"[0, 25, 27, 2, 16, 26, 15, 28, 8, 7, 20, 1, 22, 19]",22.0,2.4986417500767857
stability_selection,f80_17,17,0.8,,4,0.6,"[0, 25, 27, 2]",19.0,2.5379685000516474
stability_selection,f80_17,17,0.8,,8,0.7777777777777778,"[0, 25, 27, 2, 16, 15, 26, 7]",19.0,2.5379685000516474
stability_selection,f80_17,17,0.8,,10,0.8181818181818182,"[0, 25, 27, 2, 16, 15, 26, 7, 24, 28]",19.0,2.5379685000516474
stability_selection,f80_17,17,0.8,,12,0.7142857142857143,"[0, 25, 27, 2, 16, 15, 26, 7, 24, 28, 20, 5]",19.0,2.5379685000516474
stability_selection,f80_17,17,0.8,,14,0.6470588235294118,"[0, 25, 27, 2, 16, 15, 26, 7, 24, 28, 20, 5, 17, 19]",19.0,2.5379685000516474
stability_selection,f80_18,18,0.8,,4,0.6,"[0, 25, 2, 27]",21.0,2.783461916958913
stability_selection,f80_18,18,0.8,,8,0.7777777777777778,"[0, 25, 2, 27, 16, 26, 1, 15]",21.0,2.783461916958913
stability_selection,f80_18,18,0.8,,10,0.6666666666666666,"[0, 25, 2, 27, 16, 26, 1, 15, 7, 9]",21.0,2.783461916958913
stability_selection,f80_18,18,0.8,,12,0.7142857142857143,"[0, 25, 2, 27, 16, 26, 1, 15, 7, 9, 3, 22]",21.0,2.783461916958913
stability_selection,f80_18,18,0.8,,14,0.75,"[0, 25, 2, 27, 16, 26, 1, 15, 7, 9, 3, 22, 20, 19]",21.0,2.783461916958913
stability_selection,f80_19,19,0.8,,4,0.6,"[0, 25, 27, 16]",20.0,2.686044249916449
stability_selection,f80_19,19,0.8,,8,0.7777777777777778,"[0, 25, 27, 16, 2, 26, 15, 7]",20.0,2.686044249916449
stability_selection,f80_19,19,0.8,,10,0.8181818181818182,"[0, 25, 27, 16, 2, 26, 15, 7, 17, 28]",20.0,2.686044249916449
stability_selection,f80_19,19,0.8,,12,0.6,"[0, 25, 27, 16, 2, 26, 15, 7, 17, 28, 8, 18]",20.0,2.686044249916449
stability_selection,f80_19,19,0.8,,14,0.75,"[0, 25, 27, 16, 2, 26, 15, 7, 17, 28, 8, 18, 9, 19]",20.0,2.686044249916449
shadow_trees,half_00_A,0,0.5,A,4,1.0,"[21, 23, 24, 20]",13.0,14.945615916047245
shadow_trees,half_00_A,0,0.5,A,8,1.0,"[21, 23, 24, 20, 0, 25, 15, 16]",13.0,14.945615916047245
shadow_trees,half_00_A,0,0.5,A,10,1.0,"[21, 23, 24, 20, 0, 25, 15, 16, 19, 9]",13.0,14.945615916047245
shadow_trees,half_00_A,0,0.5,A,12,1.0,"[21, 23, 24, 20, 0, 25, 15, 16, 19, 9, 2, 1]",13.0,14.945615916047245
shadow_trees,half_00_A,0,0.5,A,14,0.8666666666666667,"[21, 23, 24, 20, 0, 25, 15, 16, 19, 9, 2, 1, 26, 28]",13.0,14.945615916047245
shadow_trees,half_00_B,0,0.5,B,4,1.0,"[21, 23, 24, 20]",13.0,14.61443950003013
shadow_trees,half_00_B,0,0.5,B,8,1.0,"[21, 23, 24, 20, 15, 0, 25, 16]",13.0,14.61443950003013
shadow_trees,half_00_B,0,0.5,B,10,1.0,"[21, 23, 24, 20, 15, 0, 25, 16, 19, 9]",13.0,14.61443950003013
shadow_trees,half_00_B,0,0.5,B,12,1.0,"[21, 23, 24, 20, 15, 0, 25, 16, 19, 9, 1, 2]",13.0,14.61443950003013
shadow_trees,half_00_B,0,0.5,B,14,0.8666666666666667,"[21, 23, 24, 20, 15, 0, 25, 16, 19, 9, 1, 2, 7, 26]",13.0,14.61443950003013
shadow_trees,half_01_A,1,0.5,A,4,1.0,"[24, 21, 23, 20]",13.0,14.078108165878803
shadow_trees,half_01_A,1,0.5,A,8,1.0,"[24, 21, 23, 20, 25, 15, 0, 16]",13.0,14.078108165878803
shadow_trees,half_01_A,1,0.5,A,10,0.8181818181818182,"[24, 21, 23, 20, 25, 15, 0, 16, 19, 2]",13.0,14.078108165878803
shadow_trees,half_01_A,1,0.5,A,12,1.0,"[24, 21, 23, 20, 25, 15, 0, 16, 19, 2, 9, 1]",13.0,14.078108165878803
shadow_trees,half_01_A,1,0.5,A,14,0.8666666666666667,"[24, 21, 23, 20, 25, 15, 0, 16, 19, 2, 9, 1, 26, 28]",13.0,14.078108165878803
shadow_trees,half_01_B,1,0.5,B,4,1.0,"[21, 23, 24, 20]",14.0,14.768274208065122
shadow_trees,half_01_B,1,0.5,B,8,1.0,"[21, 23, 24, 20, 0, 25, 15, 16]",14.0,14.768274208065122
shadow_trees,half_01_B,1,0.5,B,10,1.0,"[21, 23, 24, 20, 0, 25, 15, 16, 19, 9]",14.0,14.768274208065122
shadow_trees,half_01_B,1,0.5,B,12,0.8461538461538461,"[21, 23, 24, 20, 0, 25, 15, 16, 19, 9, 26, 1]",14.0,14.768274208065122
shadow_trees,half_01_B,1,0.5,B,14,0.8666666666666667,"[21, 23, 24, 20, 0, 25, 15, 16, 19, 9, 26, 1, 2, 8]",14.0,14.768274208065122
shadow_trees,half_02_A,2,0.5,A,4,1.0,"[24, 21, 23, 20]",13.0,13.706818582955748
shadow_trees,half_02_A,2,0.5,A,8,1.0,"[24, 21, 23, 20, 25, 15, 0, 16]",13.0,13.706818582955748
shadow_trees,half_02_A,2,0.5,A,10,1.0,"[24, 21, 23, 20, 25, 15, 0, 16, 19, 9]",13.0,13.706818582955748
shadow_trees,half_02_A,2,0.5,A,12,1.0,"[24, 21, 23, 20, 25, 15, 0, 16, 19, 9, 1, 2]",13.0,13.706818582955748
shadow_trees,half_02_A,2,0.5,A,14,1.0,"[24, 21, 23, 20, 25, 15, 0, 16, 19, 9, 1, 2, 26, 18]",13.0,13.706818582955748
shadow_trees,half_02_B,2,0.5,B,4,1.0,"[21, 23, 24, 20]",12.0,15.294177833013237
shadow_trees,half_02_B,2,0.5,B,8,1.0,"[21, 23, 24, 20, 0, 25, 15, 16]",12.0,15.294177833013237
shadow_trees,half_02_B,2,0.5,B,10,1.0,"[21, 23, 24, 20, 0, 25, 15, 16, 19, 9]",12.0,15.294177833013237
shadow_trees,half_02_B,2,0.5,B,12,1.0,"[21, 23, 24, 20, 0, 25, 15, 16, 19, 9, 2, 1]",12.0,15.294177833013237
shadow_trees,half_02_B,2,0.5,B,14,0.8666666666666667,"[21, 23, 24, 20, 0, 25, 15, 16, 19, 9, 2, 1, 28, 26]",12.0,15.294177833013237
shadow_trees,half_03_A,3,0.5,A,4,1.0,"[21, 23, 24, 20]",12.0,14.755191875156015
shadow_trees,half_03_A,3,0.5,A,8,1.0,"[21, 23, 24, 20, 0, 25, 15, 16]",12.0,14.755191875156015
shadow_trees,half_03_A,3,0.5,A,10,1.0,"[21, 23, 24, 20, 0, 25, 15, 16, 19, 9]",12.0,14.755191875156015
shadow_trees,half_03_A,3,0.5,A,12,1.0,"[21, 23, 24, 20, 0, 25, 15, 16, 19, 9, 2, 1]",12.0,14.755191875156015
shadow_trees,half_03_A,3,0.5,A,14,0.8666666666666667,"[21, 23, 24, 20, 0, 25, 15, 16, 19, 9, 2, 1, 26, 28]",12.0,14.755191875156015
shadow_trees,half_03_B,3,0.5,B,4,1.0,"[21, 23, 24, 20]",12.0,15.02711583301425
shadow_trees,half_03_B,3,0.5,B,8,1.0,"[21, 23, 24, 20, 25, 0, 15, 16]",12.0,15.02711583301425
shadow_trees,half_03_B,3,0.5,B,10,1.0,"[21, 23, 24, 20, 25, 0, 15, 16, 19, 9]",12.0,15.02711583301425
shadow_trees,half_03_B,3,0.5,B,12,1.0,"[21, 23, 24, 20, 25, 0, 15, 16, 19, 9, 2, 1]",12.0,15.02711583301425
shadow_trees,half_03_B,3,0.5,B,14,1.0,"[21, 23, 24, 20, 25, 0, 15, 16, 19, 9, 2, 1, 26, 18]",12.0,15.02711583301425
shadow_trees,half_04_A,4,0.5,A,4,1.0,"[21, 24, 23, 20]",13.0,14.579692125087604
shadow_trees,half_04_A,4,0.5,A,8,1.0,"[21, 24, 23, 20, 25, 0, 15, 16]",13.0,14.579692125087604
shadow_trees,half_04_A,4,0.5,A,10,0.8181818181818182,"[21, 24, 23, 20, 25, 0, 15, 16, 19, 2]",13.0,14.579692125087604
shadow_trees,half_04_A,4,0.5,A,12,1.0,"[21, 24, 23, 20, 25, 0, 15, 16, 19, 2, 1, 9]",13.0,14.579692125087604
shadow_trees,half_04_A,4,0.5,A,14,0.8666666666666667,"[21, 24, 23, 20, 25, 0, 15, 16, 19, 2, 1, 9, 26, 28]",13.0,14.579692125087604
shadow_trees,half_04_B,4,0.5,B,4,1.0,"[21, 23, 24, 20]",12.0,15.170344666810706
shadow_trees,half_04_B,4,0.5,B,8,1.0,"[21, 23, 24, 20, 0, 15, 25, 16]",12.0,15.170344666810706
shadow_trees,half_04_B,4,0.5,B,10,1.0,"[21, 23, 24, 20, 0, 15, 25, 16, 19, 9]",12.0,15.170344666810706
shadow_trees,half_04_B,4,0.5,B,12,0.8461538461538461,"[21, 23, 24, 20, 0, 15, 25, 16, 19, 9, 2, 26]",12.0,15.170344666810706
shadow_trees,half_04_B,4,0.5,B,14,1.0,"[21, 23, 24, 20, 0, 15, 25, 16, 19, 9, 2, 26, 1, 18]",12.0,15.170344666810706
shadow_trees,half_05_A,5,0.5,A,4,1.0,"[23, 21, 24, 20]",13.0,14.95364758418873
shadow_trees,half_05_A,5,0.5,A,8,1.0,"[23, 21, 24, 20, 0, 15, 25, 16]",13.0,14.95364758418873
shadow_trees,half_05_A,5,0.5,A,10,1.0,"[23, 21, 24, 20, 0, 15, 25, 16, 19, 9]",13.0,14.95364758418873
shadow_trees,half_05_A,5,0.5,A,12,1.0,"[23, 21, 24, 20, 0, 15, 25, 16, 19, 9, 2, 1]",13.0,14.95364758418873
shadow_trees,half_05_A,5,0.5,A,14,0.8666666666666667,"[23, 21, 24, 20, 0, 15, 25, 16, 19, 9, 2, 1, 26, 28]",13.0,14.95364758418873
shadow_trees,half_05_B,5,0.5,B,4,1.0,"[21, 23, 24, 20]",13.0,14.75420687487349
shadow_trees,half_05_B,5,0.5,B,8,1.0,"[21, 23, 24, 20, 25, 0, 15, 16]",13.0,14.75420687487349
shadow_trees,half_05_B,5,0.5,B,10,1.0,"[21, 23, 24, 20, 25, 0, 15, 16, 19, 9]",13.0,14.75420687487349
shadow_trees,half_05_B,5,0.5,B,12,0.8461538461538461,"[21, 23, 24, 20, 25, 0, 15, 16, 19, 9, 1, 26]",13.0,14.75420687487349
shadow_trees,half_05_B,5,0.5,B,14,0.8666666666666667,"[21, 23, 24, 20, 25, 0, 15, 16, 19, 9, 1, 26, 2, 28]",13.0,14.75420687487349
shadow_trees,half_06_A,6,0.5,A,4,1.0,"[21, 23, 24, 20]",12.0,14.017229290911928
shadow_trees,half_06_A,6,0.5,A,8,1.0,"[21, 23, 24, 20, 0, 25, 15, 16]",12.0,14.017229290911928
shadow_trees,half_06_A,6,0.5,A,10,1.0,"[21, 23, 24, 20, 0, 25, 15, 16, 19, 9]",12.0,14.017229290911928
shadow_trees,half_06_A,6,0.5,A,12,1.0,"[21, 23, 24, 20, 0, 25, 15, 16, 19, 9, 2, 1]",12.0,14.017229290911928
shadow_trees,half_06_A,6,0.5,A,14,0.8666666666666667,"[21, 23, 24, 20, 0, 25, 15, 16, 19, 9, 2, 1, 28, 18]",12.0,14.017229290911928
shadow_trees,half_06_B,6,0.5,B,4,0.6,"[21, 23, 24, 0]",13.0,15.460974583867937
shadow_trees,half_06_B,6,0.5,B,8,1.0,"[21, 23, 24, 0, 20, 25, 15, 16]",13.0,15.460974583867937
shadow_trees,half_06_B,6,0.5,B,10,0.8181818181818182,"[21, 23, 24, 0, 20, 25, 15, 16, 19, 26]",13.0,15.460974583867937
shadow_trees,half_06_B,6,0.5,B,12,0.8461538461538461,"[21, 23, 24, 0, 20, 25, 15, 16, 19, 26, 2, 9]",13.0,15.460974583867937
shadow_trees,half_06_B,6,0.5,B,14,0.8666666666666667,"[21, 23, 24, 0, 20, 25, 15, 16, 19, 26, 2, 9, 1, 6]",13.0,15.460974583867937
shadow_trees,half_07_A,7,0.5,A,4,1.0,"[21, 23, 24, 20]",13.0,15.264238457893953
shadow_trees,half_07_A,7,0.5,A,8,1.0,"[21, 23, 24, 20, 0, 25, 15, 16]",13.0,15.264238457893953
shadow_trees,half_07_A,7,0.5,A,10,1.0,"[21, 23, 24, 20, 0, 25, 15, 16, 19, 9]",13.0,15.264238457893953
shadow_trees,half_07_A,7,0.5,A,12,0.8461538461538461,"[21, 23, 24, 20, 0, 25, 15, 16, 19, 9, 2, 26]",13.0,15.264238457893953
shadow_trees,half_07_A,7,0.5,A,14,0.8666666666666667,"[21, 23, 24, 20, 0, 25, 15, 16, 19, 9, 2, 26, 1, 28]",13.0,15.264238457893953
shadow_trees,half_07_B,7,0.5,B,4,1.0,"[24, 23, 21, 20]",12.0,14.540869499789551
shadow_trees,half_07_B,7,0.5,B,8,1.0,"[24, 23, 21, 20, 25, 15, 0, 16]",12.0,14.540869499789551
shadow_trees,half_07_B,7,0.5,B,10,0.8181818181818182,"[24, 23, 21, 20, 25, 15, 0, 16, 19, 2]",12.0,14.540869499789551
shadow_trees,half_07_B,7,0.5,B,12,1.0,"[24, 23, 21, 20, 25, 15, 0, 16, 19, 2, 9, 1]",12.0,14.540869499789551
shadow_trees,half_07_B,7,0.5,B,14,0.8666666666666667,"[24, 23, 21, 20, 25, 15, 0, 16, 19, 2, 9, 1, 26, 28]",12.0,14.540869499789551
shadow_trees,half_08_A,8,0.5,A,4,1.0,"[21, 24, 23, 20]",12.0,15.25694275018759
shadow_trees,half_08_A,8,0.5,A,8,1.0,"[21, 24, 23, 20, 0, 25, 15, 16]",12.0,15.25694275018759
shadow_trees,half_08_A,8,0.5,A,10,0.8181818181818182,"[21, 24, 23, 20, 0, 25, 15, 16, 19, 2]",12.0,15.25694275018759
shadow_trees,half_08_A,8,0.5,A,12,1.0,"[21, 24, 23, 20, 0, 25, 15, 16, 19, 2, 9, 1]",12.0,15.25694275018759
shadow_trees,half_08_A,8,0.5,A,14,0.8666666666666667,"[21, 24, 23, 20, 0, 25, 15, 16, 19, 2, 9, 1, 26, 4]",12.0,15.25694275018759
shadow_trees,half_08_B,8,0.5,B,4,1.0,"[21, 23, 24, 20]",12.0,14.407530665863305
shadow_trees,half_08_B,8,0.5,B,8,1.0,"[21, 23, 24, 20, 25, 0, 15, 16]",12.0,14.407530665863305
shadow_trees,half_08_B,8,0.5,B,10,1.0,"[21, 23, 24, 20, 25, 0, 15, 16, 19, 9]",12.0,14.407530665863305
shadow_trees,half_08_B,8,0.5,B,12,0.8461538461538461,"[21, 23, 24, 20, 25, 0, 15, 16, 19, 9, 2, 26]",12.0,14.407530665863305
shadow_trees,half_08_B,8,0.5,B,14,0.8666666666666667,"[21, 23, 24, 20, 25, 0, 15, 16, 19, 9, 2, 26, 1, 28]",12.0,14.407530665863305
shadow_trees,half_09_A,9,0.5,A,4,1.0,"[23, 21, 24, 20]",13.0,14.239081291016191
shadow_trees,half_09_A,9,0.5,A,8,1.0,"[23, 21, 24, 20, 25, 0, 15, 16]",13.0,14.239081291016191
shadow_trees,half_09_A,9,0.5,A,10,1.0,"[23, 21, 24, 20, 25, 0, 15, 16, 19, 9]",13.0,14.239081291016191
shadow_trees,half_09_A,9,0.5,A,12,0.8461538461538461,"[23, 21, 24, 20, 25, 0, 15, 16, 19, 9, 26, 2]",13.0,14.239081291016191
shadow_trees,half_09_A,9,0.5,A,14,0.8666666666666667,"[23, 21, 24, 20, 25, 0, 15, 16, 19, 9, 26, 2, 1, 28]",13.0,14.239081291016191
shadow_trees,half_09_B,9,0.5,B,4,1.0,"[21, 23, 24, 20]",12.0,15.270390332909301
shadow_trees,half_09_B,9,0.5,B,8,1.0,"[21, 23, 24, 20, 0, 15, 25, 16]",12.0,15.270390332909301
shadow_trees,half_09_B,9,0.5,B,10,1.0,"[21, 23, 24, 20, 0, 15, 25, 16, 19, 9]",12.0,15.270390332909301
shadow_trees,half_09_B,9,0.5,B,12,1.0,"[21, 23, 24, 20, 0, 15, 25, 16, 19, 9, 2, 1]",12.0,15.270390332909301
shadow_trees,half_09_B,9,0.5,B,14,0.8666666666666667,"[21, 23, 24, 20, 0, 15, 25, 16, 19, 9, 2, 1, 28, 26]",12.0,15.270390332909301
shadow_trees,half_10_A,10,0.5,A,4,1.0,"[21, 23, 24, 20]",12.0,14.944397875107825
shadow_trees,half_10_A,10,0.5,A,8,1.0,"[21, 23, 24, 20, 0, 25, 15, 16]",12.0,14.944397875107825
shadow_trees,half_10_A,10,0.5,A,10,0.8181818181818182,"[21, 23, 24, 20, 0, 25, 15, 16, 19, 2]",12.0,14.944397875107825
shadow_trees,half_10_A,10,0.5,A,12,1.0,"[21, 23, 24, 20, 0, 25, 15, 16, 19, 2, 9, 1]",12.0,14.944397875107825
shadow_trees,half_10_A,10,0.5,A,14,0.8666666666666667,"[21, 23, 24, 20, 0, 25, 15, 16, 19, 2, 9, 1, 28, 26]",12.0,14.944397875107825
shadow_trees,half_10_B,10,0.5,B,4,0.6,"[21, 23, 24, 25]",13.0,14.68589979200624
shadow_trees,half_10_B,10,0.5,B,8,1.0,"[21, 23, 24, 25, 20, 0, 15, 16]",13.0,14.68589979200624
shadow_trees,half_10_B,10,0.5,B,10,1.0,"[21, 23, 24, 25, 20, 0, 15, 16, 19, 9]",13.0,14.68589979200624
shadow_trees,half_10_B,10,0.5,B,12,1.0,"[21, 23, 24, 25, 20, 0, 15, 16, 19, 9, 1, 2]",13.0,14.68589979200624
shadow_trees,half_10_B,10,0.5,B,14,0.8666666666666667,"[21, 23, 24, 25, 20, 0, 15, 16, 19, 9, 1, 2, 26, 28]",13.0,14.68589979200624
shadow_trees,half_11_A,11,0.5,A,4,1.0,"[21, 23, 24, 20]",12.0,15.01621983293444
shadow_trees,half_11_A,11,0.5,A,8,1.0,"[21, 23, 24, 20, 0, 15, 25, 16]",12.0,15.01621983293444
shadow_trees,half_11_A,11,0.5,A,10,1.0,"[21, 23, 24, 20, 0, 15, 25, 16, 19, 9]",12.0,15.01621983293444
shadow_trees,half_11_A,11,0.5,A,12,0.8461538461538461,"[21, 23, 24, 20, 0, 15, 25, 16, 19, 9, 2, 26]",12.0,15.01621983293444
shadow_trees,half_11_A,11,0.5,A,14,1.0,"[21, 23, 24, 20, 0, 15, 25, 16, 19, 9, 2, 26, 1, 18]",12.0,15.01621983293444
shadow_trees,half_11_B,11,0.5,B,4,0.6,"[21, 23, 24, 25]",12.0,14.74023204180412
shadow_trees,half_11_B,11,0.5,B,8,1.0,"[21, 23, 24, 25, 20, 0, 15, 16]",12.0,14.74023204180412
shadow_trees,half_11_B,11,0.5,B,10,1.0,"[21, 23, 24, 25, 20, 0, 15, 16, 19, 9]",12.0,14.74023204180412
shadow_trees,half_11_B,11,0.5,B,12,1.0,"[21, 23, 24, 25, 20, 0, 15, 16, 19, 9, 1, 2]",12.0,14.74023204180412
shadow_trees,half_11_B,11,0.5,B,14,0.8666666666666667,"[21, 23, 24, 25, 20, 0, 15, 16, 19, 9, 1, 2, 26, 28]",12.0,14.74023204180412
shadow_trees,half_12_A,12,0.5,A,4,1.0,"[23, 21, 24, 20]",13.0,15.688791332999244
shadow_trees,half_12_A,12,0.5,A,8,1.0,"[23, 21, 24, 20, 25, 0, 15, 16]",13.0,15.688791332999244
shadow_trees,half_12_A,12,0.5,A,10,0.8181818181818182,"[23, 21, 24, 20, 25, 0, 15, 16, 19, 2]",13.0,15.688791332999244
shadow_trees,half_12_A,12,0.5,A,12,1.0,"[23, 21, 24, 20, 25, 0, 15, 16, 19, 2, 1, 9]",13.0,15.688791332999244
shadow_trees,half_12_A,12,0.5,A,14,0.8666666666666667,"[23, 21, 24, 20, 25, 0, 15, 16, 19, 2, 1, 9, 26, 6]",13.0,15.688791332999244
shadow_trees,half_12_B,12,0.5,B,4,1.0,"[21, 23, 24, 20]",11.0,16.87890262505971
shadow_trees,half_12_B,12,0.5,B,8,1.0,"[21, 23, 24, 20, 0, 25, 15, 16]",11.0,16.87890262505971
shadow_trees,half_12_B,12,0.5,B,10,1.0,"[21, 23, 24, 20, 0, 25, 15, 16, 19, 9]",11.0,16.87890262505971
shadow_trees,half_12_B,12,0.5,B,12,0.7142857142857143,"[21, 23, 24, 20, 0, 25, 15, 16, 19, 9, 8, 28]",11.0,16.87890262505971
shadow_trees,half_12_B,12,0.5,B,14,0.6470588235294118,"[21, 23, 24, 20, 0, 25, 15, 16, 19, 9, 8, 28, 27, 1]",11.0,16.87890262505971
shadow_trees,half_13_A,13,0.5,A,4,0.6,"[21, 24, 23, 25]",13.0,16.296575833810493
shadow_trees,half_13_A,13,0.5,A,8,1.0,"[21, 24, 23, 25, 20, 0, 15, 16]",13.0,16.296575833810493
shadow_trees,half_13_A,13,0.5,A,10,1.0,"[21, 24, 23, 25, 20, 0, 15, 16, 19, 9]",13.0,16.296575833810493
shadow_trees,half_13_A,13,0.5,A,12,1.0,"[21, 24, 23, 25, 20, 0, 15, 16, 19, 9, 2, 1]",13.0,16.296575833810493
shadow_trees,half_13_A,13,0.5,A,14,1.0,"[21, 24, 23, 25, 20, 0, 15, 16, 19, 9, 2, 1, 26, 18]",13.0,16.296575833810493
shadow_trees,half_13_B,13,0.5,B,4,1.0,"[23, 21, 24, 20]",14.0,16.63628545892425
shadow_trees,half_13_B,13,0.5,B,8,1.0,"[23, 21, 24, 20, 0, 15, 25, 16]",14.0,16.63628545892425
shadow_trees,half_13_B,13,0.5,B,10,0.8181818181818182,"[23, 21, 24, 20, 0, 15, 25, 16, 19, 2]",14.0,16.63628545892425
shadow_trees,half_13_B,13,0.5,B,12,1.0,"[23, 21, 24, 20, 0, 15, 25, 16, 19, 2, 9, 1]",14.0,16.63628545892425
shadow_trees,half_13_B,13,0.5,B,14,0.8666666666666667,"[23, 21, 24, 20, 0, 15, 25, 16, 19, 2, 9, 1, 26, 8]",14.0,16.63628545892425
shadow_trees,half_14_A,14,0.5,A,4,1.0,"[21, 23, 24, 20]",12.0,16.643304749857634
shadow_trees,half_14_A,14,0.5,A,8,1.0,"[21, 23, 24, 20, 25, 15, 0, 16]",12.0,16.643304749857634
shadow_trees,half_14_A,14,0.5,A,10,0.8181818181818182,"[21, 23, 24, 20, 25, 15, 0, 16, 19, 2]",12.0,16.643304749857634
shadow_trees,half_14_A,14,0.5,A,12,0.8461538461538461,"[21, 23, 24, 20, 25, 15, 0, 16, 19, 2, 9, 26]",12.0,16.643304749857634
shadow_trees,half_14_A,14,0.5,A,14,1.0,"[21, 23, 24, 20, 25, 15, 0, 16, 19, 2, 9, 26, 18, 1]",12.0,16.643304749857634
shadow_trees,half_14_B,14,0.5,B,4,1.0,"[24, 21, 23, 20]",13.0,16.548090249998495
shadow_trees,half_14_B,14,0.5,B,8,1.0,"[24, 21, 23, 20, 0, 25, 15, 16]",13.0,16.548090249998495
shadow_trees,half_14_B,14,0.5,B,10,1.0,"[24, 21, 23, 20, 0, 25, 15, 16, 19, 9]",13.0,16.548090249998495
shadow_trees,half_14_B,14,0.5,B,12,1.0,"[24, 21, 23, 20, 0, 25, 15, 16, 19, 9, 2, 1]",13.0,16.548090249998495
shadow_trees,half_14_B,14,0.5,B,14,0.8666666666666667,"[24, 21, 23, 20, 0, 25, 15, 16, 19, 9, 2, 1, 26, 28]",13.0,16.548090249998495
shadow_trees,half_15_A,15,0.5,A,4,0.6,"[23, 24, 21, 0]",12.0,16.13468908285722
shadow_trees,half_15_A,15,0.5,A,8,1.0,"[23, 24, 21, 0, 25, 20, 15, 16]",12.0,16.13468908285722
shadow_trees,half_15_A,15,0.5,A,10,1.0,"[23, 24, 21, 0, 25, 20, 15, 16, 19, 9]",12.0,16.13468908285722
shadow_trees,half_15_A,15,0.5,A,12,0.8461538461538461,"[23, 24, 21, 0, 25, 20, 15, 16, 19, 9, 26, 2]",12.0,16.13468908285722
shadow_trees,half_15_A,15,0.5,A,14,0.8666666666666667,"[23, 24, 21, 0, 25, 20, 15, 16, 19, 9, 26, 2, 1, 28]",12.0,16.13468908285722
shadow_trees,half_15_B,15,0.5,B,4,1.0,"[21, 23, 24, 20]",14.0,16.2680518750567
shadow_trees,half_15_B,15,0.5,B,8,1.0,"[21, 23, 24, 20, 25, 15, 0, 16]",14.0,16.2680518750567
shadow_trees,half_15_B,15,0.5,B,10,1.0,"[21, 23, 24, 20, 25, 15, 0, 16, 19, 9]",14.0,16.2680518750567
shadow_trees,half_15_B,15,0.5,B,12,1.0,"[21, 23, 24, 20, 25, 15, 0, 16, 19, 9, 2, 1]",14.0,16.2680518750567
shadow_trees,half_15_B,15,0.5,B,14,1.0,"[21, 23, 24, 20, 25, 15, 0, 16, 19, 9, 2, 1, 26, 18]",14.0,16.2680518750567
shadow_trees,half_16_A,16,0.5,A,4,1.0,"[21, 23, 24, 20]",13.0,16.587343541905284
shadow_trees,half_16_A,16,0.5,A,8,1.0,"[21, 23, 24, 20, 0, 15, 25, 16]",13.0,16.587343541905284
shadow_trees,half_16_A,16,0.5,A,10,1.0,"[21, 23, 24, 20, 0, 15, 25, 16, 19, 9]",13.0,16.587343541905284
shadow_trees,half_16_A,16,0.5,A,12,0.8461538461538461,"[21, 23, 24, 20, 0, 15, 25, 16, 19, 9, 26, 2]",13.0,16.587343541905284
shadow_trees,half_16_A,16,0.5,A,14,0.8666666666666667,"[21, 23, 24, 20, 0, 15, 25, 16, 19, 9, 26, 2, 1, 28]",13.0,16.587343541905284
shadow_trees,half_16_B,16,0.5,B,4,0.6,"[23, 21, 24, 25]",12.0,15.99474412505515
shadow_trees,half_16_B,16,0.5,B,8,1.0,"[23, 21, 24, 25, 20, 0, 15, 16]",12.0,15.99474412505515
shadow_trees,half_16_B,16,0.5,B,10,0.8181818181818182,"[23, 21, 24, 25, 20, 0, 15, 16, 19, 1]",12.0,15.99474412505515
shadow_trees,half_16_B,16,0.5,B,12,1.0,"[23, 21, 24, 25, 20, 0, 15, 16, 19, 1, 2, 9]",12.0,15.99474412505515
shadow_trees,half_16_B,16,0.5,B,14,0.8666666666666667,"[23, 21, 24, 25, 20, 0, 15, 16, 19, 1, 2, 9, 26, 28]",12.0,15.99474412505515
shadow_trees,half_17_A,17,0.5,A,4,1.0,"[21, 23, 24, 20]",12.0,16.104806958930567
shadow_trees,half_17_A,17,0.5,A,8,1.0,"[21, 23, 24, 20, 25, 0, 15, 16]",12.0,16.104806958930567
shadow_trees,half_17_A,17,0.5,A,10,0.8181818181818182,"[21, 23, 24, 20, 25, 0, 15, 16, 19, 26]",12.0,16.104806958930567
shadow_trees,half_17_A,17,0.5,A,12,0.8461538461538461,"[21, 23, 24, 20, 25, 0, 15, 16, 19, 26, 2, 9]",12.0,16.104806958930567
shadow_trees,half_17_A,17,0.5,A,14,1.0,"[21, 23, 24, 20, 25, 0, 15, 16, 19, 26, 2, 9, 1, 18]",12.0,16.104806958930567
shadow_trees,half_17_B,17,0.5,B,4,1.0,"[21, 23, 24, 20]",12.0,16.953373124822974
shadow_trees,half_17_B,17,0.5,B,8,1.0,"[21, 23, 24, 20, 0, 25, 15, 16]",12.0,16.953373124822974
shadow_trees,half_17_B,17,0.5,B,10,1.0,"[21, 23, 24, 20, 0, 25, 15, 16, 19, 9]",12.0,16.953373124822974
shadow_trees,half_17_B,17,0.5,B,12,1.0,"[21, 23, 24, 20, 0, 25, 15, 16, 19, 9, 2, 1]",12.0,16.953373124822974
shadow_trees,half_17_B,17,0.5,B,14,0.75,"[21, 23, 24, 20, 0, 25, 15, 16, 19, 9, 2, 1, 28, 6]",12.0,16.953373124822974
shadow_trees,half_18_A,18,0.5,A,4,1.0,"[21, 23, 24, 20]",13.0,17.717828416032717
shadow_trees,half_18_A,18,0.5,A,8,1.0,"[21, 23, 24, 20, 25, 0, 15, 16]",13.0,17.717828416032717
shadow_trees,half_18_A,18,0.5,A,10,1.0,"[21, 23, 24, 20, 25, 0, 15, 16, 19, 9]",13.0,17.717828416032717
shadow_trees,half_18_A,18,0.5,A,12,1.0,"[21, 23, 24, 20, 25, 0, 15, 16, 19, 9, 2, 1]",13.0,17.717828416032717
shadow_trees,half_18_A,18,0.5,A,14,0.75,"[21, 23, 24, 20, 25, 0, 15, 16, 19, 9, 2, 1, 28, 6]",13.0,17.717828416032717
shadow_trees,half_18_B,18,0.5,B,4,1.0,"[23, 21, 24, 20]",13.0,17.332151375012472
shadow_trees,half_18_B,18,0.5,B,8,1.0,"[23, 21, 24, 20, 0, 25, 15, 16]",13.0,17.332151375012472
shadow_trees,half_18_B,18,0.5,B,10,0.8181818181818182,"[23, 21, 24, 20, 0, 25, 15, 16, 19, 26]",13.0,17.332151375012472
shadow_trees,half_18_B,18,0.5,B,12,0.8461538461538461,"[23, 21, 24, 20, 0, 25, 15, 16, 19, 26, 9, 1]",13.0,17.332151375012472
shadow_trees,half_18_B,18,0.5,B,14,1.0,"[23, 21, 24, 20, 0, 25, 15, 16, 19, 26, 9, 1, 2, 18]",13.0,17.332151375012472
shadow_trees,half_19_A,19,0.5,A,4,1.0,"[21, 23, 24, 20]",13.0,18.661092458991334
shadow_trees,half_19_A,19,0.5,A,8,1.0,"[21, 23, 24, 20, 25, 0, 15, 16]",13.0,18.661092458991334
shadow_trees,half_19_A,19,0.5,A,10,1.0,"[21, 23, 24, 20, 25, 0, 15, 16, 19, 9]",13.0,18.661092458991334
shadow_trees,half_19_A,19,0.5,A,12,0.8461538461538461,"[21, 23, 24, 20, 25, 0, 15, 16, 19, 9, 26, 2]",13.0,18.661092458991334
shadow_trees,half_19_A,19,0.5,A,14,0.8666666666666667,"[21, 23, 24, 20, 25, 0, 15, 16, 19, 9, 26, 2, 1, 28]",13.0,18.661092458991334
shadow_trees,half_19_B,19,0.5,B,4,1.0,"[21, 23, 24, 20]",12.0,17.611265167128295
shadow_trees,half_19_B,19,0.5,B,8,1.0,"[21, 23, 24, 20, 0, 25, 15, 16]",12.0,17.611265167128295
shadow_trees,half_19_B,19,0.5,B,10,0.8181818181818182,"[21, 23, 24, 20, 0, 25, 15, 16, 19, 1]",12.0,17.611265167128295
shadow_trees,half_19_B,19,0.5,B,12,1.0,"[21, 23, 24, 20, 0, 25, 15, 16, 19, 1, 2, 9]",12.0,17.611265167128295
shadow_trees,half_19_B,19,0.5,B,14,0.8666666666666667,"[21, 23, 24, 20, 0, 25, 15, 16, 19, 1, 2, 9, 26, 28]",12.0,17.611265167128295
shadow_trees,half_20_A,20,0.5,A,4,1.0,"[21, 23, 24, 20]",13.0,18.61875483393669
shadow_trees,half_20_A,20,0.5,A,8,1.0,"[21, 23, 24, 20, 0, 15, 25, 16]",13.0,18.61875483393669
shadow_trees,half_20_A,20,0.5,A,10,1.0,"[21, 23, 24, 20, 0, 15, 25, 16, 19, 9]",13.0,18.61875483393669
shadow_trees,half_20_A,20,0.5,A,12,0.8461538461538461,"[21, 23, 24, 20, 0, 15, 25, 16, 19, 9, 1, 26]",13.0,18.61875483393669
shadow_trees,half_20_A,20,0.5,A,14,0.8666666666666667,"[21, 23, 24, 20, 0, 15, 25, 16, 19, 9, 1, 26, 2, 27]",13.0,18.61875483393669
shadow_trees,half_20_B,20,0.5,B,4,0.6,"[24, 21, 23, 25]",12.0,18.021403250051662
shadow_trees,half_20_B,20,0.5,B,8,1.0,"[24, 21, 23, 25, 20, 0, 15, 16]",12.0,18.021403250051662
shadow_trees,half_20_B,20,0.5,B,10,0.8181818181818182,"[24, 21, 23, 25, 20, 0, 15, 16, 19, 2]",12.0,18.021403250051662
shadow_trees,half_20_B,20,0.5,B,12,0.8461538461538461,"[24, 21, 23, 25, 20, 0, 15, 16, 19, 2, 9, 26]",12.0,18.021403250051662
shadow_trees,half_20_B,20,0.5,B,14,1.0,"[24, 21, 23, 25, 20, 0, 15, 16, 19, 2, 9, 26, 18, 1]",12.0,18.021403250051662
shadow_trees,half_21_A,21,0.5,A,4,1.0,"[23, 21, 24, 20]",13.0,16.15258654090576
shadow_trees,half_21_A,21,0.5,A,8,1.0,"[23, 21, 24, 20, 0, 25, 15, 16]",13.0,16.15258654090576
shadow_trees,half_21_A,21,0.5,A,10,0.8181818181818182,"[23, 21, 24, 20, 0, 25, 15, 16, 19, 2]",13.0,16.15258654090576
shadow_trees,half_21_A,21,0.5,A,12,1.0,"[23, 21, 24, 20, 0, 25, 15, 16, 19, 2, 9, 1]",13.0,16.15258654090576
shadow_trees,half_21_A,21,0.5,A,14,1.0,"[23, 21, 24, 20, 0, 25, 15, 16, 19, 2, 9, 1, 18, 26]",13.0,16.15258654090576
shadow_trees,half_21_B,21,0.5,B,4,0.6,"[21, 24, 23, 25]",13.0,15.392996334005147
shadow_trees,half_21_B,21,0.5,B,8,1.0,"[21, 24, 23, 25, 0, 20, 15, 16]",13.0,15.392996334005147
shadow_trees,half_21_B,21,0.5,B,10,1.0,"[21, 24, 23, 25, 0, 20, 15, 16, 19, 9]",13.0,15.392996334005147
shadow_trees,half_21_B,21,0.5,B,12,0.8461538461538461,"[21, 24, 23, 25, 0, 20, 15, 16, 19, 9, 26, 2]",13.0,15.392996334005147
shadow_trees,half_21_B,21,0.5,B,14,0.8666666666666667,"[21, 24, 23, 25, 0, 20, 15, 16, 19, 9, 26, 2, 1, 6]",13.0,15.392996334005147
shadow_trees,half_22_A,22,0.5,A,4,1.0,"[24, 21, 23, 20]",11.0,15.076249042060226
shadow_trees,half_22_A,22,0.5,A,8,1.0,"[24, 21, 23, 20, 25, 0, 15, 16]",11.0,15.076249042060226
shadow_trees,half_22_A,22,0.5,A,10,1.0,"[24, 21, 23, 20, 25, 0, 15, 16, 19, 9]",11.0,15.076249042060226
shadow_trees,half_22_A,22,0.5,A,12,1.0,"[24, 21, 23, 20, 25, 0, 15, 16, 19, 9, 2, 1]",11.0,15.076249042060226
shadow_trees,half_22_A,22,0.5,A,14,0.8666666666666667,"[24, 21, 23, 20, 25, 0, 15, 16, 19, 9, 2, 1, 28, 26]",11.0,15.076249042060226
shadow_trees,half_22_B,22,0.5,B,4,1.0,"[23, 21, 24, 20]",14.0,15.821974582970142
shadow_trees,half_22_B,22,0.5,B,8,1.0,"[23, 21, 24, 20, 0, 25, 15, 16]",14.0,15.821974582970142
shadow_trees,half_22_B,22,0.5,B,10,0.8181818181818182,"[23, 21, 24, 20, 0, 25, 15, 16, 19, 2]",14.0,15.821974582970142
shadow_trees,half_22_B,22,0.5,B,12,0.8461538461538461,"[23, 21, 24, 20, 0, 25, 15, 16, 19, 2, 9, 26]",14.0,15.821974582970142
shadow_trees,half_22_B,22,0.5,B,14,1.0,"[23, 21, 24, 20, 0, 25, 15, 16, 19, 2, 9, 26, 1, 18]",14.0,15.821974582970142
shadow_trees,half_23_A,23,0.5,A,4,1.0,"[24, 23, 21, 20]",14.0,14.99708408396691
shadow_trees,half_23_A,23,0.5,A,8,1.0,"[24, 23, 21, 20, 25, 0, 15, 16]",14.0,14.99708408396691
shadow_trees,half_23_A,23,0.5,A,10,1.0,"[24, 23, 21, 20, 25, 0, 15, 16, 19, 9]",14.0,14.99708408396691
shadow_trees,half_23_A,23,0.5,A,12,0.8461538461538461,"[24, 23, 21, 20, 25, 0, 15, 16, 19, 9, 1, 26]",14.0,14.99708408396691
shadow_trees,half_23_A,23,0.5,A,14,0.8666666666666667,"[24, 23, 21, 20, 25, 0, 15, 16, 19, 9, 1, 26, 2, 27]",14.0,14.99708408396691
shadow_trees,half_23_B,23,0.5,B,4,1.0,"[21, 23, 24, 20]",13.0,15.873236334184185
shadow_trees,half_23_B,23,0.5,B,8,1.0,"[21, 23, 24, 20, 0, 15, 25, 16]",13.0,15.873236334184185
shadow_trees,half_23_B,23,0.5,B,10,0.8181818181818182,"[21, 23, 24, 20, 0, 15, 25, 16, 19, 2]",13.0,15.873236334184185
shadow_trees,half_23_B,23,0.5,B,12,1.0,"[21, 23, 24, 20, 0, 15, 25, 16, 19, 2, 9, 1]",13.0,15.873236334184185
shadow_trees,half_23_B,23,0.5,B,14,0.8666666666666667,"[21, 23, 24, 20, 0, 15, 25, 16, 19, 2, 9, 1, 26, 4]",13.0,15.873236334184185
shadow_trees,half_24_A,24,0.5,A,4,1.0,"[23, 21, 24, 20]",12.0,14.853673124918714
shadow_trees,half_24_A,24,0.5,A,8,1.0,"[23, 21, 24, 20, 0, 25, 15, 16]",12.0,14.853673124918714
shadow_trees,half_24_A,24,0.5,A,10,1.0,"[23, 21, 24, 20, 0, 25, 15, 16, 19, 9]",12.0,14.853673124918714
shadow_trees,half_24_A,24,0.5,A,12,0.8461538461538461,"[23, 21, 24, 20, 0, 25, 15, 16, 19, 9, 2, 26]",12.0,14.853673124918714
shadow_trees,half_24_A,24,0.5,A,14,1.0,"[23, 21, 24, 20, 0, 25, 15, 16, 19, 9, 2, 26, 1, 18]",12.0,14.853673124918714
shadow_trees,half_24_B,24,0.5,B,4,1.0,"[21, 24, 23, 20]",14.0,16.226815416943282
shadow_trees,half_24_B,24,0.5,B,8,1.0,"[21, 24, 23, 20, 0, 25, 15, 16]",14.0,16.226815416943282
shadow_trees,half_24_B,24,0.5,B,10,1.0,"[21, 24, 23, 20, 0, 25, 15, 16, 19, 9]",14.0,16.226815416943282
shadow_trees,half_24_B,24,0.5,B,12,1.0,"[21, 24, 23, 20, 0, 25, 15, 16, 19, 9, 1, 2]",14.0,16.226815416943282
shadow_trees,half_24_B,24,0.5,B,14,0.8666666666666667,"[21, 24, 23, 20, 0, 25, 15, 16, 19, 9, 1, 2, 26, 28]",14.0,16.226815416943282
shadow_trees,half_25_A,25,0.5,A,4,1.0,"[24, 21, 23, 20]",12.0,15.856213958002627
shadow_trees,half_25_A,25,0.5,A,8,1.0,"[24, 21, 23, 20, 25, 0, 15, 16]",12.0,15.856213958002627
shadow_trees,half_25_A,25,0.5,A,10,1.0,"[24, 21, 23, 20, 25, 0, 15, 16, 19, 9]",12.0,15.856213958002627
shadow_trees,half_25_A,25,0.5,A,12,0.8461538461538461,"[24, 21, 23, 20, 25, 0, 15, 16, 19, 9, 2, 26]",12.0,15.856213958002627
shadow_trees,half_25_A,25,0.5,A,14,0.8666666666666667,"[24, 21, 23, 20, 25, 0, 15, 16, 19, 9, 2, 26, 1, 28]",12.0,15.856213958002627
shadow_trees,half_25_B,25,0.5,B,4,1.0,"[21, 23, 24, 20]",12.0,15.344334249850363
shadow_trees,half_25_B,25,0.5,B,8,1.0,"[21, 23, 24, 20, 0, 25, 15, 16]",12.0,15.344334249850363
shadow_trees,half_25_B,25,0.5,B,10,0.8181818181818182,"[21, 23, 24, 20, 0, 25, 15, 16, 19, 2]",12.0,15.344334249850363
shadow_trees,half_25_B,25,0.5,B,12,1.0,"[21, 23, 24, 20, 0, 25, 15, 16, 19, 2, 1, 9]",12.0,15.344334249850363
shadow_trees,half_25_B,25,0.5,B,14,0.8666666666666667,"[21, 23, 24, 20, 0, 25, 15, 16, 19, 2, 1, 9, 6, 26]",12.0,15.344334249850363
shadow_trees,half_26_A,26,0.5,A,4,1.0,"[21, 23, 24, 20]",13.0,14.55993783310987
shadow_trees,half_26_A,26,0.5,A,8,1.0,"[21, 23, 24, 20, 0, 25, 15, 16]",13.0,14.55993783310987
shadow_trees,half_26_A,26,0.5,A,10,1.0,"[21, 23, 24, 20, 0, 25, 15, 16, 19, 9]",13.0,14.55993783310987
shadow_trees,half_26_A,26,0.5,A,12,1.0,"[21, 23, 24, 20, 0, 25, 15, 16, 19, 9, 2, 1]",13.0,14.55993783310987
shadow_trees,half_26_A,26,0.5,A,14,0.8666666666666667,"[21, 23, 24, 20, 0, 25, 15, 16, 19, 9, 2, 1, 18, 28]",13.0,14.55993783310987
shadow_trees,half_26_B,26,0.5,B,4,1.0,"[21, 23, 24, 20]",13.0,15.307385083055124
shadow_trees,half_26_B,26,0.5,B,8,1.0,"[21, 23, 24, 20, 25, 0, 15, 16]",13.0,15.307385083055124
shadow_trees,half_26_B,26,0.5,B,10,0.8181818181818182,"[21, 23, 24, 20, 25, 0, 15, 16, 19, 26]",13.0,15.307385083055124
shadow_trees,half_26_B,26,0.5,B,12,0.8461538461538461,"[21, 23, 24, 20, 25, 0, 15, 16, 19, 26, 9, 1]",13.0,15.307385083055124
shadow_trees,half_26_B,26,0.5,B,14,0.8666666666666667,"[21, 23, 24, 20, 25, 0, 15, 16, 19, 26, 9, 1, 2, 28]",13.0,15.307385083055124
shadow_trees,half_27_A,27,0.5,A,4,1.0,"[21, 23, 24, 20]",13.0,15.067585041979328
shadow_trees,half_27_A,27,0.5,A,8,1.0,"[21, 23, 24, 20, 0, 25, 15, 16]",13.0,15.067585041979328
shadow_trees,half_27_A,27,0.5,A,10,1.0,"[21, 23, 24, 20, 0, 25, 15, 16, 19, 9]",13.0,15.067585041979328
shadow_trees,half_27_A,27,0.5,A,12,1.0,"[21, 23, 24, 20, 0, 25, 15, 16, 19, 9, 2, 1]",13.0,15.067585041979328
shadow_trees,half_27_A,27,0.5,A,14,1.0,"[21, 23, 24, 20, 0, 25, 15, 16, 19, 9, 2, 1, 26, 18]",13.0,15.067585041979328
shadow_trees,half_27_B,27,0.5,B,4,1.0,"[24, 21, 23, 20]",14.0,15.049854750046507
shadow_trees,half_27_B,27,0.5,B,8,1.0,"[24, 21, 23, 20, 25, 0, 15, 16]",14.0,15.049854750046507
shadow_trees,half_27_B,27,0.5,B,10,1.0,"[24, 21, 23, 20, 25, 0, 15, 16, 19, 9]",14.0,15.049854750046507
shadow_trees,half_27_B,27,0.5,B,12,1.0,"[24, 21, 23, 20, 25, 0, 15, 16, 19, 9, 2, 1]",14.0,15.049854750046507
shadow_trees,half_27_B,27,0.5,B,14,0.8666666666666667,"[24, 21, 23, 20, 25, 0, 15, 16, 19, 9, 2, 1, 7, 26]",14.0,15.049854750046507
shadow_trees,half_28_A,28,0.5,A,4,1.0,"[21, 23, 24, 20]",13.0,15.783036374952644
shadow_trees,half_28_A,28,0.5,A,8,1.0,"[21, 23, 24, 20, 0, 25, 15, 16]",13.0,15.783036374952644
shadow_trees,half_28_A,28,0.5,A,10,0.8181818181818182,"[21, 23, 24, 20, 0, 25, 15, 16, 19, 2]",13.0,15.783036374952644
shadow_trees,half_28_A,28,0.5,A,12,1.0,"[21, 23, 24, 20, 0, 25, 15, 16, 19, 2, 9, 1]",13.0,15.783036374952644
shadow_trees,half_28_A,28,0.5,A,14,0.8666666666666667,"[21, 23, 24, 20, 0, 25, 15, 16, 19, 2, 9, 1, 26, 27]",13.0,15.783036374952644
shadow_trees,half_28_B,28,0.5,B,4,1.0,"[23, 21, 24, 20]",12.0,14.984567792154849
shadow_trees,half_28_B,28,0.5,B,8,1.0,"[23, 21, 24, 20, 0, 25, 15, 16]",12.0,14.984567792154849
shadow_trees,half_28_B,28,0.5,B,10,0.8181818181818182,"[23, 21, 24, 20, 0, 25, 15, 16, 19, 2]",12.0,14.984567792154849
shadow_trees,half_28_B,28,0.5,B,12,1.0,"[23, 21, 24, 20, 0, 25, 15, 16, 19, 2, 9, 1]",12.0,14.984567792154849
shadow_trees,half_28_B,28,0.5,B,14,0.8666666666666667,"[23, 21, 24, 20, 0, 25, 15, 16, 19, 2, 9, 1, 26, 28]",12.0,14.984567792154849
shadow_trees,half_29_A,29,0.5,A,4,1.0,"[21, 23, 24, 20]",13.0,14.479273166973144
shadow_trees,half_29_A,29,0.5,A,8,1.0,"[21, 23, 24, 20, 0, 25, 15, 16]",13.0,14.479273166973144
shadow_trees,half_29_A,29,0.5,A,10,0.8181818181818182,"[21, 23, 24, 20, 0, 25, 15, 16, 19, 2]",13.0,14.479273166973144
shadow_trees,half_29_A,29,0.5,A,12,1.0,"[21, 23, 24, 20, 0, 25, 15, 16, 19, 2, 9, 1]",13.0,14.479273166973144
shadow_trees,half_29_A,29,0.5,A,14,0.8666666666666667,"[21, 23, 24, 20, 0, 25, 15, 16, 19, 2, 9, 1, 26, 28]",13.0,14.479273166973144
shadow_trees,half_29_B,29,0.5,B,4,1.0,"[21, 23, 24, 20]",12.0,15.82032304117456
shadow_trees,half_29_B,29,0.5,B,8,1.0,"[21, 23, 24, 20, 25, 0, 15, 16]",12.0,15.82032304117456
shadow_trees,half_29_B,29,0.5,B,10,1.0,"[21, 23, 24, 20, 25, 0, 15, 16, 19, 9]",12.0,15.82032304117456
shadow_trees,half_29_B,29,0.5,B,12,1.0,"[21, 23, 24, 20, 25, 0, 15, 16, 19, 9, 1, 2]",12.0,15.82032304117456
shadow_trees,half_29_B,29,0.5,B,14,0.8666666666666667,"[21, 23, 24, 20, 25, 0, 15, 16, 19, 9, 1, 2, 26, 7]",12.0,15.82032304117456
shadow_trees,f70_00,0,0.7,,4,1.0,"[23, 21, 24, 20]",13.0,22.73313512513414
shadow_trees,f70_00,0,0.7,,8,1.0,"[23, 21, 24, 20, 0, 25, 15, 16]",13.0,22.73313512513414
shadow_trees,f70_00,0,0.7,,10,0.8181818181818182,"[23, 21, 24, 20, 0, 25, 15, 16, 19, 2]",13.0,22.73313512513414
shadow_trees,f70_00,0,0.7,,12,1.0,"[23, 21, 24, 20, 0, 25, 15, 16, 19, 2, 9, 1]",13.0,22.73313512513414
shadow_trees,f70_00,0,0.7,,14,1.0,"[23, 21, 24, 20, 0, 25, 15, 16, 19, 2, 9, 1, 26, 18]",13.0,22.73313512513414
shadow_trees,f70_01,1,0.7,,4,0.6,"[21, 23, 24, 25]",13.0,22.67244358290918
shadow_trees,f70_01,1,0.7,,8,1.0,"[21, 23, 24, 25, 20, 0, 15, 16]",13.0,22.67244358290918
shadow_trees,f70_01,1,0.7,,10,1.0,"[21, 23, 24, 25, 20, 0, 15, 16, 19, 9]",13.0,22.67244358290918
shadow_trees,f70_01,1,0.7,,12,1.0,"[21, 23, 24, 25, 20, 0, 15, 16, 19, 9, 2, 1]",13.0,22.67244358290918
shadow_trees,f70_01,1,0.7,,14,1.0,"[21, 23, 24, 25, 20, 0, 15, 16, 19, 9, 2, 1, 26, 18]",13.0,22.67244358290918
shadow_trees,f70_02,2,0.7,,4,1.0,"[23, 21, 24, 20]",11.0,22.746868084184825
shadow_trees,f70_02,2,0.7,,8,1.0,"[23, 21, 24, 20, 0, 25, 15, 16]",11.0,22.746868084184825
shadow_trees,f70_02,2,0.7,,10,1.0,"[23, 21, 24, 20, 0, 25, 15, 16, 19, 9]",11.0,22.746868084184825
shadow_trees,f70_02,2,0.7,,12,0.8461538461538461,"[23, 21, 24, 20, 0, 25, 15, 16, 19, 9, 2, 18]",11.0,22.746868084184825
shadow_trees,f70_02,2,0.7,,14,1.0,"[23, 21, 24, 20, 0, 25, 15, 16, 19, 9, 2, 18, 1, 26]",11.0,22.746868084184825
shadow_trees,f70_03,3,0.7,,4,0.6,"[21, 23, 24, 25]",14.0,22.414192708209157
shadow_trees,f70_03,3,0.7,,8,1.0,"[21, 23, 24, 25, 20, 0, 15, 16]",14.0,22.414192708209157
shadow_trees,f70_03,3,0.7,,10,0.8181818181818182,"[21, 23, 24, 25, 20, 0, 15, 16, 19, 2]",14.0,22.414192708209157
shadow_trees,f70_03,3,0.7,,12,0.8461538461538461,"[21, 23, 24, 25, 20, 0, 15, 16, 19, 2, 26, 9]",14.0,22.414192708209157
shadow_trees,f70_03,3,0.7,,14,1.0,"[21, 23, 24, 25, 20, 0, 15, 16, 19, 2, 26, 9, 18, 1]",14.0,22.414192708209157
shadow_trees,f70_04,4,0.7,,4,1.0,"[21, 23, 24, 20]",12.0,22.02485475013964
shadow_trees,f70_04,4,0.7,,8,1.0,"[21, 23, 24, 20, 0, 25, 15, 16]",12.0,22.02485475013964
shadow_trees,f70_04,4,0.7,,10,0.8181818181818182,"[21, 23, 24, 20, 0, 25, 15, 16, 19, 2]",12.0,22.02485475013964
shadow_trees,f70_04,4,0.7,,12,1.0,"[21, 23, 24, 20, 0, 25, 15, 16, 19, 2, 9, 1]",12.0,22.02485475013964
shadow_trees,f70_04,4,0.7,,14,0.8666666666666667,"[21, 23, 24, 20, 0, 25, 15, 16, 19, 2, 9, 1, 28, 18]",12.0,22.02485475013964
shadow_trees,f70_05,5,0.7,,4,1.0,"[21, 23, 24, 20]",12.0,23.47524158284068
shadow_trees,f70_05,5,0.7,,8,1.0,"[21, 23, 24, 20, 0, 25, 15, 16]",12.0,23.47524158284068
shadow_trees,f70_05,5,0.7,,10,1.0,"[21, 23, 24, 20, 0, 25, 15, 16, 19, 9]",12.0,23.47524158284068
shadow_trees,f70_05,5,0.7,,12,1.0,"[21, 23, 24, 20, 0, 25, 15, 16, 19, 9, 2, 1]",12.0,23.47524158284068
shadow_trees,f70_05,5,0.7,,14,1.0,"[21, 23, 24, 20, 0, 25, 15, 16, 19, 9, 2, 1, 26, 18]",12.0,23.47524158284068
shadow_trees,f70_06,6,0.7,,4,1.0,"[21, 23, 24, 20]",13.0,26.837773625040427
shadow_trees,f70_06,6,0.7,,8,1.0,"[21, 23, 24, 20, 0, 25, 15, 16]",13.0,26.837773625040427
shadow_trees,f70_06,6,0.7,,10,1.0,"[21, 23, 24, 20, 0, 25, 15, 16, 19, 9]",13.0,26.837773625040427
shadow_trees,f70_06,6,0.7,,12,1.0,"[21, 23, 24, 20, 0, 25, 15, 16, 19, 9, 2, 1]",13.0,26.837773625040427
shadow_trees,f70_06,6,0.7,,14,1.0,"[21, 23, 24, 20, 0, 25, 15, 16, 19, 9, 2, 1, 26, 18]",13.0,26.837773625040427
shadow_trees,f70_07,7,0.7,,4,1.0,"[23, 21, 24, 20]",13.0,27.010301874950528
shadow_trees,f70_07,7,0.7,,8,1.0,"[23, 21, 24, 20, 15, 0, 25, 16]",13.0,27.010301874950528
shadow_trees,f70_07,7,0.7,,10,1.0,"[23, 21, 24, 20, 15, 0, 25, 16, 19, 9]",13.0,27.010301874950528
shadow_trees,f70_07,7,0.7,,12,0.8461538461538461,"[23, 21, 24, 20, 15, 0, 25, 16, 19, 9, 2, 26]",13.0,27.010301874950528
shadow_trees,f70_07,7,0.7,,14,1.0,"[23, 21, 24, 20, 15, 0, 25, 16, 19, 9, 2, 26, 1, 18]",13.0,27.010301874950528
shadow_trees,f70_08,8,0.7,,4,1.0,"[21, 23, 24, 20]",13.0,26.671422166051343
shadow_trees,f70_08,8,0.7,,8,1.0,"[21, 23, 24, 20, 0, 25, 15, 16]",13.0,26.671422166051343
shadow_trees,f70_08,8,0.7,,10,1.0,"[21, 23, 24, 20, 0, 25, 15, 16, 19, 9]",13.0,26.671422166051343
shadow_trees,f70_08,8,0.7,,12,1.0,"[21, 23, 24, 20, 0, 25, 15, 16, 19, 9, 2, 1]",13.0,26.671422166051343
shadow_trees,f70_08,8,0.7,,14,0.8666666666666667,"[21, 23, 24, 20, 0, 25, 15, 16, 19, 9, 2, 1, 26, 28]",13.0,26.671422166051343
shadow_trees,f70_09,9,0.7,,4,1.0,"[21, 23, 24, 20]",13.0,27.36767516611144
shadow_trees,f70_09,9,0.7,,8,1.0,"[21, 23, 24, 20, 0, 25, 15, 16]",13.0,27.36767516611144
shadow_trees,f70_09,9,0.7,,10,1.0,"[21, 23, 24, 20, 0, 25, 15, 16, 19, 9]",13.0,27.36767516611144
shadow_trees,f70_09,9,0.7,,12,1.0,"[21, 23, 24, 20, 0, 25, 15, 16, 19, 9, 2, 1]",13.0,27.36767516611144
shadow_trees,f70_09,9,0.7,,14,1.0,"[21, 23, 24, 20, 0, 25, 15, 16, 19, 9, 2, 1, 26, 18]",13.0,27.36767516611144
shadow_trees,f70_10,10,0.7,,4,1.0,"[23, 21, 24, 20]",14.0,26.51719312509522
shadow_trees,f70_10,10,0.7,,8,1.0,"[23, 21, 24, 20, 0, 25, 15, 16]",14.0,26.51719312509522
shadow_trees,f70_10,10,0.7,,10,1.0,"[23, 21, 24, 20, 0, 25, 15, 16, 19, 9]",14.0,26.51719312509522
shadow_trees,f70_10,10,0.7,,12,1.0,"[23, 21, 24, 20, 0, 25, 15, 16, 19, 9, 2, 1]",14.0,26.51719312509522
shadow_trees,f70_10,10,0.7,,14,1.0,"[23, 21, 24, 20, 0, 25, 15, 16, 19, 9, 2, 1, 18, 26]",14.0,26.51719312509522
shadow_trees,f70_11,11,0.7,,4,1.0,"[21, 23, 24, 20]",12.0,26.733119583223015
shadow_trees,f70_11,11,0.7,,8,1.0,"[21, 23, 24, 20, 0, 15, 25, 16]",12.0,26.733119583223015
shadow_trees,f70_11,11,0.7,,10,1.0,"[21, 23, 24, 20, 0, 15, 25, 16, 19, 9]",12.0,26.733119583223015
shadow_trees,f70_11,11,0.7,,12,1.0,"[21, 23, 24, 20, 0, 15, 25, 16, 19, 9, 2, 1]",12.0,26.733119583223015
shadow_trees,f70_11,11,0.7,,14,0.8666666666666667,"[21, 23, 24, 20, 0, 15, 25, 16, 19, 9, 2, 1, 26, 7]",12.0,26.733119583223015
shadow_trees,f70_12,12,0.7,,4,1.0,"[21, 23, 24, 20]",14.0,26.780121291987598
shadow_trees,f70_12,12,0.7,,8,1.0,"[21, 23, 24, 20, 0, 25, 15, 16]",14.0,26.780121291987598
shadow_trees,f70_12,12,0.7,,10,1.0,"[21, 23, 24, 20, 0, 25, 15, 16, 19, 9]",14.0,26.780121291987598
shadow_trees,f70_12,12,0.7,,12,1.0,"[21, 23, 24, 20, 0, 25, 15, 16, 19, 9, 2, 1]",14.0,26.780121291987598
shadow_trees,f70_12,12,0.7,,14,1.0,"[21, 23, 24, 20, 0, 25, 15, 16, 19, 9, 2, 1, 18, 26]",14.0,26.780121291987598
shadow_trees,f70_13,13,0.7,,4,1.0,"[21, 23, 24, 20]",13.0,27.42110845912248
shadow_trees,f70_13,13,0.7,,8,1.0,"[21, 23, 24, 20, 0, 25, 15, 16]",13.0,27.42110845912248
shadow_trees,f70_13,13,0.7,,10,1.0,"[21, 23, 24, 20, 0, 25, 15, 16, 19, 9]",13.0,27.42110845912248
shadow_trees,f70_13,13,0.7,,12,0.8461538461538461,"[21, 23, 24, 20, 0, 25, 15, 16, 19, 9, 1, 18]",13.0,27.42110845912248
shadow_trees,f70_13,13,0.7,,14,1.0,"[21, 23, 24, 20, 0, 25, 15, 16, 19, 9, 1, 18, 2, 26]",13.0,27.42110845912248
shadow_trees,f70_14,14,0.7,,4,1.0,"[21, 23, 24, 20]",14.0,26.934141834033653
shadow_trees,f70_14,14,0.7,,8,1.0,"[21, 23, 24, 20, 0, 25, 15, 16]",14.0,26.934141834033653
shadow_trees,f70_14,14,0.7,,10,1.0,"[21, 23, 24, 20, 0, 25, 15, 16, 19, 9]",14.0,26.934141834033653
shadow_trees,f70_14,14,0.7,,12,1.0,"[21, 23, 24, 20, 0, 25, 15, 16, 19, 9, 2, 1]",14.0,26.934141834033653
shadow_trees,f70_14,14,0.7,,14,1.0,"[21, 23, 24, 20, 0, 25, 15, 16, 19, 9, 2, 1, 26, 18]",14.0,26.934141834033653
shadow_trees,f70_15,15,0.7,,4,1.0,"[21, 23, 24, 20]",13.0,27.415612041018903
shadow_trees,f70_15,15,0.7,,8,1.0,"[21, 23, 24, 20, 0, 25, 15, 16]",13.0,27.415612041018903
shadow_trees,f70_15,15,0.7,,10,1.0,"[21, 23, 24, 20, 0, 25, 15, 16, 19, 9]",13.0,27.415612041018903
shadow_trees,f70_15,15,0.7,,12,1.0,"[21, 23, 24, 20, 0, 25, 15, 16, 19, 9, 2, 1]",13.0,27.415612041018903
shadow_trees,f70_15,15,0.7,,14,1.0,"[21, 23, 24, 20, 0, 25, 15, 16, 19, 9, 2, 1, 18, 26]",13.0,27.415612041018903
shadow_trees,f70_16,16,0.7,,4,1.0,"[23, 21, 24, 20]",15.0,28.42337774997577
shadow_trees,f70_16,16,0.7,,8,1.0,"[23, 21, 24, 20, 25, 0, 15, 16]",15.0,28.42337774997577
shadow_trees,f70_16,16,0.7,,10,1.0,"[23, 21, 24, 20, 25, 0, 15, 16, 19, 9]",15.0,28.42337774997577
shadow_trees,f70_16,16,0.7,,12,0.8461538461538461,"[23, 21, 24, 20, 25, 0, 15, 16, 19, 9, 2, 8]",15.0,28.42337774997577
shadow_trees,f70_16,16,0.7,,14,0.75,"[23, 21, 24, 20, 25, 0, 15, 16, 19, 9, 2, 8, 28, 1]",15.0,28.42337774997577
shadow_trees,f70_17,17,0.7,,4,0.6,"[24, 23, 21, 25]",13.0,28.018598041962832
shadow_trees,f70_17,17,0.7,,8,1.0,"[24, 23, 21, 25, 0, 20, 15, 16]",13.0,28.018598041962832
shadow_trees,f70_17,17,0.7,,10,0.8181818181818182,"[24, 23, 21, 25, 0, 20, 15, 16, 19, 2]",13.0,28.018598041962832
shadow_trees,f70_17,17,0.7,,12,1.0,"[24, 23, 21, 25, 0, 20, 15, 16, 19, 2, 1, 9]",13.0,28.018598041962832
shadow_trees,f70_17,17,0.7,,14,1.0,"[24, 23, 21, 25, 0, 20, 15, 16, 19, 2, 1, 9, 26, 18]",13.0,28.018598041962832
shadow_trees,f70_18,18,0.7,,4,1.0,"[21, 23, 24, 20]",13.0,26.819684457965195
shadow_trees,f70_18,18,0.7,,8,1.0,"[21, 23, 24, 20, 0, 25, 15, 16]",13.0,26.819684457965195
shadow_trees,f70_18,18,0.7,,10,0.8181818181818182,"[21, 23, 24, 20, 0, 25, 15, 16, 19, 2]",13.0,26.819684457965195
shadow_trees,f70_18,18,0.7,,12,1.0,"[21, 23, 24, 20, 0, 25, 15, 16, 19, 2, 9, 1]",13.0,26.819684457965195
shadow_trees,f70_18,18,0.7,,14,0.8666666666666667,"[21, 23, 24, 20, 0, 25, 15, 16, 19, 2, 9, 1, 26, 28]",13.0,26.819684457965195
shadow_trees,f70_19,19,0.7,,4,1.0,"[21, 23, 24, 20]",13.0,27.738077458925545
shadow_trees,f70_19,19,0.7,,8,1.0,"[21, 23, 24, 20, 0, 25, 15, 16]",13.0,27.738077458925545
shadow_trees,f70_19,19,0.7,,10,1.0,"[21, 23, 24, 20, 0, 25, 15, 16, 19, 9]",13.0,27.738077458925545
shadow_trees,f70_19,19,0.7,,12,1.0,"[21, 23, 24, 20, 0, 25, 15, 16, 19, 9, 1, 2]",13.0,27.738077458925545
shadow_trees,f70_19,19,0.7,,14,1.0,"[21, 23, 24, 20, 0, 25, 15, 16, 19, 9, 1, 2, 26, 18]",13.0,27.738077458925545
shadow_trees,f80_00,0,0.8,,4,1.0,"[23, 21, 24, 20]",14.0,33.5972601659596
shadow_trees,f80_00,0,0.8,,8,1.0,"[23, 21, 24, 20, 0, 25, 15, 16]",14.0,33.5972601659596
shadow_trees,f80_00,0,0.8,,10,1.0,"[23, 21, 24, 20, 0, 25, 15, 16, 19, 9]",14.0,33.5972601659596
shadow_trees,f80_00,0,0.8,,12,1.0,"[23, 21, 24, 20, 0, 25, 15, 16, 19, 9, 2, 1]",14.0,33.5972601659596
shadow_trees,f80_00,0,0.8,,14,1.0,"[23, 21, 24, 20, 0, 25, 15, 16, 19, 9, 2, 1, 26, 18]",14.0,33.5972601659596
shadow_trees,f80_01,1,0.8,,4,0.6,"[21, 24, 23, 25]",13.0,33.0862978331279
shadow_trees,f80_01,1,0.8,,8,1.0,"[21, 24, 23, 25, 20, 0, 15, 16]",13.0,33.0862978331279
shadow_trees,f80_01,1,0.8,,10,1.0,"[21, 24, 23, 25, 20, 0, 15, 16, 19, 9]",13.0,33.0862978331279
shadow_trees,f80_01,1,0.8,,12,1.0,"[21, 24, 23, 25, 20, 0, 15, 16, 19, 9, 2, 1]",13.0,33.0862978331279
shadow_trees,f80_01,1,0.8,,14,1.0,"[21, 24, 23, 25, 20, 0, 15, 16, 19, 9, 2, 1, 26, 18]",13.0,33.0862978331279
shadow_trees,f80_02,2,0.8,,4,1.0,"[21, 23, 24, 20]",13.0,33.37384720798582
shadow_trees,f80_02,2,0.8,,8,1.0,"[21, 23, 24, 20, 0, 25, 15, 16]",13.0,33.37384720798582
shadow_trees,f80_02,2,0.8,,10,1.0,"[21, 23, 24, 20, 0, 25, 15, 16, 19, 9]",13.0,33.37384720798582
shadow_trees,f80_02,2,0.8,,12,1.0,"[21, 23, 24, 20, 0, 25, 15, 16, 19, 9, 2, 1]",13.0,33.37384720798582
shadow_trees,f80_02,2,0.8,,14,0.8666666666666667,"[21, 23, 24, 20, 0, 25, 15, 16, 19, 9, 2, 1, 18, 28]",13.0,33.37384720798582
shadow_trees,f80_03,3,0.8,,4,1.0,"[21, 23, 24, 20]",14.0,33.788835250074044
shadow_trees,f80_03,3,0.8,,8,1.0,"[21, 23, 24, 20, 0, 25, 15, 16]",14.0,33.788835250074044
shadow_trees,f80_03,3,0.8,,10,1.0,"[21, 23, 24, 20, 0, 25, 15, 16, 19, 9]",14.0,33.788835250074044
shadow_trees,f80_03,3,0.8,,12,1.0,"[21, 23, 24, 20, 0, 25, 15, 16, 19, 9, 2, 1]",14.0,33.788835250074044
shadow_trees,f80_03,3,0.8,,14,1.0,"[21, 23, 24, 20, 0, 25, 15, 16, 19, 9, 2, 1, 18, 26]",14.0,33.788835250074044
shadow_trees,f80_04,4,0.8,,4,1.0,"[21, 23, 24, 20]",12.0,32.90910587506369
shadow_trees,f80_04,4,0.8,,8,1.0,"[21, 23, 24, 20, 0, 15, 25, 16]",12.0,32.90910587506369
shadow_trees,f80_04,4,0.8,,10,1.0,"[21, 23, 24, 20, 0, 15, 25, 16, 19, 9]",12.0,32.90910587506369
shadow_trees,f80_04,4,0.8,,12,1.0,"[21, 23, 24, 20, 0, 15, 25, 16, 19, 9, 2, 1]",12.0,32.90910587506369
shadow_trees,f80_04,4,0.8,,14,1.0,"[21, 23, 24, 20, 0, 15, 25, 16, 19, 9, 2, 1, 26, 18]",12.0,32.90910587506369
shadow_trees,f80_05,5,0.8,,4,1.0,"[21, 23, 24, 20]",13.0,34.19905741605908
shadow_trees,f80_05,5,0.8,,8,1.0,"[21, 23, 24, 20, 0, 25, 15, 16]",13.0,34.19905741605908
shadow_trees,f80_05,5,0.8,,10,1.0,"[21, 23, 24, 20, 0, 25, 15, 16, 19, 9]",13.0,34.19905741605908
shadow_trees,f80_05,5,0.8,,12,1.0,"[21, 23, 24, 20, 0, 25, 15, 16, 19, 9, 1, 2]",13.0,34.19905741605908
shadow_trees,f80_05,5,0.8,,14,0.8666666666666667,"[21, 23, 24, 20, 0, 25, 15, 16, 19, 9, 1, 2, 26, 28]",13.0,34.19905741605908
shadow_trees,f80_06,6,0.8,,4,1.0,"[23, 21, 24, 20]",13.0,34.063964374829084
shadow_trees,f80_06,6,0.8,,8,1.0,"[23, 21, 24, 20, 0, 25, 15, 16]",13.0,34.063964374829084
shadow_trees,f80_06,6,0.8,,10,1.0,"[23, 21, 24, 20, 0, 25, 15, 16, 19, 9]",13.0,34.063964374829084
shadow_trees,f80_06,6,0.8,,12,1.0,"[23, 21, 24, 20, 0, 25, 15, 16, 19, 9, 2, 1]",13.0,34.063964374829084
shadow_trees,f80_06,6,0.8,,14,1.0,"[23, 21, 24, 20, 0, 25, 15, 16, 19, 9, 2, 1, 26, 18]",13.0,34.063964374829084
shadow_trees,f80_07,7,0.8,,4,1.0,"[21, 23, 24, 20]",13.0,34.04989629215561
shadow_trees,f80_07,7,0.8,,8,1.0,"[21, 23, 24, 20, 0, 15, 25, 16]",13.0,34.04989629215561
shadow_trees,f80_07,7,0.8,,10,1.0,"[21, 23, 24, 20, 0, 15, 25, 16, 19, 9]",13.0,34.04989629215561
shadow_trees,f80_07,7,0.8,,12,1.0,"[21, 23, 24, 20, 0, 15, 25, 16, 19, 9, 2, 1]",13.0,34.04989629215561
shadow_trees,f80_07,7,0.8,,14,1.0,"[21, 23, 24, 20, 0, 15, 25, 16, 19, 9, 2, 1, 26, 18]",13.0,34.04989629215561
shadow_trees,f80_08,8,0.8,,4,1.0,"[21, 23, 24, 20]",13.0,33.86532324994914
shadow_trees,f80_08,8,0.8,,8,1.0,"[21, 23, 24, 20, 0, 25, 15, 16]",13.0,33.86532324994914
shadow_trees,f80_08,8,0.8,,10,1.0,"[21, 23, 24, 20, 0, 25, 15, 16, 19, 9]",13.0,33.86532324994914
shadow_trees,f80_08,8,0.8,,12,1.0,"[21, 23, 24, 20, 0, 25, 15, 16, 19, 9, 2, 1]",13.0,33.86532324994914
shadow_trees,f80_08,8,0.8,,14,1.0,"[21, 23, 24, 20, 0, 25, 15, 16, 19, 9, 2, 1, 26, 18]",13.0,33.86532324994914
shadow_trees,f80_09,9,0.8,,4,1.0,"[21, 23, 24, 20]",13.0,34.40662095788866
shadow_trees,f80_09,9,0.8,,8,1.0,"[21, 23, 24, 20, 0, 25, 15, 16]",13.0,34.40662095788866
shadow_trees,f80_09,9,0.8,,10,1.0,"[21, 23, 24, 20, 0, 25, 15, 16, 19, 9]",13.0,34.40662095788866
shadow_trees,f80_09,9,0.8,,12,1.0,"[21, 23, 24, 20, 0, 25, 15, 16, 19, 9, 2, 1]",13.0,34.40662095788866
shadow_trees,f80_09,9,0.8,,14,1.0,"[21, 23, 24, 20, 0, 25, 15, 16, 19, 9, 2, 1, 26, 18]",13.0,34.40662095788866
shadow_trees,f80_10,10,0.8,,4,1.0,"[23, 21, 24, 20]",14.0,33.96386608388275
shadow_trees,f80_10,10,0.8,,8,1.0,"[23, 21, 24, 20, 0, 25, 15, 16]",14.0,33.96386608388275
shadow_trees,f80_10,10,0.8,,10,1.0,"[23, 21, 24, 20, 0, 25, 15, 16, 19, 9]",14.0,33.96386608388275
shadow_trees,f80_10,10,0.8,,12,1.0,"[23, 21, 24, 20, 0, 25, 15, 16, 19, 9, 1, 2]",14.0,33.96386608388275
shadow_trees,f80_10,10,0.8,,14,1.0,"[23, 21, 24, 20, 0, 25, 15, 16, 19, 9, 1, 2, 26, 18]",14.0,33.96386608388275
shadow_trees,f80_11,11,0.8,,4,1.0,"[21, 23, 24, 20]",13.0,35.301008792128414
shadow_trees,f80_11,11,0.8,,8,1.0,"[21, 23, 24, 20, 0, 25, 15, 16]",13.0,35.301008792128414
shadow_trees,f80_11,11,0.8,,10,0.8181818181818182,"[21, 23, 24, 20, 0, 25, 15, 16, 19, 2]",13.0,35.301008792128414
shadow_trees,f80_11,11,0.8,,12,1.0,"[21, 23, 24, 20, 0, 25, 15, 16, 19, 2, 9, 1]",13.0,35.301008792128414
shadow_trees,f80_11,11,0.8,,14,1.0,"[21, 23, 24, 20, 0, 25, 15, 16, 19, 2, 9, 1, 26, 18]",13.0,35.301008792128414
shadow_trees,f80_12,12,0.8,,4,1.0,"[21, 23, 24, 20]",13.0,35.04086491605267
shadow_trees,f80_12,12,0.8,,8,1.0,"[21, 23, 24, 20, 0, 25, 15, 16]",13.0,35.04086491605267
shadow_trees,f80_12,12,0.8,,10,1.0,"[21, 23, 24, 20, 0, 25, 15, 16, 19, 9]",13.0,35.04086491605267
shadow_trees,f80_12,12,0.8,,12,1.0,"[21, 23, 24, 20, 0, 25, 15, 16, 19, 9, 2, 1]",13.0,35.04086491605267
shadow_trees,f80_12,12,0.8,,14,1.0,"[21, 23, 24, 20, 0, 25, 15, 16, 19, 9, 2, 1, 26, 18]",13.0,35.04086491605267
shadow_trees,f80_13,13,0.8,,4,1.0,"[21, 23, 24, 20]",14.0,34.88821483310312
shadow_trees,f80_13,13,0.8,,8,1.0,"[21, 23, 24, 20, 0, 25, 15, 16]",14.0,34.88821483310312
shadow_trees,f80_13,13,0.8,,10,1.0,"[21, 23, 24, 20, 0, 25, 15, 16, 19, 9]",14.0,34.88821483310312
shadow_trees,f80_13,13,0.8,,12,1.0,"[21, 23, 24, 20, 0, 25, 15, 16, 19, 9, 2, 1]",14.0,34.88821483310312
shadow_trees,f80_13,13,0.8,,14,1.0,"[21, 23, 24, 20, 0, 25, 15, 16, 19, 9, 2, 1, 26, 18]",14.0,34.88821483310312
shadow_trees,f80_14,14,0.8,,4,1.0,"[21, 23, 24, 20]",14.0,33.254252083133906
shadow_trees,f80_14,14,0.8,,8,1.0,"[21, 23, 24, 20, 25, 0, 15, 16]",14.0,33.254252083133906
shadow_trees,f80_14,14,0.8,,10,1.0,"[21, 23, 24, 20, 25, 0, 15, 16, 19, 9]",14.0,33.254252083133906
shadow_trees,f80_14,14,0.8,,12,1.0,"[21, 23, 24, 20, 25, 0, 15, 16, 19, 9, 2, 1]",14.0,33.254252083133906
shadow_trees,f80_14,14,0.8,,14,1.0,"[21, 23, 24, 20, 25, 0, 15, 16, 19, 9, 2, 1, 26, 18]",14.0,33.254252083133906
shadow_trees,f80_15,15,0.8,,4,1.0,"[21, 23, 24, 20]",13.0,33.219327999977395
shadow_trees,f80_15,15,0.8,,8,1.0,"[21, 23, 24, 20, 0, 25, 15, 16]",13.0,33.219327999977395
shadow_trees,f80_15,15,0.8,,10,1.0,"[21, 23, 24, 20, 0, 25, 15, 16, 19, 9]",13.0,33.219327999977395
shadow_trees,f80_15,15,0.8,,12,1.0,"[21, 23, 24, 20, 0, 25, 15, 16, 19, 9, 2, 1]",13.0,33.219327999977395
shadow_trees,f80_15,15,0.8,,14,1.0,"[21, 23, 24, 20, 0, 25, 15, 16, 19, 9, 2, 1, 26, 18]",13.0,33.219327999977395
shadow_trees,f80_16,16,0.8,,4,1.0,"[21, 23, 24, 20]",13.0,34.19934179214761
shadow_trees,f80_16,16,0.8,,8,1.0,"[21, 23, 24, 20, 0, 25, 15, 16]",13.0,34.19934179214761
shadow_trees,f80_16,16,0.8,,10,1.0,"[21, 23, 24, 20, 0, 25, 15, 16, 19, 9]",13.0,34.19934179214761
shadow_trees,f80_16,16,0.8,,12,0.8461538461538461,"[21, 23, 24, 20, 0, 25, 15, 16, 19, 9, 2, 26]",13.0,34.19934179214761
shadow_trees,f80_16,16,0.8,,14,0.8666666666666667,"[21, 23, 24, 20, 0, 25, 15, 16, 19, 9, 2, 26, 1, 28]",13.0,34.19934179214761
shadow_trees,f80_17,17,0.8,,4,0.6,"[23, 21, 24, 0]",13.0,33.72645687498152
shadow_trees,f80_17,17,0.8,,8,1.0,"[23, 21, 24, 0, 25, 20, 15, 16]",13.0,33.72645687498152
shadow_trees,f80_17,17,0.8,,10,0.8181818181818182,"[23, 21, 24, 0, 25, 20, 15, 16, 19, 2]",13.0,33.72645687498152
shadow_trees,f80_17,17,0.8,,12,1.0,"[23, 21, 24, 0, 25, 20, 15, 16, 19, 2, 9, 1]",13.0,33.72645687498152
shadow_trees,f80_17,17,0.8,,14,1.0,"[23, 21, 24, 0, 25, 20, 15, 16, 19, 2, 9, 1, 26, 18]",13.0,33.72645687498152
shadow_trees,f80_18,18,0.8,,4,1.0,"[21, 23, 24, 20]",13.0,34.25127104180865
shadow_trees,f80_18,18,0.8,,8,1.0,"[21, 23, 24, 20, 0, 25, 15, 16]",13.0,34.25127104180865
shadow_trees,f80_18,18,0.8,,10,1.0,"[21, 23, 24, 20, 0, 25, 15, 16, 19, 9]",13.0,34.25127104180865
shadow_trees,f80_18,18,0.8,,12,1.0,"[21, 23, 24, 20, 0, 25, 15, 16, 19, 9, 2, 1]",13.0,34.25127104180865
shadow_trees,f80_18,18,0.8,,14,1.0,"[21, 23, 24, 20, 0, 25, 15, 16, 19, 9, 2, 1, 26, 18]",13.0,34.25127104180865
shadow_trees,f80_19,19,0.8,,4,1.0,"[21, 23, 24, 20]",14.0,33.9421499168966
shadow_trees,f80_19,19,0.8,,8,1.0,"[21, 23, 24, 20, 0, 25, 15, 16]",14.0,33.9421499168966
shadow_trees,f80_19,19,0.8,,10,1.0,"[21, 23, 24, 20, 0, 25, 15, 16, 19, 9]",14.0,33.9421499168966
shadow_trees,f80_19,19,0.8,,12,1.0,"[21, 23, 24, 20, 0, 25, 15, 16, 19, 9, 2, 1]",14.0,33.9421499168966
shadow_trees,f80_19,19,0.8,,14,1.0,"[21, 23, 24, 20, 0, 25, 15, 16, 19, 9, 2, 1, 26, 18]",14.0,33.9421499168966
xgboost_shap,half_00_A,0,0.5,A,4,0.6,"[21, 0, 23, 16]",,0.8741156249307096
xgboost_shap,half_00_A,0,0.5,A,8,0.7777777777777778,"[21, 0, 23, 16, 24, 19, 20, 15]",,0.8741156249307096
xgboost_shap,half_00_A,0,0.5,A,10,0.8181818181818182,"[21, 0, 23, 16, 24, 19, 20, 15, 18, 2]",,0.8741156249307096
xgboost_shap,half_00_A,0,0.5,A,12,0.7142857142857143,"[21, 0, 23, 16, 24, 19, 20, 15, 18, 2, 25, 28]",,0.8741156249307096
xgboost_shap,half_00_A,0,0.5,A,14,0.6470588235294118,"[21, 0, 23, 16, 24, 19, 20, 15, 18, 2, 25, 28, 9, 8]",,0.8741156249307096
xgboost_shap,half_00_B,0,0.5,B,4,1.0,"[23, 21, 0, 24]",,0.8285955002065748
xgboost_shap,half_00_B,0,0.5,B,8,0.7777777777777778,"[23, 21, 0, 24, 16, 15, 19, 25]",,0.8285955002065748
xgboost_shap,half_00_B,0,0.5,B,10,0.6666666666666666,"[23, 21, 0, 24, 16, 15, 19, 25, 7, 1]",,0.8285955002065748
xgboost_shap,half_00_B,0,0.5,B,12,0.8461538461538461,"[23, 21, 0, 24, 16, 15, 19, 25, 7, 1, 18, 20]",,0.8285955002065748
xgboost_shap,half_00_B,0,0.5,B,14,1.0,"[23, 21, 0, 24, 16, 15, 19, 25, 7, 1, 18, 20, 17, 2]",,0.8285955002065748
xgboost_shap,half_01_A,1,0.5,A,4,0.6,"[21, 0, 24, 16]",,0.8323533339425921
xgboost_shap,half_01_A,1,0.5,A,8,0.7777777777777778,"[21, 0, 24, 16, 23, 15, 19, 20]",,0.8323533339425921
xgboost_shap,half_01_A,1,0.5,A,10,0.8181818181818182,"[21, 0, 24, 16, 23, 15, 19, 20, 18, 2]",,0.8323533339425921
xgboost_shap,half_01_A,1,0.5,A,12,0.8461538461538461,"[21, 0, 24, 16, 23, 15, 19, 20, 18, 2, 25, 7]",,0.8323533339425921
xgboost_shap,half_01_A,1,0.5,A,14,0.8666666666666667,"[21, 0, 24, 16, 23, 15, 19, 20, 18, 2, 25, 7, 28, 1]",,0.8323533339425921
xgboost_shap,half_01_B,1,0.5,B,4,0.6,"[23, 21, 0, 16]",,0.8608431247994304
xgboost_shap,half_01_B,1,0.5,B,8,0.7777777777777778,"[23, 21, 0, 16, 19, 24, 15, 25]",,0.8608431247994304
xgboost_shap,half_01_B,1,0.5,B,10,0.8181818181818182,"[23, 21, 0, 16, 19, 24, 15, 25, 20, 18]",,0.8608431247994304
xgboost_shap,half_01_B,1,0.5,B,12,0.6,"[23, 21, 0, 16, 19, 24, 15, 25, 20, 18, 17, 8]",,0.8608431247994304
xgboost_shap,half_01_B,1,0.5,B,14,0.75,"[23, 21, 0, 16, 19, 24, 15, 25, 20, 18, 17, 8, 7, 9]",,0.8608431247994304
xgboost_shap,half_02_A,2,0.5,A,4,1.0,"[21, 24, 0, 23]",,0.8464283749926835
xgboost_shap,half_02_A,2,0.5,A,8,1.0,"[21, 24, 0, 23, 19, 16, 15, 18]",,0.8464283749926835
xgboost_shap,half_02_A,2,0.5,A,10,0.8181818181818182,"[21, 24, 0, 23, 19, 16, 15, 18, 20, 9]",,0.8464283749926835
xgboost_shap,half_02_A,2,0.5,A,12,0.7142857142857143,"[21, 24, 0, 23, 19, 16, 15, 18, 20, 9, 27, 7]",,0.8464283749926835
xgboost_shap,half_02_A,2,0.5,A,14,0.6470588235294118,"[21, 24, 0, 23, 19, 16, 15, 18, 20, 9, 27, 7, 4, 2]",,0.8464283749926835
xgboost_shap,half_02_B,2,0.5,B,4,0.6,"[23, 0, 21, 16]",,0.8537934580817819
xgboost_shap,half_02_B,2,0.5,B,8,0.6,"[23, 0, 21, 16, 15, 25, 19, 20]",,0.8537934580817819
xgboost_shap,half_02_B,2,0.5,B,10,0.6666666666666666,"[23, 0, 21, 16, 15, 25, 19, 20, 2, 24]",,0.8537934580817819
xgboost_shap,half_02_B,2,0.5,B,12,0.8461538461538461,"[23, 0, 21, 16, 15, 25, 19, 20, 2, 24, 18, 7]",,0.8537934580817819
xgboost_shap,half_02_B,2,0.5,B,14,1.0,"[23, 0, 21, 16, 15, 25, 19, 20, 2, 24, 18, 7, 1, 17]",,0.8537934580817819
xgboost_shap,half_03_A,3,0.5,A,4,1.0,"[23, 0, 21, 24]",,0.8652588329277933
xgboost_shap,half_03_A,3,0.5,A,8,0.7777777777777778,"[23, 0, 21, 24, 16, 19, 15, 20]",,0.8652588329277933
xgboost_shap,half_03_A,3,0.5,A,10,1.0,"[23, 0, 21, 24, 16, 19, 15, 20, 18, 7]",,0.8652588329277933
xgboost_shap,half_03_A,3,0.5,A,12,0.7142857142857143,"[23, 0, 21, 24, 16, 19, 15, 20, 18, 7, 25, 17]",,0.8652588329277933
xgboost_shap,half_03_A,3,0.5,A,14,0.75,"[23, 0, 21, 24, 16, 19, 15, 20, 18, 7, 25, 17, 27, 9]",,0.8652588329277933
xgboost_shap,half_03_B,3,0.5,B,4,0.6,"[21, 23, 0, 16]",,0.8463952080346644
xgboost_shap,half_03_B,3,0.5,B,8,0.7777777777777778,"[21, 23, 0, 16, 19, 24, 15, 25]",,0.8463952080346644
xgboost_shap,half_03_B,3,0.5,B,10,0.8181818181818182,"[21, 23, 0, 16, 19, 24, 15, 25, 18, 20]",,0.8463952080346644
xgboost_shap,half_03_B,3,0.5,B,12,0.8461538461538461,"[21, 23, 0, 16, 19, 24, 15, 25, 18, 20, 2, 7]",,0.8463952080346644
xgboost_shap,half_03_B,3,0.5,B,14,0.8666666666666667,"[21, 23, 0, 16, 19, 24, 15, 25, 18, 20, 2, 7, 1, 8]",,0.8463952080346644
xgboost_shap,half_04_A,4,0.5,A,4,0.6,"[21, 0, 24, 16]",,0.8593972499947995
xgboost_shap,half_04_A,4,0.5,A,8,0.7777777777777778,"[21, 0, 24, 16, 23, 19, 25, 15]",,0.8593972499947995
xgboost_shap,half_04_A,4,0.5,A,10,0.6666666666666666,"[21, 0, 24, 16, 23, 19, 25, 15, 20, 1]",,0.8593972499947995
xgboost_shap,half_04_A,4,0.5,A,12,0.8461538461538461,"[21, 0, 24, 16, 23, 19, 25, 15, 20, 1, 18, 7]",,0.8593972499947995
xgboost_shap,half_04_A,4,0.5,A,14,0.8666666666666667,"[21, 0, 24, 16, 23, 19, 25, 15, 20, 1, 18, 7, 2, 28]",,0.8593972499947995
xgboost_shap,half_04_B,4,0.5,B,4,0.6,"[23, 21, 0, 16]",,0.8380454999860376
xgboost_shap,half_04_B,4,0.5,B,8,0.7777777777777778,"[23, 21, 0, 16, 15, 19, 24, 20]",,0.8380454999860376
xgboost_shap,half_04_B,4,0.5,B,10,0.8181818181818182,"[23, 21, 0, 16, 15, 19, 24, 20, 18, 27]",,0.8380454999860376
xgboost_shap,half_04_B,4,0.5,B,12,0.6,"[23, 21, 0, 16, 15, 19, 24, 20, 18, 27, 17, 25]",,0.8380454999860376
xgboost_shap,half_04_B,4,0.5,B,14,0.75,"[23, 21, 0, 16, 15, 19, 24, 20, 18, 27, 17, 25, 9, 7]",,0.8380454999860376
xgboost_shap,half_05_A,5,0.5,A,4,1.0,"[23, 0, 21, 24]",,0.8313391250558197
xgboost_shap,half_05_A,5,0.5,A,8,1.0,"[23, 0, 21, 24, 16, 19, 15, 18]",,0.8313391250558197
xgboost_shap,half_05_A,5,0.5,A,10,0.8181818181818182,"[23, 0, 21, 24, 16, 19, 15, 18, 20, 2]",,0.8313391250558197
xgboost_shap,half_05_A,5,0.5,A,12,0.8461538461538461,"[23, 0, 21, 24, 16, 19, 15, 18, 20, 2, 1, 17]",,0.8313391250558197
xgboost_shap,half_05_A,5,0.5,A,14,1.0,"[23, 0, 21, 24, 16, 19, 15, 18, 20, 2, 1, 17, 7, 25]",,0.8313391250558197
xgboost_shap,half_05_B,5,0.5,B,4,0.6,"[21, 23, 0, 16]",,0.8614921250846237
xgboost_shap,half_05_B,5,0.5,B,8,0.7777777777777778,"[21, 23, 0, 16, 19, 15, 24, 25]",,0.8614921250846237
xgboost_shap,half_05_B,5,0.5,B,10,0.6666666666666666,"[21, 23, 0, 16, 19, 15, 24, 25, 18, 1]",,0.8614921250846237
xgboost_shap,half_05_B,5,0.5,B,12,0.7142857142857143,"[21, 23, 0, 16, 19, 15, 24, 25, 18, 1, 20, 27]",,0.8614921250846237
xgboost_shap,half_05_B,5,0.5,B,14,0.8666666666666667,"[21, 23, 0, 16, 19, 15, 24, 25, 18, 1, 20, 27, 7, 17]",,0.8614921250846237
xgboost_shap,half_06_A,6,0.5,A,4,1.0,"[23, 0, 21, 24]",,0.8538904169108719
xgboost_shap,half_06_A,6,0.5,A,8,0.7777777777777778,"[23, 0, 21, 24, 19, 16, 15, 20]",,0.8538904169108719
xgboost_shap,half_06_A,6,0.5,A,10,0.8181818181818182,"[23, 0, 21, 24, 19, 16, 15, 20, 18, 25]",,0.8538904169108719
xgboost_shap,half_06_A,6,0.5,A,12,0.8461538461538461,"[23, 0, 21, 24, 19, 16, 15, 20, 18, 25, 2, 1]",,0.8538904169108719
xgboost_shap,half_06_A,6,0.5,A,14,1.0,"[23, 0, 21, 24, 19, 16, 15, 20, 18, 25, 2, 1, 17, 7]",,0.8538904169108719
xgboost_shap,half_06_B,6,0.5,B,4,0.6,"[21, 23, 0, 16]",,0.8378217909485102
xgboost_shap,half_06_B,6,0.5,B,8,0.7777777777777778,"[21, 23, 0, 16, 19, 24, 15, 20]",,0.8378217909485102
xgboost_shap,half_06_B,6,0.5,B,10,1.0,"[21, 23, 0, 16, 19, 24, 15, 20, 18, 7]",,0.8378217909485102
xgboost_shap,half_06_B,6,0.5,B,12,0.8461538461538461,"[21, 23, 0, 16, 19, 24, 15, 20, 18, 7, 28, 2]",,0.8378217909485102
xgboost_shap,half_06_B,6,0.5,B,14,0.75,"[21, 23, 0, 16, 19, 24, 15, 20, 18, 7, 28, 2, 26, 25]",,0.8378217909485102
xgboost_shap,half_07_A,7,0.5,A,4,0.6,"[21, 0, 16, 23]",,0.8679383329581469
xgboost_shap,half_07_A,7,0.5,A,8,0.7777777777777778,"[21, 0, 16, 23, 19, 20, 24, 15]",,0.8679383329581469
xgboost_shap,half_07_A,7,0.5,A,10,0.8181818181818182,"[21, 0, 16, 23, 19, 20, 24, 15, 18, 27]",,0.8679383329581469
xgboost_shap,half_07_A,7,0.5,A,12,0.6,"[21, 0, 16, 23, 19, 20, 24, 15, 18, 27, 17, 6]",,0.8679383329581469
xgboost_shap,half_07_A,7,0.5,A,14,0.6470588235294118,"[21, 0, 16, 23, 19, 20, 24, 15, 18, 27, 17, 6, 9, 7]",,0.8679383329581469
xgboost_shap,half_07_B,7,0.5,B,4,1.0,"[23, 21, 0, 24]",,0.828301667002961
xgboost_shap,half_07_B,7,0.5,B,8,0.7777777777777778,"[23, 21, 0, 24, 16, 19, 15, 25]",,0.828301667002961
xgboost_shap,half_07_B,7,0.5,B,10,0.8181818181818182,"[23, 21, 0, 24, 16, 19, 15, 25, 20, 18]",,0.828301667002961
xgboost_shap,half_07_B,7,0.5,B,12,0.8461538461538461,"[23, 21, 0, 24, 16, 19, 15, 25, 20, 18, 7, 1]",,0.828301667002961
xgboost_shap,half_07_B,7,0.5,B,14,0.8666666666666667,"[23, 21, 0, 24, 16, 19, 15, 25, 20, 18, 7, 1, 2, 8]",,0.828301667002961
xgboost_shap,half_08_A,8,0.5,A,4,1.0,"[23, 21, 0, 24]",,0.853585708187893
xgboost_shap,half_08_A,8,0.5,A,8,0.7777777777777778,"[23, 21, 0, 24, 19, 16, 15, 20]",,0.853585708187893
xgboost_shap,half_08_A,8,0.5,A,10,0.8181818181818182,"[23, 21, 0, 24, 19, 16, 15, 20, 18, 25]",,0.853585708187893
xgboost_shap,half_08_A,8,0.5,A,12,0.7142857142857143,"[23, 21, 0, 24, 19, 16, 15, 20, 18, 25, 1, 4]",,0.853585708187893
xgboost_shap,half_08_A,8,0.5,A,14,0.8666666666666667,"[23, 21, 0, 24, 19, 16, 15, 20, 18, 25, 1, 4, 7, 2]",,0.853585708187893
xgboost_shap,half_08_B,8,0.5,B,4,0.6,"[21, 23, 0, 16]",,0.8427070828620344
xgboost_shap,half_08_B,8,0.5,B,8,0.7777777777777778,"[21, 23, 0, 16, 19, 15, 24, 20]",,0.8427070828620344
xgboost_shap,half_08_B,8,0.5,B,10,0.8181818181818182,"[21, 23, 0, 16, 19, 15, 24, 20, 25, 18]",,0.8427070828620344
xgboost_shap,half_08_B,8,0.5,B,12,0.8461538461538461,"[21, 23, 0, 16, 19, 15, 24, 20, 25, 18, 7, 2]",,0.8427070828620344
xgboost_shap,half_08_B,8,0.5,B,14,0.8666666666666667,"[21, 23, 0, 16, 19, 15, 24, 20, 25, 18, 7, 2, 9, 17]",,0.8427070828620344
xgboost_shap,half_09_A,9,0.5,A,4,1.0,"[21, 23, 0, 24]",,0.8541737499181181
xgboost_shap,half_09_A,9,0.5,A,8,1.0,"[21, 23, 0, 24, 19, 16, 15, 18]",,0.8541737499181181
xgboost_shap,half_09_A,9,0.5,A,10,0.8181818181818182,"[21, 23, 0, 24, 19, 16, 15, 18, 25, 20]",,0.8541737499181181
xgboost_shap,half_09_A,9,0.5,A,12,0.7142857142857143,"[21, 23, 0, 24, 19, 16, 15, 18, 25, 20, 2, 27]",,0.8541737499181181
xgboost_shap,half_09_A,9,0.5,A,14,0.8666666666666667,"[21, 23, 0, 24, 19, 16, 15, 18, 25, 20, 2, 27, 7, 1]",,0.8541737499181181
xgboost_shap,half_09_B,9,0.5,B,4,0.6,"[23, 21, 0, 16]",,0.8509017920587212
xgboost_shap,half_09_B,9,0.5,B,8,0.7777777777777778,"[23, 21, 0, 16, 19, 24, 15, 20]",,0.8509017920587212
xgboost_shap,half_09_B,9,0.5,B,10,0.8181818181818182,"[23, 21, 0, 16, 19, 24, 15, 20, 18, 25]",,0.8509017920587212
xgboost_shap,half_09_B,9,0.5,B,12,0.8461538461538461,"[23, 21, 0, 16, 19, 24, 15, 20, 18, 25, 1, 7]",,0.8509017920587212
xgboost_shap,half_09_B,9,0.5,B,14,0.8666666666666667,"[23, 21, 0, 16, 19, 24, 15, 20, 18, 25, 1, 7, 2, 9]",,0.8509017920587212
xgboost_shap,half_10_A,10,0.5,A,4,0.6,"[21, 23, 0, 16]",,0.8529467089101672
xgboost_shap,half_10_A,10,0.5,A,8,0.7777777777777778,"[21, 23, 0, 16, 24, 19, 20, 15]",,0.8529467089101672
xgboost_shap,half_10_A,10,0.5,A,10,0.8181818181818182,"[21, 23, 0, 16, 24, 19, 20, 15, 18, 25]",,0.8529467089101672
xgboost_shap,half_10_A,10,0.5,A,12,0.6,"[21, 23, 0, 16, 24, 19, 20, 15, 18, 25, 17, 27]",,0.8529467089101672
xgboost_shap,half_10_A,10,0.5,A,14,0.6470588235294118,"[21, 23, 0, 16, 24, 19, 20, 15, 18, 25, 17, 27, 9, 8]",,0.8529467089101672
xgboost_shap,half_10_B,10,0.5,B,4,0.6,"[23, 21, 0, 19]",,0.8441917919553816
xgboost_shap,half_10_B,10,0.5,B,8,0.7777777777777778,"[23, 21, 0, 19, 24, 15, 16, 20]",,0.8441917919553816
xgboost_shap,half_10_B,10,0.5,B,10,0.8181818181818182,"[23, 21, 0, 19, 24, 15, 16, 20, 1, 18]",,0.8441917919553816
xgboost_shap,half_10_B,10,0.5,B,12,1.0,"[23, 21, 0, 19, 24, 15, 16, 20, 1, 18, 7, 2]",,0.8441917919553816
xgboost_shap,half_10_B,10,0.5,B,14,0.75,"[23, 21, 0, 19, 24, 15, 16, 20, 1, 18, 7, 2, 4, 27]",,0.8441917919553816
xgboost_shap,half_11_A,11,0.5,A,4,0.6,"[23, 21, 0, 16]",,0.8530177909415215
xgboost_shap,half_11_A,11,0.5,A,8,1.0,"[23, 21, 0, 16, 19, 18, 24, 15]",,0.8530177909415215
xgboost_shap,half_11_A,11,0.5,A,10,0.6666666666666666,"[23, 21, 0, 16, 19, 18, 24, 15, 27, 2]",,0.8530177909415215
xgboost_shap,half_11_A,11,0.5,A,12,0.7142857142857143,"[23, 21, 0, 16, 19, 18, 24, 15, 27, 2, 20, 25]",,0.8530177909415215
xgboost_shap,half_11_A,11,0.5,A,14,0.75,"[23, 21, 0, 16, 19, 18, 24, 15, 27, 2, 20, 25, 7, 4]",,0.8530177909415215
xgboost_shap,half_11_B,11,0.5,B,4,1.0,"[23, 0, 21, 24]",,0.8459117079619318
xgboost_shap,half_11_B,11,0.5,B,8,0.7777777777777778,"[23, 0, 21, 24, 16, 15, 25, 19]",,0.8459117079619318
xgboost_shap,half_11_B,11,0.5,B,10,0.6666666666666666,"[23, 0, 21, 24, 16, 15, 25, 19, 20, 1]",,0.8459117079619318
xgboost_shap,half_11_B,11,0.5,B,12,0.7142857142857143,"[23, 0, 21, 24, 16, 15, 25, 19, 20, 1, 18, 9]",,0.8459117079619318
xgboost_shap,half_11_B,11,0.5,B,14,0.8666666666666667,"[23, 0, 21, 24, 16, 15, 25, 19, 20, 1, 18, 9, 7, 17]",,0.8459117079619318
xgboost_shap,half_12_A,12,0.5,A,4,0.6,"[23, 21, 0, 19]",,0.8433334589935839
xgboost_shap,half_12_A,12,0.5,A,8,0.7777777777777778,"[23, 21, 0, 19, 16, 24, 15, 25]",,0.8433334589935839
xgboost_shap,half_12_A,12,0.5,A,10,0.6666666666666666,"[23, 21, 0, 19, 16, 24, 15, 25, 17, 7]",,0.8433334589935839
xgboost_shap,half_12_A,12,0.5,A,12,0.7142857142857143,"[23, 21, 0, 19, 16, 24, 15, 25, 17, 7, 2, 1]",,0.8433334589935839
xgboost_shap,half_12_A,12,0.5,A,14,1.0,"[23, 21, 0, 19, 16, 24, 15, 25, 17, 7, 2, 1, 18, 20]",,0.8433334589935839
xgboost_shap,half_12_B,12,0.5,B,4,1.0,"[23, 21, 0, 24]",,0.8685199578758329
xgboost_shap,half_12_B,12,0.5,B,8,0.7777777777777778,"[23, 21, 0, 24, 16, 15, 19, 20]",,0.8685199578758329
xgboost_shap,half_12_B,12,0.5,B,10,0.8181818181818182,"[23, 21, 0, 24, 16, 15, 19, 20, 18, 28]",,0.8685199578758329
xgboost_shap,half_12_B,12,0.5,B,12,0.6,"[23, 21, 0, 24, 16, 15, 19, 20, 18, 28, 27, 8]",,0.8685199578758329
xgboost_shap,half_12_B,12,0.5,B,14,0.47368421052631576,"[23, 21, 0, 24, 16, 15, 19, 20, 18, 28, 27, 8, 9, 4]",,0.8685199578758329
xgboost_shap,half_13_A,13,0.5,A,4,1.0,"[23, 21, 0, 24]",,0.8481388750951737
xgboost_shap,half_13_A,13,0.5,A,8,0.7777777777777778,"[23, 21, 0, 24, 16, 19, 25, 15]",,0.8481388750951737
xgboost_shap,half_13_A,13,0.5,A,10,0.8181818181818182,"[23, 21, 0, 24, 16, 19, 25, 15, 20, 18]",,0.8481388750951737
xgboost_shap,half_13_A,13,0.5,A,12,0.7142857142857143,"[23, 21, 0, 24, 16, 19, 25, 15, 20, 18, 7, 9]",,0.8481388750951737
xgboost_shap,half_13_A,13,0.5,A,14,0.6470588235294118,"[23, 21, 0, 24, 16, 19, 25, 15, 20, 18, 7, 9, 28, 26]",,0.8481388750951737
xgboost_shap,half_13_B,13,0.5,B,4,0.6,"[23, 21, 0, 16]",,0.8810764998197556
xgboost_shap,half_13_B,13,0.5,B,8,0.7777777777777778,"[23, 21, 0, 16, 19, 20, 15, 24]",,0.8810764998197556
xgboost_shap,half_13_B,13,0.5,B,10,0.8181818181818182,"[23, 21, 0, 16, 19, 20, 15, 24, 8, 18]",,0.8810764998197556
xgboost_shap,half_13_B,13,0.5,B,12,0.8461538461538461,"[23, 21, 0, 16, 19, 20, 15, 24, 8, 18, 1, 2]",,0.8810764998197556
xgboost_shap,half_13_B,13,0.5,B,14,0.75,"[23, 21, 0, 16, 19, 20, 15, 24, 8, 18, 1, 2, 4, 17]",,0.8810764998197556
xgboost_shap,half_14_A,14,0.5,A,4,0.6,"[21, 23, 0, 16]",,0.8511148751713336
xgboost_shap,half_14_A,14,0.5,A,8,1.0,"[21, 23, 0, 16, 19, 24, 15, 18]",,0.8511148751713336
xgboost_shap,half_14_A,14,0.5,A,10,0.8181818181818182,"[21, 23, 0, 16, 19, 24, 15, 18, 2, 7]",,0.8511148751713336
xgboost_shap,half_14_A,14,0.5,A,12,0.8461538461538461,"[21, 23, 0, 16, 19, 24, 15, 18, 2, 7, 17, 1]",,0.8511148751713336
xgboost_shap,half_14_A,14,0.5,A,14,0.8666666666666667,"[21, 23, 0, 16, 19, 24, 15, 18, 2, 7, 17, 1, 20, 5]",,0.8511148751713336
xgboost_shap,half_14_B,14,0.5,B,4,1.0,"[23, 0, 21, 24]",,0.8693089168518782
xgboost_shap,half_14_B,14,0.5,B,8,0.7777777777777778,"[23, 0, 21, 24, 16, 19, 20, 15]",,0.8693089168518782
xgboost_shap,half_14_B,14,0.5,B,10,0.8181818181818182,"[23, 0, 21, 24, 16, 19, 20, 15, 25, 18]",,0.8693089168518782
xgboost_shap,half_14_B,14,0.5,B,12,0.6,"[23, 0, 21, 24, 16, 19, 20, 15, 25, 18, 9, 28]",,0.8693089168518782
xgboost_shap,half_14_B,14,0.5,B,14,0.6470588235294118,"[23, 0, 21, 24, 16, 19, 20, 15, 25, 18, 9, 28, 4, 2]",,0.8693089168518782
xgboost_shap,half_15_A,15,0.5,A,4,0.6,"[23, 21, 0, 16]",,0.8685175420250744
xgboost_shap,half_15_A,15,0.5,A,8,0.7777777777777778,"[23, 21, 0, 16, 24, 19, 25, 15]",,0.8685175420250744
xgboost_shap,half_15_A,15,0.5,A,10,0.5384615384615384,"[23, 21, 0, 16, 24, 19, 25, 15, 17, 9]",,0.8685175420250744
xgboost_shap,half_15_A,15,0.5,A,12,0.5,"[23, 21, 0, 16, 24, 19, 25, 15, 17, 9, 18, 27]",,0.8685175420250744
xgboost_shap,half_15_A,15,0.5,A,14,0.75,"[23, 21, 0, 16, 24, 19, 25, 15, 17, 9, 18, 27, 7, 20]",,0.8685175420250744
xgboost_shap,half_15_B,15,0.5,B,4,1.0,"[23, 21, 0, 24]",,0.8587972500827163
xgboost_shap,half_15_B,15,0.5,B,8,0.7777777777777778,"[23, 21, 0, 24, 19, 16, 15, 20]",,0.8587972500827163
xgboost_shap,half_15_B,15,0.5,B,10,0.8181818181818182,"[23, 21, 0, 24, 19, 16, 15, 20, 18, 2]",,0.8587972500827163
xgboost_shap,half_15_B,15,0.5,B,12,0.8461538461538461,"[23, 21, 0, 24, 19, 16, 15, 20, 18, 2, 1, 25]",,0.8587972500827163
xgboost_shap,half_15_B,15,0.5,B,14,0.8666666666666667,"[23, 21, 0, 24, 19, 16, 15, 20, 18, 2, 1, 25, 7, 8]",,0.8587972500827163
xgboost_shap,half_16_A,16,0.5,A,4,0.6,"[21, 0, 24, 16]",,0.8657513749785721
xgboost_shap,half_16_A,16,0.5,A,8,0.7777777777777778,"[21, 0, 24, 16, 19, 23, 20, 15]",,0.8657513749785721
xgboost_shap,half_16_A,16,0.5,A,10,0.8181818181818182,"[21, 0, 24, 16, 19, 23, 20, 15, 18, 17]",,0.8657513749785721
xgboost_shap,half_16_A,16,0.5,A,12,0.8461538461538461,"[21, 0, 24, 16, 19, 23, 20, 15, 18, 17, 7, 1]",,0.8657513749785721
xgboost_shap,half_16_A,16,0.5,A,14,0.8666666666666667,"[21, 0, 24, 16, 19, 23, 20, 15, 18, 17, 7, 1, 27, 2]",,0.8657513749785721
xgboost_shap,half_16_B,16,0.5,B,4,0.6,"[23, 0, 21, 15]",,0.8394943340681493
xgboost_shap,half_16_B,16,0.5,B,8,0.7777777777777778,"[23, 0, 21, 15, 19, 24, 16, 25]",,0.8394943340681493
xgboost_shap,half_16_B,16,0.5,B,10,0.6666666666666666,"[23, 0, 21, 15, 19, 24, 16, 25, 18, 2]",,0.8394943340681493
xgboost_shap,half_16_B,16,0.5,B,12,0.7142857142857143,"[23, 0, 21, 15, 19, 24, 16, 25, 18, 2, 20, 28]",,0.8394943340681493
xgboost_shap,half_16_B,16,0.5,B,14,0.75,"[23, 0, 21, 15, 19, 24, 16, 25, 18, 2, 20, 28, 7, 4]",,0.8394943340681493
xgboost_shap,half_17_A,17,0.5,A,4,0.6,"[21, 0, 23, 16]",,0.8383169579319656
xgboost_shap,half_17_A,17,0.5,A,8,0.7777777777777778,"[21, 0, 23, 16, 24, 19, 25, 15]",,0.8383169579319656
xgboost_shap,half_17_A,17,0.5,A,10,0.8181818181818182,"[21, 0, 23, 16, 24, 19, 25, 15, 20, 18]",,0.8383169579319656
xgboost_shap,half_17_A,17,0.5,A,12,0.7142857142857143,"[21, 0, 23, 16, 24, 19, 25, 15, 20, 18, 26, 2]",,0.8383169579319656
xgboost_shap,half_17_A,17,0.5,A,14,0.75,"[21, 0, 23, 16, 24, 19, 25, 15, 20, 18, 26, 2, 28, 7]",,0.8383169579319656
xgboost_shap,half_17_B,17,0.5,B,4,0.6,"[23, 21, 0, 19]",,0.861591124907136
xgboost_shap,half_17_B,17,0.5,B,8,1.0,"[23, 21, 0, 19, 24, 16, 15, 18]",,0.861591124907136
xgboost_shap,half_17_B,17,0.5,B,10,0.8181818181818182,"[23, 21, 0, 19, 24, 16, 15, 18, 20, 1]",,0.861591124907136
xgboost_shap,half_17_B,17,0.5,B,12,0.8461538461538461,"[23, 21, 0, 19, 24, 16, 15, 18, 20, 1, 9, 7]",,0.861591124907136
xgboost_shap,half_17_B,17,0.5,B,14,0.6470588235294118,"[23, 21, 0, 19, 24, 16, 15, 18, 20, 1, 9, 7, 27, 28]",,0.861591124907136
xgboost_shap,half_18_A,18,0.5,A,4,0.6,"[21, 23, 0, 16]",,0.8455099589191377
xgboost_shap,half_18_A,18,0.5,A,8,0.7777777777777778,"[21, 23, 0, 16, 24, 19, 15, 25]",,0.8455099589191377
xgboost_shap,half_18_A,18,0.5,A,10,0.8181818181818182,"[21, 23, 0, 16, 24, 19, 15, 25, 20, 18]",,0.8455099589191377
xgboost_shap,half_18_A,18,0.5,A,12,0.7142857142857143,"[21, 23, 0, 16, 24, 19, 15, 25, 20, 18, 2, 17]",,0.8455099589191377
xgboost_shap,half_18_A,18,0.5,A,14,0.75,"[21, 23, 0, 16, 24, 19, 15, 25, 20, 18, 2, 17, 3, 9]",,0.8455099589191377
xgboost_shap,half_18_B,18,0.5,B,4,1.0,"[23, 0, 21, 24]",,0.8407962920609862
xgboost_shap,half_18_B,18,0.5,B,8,0.7777777777777778,"[23, 0, 21, 24, 16, 19, 15, 7]",,0.8407962920609862
xgboost_shap,half_18_B,18,0.5,B,10,0.8181818181818182,"[23, 0, 21, 24, 16, 19, 15, 7, 20, 27]",,0.8407962920609862
xgboost_shap,half_18_B,18,0.5,B,12,0.8461538461538461,"[23, 0, 21, 24, 16, 19, 15, 7, 20, 27, 1, 2]",,0.8407962920609862
xgboost_shap,half_18_B,18,0.5,B,14,0.75,"[23, 0, 21, 24, 16, 19, 15, 7, 20, 27, 1, 2, 18, 8]",,0.8407962920609862
xgboost_shap,half_19_A,19,0.5,A,4,1.0,"[21, 23, 0, 24]",,0.875668624881655
xgboost_shap,half_19_A,19,0.5,A,8,1.0,"[21, 23, 0, 24, 16, 19, 15, 18]",,0.875668624881655
xgboost_shap,half_19_A,19,0.5,A,10,0.8181818181818182,"[21, 23, 0, 24, 16, 19, 15, 18, 2, 20]",,0.875668624881655
xgboost_shap,half_19_A,19,0.5,A,12,0.7142857142857143,"[21, 23, 0, 24, 16, 19, 15, 18, 2, 20, 4, 28]",,0.875668624881655
xgboost_shap,half_19_A,19,0.5,A,14,0.6470588235294118,"[21, 23, 0, 24, 16, 19, 15, 18, 2, 20, 4, 28, 9, 17]",,0.875668624881655
xgboost_shap,half_19_B,19,0.5,B,4,0.6,"[23, 21, 0, 16]",,0.8147608751896769
xgboost_shap,half_19_B,19,0.5,B,8,0.6,"[23, 21, 0, 16, 19, 24, 20, 25]",,0.8147608751896769
xgboost_shap,half_19_B,19,0.5,B,10,0.8181818181818182,"[23, 21, 0, 16, 19, 24, 20, 25, 15, 7]",,0.8147608751896769
xgboost_shap,half_19_B,19,0.5,B,12,0.8461538461538461,"[23, 21, 0, 16, 19, 24, 20, 25, 15, 7, 1, 18]",,0.8147608751896769
xgboost_shap,half_19_B,19,0.5,B,14,1.0,"[23, 21, 0, 16, 19, 24, 20, 25, 15, 7, 1, 18, 2, 17]",,0.8147608751896769
xgboost_shap,half_20_A,20,0.5,A,4,0.6,"[23, 21, 0, 19]",,0.8836750828195363
xgboost_shap,half_20_A,20,0.5,A,8,0.7777777777777778,"[23, 21, 0, 19, 16, 15, 20, 24]",,0.8836750828195363
xgboost_shap,half_20_A,20,0.5,A,10,0.8181818181818182,"[23, 21, 0, 19, 16, 15, 20, 24, 1, 18]",,0.8836750828195363
xgboost_shap,half_20_A,20,0.5,A,12,0.7142857142857143,"[23, 21, 0, 19, 16, 15, 20, 24, 1, 18, 17, 28]",,0.8836750828195363
xgboost_shap,half_20_A,20,0.5,A,14,0.75,"[23, 21, 0, 19, 16, 15, 20, 24, 1, 18, 17, 28, 7, 4]",,0.8836750828195363
xgboost_shap,half_20_B,20,0.5,B,4,0.6,"[21, 0, 24, 16]",,0.841855582781136
xgboost_shap,half_20_B,20,0.5,B,8,0.7777777777777778,"[21, 0, 24, 16, 25, 23, 19, 15]",,0.841855582781136
xgboost_shap,half_20_B,20,0.5,B,10,0.6666666666666666,"[21, 0, 24, 16, 25, 23, 19, 15, 18, 2]",,0.841855582781136
xgboost_shap,half_20_B,20,0.5,B,12,0.7142857142857143,"[21, 0, 24, 16, 25, 23, 19, 15, 18, 2, 7, 28]",,0.841855582781136
xgboost_shap,half_20_B,20,0.5,B,14,0.75,"[21, 0, 24, 16, 25, 23, 19, 15, 18, 2, 7, 28, 20, 9]",,0.841855582781136
xgboost_shap,half_21_A,21,0.5,A,4,0.6,"[23, 21, 0, 19]",,0.8369457090739161
xgboost_shap,half_21_A,21,0.5,A,8,0.7777777777777778,"[23, 21, 0, 19, 24, 20, 16, 15]",,0.8369457090739161
xgboost_shap,half_21_A,21,0.5,A,10,1.0,"[23, 21, 0, 19, 24, 20, 16, 15, 18, 7]",,0.8369457090739161
xgboost_shap,half_21_A,21,0.5,A,12,0.8461538461538461,"[23, 21, 0, 19, 24, 20, 16, 15, 18, 7, 27, 2]",,0.8369457090739161
xgboost_shap,half_21_A,21,0.5,A,14,0.75,"[23, 21, 0, 19, 24, 20, 16, 15, 18, 7, 27, 2, 1, 28]",,0.8369457090739161
xgboost_shap,half_21_B,21,0.5,B,4,0.6,"[23, 21, 0, 16]",,0.8538863752037287
xgboost_shap,half_21_B,21,0.5,B,8,0.7777777777777778,"[23, 21, 0, 16, 24, 19, 25, 15]",,0.8538863752037287
xgboost_shap,half_21_B,21,0.5,B,10,0.6666666666666666,"[23, 21, 0, 16, 24, 19, 25, 15, 18, 1]",,0.8538863752037287
xgboost_shap,half_21_B,21,0.5,B,12,0.7142857142857143,"[23, 21, 0, 16, 24, 19, 25, 15, 18, 1, 7, 8]",,0.8538863752037287
xgboost_shap,half_21_B,21,0.5,B,14,0.8666666666666667,"[23, 21, 0, 16, 24, 19, 25, 15, 18, 1, 7, 8, 2, 17]",,0.8538863752037287
xgboost_shap,half_22_A,22,0.5,A,4,1.0,"[21, 23, 0, 24]",,0.8494076251517981
xgboost_shap,half_22_A,22,0.5,A,8,0.6,"[21, 23, 0, 24, 19, 16, 25, 20]",,0.8494076251517981
xgboost_shap,half_22_A,22,0.5,A,10,0.8181818181818182,"[21, 23, 0, 24, 19, 16, 25, 20, 15, 18]",,0.8494076251517981
xgboost_shap,half_22_A,22,0.5,A,12,0.7142857142857143,"[21, 23, 0, 24, 19, 16, 25, 20, 15, 18, 17, 7]",,0.8494076251517981
xgboost_shap,half_22_A,22,0.5,A,14,0.8666666666666667,"[21, 23, 0, 24, 19, 16, 25, 20, 15, 18, 17, 7, 2, 27]",,0.8494076251517981
xgboost_shap,half_22_B,22,0.5,B,4,0.6,"[23, 21, 0, 16]",,0.853869958082214
xgboost_shap,half_22_B,22,0.5,B,8,1.0,"[23, 21, 0, 16, 24, 19, 15, 18]",,0.853869958082214
xgboost_shap,half_22_B,22,0.5,B,10,0.8181818181818182,"[23, 21, 0, 16, 24, 19, 15, 18, 1, 20]",,0.853869958082214
xgboost_shap,half_22_B,22,0.5,B,12,1.0,"[23, 21, 0, 16, 24, 19, 15, 18, 1, 20, 7, 2]",,0.853869958082214
xgboost_shap,half_22_B,22,0.5,B,14,0.75,"[23, 21, 0, 16, 24, 19, 15, 18, 1, 20, 7, 2, 9, 8]",,0.853869958082214
xgboost_shap,half_23_A,23,0.5,A,4,1.0,"[23, 0, 21, 24]",,0.8302138750441372
xgboost_shap,half_23_A,23,0.5,A,8,0.7777777777777778,"[23, 0, 21, 24, 16, 19, 15, 20]",,0.8302138750441372
xgboost_shap,half_23_A,23,0.5,A,10,0.6666666666666666,"[23, 0, 21, 24, 16, 19, 15, 20, 25, 27]",,0.8302138750441372
xgboost_shap,half_23_A,23,0.5,A,12,0.7142857142857143,"[23, 0, 21, 24, 16, 19, 15, 20, 25, 27, 18, 7]",,0.8302138750441372
xgboost_shap,half_23_A,23,0.5,A,14,0.75,"[23, 0, 21, 24, 16, 19, 15, 20, 25, 27, 18, 7, 8, 17]",,0.8302138750441372
xgboost_shap,half_23_B,23,0.5,B,4,0.6,"[21, 23, 0, 16]",,0.8621271250303835
xgboost_shap,half_23_B,23,0.5,B,8,0.7777777777777778,"[21, 23, 0, 16, 19, 24, 15, 20]",,0.8621271250303835
xgboost_shap,half_23_B,23,0.5,B,10,0.8181818181818182,"[21, 23, 0, 16, 19, 24, 15, 20, 2, 18]",,0.8621271250303835
xgboost_shap,half_23_B,23,0.5,B,12,0.8461538461538461,"[21, 23, 0, 16, 19, 24, 15, 20, 2, 18, 4, 7]",,0.8621271250303835
xgboost_shap,half_23_B,23,0.5,B,14,0.75,"[21, 23, 0, 16, 19, 24, 15, 20, 2, 18, 4, 7, 9, 1]",,0.8621271250303835
xgboost_shap,half_24_A,24,0.5,A,4,0.6,"[23, 0, 21, 16]",,0.827515457989648
xgboost_shap,half_24_A,24,0.5,A,8,0.6,"[23, 0, 21, 16, 19, 15, 25, 20]",,0.827515457989648
xgboost_shap,half_24_A,24,0.5,A,10,0.8181818181818182,"[23, 0, 21, 16, 19, 15, 25, 20, 24, 18]",,0.827515457989648
xgboost_shap,half_24_A,24,0.5,A,12,0.8461538461538461,"[23, 0, 21, 16, 19, 15, 25, 20, 24, 18, 2, 7]",,0.827515457989648
xgboost_shap,half_24_A,24,0.5,A,14,0.8666666666666667,"[23, 0, 21, 16, 19, 15, 25, 20, 24, 18, 2, 7, 8, 1]",,0.827515457989648
xgboost_shap,half_24_B,24,0.5,B,4,0.6,"[21, 0, 24, 16]",,0.8599424578715116
xgboost_shap,half_24_B,24,0.5,B,8,0.7777777777777778,"[21, 0, 24, 16, 19, 20, 15, 23]",,0.8599424578715116
xgboost_shap,half_24_B,24,0.5,B,10,0.8181818181818182,"[21, 0, 24, 16, 19, 20, 15, 23, 18, 1]",,0.8599424578715116
xgboost_shap,half_24_B,24,0.5,B,12,0.8461538461538461,"[21, 0, 24, 16, 19, 20, 15, 23, 18, 1, 28, 7]",,0.8599424578715116
xgboost_shap,half_24_B,24,0.5,B,14,0.75,"[21, 0, 24, 16, 19, 20, 15, 23, 18, 1, 28, 7, 27, 17]",,0.8599424578715116
xgboost_shap,half_25_A,25,0.5,A,4,1.0,"[21, 0, 24, 23]",,0.8840372909326106
xgboost_shap,half_25_A,25,0.5,A,8,0.7777777777777778,"[21, 0, 24, 23, 16, 19, 15, 25]",,0.8840372909326106
xgboost_shap,half_25_A,25,0.5,A,10,0.8181818181818182,"[21, 0, 24, 23, 16, 19, 15, 25, 20, 18]",,0.8840372909326106
xgboost_shap,half_25_A,25,0.5,A,12,0.7142857142857143,"[21, 0, 24, 23, 16, 19, 15, 25, 20, 18, 7, 17]",,0.8840372909326106
xgboost_shap,half_25_A,25,0.5,A,14,0.75,"[21, 0, 24, 23, 16, 19, 15, 25, 20, 18, 7, 17, 28, 8]",,0.8840372909326106
xgboost_shap,half_25_B,25,0.5,B,4,0.6,"[23, 21, 0, 16]",,0.8547497079707682
xgboost_shap,half_25_B,25,0.5,B,8,1.0,"[23, 21, 0, 16, 19, 15, 24, 18]",,0.8547497079707682
xgboost_shap,half_25_B,25,0.5,B,10,0.8181818181818182,"[23, 21, 0, 16, 19, 15, 24, 18, 20, 2]",,0.8547497079707682
xgboost_shap,half_25_B,25,0.5,B,12,0.8461538461538461,"[23, 21, 0, 16, 19, 15, 24, 18, 20, 2, 1, 28]",,0.8547497079707682
xgboost_shap,half_25_B,25,0.5,B,14,0.6470588235294118,"[23, 21, 0, 16, 19, 15, 24, 18, 20, 2, 1, 28, 4, 27]",,0.8547497079707682
xgboost_shap,half_26_A,26,0.5,A,4,0.6,"[21, 23, 0, 19]",,0.8878445839509368
xgboost_shap,half_26_A,26,0.5,A,8,0.7777777777777778,"[21, 23, 0, 19, 24, 16, 15, 2]",,0.8878445839509368
xgboost_shap,half_26_A,26,0.5,A,10,0.6666666666666666,"[21, 23, 0, 19, 24, 16, 15, 2, 18, 25]",,0.8878445839509368
xgboost_shap,half_26_A,26,0.5,A,12,0.8461538461538461,"[21, 23, 0, 19, 24, 16, 15, 2, 18, 25, 20, 7]",,0.8878445839509368
xgboost_shap,half_26_A,26,0.5,A,14,0.75,"[21, 23, 0, 19, 24, 16, 15, 2, 18, 25, 20, 7, 28, 8]",,0.8878445839509368
xgboost_shap,half_26_B,26,0.5,B,4,0.6,"[23, 21, 0, 16]",,0.8820101250894368
xgboost_shap,half_26_B,26,0.5,B,8,0.7777777777777778,"[23, 21, 0, 16, 19, 24, 15, 20]",,0.8820101250894368
xgboost_shap,half_26_B,26,0.5,B,10,0.6666666666666666,"[23, 21, 0, 16, 19, 24, 15, 20, 1, 25]",,0.8820101250894368
xgboost_shap,half_26_B,26,0.5,B,12,0.7142857142857143,"[23, 21, 0, 16, 19, 24, 15, 20, 1, 25, 18, 17]",,0.8820101250894368
xgboost_shap,half_26_B,26,0.5,B,14,0.8666666666666667,"[23, 21, 0, 16, 19, 24, 15, 20, 1, 25, 18, 17, 26, 7]",,0.8820101250894368
xgboost_shap,half_27_A,27,0.5,A,4,0.6,"[23, 21, 0, 16]",,0.8533899588510394
xgboost_shap,half_27_A,27,0.5,A,8,1.0,"[23, 21, 0, 16, 19, 24, 15, 18]",,0.8533899588510394
xgboost_shap,half_27_A,27,0.5,A,10,0.8181818181818182,"[23, 21, 0, 16, 19, 24, 15, 18, 25, 20]",,0.8533899588510394
xgboost_shap,half_27_A,27,0.5,A,12,0.8461538461538461,"[23, 21, 0, 16, 19, 24, 15, 18, 25, 20, 2, 1]",,0.8533899588510394
xgboost_shap,half_27_A,27,0.5,A,14,0.75,"[23, 21, 0, 16, 19, 24, 15, 18, 25, 20, 2, 1, 28, 27]",,0.8533899588510394
xgboost_shap,half_27_B,27,0.5,B,4,1.0,"[21, 23, 0, 24]",,0.8597468750085682
xgboost_shap,half_27_B,27,0.5,B,8,0.7777777777777778,"[21, 23, 0, 24, 16, 15, 19, 20]",,0.8597468750085682
xgboost_shap,half_27_B,27,0.5,B,10,1.0,"[21, 23, 0, 24, 16, 15, 19, 20, 7, 18]",,0.8597468750085682
xgboost_shap,half_27_B,27,0.5,B,12,0.8461538461538461,"[21, 23, 0, 24, 16, 15, 19, 20, 7, 18, 1, 17]",,0.8597468750085682
xgboost_shap,half_27_B,27,0.5,B,14,0.8666666666666667,"[21, 23, 0, 24, 16, 15, 19, 20, 7, 18, 1, 17, 9, 25]",,0.8597468750085682
xgboost_shap,half_28_A,28,0.5,A,4,0.6,"[21, 0, 23, 16]",,0.9032055409625173
xgboost_shap,half_28_A,28,0.5,A,8,0.7777777777777778,"[21, 0, 23, 16, 19, 15, 20, 24]",,0.9032055409625173
xgboost_shap,half_28_A,28,0.5,A,10,0.6666666666666666,"[21, 0, 23, 16, 19, 15, 20, 24, 25, 27]",,0.9032055409625173
xgboost_shap,half_28_A,28,0.5,A,12,0.7142857142857143,"[21, 0, 23, 16, 19, 15, 20, 24, 25, 27, 18, 7]",,0.9032055409625173
xgboost_shap,half_28_A,28,0.5,A,14,0.75,"[21, 0, 23, 16, 19, 15, 20, 24, 25, 27, 18, 7, 28, 1]",,0.9032055409625173
xgboost_shap,half_28_B,28,0.5,B,4,1.0,"[23, 0, 24, 21]",,0.843992792069912
xgboost_shap,half_28_B,28,0.5,B,8,0.7777777777777778,"[23, 0, 24, 21, 16, 19, 18, 25]",,0.843992792069912
xgboost_shap,half_28_B,28,0.5,B,10,0.8181818181818182,"[23, 0, 24, 21, 16, 19, 18, 25, 15, 20]",,0.843992792069912
xgboost_shap,half_28_B,28,0.5,B,12,0.7142857142857143,"[23, 0, 24, 21, 16, 19, 18, 25, 15, 20, 8, 2]",,0.843992792069912
xgboost_shap,half_28_B,28,0.5,B,14,0.8666666666666667,"[23, 0, 24, 21, 16, 19, 18, 25, 15, 20, 8, 2, 17, 7]",,0.843992792069912
xgboost_shap,half_29_A,29,0.5,A,4,0.6,"[21, 0, 16, 23]",,0.8895629590842873
xgboost_shap,half_29_A,29,0.5,A,8,0.7777777777777778,"[21, 0, 16, 23, 24, 19, 15, 20]",,0.8895629590842873
xgboost_shap,half_29_A,29,0.5,A,10,0.8181818181818182,"[21, 0, 16, 23, 24, 19, 15, 20, 18, 2]",,0.8895629590842873
xgboost_shap,half_29_A,29,0.5,A,12,0.7142857142857143,"[21, 0, 16, 23, 24, 19, 15, 20, 18, 2, 28, 4]",,0.8895629590842873
xgboost_shap,half_29_A,29,0.5,A,14,0.6470588235294118,"[21, 0, 16, 23, 24, 19, 15, 20, 18, 2, 28, 4, 27, 1]",,0.8895629590842873
xgboost_shap,half_29_B,29,0.5,B,4,1.0,"[23, 21, 0, 24]",,0.8687744999770075
xgboost_shap,half_29_B,29,0.5,B,8,0.7777777777777778,"[23, 21, 0, 24, 16, 19, 15, 25]",,0.8687744999770075
xgboost_shap,half_29_B,29,0.5,B,10,0.8181818181818182,"[23, 21, 0, 24, 16, 19, 15, 25, 20, 7]",,0.8687744999770075
xgboost_shap,half_29_B,29,0.5,B,12,0.8461538461538461,"[23, 21, 0, 24, 16, 19, 15, 25, 20, 7, 18, 1]",,0.8687744999770075
xgboost_shap,half_29_B,29,0.5,B,14,1.0,"[23, 21, 0, 24, 16, 19, 15, 25, 20, 7, 18, 1, 2, 17]",,0.8687744999770075
xgboost_shap,f70_00,0,0.7,,4,0.6,"[23, 21, 0, 16]",,1.1472001248039305
xgboost_shap,f70_00,0,0.7,,8,0.7777777777777778,"[23, 21, 0, 16, 24, 19, 15, 20]",,1.1472001248039305
xgboost_shap,f70_00,0,0.7,,10,0.8181818181818182,"[23, 21, 0, 16, 24, 19, 15, 20, 18, 2]",,1.1472001248039305
xgboost_shap,f70_00,0,0.7,,12,1.0,"[23, 21, 0, 16, 24, 19, 15, 20, 18, 2, 1, 7]",,1.1472001248039305
xgboost_shap,f70_00,0,0.7,,14,0.8666666666666667,"[23, 21, 0, 16, 24, 19, 15, 20, 18, 2, 1, 7, 27, 17]",,1.1472001248039305
xgboost_shap,f70_01,1,0.7,,4,1.0,"[23, 21, 0, 24]",,1.1380022501107305
xgboost_shap,f70_01,1,0.7,,8,1.0,"[23, 21, 0, 24, 16, 19, 15, 18]",,1.1380022501107305
xgboost_shap,f70_01,1,0.7,,10,0.6666666666666666,"[23, 21, 0, 24, 16, 19, 15, 18, 25, 2]",,1.1380022501107305
xgboost_shap,f70_01,1,0.7,,12,0.8461538461538461,"[23, 21, 0, 24, 16, 19, 15, 18, 25, 2, 20, 1]",,1.1380022501107305
xgboost_shap,f70_01,1,0.7,,14,0.8666666666666667,"[23, 21, 0, 24, 16, 19, 15, 18, 25, 2, 20, 1, 17, 9]",,1.1380022501107305
xgboost_shap,f70_02,2,0.7,,4,0.6,"[23, 21, 0, 19]",,1.1340067919809371
xgboost_shap,f70_02,2,0.7,,8,0.7777777777777778,"[23, 21, 0, 19, 16, 24, 15, 20]",,1.1340067919809371
xgboost_shap,f70_02,2,0.7,,10,1.0,"[23, 21, 0, 19, 16, 24, 15, 20, 18, 7]",,1.1340067919809371
xgboost_shap,f70_02,2,0.7,,12,0.8461538461538461,"[23, 21, 0, 19, 16, 24, 15, 20, 18, 7, 25, 1]",,1.1340067919809371
xgboost_shap,f70_02,2,0.7,,14,0.75,"[23, 21, 0, 19, 16, 24, 15, 20, 18, 7, 25, 1, 8, 28]",,1.1340067919809371
xgboost_shap,f70_03,3,0.7,,4,0.6,"[23, 21, 0, 16]",,1.1276057499926537
xgboost_shap,f70_03,3,0.7,,8,1.0,"[23, 21, 0, 16, 24, 19, 15, 18]",,1.1276057499926537
xgboost_shap,f70_03,3,0.7,,10,0.8181818181818182,"[23, 21, 0, 16, 24, 19, 15, 18, 20, 25]",,1.1276057499926537
xgboost_shap,f70_03,3,0.7,,12,0.7142857142857143,"[23, 21, 0, 16, 24, 19, 15, 18, 20, 25, 17, 7]",,1.1276057499926537
xgboost_shap,f70_03,3,0.7,,14,1.0,"[23, 21, 0, 16, 24, 19, 15, 18, 20, 25, 17, 7, 1, 2]",,1.1276057499926537
xgboost_shap,f70_04,4,0.7,,4,1.0,"[23, 21, 0, 24]",,1.1393210410606116
xgboost_shap,f70_04,4,0.7,,8,0.7777777777777778,"[23, 21, 0, 24, 16, 19, 15, 25]",,1.1393210410606116
xgboost_shap,f70_04,4,0.7,,10,0.8181818181818182,"[23, 21, 0, 24, 16, 19, 15, 25, 20, 18]",,1.1393210410606116
xgboost_shap,f70_04,4,0.7,,12,0.8461538461538461,"[23, 21, 0, 24, 16, 19, 15, 25, 20, 18, 2, 1]",,1.1393210410606116
xgboost_shap,f70_04,4,0.7,,14,1.0,"[23, 21, 0, 24, 16, 19, 15, 25, 20, 18, 2, 1, 7, 17]",,1.1393210410606116
xgboost_shap,f70_05,5,0.7,,4,0.6,"[23, 21, 0, 16]",,1.1524710841476917
xgboost_shap,f70_05,5,0.7,,8,0.7777777777777778,"[23, 21, 0, 16, 19, 24, 15, 20]",,1.1524710841476917
xgboost_shap,f70_05,5,0.7,,10,1.0,"[23, 21, 0, 16, 19, 24, 15, 20, 18, 7]",,1.1524710841476917
xgboost_shap,f70_05,5,0.7,,12,1.0,"[23, 21, 0, 16, 19, 24, 15, 20, 18, 7, 1, 2]",,1.1524710841476917
xgboost_shap,f70_05,5,0.7,,14,1.0,"[23, 21, 0, 16, 19, 24, 15, 20, 18, 7, 1, 2, 25, 17]",,1.1524710841476917
xgboost_shap,f70_06,6,0.7,,4,0.6,"[23, 0, 21, 19]",,1.1331602081190795
xgboost_shap,f70_06,6,0.7,,8,0.7777777777777778,"[23, 0, 21, 19, 24, 16, 15, 20]",,1.1331602081190795
xgboost_shap,f70_06,6,0.7,,10,0.8181818181818182,"[23, 0, 21, 19, 24, 16, 15, 20, 18, 25]",,1.1331602081190795
xgboost_shap,f70_06,6,0.7,,12,0.7142857142857143,"[23, 0, 21, 19, 24, 16, 15, 20, 18, 25, 7, 17]",,1.1331602081190795
xgboost_shap,f70_06,6,0.7,,14,0.8666666666666667,"[23, 0, 21, 19, 24, 16, 15, 20, 18, 25, 7, 17, 1, 9]",,1.1331602081190795
xgboost_shap,f70_07,7,0.7,,4,1.0,"[23, 21, 0, 24]",,1.1439602500759065
xgboost_shap,f70_07,7,0.7,,8,0.7777777777777778,"[23, 21, 0, 24, 16, 15, 19, 20]",,1.1439602500759065
xgboost_shap,f70_07,7,0.7,,10,0.8181818181818182,"[23, 21, 0, 24, 16, 15, 19, 20, 18, 17]",,1.1439602500759065
xgboost_shap,f70_07,7,0.7,,12,0.8461538461538461,"[23, 21, 0, 24, 16, 15, 19, 20, 18, 17, 7, 2]",,1.1439602500759065
xgboost_shap,f70_07,7,0.7,,14,0.75,"[23, 21, 0, 24, 16, 15, 19, 20, 18, 17, 7, 2, 9, 8]",,1.1439602500759065
xgboost_shap,f70_08,8,0.7,,4,1.0,"[23, 21, 0, 24]",,1.1365274998825043
xgboost_shap,f70_08,8,0.7,,8,0.7777777777777778,"[23, 21, 0, 24, 16, 19, 15, 20]",,1.1365274998825043
xgboost_shap,f70_08,8,0.7,,10,0.8181818181818182,"[23, 21, 0, 24, 16, 19, 15, 20, 18, 1]",,1.1365274998825043
xgboost_shap,f70_08,8,0.7,,12,1.0,"[23, 21, 0, 24, 16, 19, 15, 20, 18, 1, 2, 7]",,1.1365274998825043
xgboost_shap,f70_08,8,0.7,,14,1.0,"[23, 21, 0, 24, 16, 19, 15, 20, 18, 1, 2, 7, 17, 25]",,1.1365274998825043
xgboost_shap,f70_09,9,0.7,,4,1.0,"[23, 21, 0, 24]",,1.1209657499566674
xgboost_shap,f70_09,9,0.7,,8,0.7777777777777778,"[23, 21, 0, 24, 16, 19, 15, 20]",,1.1209657499566674
xgboost_shap,f70_09,9,0.7,,10,0.8181818181818182,"[23, 21, 0, 24, 16, 19, 15, 20, 18, 25]",,1.1209657499566674
xgboost_shap,f70_09,9,0.7,,12,0.6,"[23, 21, 0, 24, 16, 19, 15, 20, 18, 25, 27, 17]",,1.1209657499566674
xgboost_shap,f70_09,9,0.7,,14,0.8666666666666667,"[23, 21, 0, 24, 16, 19, 15, 20, 18, 25, 27, 17, 7, 1]",,1.1209657499566674
xgboost_shap,f70_10,10,0.7,,4,1.0,"[23, 0, 21, 24]",,1.1157757500186563
xgboost_shap,f70_10,10,0.7,,8,1.0,"[23, 0, 21, 24, 16, 19, 15, 18]",,1.1157757500186563
xgboost_shap,f70_10,10,0.7,,10,0.8181818181818182,"[23, 0, 21, 24, 16, 19, 15, 18, 20, 1]",,1.1157757500186563
xgboost_shap,f70_10,10,0.7,,12,0.7142857142857143,"[23, 0, 21, 24, 16, 19, 15, 18, 20, 1, 25, 4]",,1.1157757500186563
xgboost_shap,f70_10,10,0.7,,14,0.75,"[23, 0, 21, 24, 16, 19, 15, 18, 20, 1, 25, 4, 7, 8]",,1.1157757500186563
xgboost_shap,f70_11,11,0.7,,4,1.0,"[21, 23, 0, 24]",,1.1359382919035852
xgboost_shap,f70_11,11,0.7,,8,0.7777777777777778,"[21, 23, 0, 24, 16, 15, 19, 20]",,1.1359382919035852
xgboost_shap,f70_11,11,0.7,,10,0.8181818181818182,"[21, 23, 0, 24, 16, 15, 19, 20, 18, 2]",,1.1359382919035852
xgboost_shap,f70_11,11,0.7,,12,1.0,"[21, 23, 0, 24, 16, 15, 19, 20, 18, 2, 1, 7]",,1.1359382919035852
xgboost_shap,f70_11,11,0.7,,14,0.8666666666666667,"[21, 23, 0, 24, 16, 15, 19, 20, 18, 2, 1, 7, 27, 17]",,1.1359382919035852
xgboost_shap,f70_12,12,0.7,,4,1.0,"[23, 21, 0, 24]",,1.12791462498717
xgboost_shap,f70_12,12,0.7,,8,0.7777777777777778,"[23, 21, 0, 24, 19, 16, 15, 20]",,1.12791462498717
xgboost_shap,f70_12,12,0.7,,10,0.8181818181818182,"[23, 21, 0, 24, 19, 16, 15, 20, 18, 1]",,1.12791462498717
xgboost_shap,f70_12,12,0.7,,12,1.0,"[23, 21, 0, 24, 19, 16, 15, 20, 18, 1, 7, 2]",,1.12791462498717
xgboost_shap,f70_12,12,0.7,,14,0.8666666666666667,"[23, 21, 0, 24, 19, 16, 15, 20, 18, 1, 7, 2, 27, 17]",,1.12791462498717
xgboost_shap,f70_13,13,0.7,,4,1.0,"[23, 21, 0, 24]",,1.1207039998844266
xgboost_shap,f70_13,13,0.7,,8,1.0,"[23, 21, 0, 24, 19, 16, 15, 18]",,1.1207039998844266
xgboost_shap,f70_13,13,0.7,,10,0.8181818181818182,"[23, 21, 0, 24, 19, 16, 15, 18, 25, 7]",,1.1207039998844266
xgboost_shap,f70_13,13,0.7,,12,0.8461538461538461,"[23, 21, 0, 24, 19, 16, 15, 18, 25, 7, 20, 1]",,1.1207039998844266
xgboost_shap,f70_13,13,0.7,,14,0.8666666666666667,"[23, 21, 0, 24, 19, 16, 15, 18, 25, 7, 20, 1, 17, 27]",,1.1207039998844266
xgboost_shap,f70_14,14,0.7,,4,0.6,"[23, 21, 0, 16]",,1.1434668328147382
xgboost_shap,f70_14,14,0.7,,8,0.7777777777777778,"[23, 21, 0, 16, 19, 24, 15, 25]",,1.1434668328147382
xgboost_shap,f70_14,14,0.7,,10,0.8181818181818182,"[23, 21, 0, 16, 19, 24, 15, 25, 18, 7]",,1.1434668328147382
xgboost_shap,f70_14,14,0.7,,12,0.8461538461538461,"[23, 21, 0, 16, 19, 24, 15, 25, 18, 7, 20, 2]",,1.1434668328147382
xgboost_shap,f70_14,14,0.7,,14,0.75,"[23, 21, 0, 16, 19, 24, 15, 25, 18, 7, 20, 2, 4, 28]",,1.1434668328147382
xgboost_shap,f70_15,15,0.7,,4,0.6,"[21, 0, 23, 16]",,1.1146652919705957
xgboost_shap,f70_15,15,0.7,,8,1.0,"[21, 0, 23, 16, 19, 24, 15, 18]",,1.1146652919705957
xgboost_shap,f70_15,15,0.7,,10,0.8181818181818182,"[21, 0, 23, 16, 19, 24, 15, 18, 25, 20]",,1.1146652919705957
xgboost_shap,f70_15,15,0.7,,12,0.8461538461538461,"[21, 0, 23, 16, 19, 24, 15, 18, 25, 20, 1, 2]",,1.1146652919705957
xgboost_shap,f70_15,15,0.7,,14,0.8666666666666667,"[21, 0, 23, 16, 19, 24, 15, 18, 25, 20, 1, 2, 7, 8]",,1.1146652919705957
xgboost_shap,f70_16,16,0.7,,4,0.6,"[23, 21, 0, 16]",,1.1432092080358416
xgboost_shap,f70_16,16,0.7,,8,0.7777777777777778,"[23, 21, 0, 16, 19, 24, 15, 25]",,1.1432092080358416
xgboost_shap,f70_16,16,0.7,,10,0.6666666666666666,"[23, 21, 0, 16, 19, 24, 15, 25, 20, 8]",,1.1432092080358416
xgboost_shap,f70_16,16,0.7,,12,0.7142857142857143,"[23, 21, 0, 16, 19, 24, 15, 25, 20, 8, 18, 7]",,1.1432092080358416
xgboost_shap,f70_16,16,0.7,,14,0.75,"[23, 21, 0, 16, 19, 24, 15, 25, 20, 8, 18, 7, 2, 28]",,1.1432092080358416
xgboost_shap,f70_17,17,0.7,,4,1.0,"[23, 0, 21, 24]",,1.1277247918769717
xgboost_shap,f70_17,17,0.7,,8,0.7777777777777778,"[23, 0, 21, 24, 16, 19, 15, 20]",,1.1277247918769717
xgboost_shap,f70_17,17,0.7,,10,0.8181818181818182,"[23, 0, 21, 24, 16, 19, 15, 20, 1, 18]",,1.1277247918769717
xgboost_shap,f70_17,17,0.7,,12,1.0,"[23, 0, 21, 24, 16, 19, 15, 20, 1, 18, 7, 2]",,1.1277247918769717
xgboost_shap,f70_17,17,0.7,,14,1.0,"[23, 0, 21, 24, 16, 19, 15, 20, 1, 18, 7, 2, 17, 25]",,1.1277247918769717
xgboost_shap,f70_18,18,0.7,,4,0.6,"[23, 21, 0, 16]",,1.1318924999795854
xgboost_shap,f70_18,18,0.7,,8,0.7777777777777778,"[23, 21, 0, 16, 24, 19, 15, 20]",,1.1318924999795854
xgboost_shap,f70_18,18,0.7,,10,0.8181818181818182,"[23, 21, 0, 16, 24, 19, 15, 20, 18, 2]",,1.1318924999795854
xgboost_shap,f70_18,18,0.7,,12,0.8461538461538461,"[23, 21, 0, 16, 24, 19, 15, 20, 18, 2, 7, 25]",,1.1318924999795854
xgboost_shap,f70_18,18,0.7,,14,0.75,"[23, 21, 0, 16, 24, 19, 15, 20, 18, 2, 7, 25, 27, 9]",,1.1318924999795854
xgboost_shap,f70_19,19,0.7,,4,0.6,"[23, 21, 0, 19]",,1.1253859160933644
xgboost_shap,f70_19,19,0.7,,8,1.0,"[23, 21, 0, 19, 24, 16, 15, 18]",,1.1253859160933644
xgboost_shap,f70_19,19,0.7,,10,0.8181818181818182,"[23, 21, 0, 19, 24, 16, 15, 18, 27, 20]",,1.1253859160933644
xgboost_shap,f70_19,19,0.7,,12,0.7142857142857143,"[23, 21, 0, 19, 24, 16, 15, 18, 27, 20, 17, 7]",,1.1253859160933644
xgboost_shap,f70_19,19,0.7,,14,0.8666666666666667,"[23, 21, 0, 19, 24, 16, 15, 18, 27, 20, 17, 7, 25, 1]",,1.1253859160933644
xgboost_shap,f80_00,0,0.8,,4,0.6,"[23, 21, 0, 16]",,1.2292099159676582
xgboost_shap,f80_00,0,0.8,,8,1.0,"[23, 21, 0, 16, 24, 19, 15, 18]",,1.2292099159676582
xgboost_shap,f80_00,0,0.8,,10,0.8181818181818182,"[23, 21, 0, 16, 24, 19, 15, 18, 20, 25]",,1.2292099159676582
xgboost_shap,f80_00,0,0.8,,12,0.8461538461538461,"[23, 21, 0, 16, 24, 19, 15, 18, 20, 25, 1, 7]",,1.2292099159676582
xgboost_shap,f80_00,0,0.8,,14,0.8666666666666667,"[23, 21, 0, 16, 24, 19, 15, 18, 20, 25, 1, 7, 17, 27]",,1.2292099159676582
xgboost_shap,f80_01,1,0.8,,4,1.0,"[23, 21, 0, 24]",,1.2399392921943218
xgboost_shap,f80_01,1,0.8,,8,0.7777777777777778,"[23, 21, 0, 24, 16, 19, 15, 25]",,1.2399392921943218
xgboost_shap,f80_01,1,0.8,,10,0.8181818181818182,"[23, 21, 0, 24, 16, 19, 15, 25, 18, 20]",,1.2399392921943218
xgboost_shap,f80_01,1,0.8,,12,0.7142857142857143,"[23, 21, 0, 24, 16, 19, 15, 25, 18, 20, 2, 9]",,1.2399392921943218
xgboost_shap,f80_01,1,0.8,,14,0.8666666666666667,"[23, 21, 0, 24, 16, 19, 15, 25, 18, 20, 2, 9, 7, 1]",,1.2399392921943218
xgboost_shap,f80_02,2,0.8,,4,0.6,"[23, 21, 0, 19]",,1.2323965420946479
xgboost_shap,f80_02,2,0.8,,8,1.0,"[23, 21, 0, 19, 24, 16, 15, 18]",,1.2323965420946479
xgboost_shap,f80_02,2,0.8,,10,0.8181818181818182,"[23, 21, 0, 19, 24, 16, 15, 18, 20, 25]",,1.2323965420946479
xgboost_shap,f80_02,2,0.8,,12,0.8461538461538461,"[23, 21, 0, 19, 24, 16, 15, 18, 20, 25, 7, 1]",,1.2323965420946479
xgboost_shap,f80_02,2,0.8,,14,0.8666666666666667,"[23, 21, 0, 19, 24, 16, 15, 18, 20, 25, 7, 1, 2, 8]",,1.2323965420946479
xgboost_shap,f80_03,3,0.8,,4,1.0,"[23, 21, 0, 24]",,1.2337022500578314
xgboost_shap,f80_03,3,0.8,,8,1.0,"[23, 21, 0, 24, 19, 16, 15, 18]",,1.2337022500578314
xgboost_shap,f80_03,3,0.8,,10,0.8181818181818182,"[23, 21, 0, 24, 19, 16, 15, 18, 20, 1]",,1.2337022500578314
xgboost_shap,f80_03,3,0.8,,12,0.7142857142857143,"[23, 21, 0, 24, 19, 16, 15, 18, 20, 1, 25, 17]",,1.2337022500578314
xgboost_shap,f80_03,3,0.8,,14,0.8666666666666667,"[23, 21, 0, 24, 19, 16, 15, 18, 20, 1, 25, 17, 7, 28]",,1.2337022500578314
xgboost_shap,f80_04,4,0.8,,4,1.0,"[23, 0, 21, 24]",,1.244891291949898
xgboost_shap,f80_04,4,0.8,,8,1.0,"[23, 0, 21, 24, 16, 19, 15, 18]",,1.244891291949898
xgboost_shap,f80_04,4,0.8,,10,0.8181818181818182,"[23, 0, 21, 24, 16, 19, 15, 18, 20, 25]",,1.244891291949898
xgboost_shap,f80_04,4,0.8,,12,0.8461538461538461,"[23, 0, 21, 24, 16, 19, 15, 18, 20, 25, 2, 1]",,1.244891291949898
xgboost_shap,f80_04,4,0.8,,14,1.0,"[23, 0, 21, 24, 16, 19, 15, 18, 20, 25, 2, 1, 7, 17]",,1.244891291949898
xgboost_shap,f80_05,5,0.8,,4,0.6,"[23, 21, 0, 16]",,1.2373309170361608
xgboost_shap,f80_05,5,0.8,,8,0.7777777777777778,"[23, 21, 0, 16, 24, 19, 15, 20]",,1.2373309170361608
xgboost_shap,f80_05,5,0.8,,10,1.0,"[23, 21, 0, 16, 24, 19, 15, 20, 18, 7]",,1.2373309170361608
xgboost_shap,f80_05,5,0.8,,12,0.8461538461538461,"[23, 21, 0, 16, 24, 19, 15, 20, 18, 7, 25, 1]",,1.2373309170361608
xgboost_shap,f80_05,5,0.8,,14,1.0,"[23, 21, 0, 16, 24, 19, 15, 20, 18, 7, 25, 1, 2, 17]",,1.2373309170361608
xgboost_shap,f80_06,6,0.8,,4,0.6,"[23, 0, 21, 16]",,1.2330863340757787
xgboost_shap,f80_06,6,0.8,,8,0.7777777777777778,"[23, 0, 21, 16, 19, 24, 15, 20]",,1.2330863340757787
xgboost_shap,f80_06,6,0.8,,10,0.8181818181818182,"[23, 0, 21, 16, 19, 24, 15, 20, 25, 18]",,1.2330863340757787
xgboost_shap,f80_06,6,0.8,,12,0.8461538461538461,"[23, 0, 21, 16, 19, 24, 15, 20, 25, 18, 7, 1]",,1.2330863340757787
xgboost_shap,f80_06,6,0.8,,14,0.8666666666666667,"[23, 0, 21, 16, 19, 24, 15, 20, 25, 18, 7, 1, 17, 8]",,1.2330863340757787
xgboost_shap,f80_07,7,0.8,,4,1.0,"[23, 21, 0, 24]",,1.2240209998562932
xgboost_shap,f80_07,7,0.8,,8,0.7777777777777778,"[23, 21, 0, 24, 16, 19, 15, 20]",,1.2240209998562932
xgboost_shap,f80_07,7,0.8,,10,0.8181818181818182,"[23, 21, 0, 24, 16, 19, 15, 20, 18, 17]",,1.2240209998562932
xgboost_shap,f80_07,7,0.8,,12,0.7142857142857143,"[23, 21, 0, 24, 16, 19, 15, 20, 18, 17, 9, 7]",,1.2240209998562932
xgboost_shap,f80_07,7,0.8,,14,0.75,"[23, 21, 0, 24, 16, 19, 15, 20, 18, 17, 9, 7, 28, 1]",,1.2240209998562932
xgboost_shap,f80_08,8,0.8,,4,1.0,"[23, 21, 0, 24]",,1.2370695839636028
xgboost_shap,f80_08,8,0.8,,8,1.0,"[23, 21, 0, 24, 16, 19, 15, 18]",,1.2370695839636028
xgboost_shap,f80_08,8,0.8,,10,1.0,"[23, 21, 0, 24, 16, 19, 15, 18, 20, 7]",,1.2370695839636028
xgboost_shap,f80_08,8,0.8,,12,0.8461538461538461,"[23, 21, 0, 24, 16, 19, 15, 18, 20, 7, 1, 25]",,1.2370695839636028
xgboost_shap,f80_08,8,0.8,,14,0.8666666666666667,"[23, 21, 0, 24, 16, 19, 15, 18, 20, 7, 1, 25, 2, 28]",,1.2370695839636028
xgboost_shap,f80_09,9,0.8,,4,1.0,"[23, 21, 0, 24]",,1.2108527498785406
xgboost_shap,f80_09,9,0.8,,8,0.7777777777777778,"[23, 21, 0, 24, 16, 19, 15, 20]",,1.2108527498785406
xgboost_shap,f80_09,9,0.8,,10,0.8181818181818182,"[23, 21, 0, 24, 16, 19, 15, 20, 18, 25]",,1.2108527498785406
xgboost_shap,f80_09,9,0.8,,12,0.7142857142857143,"[23, 21, 0, 24, 16, 19, 15, 20, 18, 25, 7, 9]",,1.2108527498785406
xgboost_shap,f80_09,9,0.8,,14,0.75,"[23, 21, 0, 24, 16, 19, 15, 20, 18, 25, 7, 9, 1, 27]",,1.2108527498785406
xgboost_shap,f80_10,10,0.8,,4,1.0,"[23, 0, 21, 24]",,1.2280777501873672
xgboost_shap,f80_10,10,0.8,,8,0.7777777777777778,"[23, 0, 21, 24, 16, 19, 15, 20]",,1.2280777501873672
xgboost_shap,f80_10,10,0.8,,10,0.8181818181818182,"[23, 0, 21, 24, 16, 19, 15, 20, 18, 1]",,1.2280777501873672
xgboost_shap,f80_10,10,0.8,,12,0.8461538461538461,"[23, 0, 21, 24, 16, 19, 15, 20, 18, 1, 7, 27]",,1.2280777501873672
xgboost_shap,f80_10,10,0.8,,14,0.75,"[23, 0, 21, 24, 16, 19, 15, 20, 18, 1, 7, 27, 25, 4]",,1.2280777501873672
xgboost_shap,f80_11,11,0.8,,4,1.0,"[21, 23, 0, 24]",,1.2337036670651287
xgboost_shap,f80_11,11,0.8,,8,1.0,"[21, 23, 0, 24, 19, 16, 15, 18]",,1.2337036670651287
xgboost_shap,f80_11,11,0.8,,10,0.8181818181818182,"[21, 23, 0, 24, 19, 16, 15, 18, 20, 2]",,1.2337036670651287
xgboost_shap,f80_11,11,0.8,,12,1.0,"[21, 23, 0, 24, 19, 16, 15, 18, 20, 2, 7, 1]",,1.2337036670651287
xgboost_shap,f80_11,11,0.8,,14,0.8666666666666667,"[21, 23, 0, 24, 19, 16, 15, 18, 20, 2, 7, 1, 27, 25]",,1.2337036670651287
xgboost_shap,f80_12,12,0.8,,4,0.6,"[23, 21, 0, 19]",,1.2236416661180556
xgboost_shap,f80_12,12,0.8,,8,0.7777777777777778,"[23, 21, 0, 19, 24, 16, 15, 25]",,1.2236416661180556
xgboost_shap,f80_12,12,0.8,,10,0.8181818181818182,"[23, 21, 0, 19, 24, 16, 15, 25, 18, 20]",,1.2236416661180556
xgboost_shap,f80_12,12,0.8,,12,0.8461538461538461,"[23, 21, 0, 19, 24, 16, 15, 25, 18, 20, 7, 1]",,1.2236416661180556
xgboost_shap,f80_12,12,0.8,,14,0.8666666666666667,"[23, 21, 0, 19, 24, 16, 15, 25, 18, 20, 7, 1, 17, 28]",,1.2236416661180556
xgboost_shap,f80_13,13,0.8,,4,0.6,"[23, 21, 0, 19]",,1.22446074988693
xgboost_shap,f80_13,13,0.8,,8,1.0,"[23, 21, 0, 19, 24, 16, 15, 18]",,1.22446074988693
xgboost_shap,f80_13,13,0.8,,10,0.8181818181818182,"[23, 21, 0, 19, 24, 16, 15, 18, 25, 20]",,1.22446074988693
xgboost_shap,f80_13,13,0.8,,12,0.8461538461538461,"[23, 21, 0, 19, 24, 16, 15, 18, 25, 20, 7, 2]",,1.22446074988693
xgboost_shap,f80_13,13,0.8,,14,1.0,"[23, 21, 0, 19, 24, 16, 15, 18, 25, 20, 7, 2, 1, 17]",,1.22446074988693
xgboost_shap,f80_14,14,0.8,,4,0.6,"[23, 21, 0, 16]",,1.2412698329426348
xgboost_shap,f80_14,14,0.8,,8,0.7777777777777778,"[23, 21, 0, 16, 24, 19, 15, 25]",,1.2412698329426348
xgboost_shap,f80_14,14,0.8,,10,0.8181818181818182,"[23, 21, 0, 16, 24, 19, 15, 25, 18, 20]",,1.2412698329426348
xgboost_shap,f80_14,14,0.8,,12,0.8461538461538461,"[23, 21, 0, 16, 24, 19, 15, 25, 18, 20, 7, 1]",,1.2412698329426348
xgboost_shap,f80_14,14,0.8,,14,1.0,"[23, 21, 0, 16, 24, 19, 15, 25, 18, 20, 7, 1, 2, 17]",,1.2412698329426348
xgboost_shap,f80_15,15,0.8,,4,0.6,"[21, 23, 0, 16]",,1.2071362910792232
xgboost_shap,f80_15,15,0.8,,8,1.0,"[21, 23, 0, 16, 19, 24, 15, 18]",,1.2071362910792232
xgboost_shap,f80_15,15,0.8,,10,0.8181818181818182,"[21, 23, 0, 16, 19, 24, 15, 18, 25, 20]",,1.2071362910792232
xgboost_shap,f80_15,15,0.8,,12,0.8461538461538461,"[21, 23, 0, 16, 19, 24, 15, 18, 25, 20, 7, 1]",,1.2071362910792232
xgboost_shap,f80_15,15,0.8,,14,1.0,"[21, 23, 0, 16, 19, 24, 15, 18, 25, 20, 7, 1, 2, 17]",,1.2071362910792232
xgboost_shap,f80_16,16,0.8,,4,0.6,"[23, 21, 0, 19]",,1.2533739579375833
xgboost_shap,f80_16,16,0.8,,8,0.7777777777777778,"[23, 21, 0, 19, 24, 16, 15, 25]",,1.2533739579375833
xgboost_shap,f80_16,16,0.8,,10,0.8181818181818182,"[23, 21, 0, 19, 24, 16, 15, 25, 20, 18]",,1.2533739579375833
xgboost_shap,f80_16,16,0.8,,12,0.7142857142857143,"[23, 21, 0, 19, 24, 16, 15, 25, 20, 18, 8, 7]",,1.2533739579375833
xgboost_shap,f80_16,16,0.8,,14,0.75,"[23, 21, 0, 19, 24, 16, 15, 25, 20, 18, 8, 7, 27, 2]",,1.2533739579375833
xgboost_shap,f80_17,17,0.8,,4,1.0,"[23, 0, 21, 24]",,1.2255589158739895
xgboost_shap,f80_17,17,0.8,,8,0.7777777777777778,"[23, 0, 21, 24, 16, 19, 15, 20]",,1.2255589158739895
xgboost_shap,f80_17,17,0.8,,10,1.0,"[23, 0, 21, 24, 16, 19, 15, 20, 18, 7]",,1.2255589158739895
xgboost_shap,f80_17,17,0.8,,12,1.0,"[23, 0, 21, 24, 16, 19, 15, 20, 18, 7, 1, 2]",,1.2255589158739895
xgboost_shap,f80_17,17,0.8,,14,1.0,"[23, 0, 21, 24, 16, 19, 15, 20, 18, 7, 1, 2, 25, 17]",,1.2255589158739895
xgboost_shap,f80_18,18,0.8,,4,0.6,"[23, 21, 0, 16]",,1.2236859591212124
xgboost_shap,f80_18,18,0.8,,8,0.7777777777777778,"[23, 21, 0, 16, 19, 24, 15, 20]",,1.2236859591212124
xgboost_shap,f80_18,18,0.8,,10,1.0,"[23, 21, 0, 16, 19, 24, 15, 20, 18, 7]",,1.2236859591212124
xgboost_shap,f80_18,18,0.8,,12,0.8461538461538461,"[23, 21, 0, 16, 19, 24, 15, 20, 18, 7, 2, 25]",,1.2236859591212124
xgboost_shap,f80_18,18,0.8,,14,0.75,"[23, 21, 0, 16, 19, 24, 15, 20, 18, 7, 2, 25, 9, 27]",,1.2236859591212124
xgboost_shap,f80_19,19,0.8,,4,1.0,"[23, 21, 0, 24]",,1.235730417072773
xgboost_shap,f80_19,19,0.8,,8,1.0,"[23, 21, 0, 24, 16, 19, 15, 18]",,1.235730417072773
xgboost_shap,f80_19,19,0.8,,10,0.8181818181818182,"[23, 21, 0, 24, 16, 19, 15, 18, 20, 27]",,1.235730417072773
xgboost_shap,f80_19,19,0.8,,12,0.7142857142857143,"[23, 21, 0, 24, 16, 19, 15, 18, 20, 27, 25, 7]",,1.235730417072773
xgboost_shap,f80_19,19,0.8,,14,0.8666666666666667,"[23, 21, 0, 24, 16, 19, 15, 18, 20, 27, 25, 7, 1, 17]",,1.235730417072773
deep_lasso,half_00_A,0,0.5,A,4,0.6,"[0, 20, 23, 21]",,1.409979916876182
deep_lasso,half_00_A,0,0.5,A,8,0.7777777777777778,"[0, 20, 23, 21, 25, 24, 16, 19]",,1.409979916876182
deep_lasso,half_00_A,0,0.5,A,10,0.8181818181818182,"[0, 20, 23, 21, 25, 24, 16, 19, 27, 22]",,1.409979916876182
deep_lasso,half_00_A,0,0.5,A,12,0.8461538461538461,"[0, 20, 23, 21, 25, 24, 16, 19, 27, 22, 2, 18]",,1.409979916876182
deep_lasso,half_00_A,0,0.5,A,14,0.8666666666666667,"[0, 20, 23, 21, 25, 24, 16, 19, 27, 22, 2, 18, 9, 26]",,1.409979916876182
deep_lasso,half_00_B,0,0.5,B,4,0.6,"[23, 21, 0, 20]",,0.839003374800086
deep_lasso,half_00_B,0,0.5,B,8,0.7777777777777778,"[23, 21, 0, 20, 25, 24, 16, 15]",,0.839003374800086
deep_lasso,half_00_B,0,0.5,B,10,0.8181818181818182,"[23, 21, 0, 20, 25, 24, 16, 15, 27, 7]",,0.839003374800086
deep_lasso,half_00_B,0,0.5,B,12,0.7142857142857143,"[23, 21, 0, 20, 25, 24, 16, 15, 27, 7, 19, 1]",,0.839003374800086
deep_lasso,half_00_B,0,0.5,B,14,0.75,"[23, 21, 0, 20, 25, 24, 16, 15, 27, 7, 19, 1, 2, 9]",,0.839003374800086
deep_lasso,half_01_A,1,0.5,A,4,0.6,"[23, 0, 21, 20]",,0.7738747079856694
deep_lasso,half_01_A,1,0.5,A,8,0.7777777777777778,"[23, 0, 21, 20, 24, 25, 16, 19]",,0.7738747079856694
deep_lasso,half_01_A,1,0.5,A,10,1.0,"[23, 0, 21, 20, 24, 25, 16, 19, 27, 15]",,0.7738747079856694
deep_lasso,half_01_A,1,0.5,A,12,1.0,"[23, 0, 21, 20, 24, 25, 16, 19, 27, 15, 18, 2]",,0.7738747079856694
deep_lasso,half_01_A,1,0.5,A,14,0.8666666666666667,"[23, 0, 21, 20, 24, 25, 16, 19, 27, 15, 18, 2, 26, 22]",,0.7738747079856694
deep_lasso,half_01_B,1,0.5,B,4,0.6,"[0, 23, 21, 20]",,0.9267019999679178
deep_lasso,half_01_B,1,0.5,B,8,1.0,"[0, 23, 21, 20, 16, 25, 15, 19]",,0.9267019999679178
deep_lasso,half_01_B,1,0.5,B,10,1.0,"[0, 23, 21, 20, 16, 25, 15, 19, 24, 27]",,0.9267019999679178
deep_lasso,half_01_B,1,0.5,B,12,0.8461538461538461,"[0, 23, 21, 20, 16, 25, 15, 19, 24, 27, 18, 8]",,0.9267019999679178
deep_lasso,half_01_B,1,0.5,B,14,0.75,"[0, 23, 21, 20, 16, 25, 15, 19, 24, 27, 18, 8, 9, 7]",,0.9267019999679178
deep_lasso,half_02_A,2,0.5,A,4,0.6,"[0, 23, 21, 20]",,0.8224973329342902
deep_lasso,half_02_A,2,0.5,A,8,0.7777777777777778,"[0, 23, 21, 20, 19, 16, 25, 27]",,0.8224973329342902
deep_lasso,half_02_A,2,0.5,A,10,1.0,"[0, 23, 21, 20, 19, 16, 25, 27, 24, 15]",,0.8224973329342902
deep_lasso,half_02_A,2,0.5,A,12,1.0,"[0, 23, 21, 20, 19, 16, 25, 27, 24, 15, 18, 2]",,0.8224973329342902
deep_lasso,half_02_A,2,0.5,A,14,0.8666666666666667,"[0, 23, 21, 20, 19, 16, 25, 27, 24, 15, 18, 2, 26, 8]",,0.8224973329342902
deep_lasso,half_02_B,2,0.5,B,4,0.6,"[23, 0, 21, 20]",,1.066051207948476
deep_lasso,half_02_B,2,0.5,B,8,0.7777777777777778,"[23, 0, 21, 20, 25, 16, 15, 24]",,1.066051207948476
deep_lasso,half_02_B,2,0.5,B,10,0.8181818181818182,"[23, 0, 21, 20, 25, 16, 15, 24, 19, 2]",,1.066051207948476
deep_lasso,half_02_B,2,0.5,B,12,0.8461538461538461,"[23, 0, 21, 20, 25, 16, 15, 24, 19, 2, 18, 9]",,1.066051207948476
deep_lasso,half_02_B,2,0.5,B,14,0.8666666666666667,"[23, 0, 21, 20, 25, 16, 15, 24, 19, 2, 18, 9, 7, 27]",,1.066051207948476
deep_lasso,half_03_A,3,0.5,A,4,0.6,"[0, 23, 21, 20]",,0.904979333980009
deep_lasso,half_03_A,3,0.5,A,8,0.6,"[0, 23, 21, 20, 16, 25, 24, 27]",,0.904979333980009
deep_lasso,half_03_A,3,0.5,A,10,1.0,"[0, 23, 21, 20, 16, 25, 24, 27, 19, 15]",,0.904979333980009
deep_lasso,half_03_A,3,0.5,A,12,1.0,"[0, 23, 21, 20, 16, 25, 24, 27, 19, 15, 18, 2]",,0.904979333980009
deep_lasso,half_03_A,3,0.5,A,14,0.8666666666666667,"[0, 23, 21, 20, 16, 25, 24, 27, 19, 15, 18, 2, 8, 26]",,0.904979333980009
deep_lasso,half_03_B,3,0.5,B,4,0.6,"[23, 0, 21, 20]",,1.2344081660266966
deep_lasso,half_03_B,3,0.5,B,8,1.0,"[23, 0, 21, 20, 25, 15, 19, 16]",,1.2344081660266966
deep_lasso,half_03_B,3,0.5,B,10,1.0,"[23, 0, 21, 20, 25, 15, 19, 16, 24, 27]",,1.2344081660266966
deep_lasso,half_03_B,3,0.5,B,12,0.8461538461538461,"[23, 0, 21, 20, 25, 15, 19, 16, 24, 27, 18, 9]",,1.2344081660266966
deep_lasso,half_03_B,3,0.5,B,14,0.8666666666666667,"[23, 0, 21, 20, 25, 15, 19, 16, 24, 27, 18, 9, 2, 17]",,1.2344081660266966
deep_lasso,half_04_A,4,0.5,A,4,0.6,"[0, 23, 21, 20]",,0.7159864171408117
deep_lasso,half_04_A,4,0.5,A,8,0.6,"[0, 23, 21, 20, 24, 25, 27, 16]",,0.7159864171408117
deep_lasso,half_04_A,4,0.5,A,10,0.8181818181818182,"[0, 23, 21, 20, 24, 25, 27, 16, 15, 2]",,0.7159864171408117
deep_lasso,half_04_A,4,0.5,A,12,0.7142857142857143,"[0, 23, 21, 20, 24, 25, 27, 16, 15, 2, 26, 7]",,0.7159864171408117
deep_lasso,half_04_A,4,0.5,A,14,0.75,"[0, 23, 21, 20, 24, 25, 27, 16, 15, 2, 26, 7, 19, 1]",,0.7159864171408117
deep_lasso,half_04_B,4,0.5,B,4,0.6,"[23, 21, 0, 20]",,1.1932596669066697
deep_lasso,half_04_B,4,0.5,B,8,1.0,"[23, 21, 0, 20, 16, 25, 15, 19]",,1.1932596669066697
deep_lasso,half_04_B,4,0.5,B,10,1.0,"[23, 21, 0, 20, 16, 25, 15, 19, 24, 27]",,1.1932596669066697
deep_lasso,half_04_B,4,0.5,B,12,0.8461538461538461,"[23, 21, 0, 20, 16, 25, 15, 19, 24, 27, 18, 22]",,1.1932596669066697
deep_lasso,half_04_B,4,0.5,B,14,0.8666666666666667,"[23, 21, 0, 20, 16, 25, 15, 19, 24, 27, 18, 22, 26, 9]",,1.1932596669066697
deep_lasso,half_05_A,5,0.5,A,4,0.6,"[0, 23, 20, 21]",,0.5644107079133391
deep_lasso,half_05_A,5,0.5,A,8,0.6,"[0, 23, 20, 21, 24, 25, 27, 16]",,0.5644107079133391
deep_lasso,half_05_A,5,0.5,A,10,0.8181818181818182,"[0, 23, 20, 21, 24, 25, 27, 16, 15, 2]",,0.5644107079133391
deep_lasso,half_05_A,5,0.5,A,12,0.8461538461538461,"[0, 23, 20, 21, 24, 25, 27, 16, 15, 2, 9, 19]",,0.5644107079133391
deep_lasso,half_05_A,5,0.5,A,14,0.8666666666666667,"[0, 23, 20, 21, 24, 25, 27, 16, 15, 2, 9, 19, 22, 26]",,0.5644107079133391
deep_lasso,half_05_B,5,0.5,B,4,0.6,"[23, 0, 21, 20]",,0.9290332079399377
deep_lasso,half_05_B,5,0.5,B,8,0.7777777777777778,"[23, 0, 21, 20, 25, 24, 19, 16]",,0.9290332079399377
deep_lasso,half_05_B,5,0.5,B,10,1.0,"[23, 0, 21, 20, 25, 24, 19, 16, 27, 15]",,0.9290332079399377
deep_lasso,half_05_B,5,0.5,B,12,0.8461538461538461,"[23, 0, 21, 20, 25, 24, 19, 16, 27, 15, 18, 26]",,0.9290332079399377
deep_lasso,half_05_B,5,0.5,B,14,0.75,"[23, 0, 21, 20, 25, 24, 19, 16, 27, 15, 18, 26, 7, 4]",,0.9290332079399377
deep_lasso,half_06_A,6,0.5,A,4,0.6,"[23, 0, 21, 20]",,0.9408587499056011
deep_lasso,half_06_A,6,0.5,A,8,0.7777777777777778,"[23, 0, 21, 20, 25, 16, 24, 15]",,0.9408587499056011
deep_lasso,half_06_A,6,0.5,A,10,1.0,"[23, 0, 21, 20, 25, 16, 24, 15, 19, 27]",,0.9408587499056011
deep_lasso,half_06_A,6,0.5,A,12,1.0,"[23, 0, 21, 20, 25, 16, 24, 15, 19, 27, 18, 2]",,0.9408587499056011
deep_lasso,half_06_A,6,0.5,A,14,0.8666666666666667,"[23, 0, 21, 20, 25, 16, 24, 15, 19, 27, 18, 2, 9, 4]",,0.9408587499056011
deep_lasso,half_06_B,6,0.5,B,4,0.6,"[0, 23, 20, 21]",,0.6933087499346584
deep_lasso,half_06_B,6,0.5,B,8,0.7777777777777778,"[0, 23, 20, 21, 25, 24, 19, 16]",,0.6933087499346584
deep_lasso,half_06_B,6,0.5,B,10,1.0,"[0, 23, 20, 21, 25, 24, 19, 16, 27, 15]",,0.6933087499346584
deep_lasso,half_06_B,6,0.5,B,12,0.8461538461538461,"[0, 23, 20, 21, 25, 24, 19, 16, 27, 15, 26, 2]",,0.6933087499346584
deep_lasso,half_06_B,6,0.5,B,14,0.8666666666666667,"[0, 23, 20, 21, 25, 24, 19, 16, 27, 15, 26, 2, 7, 9]",,0.6933087499346584
deep_lasso,half_07_A,7,0.5,A,4,0.6,"[20, 21, 0, 23]",,1.1261816669721156
deep_lasso,half_07_A,7,0.5,A,8,0.7777777777777778,"[20, 21, 0, 23, 25, 16, 19, 27]",,1.1261816669721156
deep_lasso,half_07_A,7,0.5,A,10,0.8181818181818182,"[20, 21, 0, 23, 25, 16, 19, 27, 24, 3]",,1.1261816669721156
deep_lasso,half_07_A,7,0.5,A,12,0.7142857142857143,"[20, 21, 0, 23, 25, 16, 19, 27, 24, 3, 26, 2]",,1.1261816669721156
deep_lasso,half_07_A,7,0.5,A,14,0.8666666666666667,"[20, 21, 0, 23, 25, 16, 19, 27, 24, 3, 26, 2, 15, 18]",,1.1261816669721156
deep_lasso,half_07_B,7,0.5,B,4,0.6,"[0, 23, 21, 20]",,0.8036005408503115
deep_lasso,half_07_B,7,0.5,B,8,0.6,"[0, 23, 21, 20, 25, 24, 2, 15]",,0.8036005408503115
deep_lasso,half_07_B,7,0.5,B,10,0.8181818181818182,"[0, 23, 21, 20, 25, 24, 2, 15, 27, 16]",,0.8036005408503115
deep_lasso,half_07_B,7,0.5,B,12,0.8461538461538461,"[0, 23, 21, 20, 25, 24, 2, 15, 27, 16, 26, 19]",,0.8036005408503115
deep_lasso,half_07_B,7,0.5,B,14,0.75,"[0, 23, 21, 20, 25, 24, 2, 15, 27, 16, 26, 19, 1, 22]",,0.8036005408503115
deep_lasso,half_08_A,8,0.5,A,4,0.6,"[0, 23, 21, 20]",,0.9016339171212167
deep_lasso,half_08_A,8,0.5,A,8,0.7777777777777778,"[0, 23, 21, 20, 25, 16, 24, 19]",,0.9016339171212167
deep_lasso,half_08_A,8,0.5,A,10,1.0,"[0, 23, 21, 20, 25, 16, 24, 19, 15, 27]",,0.9016339171212167
deep_lasso,half_08_A,8,0.5,A,12,1.0,"[0, 23, 21, 20, 25, 16, 24, 19, 15, 27, 18, 2]",,0.9016339171212167
deep_lasso,half_08_A,8,0.5,A,14,0.8666666666666667,"[0, 23, 21, 20, 25, 16, 24, 19, 15, 27, 18, 2, 7, 9]",,0.9016339171212167
deep_lasso,half_08_B,8,0.5,B,4,0.6,"[0, 23, 20, 21]",,0.6949904160574079
deep_lasso,half_08_B,8,0.5,B,8,0.6,"[0, 23, 20, 21, 25, 24, 15, 26]",,0.6949904160574079
deep_lasso,half_08_B,8,0.5,B,10,0.5384615384615384,"[0, 23, 20, 21, 25, 24, 15, 26, 8, 9]",,0.6949904160574079
deep_lasso,half_08_B,8,0.5,B,12,0.5,"[0, 23, 20, 21, 25, 24, 15, 26, 8, 9, 2, 22]",,0.6949904160574079
deep_lasso,half_08_B,8,0.5,B,14,0.6470588235294118,"[0, 23, 20, 21, 25, 24, 15, 26, 8, 9, 2, 22, 19, 7]",,0.6949904160574079
deep_lasso,half_09_A,9,0.5,A,4,0.6,"[23, 0, 21, 20]",,1.0343460000585765
deep_lasso,half_09_A,9,0.5,A,8,0.7777777777777778,"[23, 0, 21, 20, 25, 16, 24, 15]",,1.0343460000585765
deep_lasso,half_09_A,9,0.5,A,10,1.0,"[23, 0, 21, 20, 25, 16, 24, 15, 19, 27]",,1.0343460000585765
deep_lasso,half_09_A,9,0.5,A,12,0.8461538461538461,"[23, 0, 21, 20, 25, 16, 24, 15, 19, 27, 26, 18]",,1.0343460000585765
deep_lasso,half_09_A,9,0.5,A,14,0.8666666666666667,"[23, 0, 21, 20, 25, 16, 24, 15, 19, 27, 26, 18, 7, 2]",,1.0343460000585765
deep_lasso,half_09_B,9,0.5,B,4,0.6,"[23, 0, 21, 20]",,1.1058100000955164
deep_lasso,half_09_B,9,0.5,B,8,0.7777777777777778,"[23, 0, 21, 20, 16, 19, 25, 24]",,1.1058100000955164
deep_lasso,half_09_B,9,0.5,B,10,1.0,"[23, 0, 21, 20, 16, 19, 25, 24, 15, 27]",,1.1058100000955164
deep_lasso,half_09_B,9,0.5,B,12,0.8461538461538461,"[23, 0, 21, 20, 16, 19, 25, 24, 15, 27, 18, 9]",,1.1058100000955164
deep_lasso,half_09_B,9,0.5,B,14,0.8666666666666667,"[23, 0, 21, 20, 16, 19, 25, 24, 15, 27, 18, 9, 22, 2]",,1.1058100000955164
deep_lasso,half_10_A,10,0.5,A,4,0.6,"[0, 23, 20, 21]",,0.989286124939099
deep_lasso,half_10_A,10,0.5,A,8,0.7777777777777778,"[0, 23, 20, 21, 16, 24, 25, 19]",,0.989286124939099
deep_lasso,half_10_A,10,0.5,A,10,1.0,"[0, 23, 20, 21, 16, 24, 25, 19, 15, 27]",,0.989286124939099
deep_lasso,half_10_A,10,0.5,A,12,0.8461538461538461,"[0, 23, 20, 21, 16, 24, 25, 19, 15, 27, 18, 9]",,0.989286124939099
deep_lasso,half_10_A,10,0.5,A,14,0.8666666666666667,"[0, 23, 20, 21, 16, 24, 25, 19, 15, 27, 18, 9, 2, 4]",,0.989286124939099
deep_lasso,half_10_B,10,0.5,B,4,0.6,"[23, 0, 21, 20]",,0.8589908331632614
deep_lasso,half_10_B,10,0.5,B,8,0.6,"[23, 0, 21, 20, 25, 24, 27, 16]",,0.8589908331632614
deep_lasso,half_10_B,10,0.5,B,10,1.0,"[23, 0, 21, 20, 25, 24, 27, 16, 19, 15]",,0.8589908331632614
deep_lasso,half_10_B,10,0.5,B,12,0.8461538461538461,"[23, 0, 21, 20, 25, 24, 27, 16, 19, 15, 2, 26]",,0.8589908331632614
deep_lasso,half_10_B,10,0.5,B,14,0.8666666666666667,"[23, 0, 21, 20, 25, 24, 27, 16, 19, 15, 2, 26, 9, 7]",,0.8589908331632614
deep_lasso,half_11_A,11,0.5,A,4,0.6,"[23, 21, 0, 20]",,0.8786194580607116
deep_lasso,half_11_A,11,0.5,A,8,0.6,"[23, 21, 0, 20, 24, 27, 25, 16]",,0.8786194580607116
deep_lasso,half_11_A,11,0.5,A,10,1.0,"[23, 21, 0, 20, 24, 27, 25, 16, 19, 15]",,0.8786194580607116
deep_lasso,half_11_A,11,0.5,A,12,0.8461538461538461,"[23, 21, 0, 20, 24, 27, 25, 16, 19, 15, 18, 9]",,0.8786194580607116
deep_lasso,half_11_A,11,0.5,A,14,0.8666666666666667,"[23, 21, 0, 20, 24, 27, 25, 16, 19, 15, 18, 9, 2, 7]",,0.8786194580607116
deep_lasso,half_11_B,11,0.5,B,4,0.6,"[0, 23, 20, 21]",,1.0184328339528292
deep_lasso,half_11_B,11,0.5,B,8,0.7777777777777778,"[0, 23, 20, 21, 25, 16, 24, 19]",,1.0184328339528292
deep_lasso,half_11_B,11,0.5,B,10,1.0,"[0, 23, 20, 21, 25, 16, 24, 19, 15, 27]",,1.0184328339528292
deep_lasso,half_11_B,11,0.5,B,12,0.8461538461538461,"[0, 23, 20, 21, 25, 16, 24, 19, 15, 27, 18, 26]",,1.0184328339528292
deep_lasso,half_11_B,11,0.5,B,14,0.8666666666666667,"[0, 23, 20, 21, 25, 16, 24, 19, 15, 27, 18, 26, 9, 7]",,1.0184328339528292
deep_lasso,half_12_A,12,0.5,A,4,0.6,"[0, 23, 21, 20]",,0.7171770830173045
deep_lasso,half_12_A,12,0.5,A,8,0.6,"[0, 23, 21, 20, 24, 25, 2, 16]",,0.7171770830173045
deep_lasso,half_12_A,12,0.5,A,10,0.6666666666666666,"[0, 23, 21, 20, 24, 25, 2, 16, 17, 27]",,0.7171770830173045
deep_lasso,half_12_A,12,0.5,A,12,0.6,"[0, 23, 21, 20, 24, 25, 2, 16, 17, 27, 1, 22]",,0.7171770830173045
deep_lasso,half_12_A,12,0.5,A,14,0.6470588235294118,"[0, 23, 21, 20, 24, 25, 2, 16, 17, 27, 1, 22, 9, 15]",,0.7171770830173045
deep_lasso,half_12_B,12,0.5,B,4,0.6,"[0, 23, 21, 20]",,1.2093128750566393
deep_lasso,half_12_B,12,0.5,B,8,1.0,"[0, 23, 21, 20, 25, 16, 15, 19]",,1.2093128750566393
deep_lasso,half_12_B,12,0.5,B,10,1.0,"[0, 23, 21, 20, 25, 16, 15, 19, 27, 24]",,1.2093128750566393
deep_lasso,half_12_B,12,0.5,B,12,0.7142857142857143,"[0, 23, 21, 20, 25, 16, 15, 19, 27, 24, 8, 7]",,1.2093128750566393
deep_lasso,half_12_B,12,0.5,B,14,0.75,"[0, 23, 21, 20, 25, 16, 15, 19, 27, 24, 8, 7, 18, 9]",,1.2093128750566393
deep_lasso,half_13_A,13,0.5,A,4,0.6,"[0, 23, 21, 20]",,0.9568798339460045
deep_lasso,half_13_A,13,0.5,A,8,0.7777777777777778,"[0, 23, 21, 20, 25, 24, 16, 19]",,0.9568798339460045
deep_lasso,half_13_A,13,0.5,A,10,1.0,"[0, 23, 21, 20, 25, 24, 16, 19, 27, 15]",,0.9568798339460045
deep_lasso,half_13_A,13,0.5,A,12,0.7142857142857143,"[0, 23, 21, 20, 25, 24, 16, 19, 27, 15, 9, 7]",,0.9568798339460045
deep_lasso,half_13_A,13,0.5,A,14,0.8666666666666667,"[0, 23, 21, 20, 25, 24, 16, 19, 27, 15, 9, 7, 26, 18]",,0.9568798339460045
deep_lasso,half_13_B,13,0.5,B,4,0.6,"[23, 0, 21, 20]",,1.6059629581868649
deep_lasso,half_13_B,13,0.5,B,8,1.0,"[23, 0, 21, 20, 16, 15, 25, 19]",,1.6059629581868649
deep_lasso,half_13_B,13,0.5,B,10,1.0,"[23, 0, 21, 20, 16, 15, 25, 19, 27, 24]",,1.6059629581868649
deep_lasso,half_13_B,13,0.5,B,12,0.7142857142857143,"[23, 0, 21, 20, 16, 15, 25, 19, 27, 24, 8, 4]",,1.6059629581868649
deep_lasso,half_13_B,13,0.5,B,14,0.75,"[23, 0, 21, 20, 16, 15, 25, 19, 27, 24, 8, 4, 2, 18]",,1.6059629581868649
deep_lasso,half_14_A,14,0.5,A,4,0.6,"[23, 21, 0, 25]",,1.0055359588004649
deep_lasso,half_14_A,14,0.5,A,8,0.7777777777777778,"[23, 21, 0, 25, 20, 16, 24, 15]",,1.0055359588004649
deep_lasso,half_14_A,14,0.5,A,10,1.0,"[23, 21, 0, 25, 20, 16, 24, 15, 19, 27]",,1.0055359588004649
deep_lasso,half_14_A,14,0.5,A,12,0.8461538461538461,"[23, 21, 0, 25, 20, 16, 24, 15, 19, 27, 26, 18]",,1.0055359588004649
deep_lasso,half_14_A,14,0.5,A,14,0.8666666666666667,"[23, 21, 0, 25, 20, 16, 24, 15, 19, 27, 26, 18, 7, 2]",,1.0055359588004649
deep_lasso,half_14_B,14,0.5,B,4,0.6,"[20, 0, 23, 21]",,1.2202237090095878
deep_lasso,half_14_B,14,0.5,B,8,0.7777777777777778,"[20, 0, 23, 21, 25, 16, 19, 27]",,1.2202237090095878
deep_lasso,half_14_B,14,0.5,B,10,1.0,"[20, 0, 23, 21, 25, 16, 19, 27, 15, 24]",,1.2202237090095878
deep_lasso,half_14_B,14,0.5,B,12,0.8461538461538461,"[20, 0, 23, 21, 25, 16, 19, 27, 15, 24, 18, 9]",,1.2202237090095878
deep_lasso,half_14_B,14,0.5,B,14,0.8666666666666667,"[20, 0, 23, 21, 25, 16, 19, 27, 15, 24, 18, 9, 2, 28]",,1.2202237090095878
deep_lasso,half_15_A,15,0.5,A,4,0.6,"[0, 23, 21, 20]",,1.0264166248962283
deep_lasso,half_15_A,15,0.5,A,8,0.7777777777777778,"[0, 23, 21, 20, 25, 24, 19, 15]",,1.0264166248962283
deep_lasso,half_15_A,15,0.5,A,10,1.0,"[0, 23, 21, 20, 25, 24, 19, 15, 27, 16]",,1.0264166248962283
deep_lasso,half_15_A,15,0.5,A,12,0.7142857142857143,"[0, 23, 21, 20, 25, 24, 19, 15, 27, 16, 9, 22]",,1.0264166248962283
deep_lasso,half_15_A,15,0.5,A,14,0.75,"[0, 23, 21, 20, 25, 24, 19, 15, 27, 16, 9, 22, 26, 7]",,1.0264166248962283
deep_lasso,half_15_B,15,0.5,B,4,0.6,"[23, 21, 0, 20]",,1.2087260419502854
deep_lasso,half_15_B,15,0.5,B,8,1.0,"[23, 21, 0, 20, 16, 25, 15, 19]",,1.2087260419502854
deep_lasso,half_15_B,15,0.5,B,10,1.0,"[23, 21, 0, 20, 16, 25, 15, 19, 24, 27]",,1.2087260419502854
deep_lasso,half_15_B,15,0.5,B,12,0.8461538461538461,"[23, 21, 0, 20, 16, 25, 15, 19, 24, 27, 18, 7]",,1.2087260419502854
deep_lasso,half_15_B,15,0.5,B,14,0.8666666666666667,"[23, 21, 0, 20, 16, 25, 15, 19, 24, 27, 18, 7, 26, 2]",,1.2087260419502854
deep_lasso,half_16_A,16,0.5,A,4,0.6,"[0, 20, 21, 23]",,0.9740902499761432
deep_lasso,half_16_A,16,0.5,A,8,0.7777777777777778,"[0, 20, 21, 23, 25, 24, 19, 16]",,0.9740902499761432
deep_lasso,half_16_A,16,0.5,A,10,1.0,"[0, 20, 21, 23, 25, 24, 19, 16, 27, 15]",,0.9740902499761432
deep_lasso,half_16_A,16,0.5,A,12,0.8461538461538461,"[0, 20, 21, 23, 25, 24, 19, 16, 27, 15, 18, 7]",,0.9740902499761432
deep_lasso,half_16_A,16,0.5,A,14,0.8666666666666667,"[0, 20, 21, 23, 25, 24, 19, 16, 27, 15, 18, 7, 26, 9]",,0.9740902499761432
deep_lasso,half_16_B,16,0.5,B,4,0.6,"[23, 0, 21, 20]",,0.5725407919380814
deep_lasso,half_16_B,16,0.5,B,8,0.6,"[23, 0, 21, 20, 25, 24, 22, 16]",,0.5725407919380814
deep_lasso,half_16_B,16,0.5,B,10,0.6666666666666666,"[23, 0, 21, 20, 25, 24, 22, 16, 15, 2]",,0.5725407919380814
deep_lasso,half_16_B,16,0.5,B,12,0.7142857142857143,"[23, 0, 21, 20, 25, 24, 22, 16, 15, 2, 27, 7]",,0.5725407919380814
deep_lasso,half_16_B,16,0.5,B,14,0.75,"[23, 0, 21, 20, 25, 24, 22, 16, 15, 2, 27, 7, 26, 9]",,0.5725407919380814
deep_lasso,half_17_A,17,0.5,A,4,0.6,"[0, 23, 21, 20]",,0.8558959998190403
deep_lasso,half_17_A,17,0.5,A,8,0.6,"[0, 23, 21, 20, 25, 24, 19, 27]",,0.8558959998190403
deep_lasso,half_17_A,17,0.5,A,10,0.8181818181818182,"[0, 23, 21, 20, 25, 24, 19, 27, 16, 26]",,0.8558959998190403
deep_lasso,half_17_A,17,0.5,A,12,0.7142857142857143,"[0, 23, 21, 20, 25, 24, 19, 27, 16, 26, 15, 22]",,0.8558959998190403
deep_lasso,half_17_A,17,0.5,A,14,0.8666666666666667,"[0, 23, 21, 20, 25, 24, 19, 27, 16, 26, 15, 22, 2, 18]",,0.8558959998190403
deep_lasso,half_17_B,17,0.5,B,4,0.6,"[23, 0, 21, 20]",,1.1412309578154236
deep_lasso,half_17_B,17,0.5,B,8,0.7777777777777778,"[23, 0, 21, 20, 15, 16, 25, 24]",,1.1412309578154236
deep_lasso,half_17_B,17,0.5,B,10,1.0,"[23, 0, 21, 20, 15, 16, 25, 24, 19, 27]",,1.1412309578154236
deep_lasso,half_17_B,17,0.5,B,12,0.8461538461538461,"[23, 0, 21, 20, 15, 16, 25, 24, 19, 27, 18, 7]",,1.1412309578154236
deep_lasso,half_17_B,17,0.5,B,14,0.75,"[23, 0, 21, 20, 15, 16, 25, 24, 19, 27, 18, 7, 9, 4]",,1.1412309578154236
deep_lasso,half_18_A,18,0.5,A,4,0.6,"[0, 23, 21, 20]",,0.7553033749572933
deep_lasso,half_18_A,18,0.5,A,8,0.7777777777777778,"[0, 23, 21, 20, 25, 24, 16, 19]",,0.7553033749572933
deep_lasso,half_18_A,18,0.5,A,10,0.8181818181818182,"[0, 23, 21, 20, 25, 24, 16, 19, 15, 18]",,0.7553033749572933
deep_lasso,half_18_A,18,0.5,A,12,1.0,"[0, 23, 21, 20, 25, 24, 16, 19, 15, 18, 27, 2]",,0.7553033749572933
deep_lasso,half_18_A,18,0.5,A,14,0.8666666666666667,"[0, 23, 21, 20, 25, 24, 16, 19, 15, 18, 27, 2, 9, 8]",,0.7553033749572933
deep_lasso,half_18_B,18,0.5,B,4,0.6,"[0, 23, 21, 20]",,0.7014482920058072
deep_lasso,half_18_B,18,0.5,B,8,0.6,"[0, 23, 21, 20, 24, 25, 27, 16]",,0.7014482920058072
deep_lasso,half_18_B,18,0.5,B,10,0.8181818181818182,"[0, 23, 21, 20, 24, 25, 27, 16, 15, 22]",,0.7014482920058072
deep_lasso,half_18_B,18,0.5,B,12,0.7142857142857143,"[0, 23, 21, 20, 24, 25, 27, 16, 15, 22, 19, 7]",,0.7014482920058072
deep_lasso,half_18_B,18,0.5,B,14,0.75,"[0, 23, 21, 20, 24, 25, 27, 16, 15, 22, 19, 7, 26, 2]",,0.7014482920058072
deep_lasso,half_19_A,19,0.5,A,4,0.6,"[23, 21, 0, 20]",,0.8371959158685058
deep_lasso,half_19_A,19,0.5,A,8,0.6,"[23, 21, 0, 20, 25, 24, 16, 27]",,0.8371959158685058
deep_lasso,half_19_A,19,0.5,A,10,1.0,"[23, 21, 0, 20, 25, 24, 16, 27, 19, 15]",,0.8371959158685058
deep_lasso,half_19_A,19,0.5,A,12,0.8461538461538461,"[23, 21, 0, 20, 25, 24, 16, 27, 19, 15, 18, 26]",,0.8371959158685058
deep_lasso,half_19_A,19,0.5,A,14,0.8666666666666667,"[23, 21, 0, 20, 25, 24, 16, 27, 19, 15, 18, 26, 22, 9]",,0.8371959158685058
deep_lasso,half_19_B,19,0.5,B,4,0.6,"[0, 23, 20, 21]",,1.0753985000774264
deep_lasso,half_19_B,19,0.5,B,8,1.0,"[0, 23, 20, 21, 16, 15, 25, 19]",,1.0753985000774264
deep_lasso,half_19_B,19,0.5,B,10,1.0,"[0, 23, 20, 21, 16, 15, 25, 19, 24, 27]",,1.0753985000774264
deep_lasso,half_19_B,19,0.5,B,12,0.8461538461538461,"[0, 23, 20, 21, 16, 15, 25, 19, 24, 27, 7, 18]",,1.0753985000774264
deep_lasso,half_19_B,19,0.5,B,14,0.8666666666666667,"[0, 23, 20, 21, 16, 15, 25, 19, 24, 27, 7, 18, 2, 26]",,1.0753985000774264
deep_lasso,half_20_A,20,0.5,A,4,0.6,"[23, 0, 20, 21]",,1.1538277079816908
deep_lasso,half_20_A,20,0.5,A,8,0.7777777777777778,"[23, 0, 20, 21, 16, 19, 27, 25]",,1.1538277079816908
deep_lasso,half_20_A,20,0.5,A,10,1.0,"[23, 0, 20, 21, 16, 19, 27, 25, 15, 24]",,1.1538277079816908
deep_lasso,half_20_A,20,0.5,A,12,0.8461538461538461,"[23, 0, 20, 21, 16, 19, 27, 25, 15, 24, 18, 7]",,1.1538277079816908
deep_lasso,half_20_A,20,0.5,A,14,0.75,"[23, 0, 20, 21, 16, 19, 27, 25, 15, 24, 18, 7, 26, 22]",,1.1538277079816908
deep_lasso,half_20_B,20,0.5,B,4,0.6,"[0, 23, 21, 20]",,0.7985877499449998
deep_lasso,half_20_B,20,0.5,B,8,0.45454545454545453,"[0, 23, 21, 20, 25, 24, 27, 2]",,0.7985877499449998
deep_lasso,half_20_B,20,0.5,B,10,0.6666666666666666,"[0, 23, 21, 20, 25, 24, 27, 2, 26, 15]",,0.7985877499449998
deep_lasso,half_20_B,20,0.5,B,12,0.7142857142857143,"[0, 23, 21, 20, 25, 24, 27, 2, 26, 15, 9, 19]",,0.7985877499449998
deep_lasso,half_20_B,20,0.5,B,14,0.8666666666666667,"[0, 23, 21, 20, 25, 24, 27, 2, 26, 15, 9, 19, 16, 22]",,0.7985877499449998
deep_lasso,half_21_A,21,0.5,A,4,0.6,"[23, 0, 21, 20]",,1.260019791778177
deep_lasso,half_21_A,21,0.5,A,8,1.0,"[23, 0, 21, 20, 15, 16, 25, 19]",,1.260019791778177
deep_lasso,half_21_A,21,0.5,A,10,1.0,"[23, 0, 21, 20, 15, 16, 25, 19, 27, 24]",,1.260019791778177
deep_lasso,half_21_A,21,0.5,A,12,0.8461538461538461,"[23, 0, 21, 20, 15, 16, 25, 19, 27, 24, 18, 7]",,1.260019791778177
deep_lasso,half_21_A,21,0.5,A,14,0.75,"[23, 0, 21, 20, 15, 16, 25, 19, 27, 24, 18, 7, 2, 17]",,1.260019791778177
deep_lasso,half_21_B,21,0.5,B,4,1.0,"[23, 0, 21, 16]",,0.9285362500231713
deep_lasso,half_21_B,21,0.5,B,8,0.7777777777777778,"[23, 0, 21, 16, 25, 20, 19, 24]",,0.9285362500231713
deep_lasso,half_21_B,21,0.5,B,10,0.8181818181818182,"[23, 0, 21, 16, 25, 20, 19, 24, 15, 26]",,0.9285362500231713
deep_lasso,half_21_B,21,0.5,B,12,0.8461538461538461,"[23, 0, 21, 16, 25, 20, 19, 24, 15, 26, 27, 18]",,0.9285362500231713
deep_lasso,half_21_B,21,0.5,B,14,1.0,"[23, 0, 21, 16, 25, 20, 19, 24, 15, 26, 27, 18, 9, 2]",,0.9285362500231713
deep_lasso,half_22_A,22,0.5,A,4,0.6,"[0, 23, 21, 20]",,0.9238422908820212
deep_lasso,half_22_A,22,0.5,A,8,0.7777777777777778,"[0, 23, 21, 20, 25, 24, 16, 15]",,0.9238422908820212
deep_lasso,half_22_A,22,0.5,A,10,0.6666666666666666,"[0, 23, 21, 20, 25, 24, 16, 15, 2, 7]",,0.9238422908820212
deep_lasso,half_22_A,22,0.5,A,12,0.7142857142857143,"[0, 23, 21, 20, 25, 24, 16, 15, 2, 7, 19, 1]",,0.9238422908820212
deep_lasso,half_22_A,22,0.5,A,14,0.75,"[0, 23, 21, 20, 25, 24, 16, 15, 2, 7, 19, 1, 27, 9]",,0.9238422908820212
deep_lasso,half_22_B,22,0.5,B,4,0.6,"[23, 0, 21, 20]",,0.6719314157962799
deep_lasso,half_22_B,22,0.5,B,8,0.6,"[23, 0, 21, 20, 25, 24, 27, 19]",,0.6719314157962799
deep_lasso,half_22_B,22,0.5,B,10,1.0,"[23, 0, 21, 20, 25, 24, 27, 19, 16, 15]",,0.6719314157962799
deep_lasso,half_22_B,22,0.5,B,12,0.7142857142857143,"[23, 0, 21, 20, 25, 24, 27, 19, 16, 15, 26, 9]",,0.6719314157962799
deep_lasso,half_22_B,22,0.5,B,14,1.0,"[23, 0, 21, 20, 25, 24, 27, 19, 16, 15, 26, 9, 2, 18]",,0.6719314157962799
deep_lasso,half_23_A,23,0.5,A,4,0.6,"[0, 23, 20, 21]",,0.9508395830634981
deep_lasso,half_23_A,23,0.5,A,8,0.45454545454545453,"[0, 23, 20, 21, 25, 24, 27, 8]",,0.9508395830634981
deep_lasso,half_23_A,23,0.5,A,10,0.8181818181818182,"[0, 23, 20, 21, 25, 24, 27, 8, 16, 15]",,0.9508395830634981
deep_lasso,half_23_A,23,0.5,A,12,0.7142857142857143,"[0, 23, 20, 21, 25, 24, 27, 8, 16, 15, 19, 7]",,0.9508395830634981
deep_lasso,half_23_A,23,0.5,A,14,0.6470588235294118,"[0, 23, 20, 21, 25, 24, 27, 8, 16, 15, 19, 7, 17, 9]",,0.9508395830634981
deep_lasso,half_23_B,23,0.5,B,4,0.6,"[0, 23, 21, 20]",,0.7202012920752168
deep_lasso,half_23_B,23,0.5,B,8,0.7777777777777778,"[0, 23, 21, 20, 25, 24, 16, 15]",,0.7202012920752168
deep_lasso,half_23_B,23,0.5,B,10,0.8181818181818182,"[0, 23, 21, 20, 25, 24, 16, 15, 19, 22]",,0.7202012920752168
deep_lasso,half_23_B,23,0.5,B,12,0.7142857142857143,"[0, 23, 21, 20, 25, 24, 16, 15, 19, 22, 27, 7]",,0.7202012920752168
deep_lasso,half_23_B,23,0.5,B,14,0.75,"[0, 23, 21, 20, 25, 24, 16, 15, 19, 22, 27, 7, 26, 9]",,0.7202012920752168
deep_lasso,half_24_A,24,0.5,A,4,0.6,"[23, 0, 21, 20]",,1.0576589580159634
deep_lasso,half_24_A,24,0.5,A,8,1.0,"[23, 0, 21, 20, 25, 19, 16, 15]",,1.0576589580159634
deep_lasso,half_24_A,24,0.5,A,10,1.0,"[23, 0, 21, 20, 25, 19, 16, 15, 27, 24]",,1.0576589580159634
deep_lasso,half_24_A,24,0.5,A,12,1.0,"[23, 0, 21, 20, 25, 19, 16, 15, 27, 24, 2, 18]",,1.0576589580159634
deep_lasso,half_24_A,24,0.5,A,14,0.8666666666666667,"[23, 0, 21, 20, 25, 19, 16, 15, 27, 24, 2, 18, 9, 7]",,1.0576589580159634
deep_lasso,half_24_B,24,0.5,B,4,0.6,"[0, 20, 23, 21]",,0.895721249980852
deep_lasso,half_24_B,24,0.5,B,8,0.7777777777777778,"[0, 20, 23, 21, 24, 25, 16, 15]",,0.895721249980852
deep_lasso,half_24_B,24,0.5,B,10,1.0,"[0, 20, 23, 21, 24, 25, 16, 15, 27, 19]",,0.895721249980852
deep_lasso,half_24_B,24,0.5,B,12,0.8461538461538461,"[0, 20, 23, 21, 24, 25, 16, 15, 27, 19, 18, 26]",,0.895721249980852
deep_lasso,half_24_B,24,0.5,B,14,0.75,"[0, 20, 23, 21, 24, 25, 16, 15, 27, 19, 18, 26, 28, 7]",,0.895721249980852
deep_lasso,half_25_A,25,0.5,A,4,0.6,"[23, 0, 21, 20]",,0.856657249853015
deep_lasso,half_25_A,25,0.5,A,8,0.7777777777777778,"[23, 0, 21, 20, 25, 24, 19, 15]",,0.856657249853015
deep_lasso,half_25_A,25,0.5,A,10,1.0,"[23, 0, 21, 20, 25, 24, 19, 15, 16, 27]",,0.856657249853015
deep_lasso,half_25_A,25,0.5,A,12,0.8461538461538461,"[23, 0, 21, 20, 25, 24, 19, 15, 16, 27, 26, 18]",,0.856657249853015
deep_lasso,half_25_A,25,0.5,A,14,1.0,"[23, 0, 21, 20, 25, 24, 19, 15, 16, 27, 26, 18, 9, 2]",,0.856657249853015
deep_lasso,half_25_B,25,0.5,B,4,0.6,"[23, 0, 21, 20]",,1.1478067499119788
deep_lasso,half_25_B,25,0.5,B,8,0.6,"[23, 0, 21, 20, 16, 25, 24, 27]",,1.1478067499119788
deep_lasso,half_25_B,25,0.5,B,10,1.0,"[23, 0, 21, 20, 16, 25, 24, 27, 19, 15]",,1.1478067499119788
deep_lasso,half_25_B,25,0.5,B,12,1.0,"[23, 0, 21, 20, 16, 25, 24, 27, 19, 15, 18, 2]",,1.1478067499119788
deep_lasso,half_25_B,25,0.5,B,14,0.75,"[23, 0, 21, 20, 16, 25, 24, 27, 19, 15, 18, 2, 22, 1]",,1.1478067499119788
deep_lasso,half_26_A,26,0.5,A,4,1.0,"[23, 21, 0, 16]",,1.2304024579934776
deep_lasso,half_26_A,26,0.5,A,8,1.0,"[23, 21, 0, 16, 20, 25, 19, 15]",,1.2304024579934776
deep_lasso,half_26_A,26,0.5,A,10,0.8181818181818182,"[23, 21, 0, 16, 20, 25, 19, 15, 24, 18]",,1.2304024579934776
deep_lasso,half_26_A,26,0.5,A,12,1.0,"[23, 21, 0, 16, 20, 25, 19, 15, 24, 18, 2, 27]",,1.2304024579934776
deep_lasso,half_26_A,26,0.5,A,14,0.8666666666666667,"[23, 21, 0, 16, 20, 25, 19, 15, 24, 18, 2, 27, 9, 7]",,1.2304024579934776
deep_lasso,half_26_B,26,0.5,B,4,0.6,"[0, 23, 20, 21]",,0.7328605831135064
deep_lasso,half_26_B,26,0.5,B,8,0.6,"[0, 23, 20, 21, 25, 24, 27, 19]",,0.7328605831135064
deep_lasso,half_26_B,26,0.5,B,10,1.0,"[0, 23, 20, 21, 25, 24, 27, 19, 16, 15]",,0.7328605831135064
deep_lasso,half_26_B,26,0.5,B,12,0.7142857142857143,"[0, 23, 20, 21, 25, 24, 27, 19, 16, 15, 26, 17]",,0.7328605831135064
deep_lasso,half_26_B,26,0.5,B,14,0.75,"[0, 23, 20, 21, 25, 24, 27, 19, 16, 15, 26, 17, 18, 22]",,0.7328605831135064
deep_lasso,half_27_A,27,0.5,A,4,0.6,"[23, 0, 21, 20]",,0.983104333980009
deep_lasso,half_27_A,27,0.5,A,8,0.7777777777777778,"[23, 0, 21, 20, 16, 19, 25, 24]",,0.983104333980009
deep_lasso,half_27_A,27,0.5,A,10,1.0,"[23, 0, 21, 20, 16, 19, 25, 24, 27, 15]",,0.983104333980009
deep_lasso,half_27_A,27,0.5,A,12,0.8461538461538461,"[23, 0, 21, 20, 16, 19, 25, 24, 27, 15, 18, 26]",,0.983104333980009
deep_lasso,half_27_A,27,0.5,A,14,0.8666666666666667,"[23, 0, 21, 20, 16, 19, 25, 24, 27, 15, 18, 26, 2, 3]",,0.983104333980009
deep_lasso,half_27_B,27,0.5,B,4,0.6,"[0, 23, 21, 20]",,0.9485033340752125
deep_lasso,half_27_B,27,0.5,B,8,0.7777777777777778,"[0, 23, 21, 20, 25, 24, 16, 15]",,0.9485033340752125
deep_lasso,half_27_B,27,0.5,B,10,1.0,"[0, 23, 21, 20, 25, 24, 16, 15, 19, 27]",,0.9485033340752125
deep_lasso,half_27_B,27,0.5,B,12,0.8461538461538461,"[0, 23, 21, 20, 25, 24, 16, 15, 19, 27, 7, 2]",,0.9485033340752125
deep_lasso,half_27_B,27,0.5,B,14,0.8666666666666667,"[0, 23, 21, 20, 25, 24, 16, 15, 19, 27, 7, 2, 9, 18]",,0.9485033340752125
deep_lasso,half_28_A,28,0.5,A,4,0.6,"[20, 0, 23, 21]",,1.1577296250034124
deep_lasso,half_28_A,28,0.5,A,8,0.7777777777777778,"[20, 0, 23, 21, 16, 25, 27, 15]",,1.1577296250034124
deep_lasso,half_28_A,28,0.5,A,10,1.0,"[20, 0, 23, 21, 16, 25, 27, 15, 19, 24]",,1.1577296250034124
deep_lasso,half_28_A,28,0.5,A,12,1.0,"[20, 0, 23, 21, 16, 25, 27, 15, 19, 24, 18, 2]",,1.1577296250034124
deep_lasso,half_28_A,28,0.5,A,14,0.75,"[20, 0, 23, 21, 16, 25, 27, 15, 19, 24, 18, 2, 17, 7]",,1.1577296250034124
deep_lasso,half_28_B,28,0.5,B,4,0.6,"[0, 23, 21, 24]",,0.9924617500510067
deep_lasso,half_28_B,28,0.5,B,8,0.45454545454545453,"[0, 23, 21, 24, 25, 20, 22, 27]",,0.9924617500510067
deep_lasso,half_28_B,28,0.5,B,10,0.6666666666666666,"[0, 23, 21, 24, 25, 20, 22, 27, 9, 15]",,0.9924617500510067
deep_lasso,half_28_B,28,0.5,B,12,0.6,"[0, 23, 21, 24, 25, 20, 22, 27, 9, 15, 26, 19]",,0.9924617500510067
deep_lasso,half_28_B,28,0.5,B,14,0.8666666666666667,"[0, 23, 21, 24, 25, 20, 22, 27, 9, 15, 26, 19, 2, 16]",,0.9924617500510067
deep_lasso,half_29_A,29,0.5,A,4,0.6,"[23, 0, 21, 20]",,0.8218179999385029
deep_lasso,half_29_A,29,0.5,A,8,0.6,"[23, 0, 21, 20, 24, 16, 25, 27]",,0.8218179999385029
deep_lasso,half_29_A,29,0.5,A,10,0.8181818181818182,"[23, 0, 21, 20, 24, 16, 25, 27, 2, 19]",,0.8218179999385029
deep_lasso,half_29_A,29,0.5,A,12,1.0,"[23, 0, 21, 20, 24, 16, 25, 27, 2, 19, 15, 18]",,0.8218179999385029
deep_lasso,half_29_A,29,0.5,A,14,1.0,"[23, 0, 21, 20, 24, 16, 25, 27, 2, 19, 15, 18, 26, 9]",,0.8218179999385029
deep_lasso,half_29_B,29,0.5,B,4,0.6,"[23, 21, 0, 15]",,1.8660557500552386
deep_lasso,half_29_B,29,0.5,B,8,1.0,"[23, 21, 0, 15, 20, 16, 25, 19]",,1.8660557500552386
deep_lasso,half_29_B,29,0.5,B,10,0.8181818181818182,"[23, 21, 0, 15, 20, 16, 25, 19, 7, 27]",,1.8660557500552386
deep_lasso,half_29_B,29,0.5,B,12,0.7142857142857143,"[23, 21, 0, 15, 20, 16, 25, 19, 7, 27, 24, 22]",,1.8660557500552386
deep_lasso,half_29_B,29,0.5,B,14,0.6470588235294118,"[23, 21, 0, 15, 20, 16, 25, 19, 7, 27, 24, 22, 18, 17]",,1.8660557500552386
deep_lasso,f70_00,0,0.7,,4,0.6,"[23, 0, 21, 20]",,1.2539694169536233
deep_lasso,f70_00,0,0.7,,8,0.7777777777777778,"[23, 0, 21, 20, 25, 16, 19, 24]",,1.2539694169536233
deep_lasso,f70_00,0,0.7,,10,1.0,"[23, 0, 21, 20, 25, 16, 19, 24, 15, 27]",,1.2539694169536233
deep_lasso,f70_00,0,0.7,,12,0.8461538461538461,"[23, 0, 21, 20, 25, 16, 19, 24, 15, 27, 2, 26]",,1.2539694169536233
deep_lasso,f70_00,0,0.7,,14,1.0,"[23, 0, 21, 20, 25, 16, 19, 24, 15, 27, 2, 26, 18, 9]",,1.2539694169536233
deep_lasso,f70_01,1,0.7,,4,0.6,"[23, 21, 0, 25]",,1.5599202499724925
deep_lasso,f70_01,1,0.7,,8,1.0,"[23, 21, 0, 25, 20, 19, 15, 16]",,1.5599202499724925
deep_lasso,f70_01,1,0.7,,10,1.0,"[23, 21, 0, 25, 20, 19, 15, 16, 27, 24]",,1.5599202499724925
deep_lasso,f70_01,1,0.7,,12,1.0,"[23, 21, 0, 25, 20, 19, 15, 16, 27, 24, 2, 18]",,1.5599202499724925
deep_lasso,f70_01,1,0.7,,14,0.8666666666666667,"[23, 21, 0, 25, 20, 19, 15, 16, 27, 24, 2, 18, 22, 9]",,1.5599202499724925
deep_lasso,f70_02,2,0.7,,4,0.6,"[23, 0, 21, 20]",,1.4875072501599789
deep_lasso,f70_02,2,0.7,,8,0.7777777777777778,"[23, 0, 21, 20, 19, 25, 16, 24]",,1.4875072501599789
deep_lasso,f70_02,2,0.7,,10,1.0,"[23, 0, 21, 20, 19, 25, 16, 24, 27, 15]",,1.4875072501599789
deep_lasso,f70_02,2,0.7,,12,0.7142857142857143,"[23, 0, 21, 20, 19, 25, 16, 24, 27, 15, 9, 22]",,1.4875072501599789
deep_lasso,f70_02,2,0.7,,14,0.75,"[23, 0, 21, 20, 19, 25, 16, 24, 27, 15, 9, 22, 18, 17]",,1.4875072501599789
deep_lasso,f70_03,3,0.7,,4,0.6,"[23, 21, 0, 25]",,2.057125125080347
deep_lasso,f70_03,3,0.7,,8,1.0,"[23, 21, 0, 25, 16, 20, 15, 19]",,2.057125125080347
deep_lasso,f70_03,3,0.7,,10,1.0,"[23, 21, 0, 25, 16, 20, 15, 19, 24, 27]",,2.057125125080347
deep_lasso,f70_03,3,0.7,,12,1.0,"[23, 21, 0, 25, 16, 20, 15, 19, 24, 27, 18, 2]",,2.057125125080347
deep_lasso,f70_03,3,0.7,,14,0.8666666666666667,"[23, 21, 0, 25, 16, 20, 15, 19, 24, 27, 18, 2, 7, 26]",,2.057125125080347
deep_lasso,f70_04,4,0.7,,4,0.6,"[23, 0, 21, 20]",,1.4280811659991741
deep_lasso,f70_04,4,0.7,,8,0.7777777777777778,"[23, 0, 21, 20, 25, 19, 16, 24]",,1.4280811659991741
deep_lasso,f70_04,4,0.7,,10,1.0,"[23, 0, 21, 20, 25, 19, 16, 24, 15, 27]",,1.4280811659991741
deep_lasso,f70_04,4,0.7,,12,1.0,"[23, 0, 21, 20, 25, 19, 16, 24, 15, 27, 2, 18]",,1.4280811659991741
deep_lasso,f70_04,4,0.7,,14,0.8666666666666667,"[23, 0, 21, 20, 25, 19, 16, 24, 15, 27, 2, 18, 22, 9]",,1.4280811659991741
deep_lasso,f70_05,5,0.7,,4,0.6,"[23, 0, 21, 20]",,0.8933979161083698
deep_lasso,f70_05,5,0.7,,8,0.6,"[23, 0, 21, 20, 25, 24, 16, 27]",,0.8933979161083698
deep_lasso,f70_05,5,0.7,,10,1.0,"[23, 0, 21, 20, 25, 24, 16, 27, 15, 19]",,0.8933979161083698
deep_lasso,f70_05,5,0.7,,12,1.0,"[23, 0, 21, 20, 25, 24, 16, 27, 15, 19, 2, 18]",,0.8933979161083698
deep_lasso,f70_05,5,0.7,,14,0.8666666666666667,"[23, 0, 21, 20, 25, 24, 16, 27, 15, 19, 2, 18, 26, 7]",,0.8933979161083698
deep_lasso,f70_06,6,0.7,,4,0.6,"[23, 0, 21, 20]",,1.7164386250078678
deep_lasso,f70_06,6,0.7,,8,1.0,"[23, 0, 21, 20, 16, 19, 25, 15]",,1.7164386250078678
deep_lasso,f70_06,6,0.7,,10,1.0,"[23, 0, 21, 20, 16, 19, 25, 15, 27, 24]",,1.7164386250078678
deep_lasso,f70_06,6,0.7,,12,0.8461538461538461,"[23, 0, 21, 20, 16, 19, 25, 15, 27, 24, 18, 9]",,1.7164386250078678
deep_lasso,f70_06,6,0.7,,14,1.0,"[23, 0, 21, 20, 16, 19, 25, 15, 27, 24, 18, 9, 26, 2]",,1.7164386250078678
deep_lasso,f70_07,7,0.7,,4,0.6,"[23, 21, 0, 20]",,1.4266573330387473
deep_lasso,f70_07,7,0.7,,8,0.7777777777777778,"[23, 21, 0, 20, 16, 25, 15, 24]",,1.4266573330387473
deep_lasso,f70_07,7,0.7,,10,1.0,"[23, 21, 0, 20, 16, 25, 15, 24, 19, 27]",,1.4266573330387473
deep_lasso,f70_07,7,0.7,,12,0.7142857142857143,"[23, 21, 0, 20, 16, 25, 15, 24, 19, 27, 26, 9]",,1.4266573330387473
deep_lasso,f70_07,7,0.7,,14,0.8666666666666667,"[23, 21, 0, 20, 16, 25, 15, 24, 19, 27, 26, 9, 18, 7]",,1.4266573330387473
deep_lasso,f70_08,8,0.7,,4,0.6,"[0, 23, 21, 20]",,0.7601559581235051
deep_lasso,f70_08,8,0.7,,8,0.7777777777777778,"[0, 23, 21, 20, 24, 25, 16, 19]",,0.7601559581235051
deep_lasso,f70_08,8,0.7,,10,1.0,"[0, 23, 21, 20, 24, 25, 16, 19, 15, 27]",,0.7601559581235051
deep_lasso,f70_08,8,0.7,,12,0.8461538461538461,"[0, 23, 21, 20, 24, 25, 16, 19, 15, 27, 2, 26]",,0.7601559581235051
deep_lasso,f70_08,8,0.7,,14,0.8666666666666667,"[0, 23, 21, 20, 24, 25, 16, 19, 15, 27, 2, 26, 9, 7]",,0.7601559581235051
deep_lasso,f70_09,9,0.7,,4,0.6,"[23, 0, 21, 20]",,1.8235157921444625
deep_lasso,f70_09,9,0.7,,8,1.0,"[23, 0, 21, 20, 16, 25, 19, 15]",,1.8235157921444625
deep_lasso,f70_09,9,0.7,,10,0.8181818181818182,"[23, 0, 21, 20, 16, 25, 19, 15, 27, 18]",,1.8235157921444625
deep_lasso,f70_09,9,0.7,,12,0.8461538461538461,"[23, 0, 21, 20, 16, 25, 19, 15, 27, 18, 24, 22]",,1.8235157921444625
deep_lasso,f70_09,9,0.7,,14,0.8666666666666667,"[23, 0, 21, 20, 16, 25, 19, 15, 27, 18, 24, 22, 9, 26]",,1.8235157921444625
deep_lasso,f70_10,10,0.7,,4,0.6,"[0, 23, 21, 20]",,1.1895386669784784
deep_lasso,f70_10,10,0.7,,8,0.7777777777777778,"[0, 23, 21, 20, 25, 16, 24, 19]",,1.1895386669784784
deep_lasso,f70_10,10,0.7,,10,1.0,"[0, 23, 21, 20, 25, 16, 24, 19, 27, 15]",,1.1895386669784784
deep_lasso,f70_10,10,0.7,,12,0.8461538461538461,"[0, 23, 21, 20, 25, 16, 24, 19, 27, 15, 18, 26]",,1.1895386669784784
deep_lasso,f70_10,10,0.7,,14,1.0,"[0, 23, 21, 20, 25, 16, 24, 19, 27, 15, 18, 26, 2, 9]",,1.1895386669784784
deep_lasso,f70_11,11,0.7,,4,0.6,"[23, 21, 0, 20]",,1.0855953330174088
deep_lasso,f70_11,11,0.7,,8,1.0,"[23, 21, 0, 20, 25, 16, 19, 15]",,1.0855953330174088
deep_lasso,f70_11,11,0.7,,10,1.0,"[23, 21, 0, 20, 25, 16, 19, 15, 24, 27]",,1.0855953330174088
deep_lasso,f70_11,11,0.7,,12,0.8461538461538461,"[23, 21, 0, 20, 25, 16, 19, 15, 24, 27, 2, 7]",,1.0855953330174088
deep_lasso,f70_11,11,0.7,,14,0.8666666666666667,"[23, 21, 0, 20, 25, 16, 19, 15, 24, 27, 2, 7, 9, 26]",,1.0855953330174088
deep_lasso,f70_12,12,0.7,,4,0.6,"[23, 20, 0, 21]",,1.2082346670795232
deep_lasso,f70_12,12,0.7,,8,0.7777777777777778,"[23, 20, 0, 21, 25, 15, 24, 16]",,1.2082346670795232
deep_lasso,f70_12,12,0.7,,10,1.0,"[23, 20, 0, 21, 25, 15, 24, 16, 19, 27]",,1.2082346670795232
deep_lasso,f70_12,12,0.7,,12,1.0,"[23, 20, 0, 21, 25, 15, 24, 16, 19, 27, 18, 2]",,1.2082346670795232
deep_lasso,f70_12,12,0.7,,14,0.8666666666666667,"[23, 20, 0, 21, 25, 15, 24, 16, 19, 27, 18, 2, 26, 7]",,1.2082346670795232
deep_lasso,f70_13,13,0.7,,4,0.6,"[23, 21, 0, 25]",,1.6075098749715835
deep_lasso,f70_13,13,0.7,,8,1.0,"[23, 21, 0, 25, 19, 16, 20, 15]",,1.6075098749715835
deep_lasso,f70_13,13,0.7,,10,1.0,"[23, 21, 0, 25, 19, 16, 20, 15, 24, 27]",,1.6075098749715835
deep_lasso,f70_13,13,0.7,,12,0.8461538461538461,"[23, 21, 0, 25, 19, 16, 20, 15, 24, 27, 22, 18]",,1.6075098749715835
deep_lasso,f70_13,13,0.7,,14,0.75,"[23, 21, 0, 25, 19, 16, 20, 15, 24, 27, 22, 18, 7, 9]",,1.6075098749715835
deep_lasso,f70_14,14,0.7,,4,0.6,"[23, 21, 0, 20]",,1.24609608319588
deep_lasso,f70_14,14,0.7,,8,0.7777777777777778,"[23, 21, 0, 20, 25, 16, 15, 24]",,1.24609608319588
deep_lasso,f70_14,14,0.7,,10,1.0,"[23, 21, 0, 20, 25, 16, 15, 24, 19, 27]",,1.24609608319588
deep_lasso,f70_14,14,0.7,,12,0.8461538461538461,"[23, 21, 0, 20, 25, 16, 15, 24, 19, 27, 18, 9]",,1.24609608319588
deep_lasso,f70_14,14,0.7,,14,0.8666666666666667,"[23, 21, 0, 20, 25, 16, 15, 24, 19, 27, 18, 9, 7, 2]",,1.24609608319588
deep_lasso,f70_15,15,0.7,,4,1.0,"[21, 23, 0, 16]",,1.9758580839261413
deep_lasso,f70_15,15,0.7,,8,1.0,"[21, 23, 0, 16, 20, 25, 15, 19]",,1.9758580839261413
deep_lasso,f70_15,15,0.7,,10,1.0,"[21, 23, 0, 16, 20, 25, 15, 19, 24, 27]",,1.9758580839261413
deep_lasso,f70_15,15,0.7,,12,0.8461538461538461,"[21, 23, 0, 16, 20, 25, 15, 19, 24, 27, 18, 9]",,1.9758580839261413
deep_lasso,f70_15,15,0.7,,14,1.0,"[21, 23, 0, 16, 20, 25, 15, 19, 24, 27, 18, 9, 2, 26]",,1.9758580839261413
deep_lasso,f70_16,16,0.7,,4,0.6,"[23, 0, 21, 20]",,1.0475613339804113
deep_lasso,f70_16,16,0.7,,8,0.7777777777777778,"[23, 0, 21, 20, 25, 16, 24, 15]",,1.0475613339804113
deep_lasso,f70_16,16,0.7,,10,1.0,"[23, 0, 21, 20, 25, 16, 24, 15, 19, 27]",,1.0475613339804113
deep_lasso,f70_16,16,0.7,,12,0.8461538461538461,"[23, 0, 21, 20, 25, 16, 24, 15, 19, 27, 8, 2]",,1.0475613339804113
deep_lasso,f70_16,16,0.7,,14,0.8666666666666667,"[23, 0, 21, 20, 25, 16, 24, 15, 19, 27, 8, 2, 9, 18]",,1.0475613339804113
deep_lasso,f70_17,17,0.7,,4,0.6,"[0, 23, 21, 20]",,0.9046540409326553
deep_lasso,f70_17,17,0.7,,8,0.7777777777777778,"[0, 23, 21, 20, 25, 24, 16, 15]",,0.9046540409326553
deep_lasso,f70_17,17,0.7,,10,1.0,"[0, 23, 21, 20, 25, 24, 16, 15, 27, 19]",,0.9046540409326553
deep_lasso,f70_17,17,0.7,,12,0.8461538461538461,"[0, 23, 21, 20, 25, 24, 16, 15, 27, 19, 26, 2]",,0.9046540409326553
deep_lasso,f70_17,17,0.7,,14,0.8666666666666667,"[0, 23, 21, 20, 25, 24, 16, 15, 27, 19, 26, 2, 18, 1]",,0.9046540409326553
deep_lasso,f70_18,18,0.7,,4,0.6,"[0, 23, 21, 20]",,1.4022928748745471
deep_lasso,f70_18,18,0.7,,8,1.0,"[0, 23, 21, 20, 25, 16, 19, 15]",,1.4022928748745471
deep_lasso,f70_18,18,0.7,,10,1.0,"[0, 23, 21, 20, 25, 16, 19, 15, 24, 27]",,1.4022928748745471
deep_lasso,f70_18,18,0.7,,12,1.0,"[0, 23, 21, 20, 25, 16, 19, 15, 24, 27, 2, 18]",,1.4022928748745471
deep_lasso,f70_18,18,0.7,,14,0.8666666666666667,"[0, 23, 21, 20, 25, 16, 19, 15, 24, 27, 2, 18, 7, 26]",,1.4022928748745471
deep_lasso,f70_19,19,0.7,,4,0.6,"[23, 21, 0, 20]",,1.150886416900903
deep_lasso,f70_19,19,0.7,,8,0.7777777777777778,"[23, 21, 0, 20, 25, 24, 16, 15]",,1.150886416900903
deep_lasso,f70_19,19,0.7,,10,1.0,"[23, 21, 0, 20, 25, 24, 16, 15, 27, 19]",,1.150886416900903
deep_lasso,f70_19,19,0.7,,12,1.0,"[23, 21, 0, 20, 25, 24, 16, 15, 27, 19, 18, 2]",,1.150886416900903
deep_lasso,f70_19,19,0.7,,14,1.0,"[23, 21, 0, 20, 25, 24, 16, 15, 27, 19, 18, 2, 9, 26]",,1.150886416900903
deep_lasso,f80_00,0,0.8,,4,0.6,"[23, 21, 0, 20]",,1.5550901668611914
deep_lasso,f80_00,0,0.8,,8,0.7777777777777778,"[23, 21, 0, 20, 25, 19, 15, 24]",,1.5550901668611914
deep_lasso,f80_00,0,0.8,,10,1.0,"[23, 21, 0, 20, 25, 19, 15, 24, 16, 27]",,1.5550901668611914
deep_lasso,f80_00,0,0.8,,12,0.8461538461538461,"[23, 21, 0, 20, 25, 19, 15, 24, 16, 27, 26, 2]",,1.5550901668611914
deep_lasso,f80_00,0,0.8,,14,1.0,"[23, 21, 0, 20, 25, 19, 15, 24, 16, 27, 26, 2, 9, 18]",,1.5550901668611914
deep_lasso,f80_01,1,0.8,,4,0.3333333333333333,"[0, 15, 19, 21]",,1.5052030410151929
deep_lasso,f80_01,1,0.8,,8,0.7777777777777778,"[0, 15, 19, 21, 23, 25, 20, 27]",,1.5052030410151929
deep_lasso,f80_01,1,0.8,,10,0.8181818181818182,"[0, 15, 19, 21, 23, 25, 20, 27, 2, 16]",,1.5052030410151929
deep_lasso,f80_01,1,0.8,,12,0.8461538461538461,"[0, 15, 19, 21, 23, 25, 20, 27, 2, 16, 24, 9]",,1.5052030410151929
deep_lasso,f80_01,1,0.8,,14,0.8666666666666667,"[0, 15, 19, 21, 23, 25, 20, 27, 2, 16, 24, 9, 28, 26]",,1.5052030410151929
deep_lasso,f80_02,2,0.8,,4,0.6,"[23, 21, 0, 20]",,1.5344678331166506
deep_lasso,f80_02,2,0.8,,8,1.0,"[23, 21, 0, 20, 19, 25, 15, 16]",,1.5344678331166506
deep_lasso,f80_02,2,0.8,,10,1.0,"[23, 21, 0, 20, 19, 25, 15, 16, 27, 24]",,1.5344678331166506
deep_lasso,f80_02,2,0.8,,12,0.7142857142857143,"[23, 21, 0, 20, 19, 25, 15, 16, 27, 24, 26, 9]",,1.5344678331166506
deep_lasso,f80_02,2,0.8,,14,0.8666666666666667,"[23, 21, 0, 20, 19, 25, 15, 16, 27, 24, 26, 9, 7, 18]",,1.5344678331166506
deep_lasso,f80_03,3,0.8,,4,0.6,"[23, 0, 21, 20]",,0.8910872919950634
deep_lasso,f80_03,3,0.8,,8,0.6,"[23, 0, 21, 20, 25, 24, 27, 15]",,0.8910872919950634
deep_lasso,f80_03,3,0.8,,10,1.0,"[23, 0, 21, 20, 25, 24, 27, 15, 19, 16]",,0.8910872919950634
deep_lasso,f80_03,3,0.8,,12,0.7142857142857143,"[23, 0, 21, 20, 25, 24, 27, 15, 19, 16, 26, 7]",,0.8910872919950634
deep_lasso,f80_03,3,0.8,,14,0.8666666666666667,"[23, 0, 21, 20, 25, 24, 27, 15, 19, 16, 26, 7, 9, 2]",,0.8910872919950634
deep_lasso,f80_04,4,0.8,,4,0.6,"[23, 21, 0, 20]",,1.7116775419563055
deep_lasso,f80_04,4,0.8,,8,1.0,"[23, 21, 0, 20, 19, 25, 15, 16]",,1.7116775419563055
deep_lasso,f80_04,4,0.8,,10,1.0,"[23, 21, 0, 20, 19, 25, 15, 16, 24, 27]",,1.7116775419563055
deep_lasso,f80_04,4,0.8,,12,1.0,"[23, 21, 0, 20, 19, 25, 15, 16, 24, 27, 2, 18]",,1.7116775419563055
deep_lasso,f80_04,4,0.8,,14,0.8666666666666667,"[23, 21, 0, 20, 19, 25, 15, 16, 24, 27, 2, 18, 9, 7]",,1.7116775419563055
deep_lasso,f80_05,5,0.8,,4,0.6,"[23, 21, 0, 20]",,1.560141250025481
deep_lasso,f80_05,5,0.8,,8,0.7777777777777778,"[23, 21, 0, 20, 25, 16, 15, 24]",,1.560141250025481
deep_lasso,f80_05,5,0.8,,10,1.0,"[23, 21, 0, 20, 25, 16, 15, 24, 19, 27]",,1.560141250025481
deep_lasso,f80_05,5,0.8,,12,0.7142857142857143,"[23, 21, 0, 20, 25, 16, 15, 24, 19, 27, 26, 9]",,1.560141250025481
deep_lasso,f80_05,5,0.8,,14,1.0,"[23, 21, 0, 20, 25, 16, 15, 24, 19, 27, 26, 9, 2, 18]",,1.560141250025481
deep_lasso,f80_06,6,0.8,,4,0.6,"[0, 23, 21, 20]",,1.7142258340027183
deep_lasso,f80_06,6,0.8,,8,1.0,"[0, 23, 21, 20, 25, 16, 19, 15]",,1.7142258340027183
deep_lasso,f80_06,6,0.8,,10,1.0,"[0, 23, 21, 20, 25, 16, 19, 15, 27, 24]",,1.7142258340027183
deep_lasso,f80_06,6,0.8,,12,0.8461538461538461,"[0, 23, 21, 20, 25, 16, 19, 15, 27, 24, 2, 26]",,1.7142258340027183
deep_lasso,f80_06,6,0.8,,14,0.8666666666666667,"[0, 23, 21, 20, 25, 16, 19, 15, 27, 24, 2, 26, 9, 7]",,1.7142258340027183
deep_lasso,f80_07,7,0.8,,4,0.6,"[20, 23, 21, 0]",,0.852043041959405
deep_lasso,f80_07,7,0.8,,8,0.6,"[20, 23, 21, 0, 24, 25, 27, 19]",,0.852043041959405
deep_lasso,f80_07,7,0.8,,10,0.8181818181818182,"[20, 23, 21, 0, 24, 25, 27, 19, 16, 26]",,0.852043041959405
deep_lasso,f80_07,7,0.8,,12,0.7142857142857143,"[20, 23, 21, 0, 24, 25, 27, 19, 16, 26, 9, 15]",,0.852043041959405
deep_lasso,f80_07,7,0.8,,14,0.75,"[20, 23, 21, 0, 24, 25, 27, 19, 16, 26, 9, 15, 7, 22]",,0.852043041959405
deep_lasso,f80_08,8,0.8,,4,0.6,"[23, 21, 0, 20]",,1.6288996250368655
deep_lasso,f80_08,8,0.8,,8,1.0,"[23, 21, 0, 20, 25, 15, 19, 16]",,1.6288996250368655
deep_lasso,f80_08,8,0.8,,10,1.0,"[23, 21, 0, 20, 25, 15, 19, 16, 27, 24]",,1.6288996250368655
deep_lasso,f80_08,8,0.8,,12,0.7142857142857143,"[23, 21, 0, 20, 25, 15, 19, 16, 27, 24, 26, 9]",,1.6288996250368655
deep_lasso,f80_08,8,0.8,,14,1.0,"[23, 21, 0, 20, 25, 15, 19, 16, 27, 24, 26, 9, 18, 2]",,1.6288996250368655
deep_lasso,f80_09,9,0.8,,4,0.6,"[0, 21, 23, 20]",,1.817667833995074
deep_lasso,f80_09,9,0.8,,8,0.7777777777777778,"[0, 21, 23, 20, 25, 16, 19, 27]",,1.817667833995074
deep_lasso,f80_09,9,0.8,,10,1.0,"[0, 21, 23, 20, 25, 16, 19, 27, 15, 24]",,1.817667833995074
deep_lasso,f80_09,9,0.8,,12,0.8461538461538461,"[0, 21, 23, 20, 25, 16, 19, 27, 15, 24, 18, 7]",,1.817667833995074
deep_lasso,f80_09,9,0.8,,14,0.8666666666666667,"[0, 21, 23, 20, 25, 16, 19, 27, 15, 24, 18, 7, 2, 9]",,1.817667833995074
deep_lasso,f80_10,10,0.8,,4,0.6,"[23, 21, 20, 0]",,1.1494552919175476
deep_lasso,f80_10,10,0.8,,8,0.6,"[23, 21, 20, 0, 25, 24, 27, 19]",,1.1494552919175476
deep_lasso,f80_10,10,0.8,,10,0.6666666666666666,"[23, 21, 20, 0, 25, 24, 27, 19, 9, 26]",,1.1494552919175476
deep_lasso,f80_10,10,0.8,,12,0.7142857142857143,"[23, 21, 20, 0, 25, 24, 27, 19, 9, 26, 16, 15]",,1.1494552919175476
deep_lasso,f80_10,10,0.8,,14,0.75,"[23, 21, 20, 0, 25, 24, 27, 19, 9, 26, 16, 15, 7, 3]",,1.1494552919175476
deep_lasso,f80_11,11,0.8,,4,0.6,"[23, 21, 20, 0]",,1.4613617500290275
deep_lasso,f80_11,11,0.8,,8,0.7777777777777778,"[23, 21, 20, 0, 25, 19, 16, 24]",,1.4613617500290275
deep_lasso,f80_11,11,0.8,,10,1.0,"[23, 21, 20, 0, 25, 19, 16, 24, 27, 15]",,1.4613617500290275
deep_lasso,f80_11,11,0.8,,12,0.7142857142857143,"[23, 21, 20, 0, 25, 19, 16, 24, 27, 15, 26, 7]",,1.4613617500290275
deep_lasso,f80_11,11,0.8,,14,0.8666666666666667,"[23, 21, 20, 0, 25, 19, 16, 24, 27, 15, 26, 7, 2, 9]",,1.4613617500290275
deep_lasso,f80_12,12,0.8,,4,0.6,"[23, 21, 0, 20]",,1.1796271670609713
deep_lasso,f80_12,12,0.8,,8,0.7777777777777778,"[23, 21, 0, 20, 25, 24, 16, 19]",,1.1796271670609713
deep_lasso,f80_12,12,0.8,,10,1.0,"[23, 21, 0, 20, 25, 24, 16, 19, 15, 27]",,1.1796271670609713
deep_lasso,f80_12,12,0.8,,12,0.8461538461538461,"[23, 21, 0, 20, 25, 24, 16, 19, 15, 27, 26, 2]",,1.1796271670609713
deep_lasso,f80_12,12,0.8,,14,0.75,"[23, 21, 0, 20, 25, 24, 16, 19, 15, 27, 26, 2, 7, 22]",,1.1796271670609713
deep_lasso,f80_13,13,0.8,,4,0.6,"[23, 21, 20, 0]",,1.9146078329067677
deep_lasso,f80_13,13,0.8,,8,1.0,"[23, 21, 20, 0, 25, 19, 15, 16]",,1.9146078329067677
deep_lasso,f80_13,13,0.8,,10,1.0,"[23, 21, 20, 0, 25, 19, 15, 16, 27, 24]",,1.9146078329067677
deep_lasso,f80_13,13,0.8,,12,0.7142857142857143,"[23, 21, 20, 0, 25, 19, 15, 16, 27, 24, 9, 26]",,1.9146078329067677
deep_lasso,f80_13,13,0.8,,14,0.75,"[23, 21, 20, 0, 25, 19, 15, 16, 27, 24, 9, 26, 7, 22]",,1.9146078329067677
deep_lasso,f80_14,14,0.8,,4,0.6,"[23, 21, 0, 25]",,1.8729735421948135
deep_lasso,f80_14,14,0.8,,8,1.0,"[23, 21, 0, 25, 20, 19, 16, 15]",,1.8729735421948135
deep_lasso,f80_14,14,0.8,,10,1.0,"[23, 21, 0, 25, 20, 19, 16, 15, 24, 27]",,1.8729735421948135
deep_lasso,f80_14,14,0.8,,12,0.7142857142857143,"[23, 21, 0, 25, 20, 19, 16, 15, 24, 27, 26, 7]",,1.8729735421948135
deep_lasso,f80_14,14,0.8,,14,0.8666666666666667,"[23, 21, 0, 25, 20, 19, 16, 15, 24, 27, 26, 7, 18, 2]",,1.8729735421948135
deep_lasso,f80_15,15,0.8,,4,0.6,"[23, 21, 20, 0]",,1.8681242500897497
deep_lasso,f80_15,15,0.8,,8,1.0,"[23, 21, 20, 0, 25, 19, 15, 16]",,1.8681242500897497
deep_lasso,f80_15,15,0.8,,10,1.0,"[23, 21, 20, 0, 25, 19, 15, 16, 27, 24]",,1.8681242500897497
deep_lasso,f80_15,15,0.8,,12,0.7142857142857143,"[23, 21, 20, 0, 25, 19, 15, 16, 27, 24, 26, 9]",,1.8681242500897497
deep_lasso,f80_15,15,0.8,,14,0.8666666666666667,"[23, 21, 20, 0, 25, 19, 15, 16, 27, 24, 26, 9, 2, 7]",,1.8681242500897497
deep_lasso,f80_16,16,0.8,,4,0.6,"[23, 21, 0, 20]",,2.347511583007872
deep_lasso,f80_16,16,0.8,,8,1.0,"[23, 21, 0, 20, 25, 16, 19, 15]",,2.347511583007872
deep_lasso,f80_16,16,0.8,,10,1.0,"[23, 21, 0, 20, 25, 16, 19, 15, 24, 27]",,2.347511583007872
deep_lasso,f80_16,16,0.8,,12,0.7142857142857143,"[23, 21, 0, 20, 25, 16, 19, 15, 24, 27, 26, 9]",,2.347511583007872
deep_lasso,f80_16,16,0.8,,14,0.8666666666666667,"[23, 21, 0, 20, 25, 16, 19, 15, 24, 27, 26, 9, 8, 18]",,2.347511583007872
deep_lasso,f80_17,17,0.8,,4,0.6,"[23, 21, 0, 20]",,2.132238917052746
deep_lasso,f80_17,17,0.8,,8,1.0,"[23, 21, 0, 20, 25, 19, 16, 15]",,2.132238917052746
deep_lasso,f80_17,17,0.8,,10,1.0,"[23, 21, 0, 20, 25, 19, 16, 15, 24, 27]",,2.132238917052746
deep_lasso,f80_17,17,0.8,,12,0.7142857142857143,"[23, 21, 0, 20, 25, 19, 16, 15, 24, 27, 26, 7]",,2.132238917052746
deep_lasso,f80_17,17,0.8,,14,0.75,"[23, 21, 0, 20, 25, 19, 16, 15, 24, 27, 26, 7, 1, 9]",,2.132238917052746
deep_lasso,f80_18,18,0.8,,4,0.6,"[23, 20, 21, 0]",,1.2359759169630706
deep_lasso,f80_18,18,0.8,,8,0.7777777777777778,"[23, 20, 21, 0, 25, 24, 16, 19]",,1.2359759169630706
deep_lasso,f80_18,18,0.8,,10,1.0,"[23, 20, 21, 0, 25, 24, 16, 19, 15, 27]",,1.2359759169630706
deep_lasso,f80_18,18,0.8,,12,0.7142857142857143,"[23, 20, 21, 0, 25, 24, 16, 19, 15, 27, 26, 9]",,1.2359759169630706
deep_lasso,f80_18,18,0.8,,14,0.75,"[23, 20, 21, 0, 25, 24, 16, 19, 15, 27, 26, 9, 22, 7]",,1.2359759169630706
deep_lasso,f80_19,19,0.8,,4,0.6,"[23, 21, 0, 20]",,1.910365500021726
deep_lasso,f80_19,19,0.8,,8,0.7777777777777778,"[23, 21, 0, 20, 25, 19, 16, 27]",,1.910365500021726
deep_lasso,f80_19,19,0.8,,10,1.0,"[23, 21, 0, 20, 25, 19, 16, 27, 15, 24]",,1.910365500021726
deep_lasso,f80_19,19,0.8,,12,0.7142857142857143,"[23, 21, 0, 20, 25, 19, 16, 27, 15, 24, 26, 9]",,1.910365500021726
deep_lasso,f80_19,19,0.8,,14,0.75,"[23, 21, 0, 20, 25, 19, 16, 27, 15, 24, 26, 9, 7, 17]",,1.910365500021726
tabm,half_00_A,0,0.5,A,4,0.6,"[0, 23, 20, 16]",,18.967818832956254
tabm,half_00_A,0,0.5,A,8,0.7777777777777778,"[0, 23, 20, 16, 19, 21, 2, 15]",,18.967818832956254
tabm,half_00_A,0,0.5,A,10,0.8181818181818182,"[0, 23, 20, 16, 19, 21, 2, 15, 27, 25]",,18.967818832956254
tabm,half_00_A,0,0.5,A,12,0.8461538461538461,"[0, 23, 20, 16, 19, 21, 2, 15, 27, 25, 24, 18]",,18.967818832956254
tabm,half_00_A,0,0.5,A,14,0.8666666666666667,"[0, 23, 20, 16, 19, 21, 2, 15, 27, 25, 24, 18, 26, 17]",,18.967818832956254
tabm,half_00_B,0,0.5,B,4,0.6,"[23, 0, 21, 15]",,14.367874084040523
tabm,half_00_B,0,0.5,B,8,1.0,"[23, 0, 21, 15, 16, 19, 20, 24]",,14.367874084040523
tabm,half_00_B,0,0.5,B,10,0.8181818181818182,"[23, 0, 21, 15, 16, 19, 20, 24, 25, 7]",,14.367874084040523
tabm,half_00_B,0,0.5,B,12,0.7142857142857143,"[23, 0, 21, 15, 16, 19, 20, 24, 25, 7, 9, 22]",,14.367874084040523
tabm,half_00_B,0,0.5,B,14,0.75,"[23, 0, 21, 15, 16, 19, 20, 24, 25, 7, 9, 22, 18, 2]",,14.367874084040523
tabm,half_01_A,1,0.5,A,4,0.6,"[23, 0, 16, 19]",,17.579975416883826
tabm,half_01_A,1,0.5,A,8,0.7777777777777778,"[23, 0, 16, 19, 15, 21, 20, 2]",,17.579975416883826
tabm,half_01_A,1,0.5,A,10,0.8181818181818182,"[23, 0, 16, 19, 15, 21, 20, 2, 27, 24]",,17.579975416883826
tabm,half_01_A,1,0.5,A,12,0.8461538461538461,"[23, 0, 16, 19, 15, 21, 20, 2, 27, 24, 22, 25]",,17.579975416883826
tabm,half_01_A,1,0.5,A,14,0.8666666666666667,"[23, 0, 16, 19, 15, 21, 20, 2, 27, 24, 22, 25, 26, 18]",,17.579975416883826
tabm,half_01_B,1,0.5,B,4,0.6,"[23, 0, 21, 16]",,18.516157209174708
tabm,half_01_B,1,0.5,B,8,1.0,"[23, 0, 21, 16, 15, 20, 19, 24]",,18.516157209174708
tabm,half_01_B,1,0.5,B,10,1.0,"[23, 0, 21, 16, 15, 20, 19, 24, 25, 2]",,18.516157209174708
tabm,half_01_B,1,0.5,B,12,0.8461538461538461,"[23, 0, 21, 16, 15, 20, 19, 24, 25, 2, 27, 22]",,18.516157209174708
tabm,half_01_B,1,0.5,B,14,0.75,"[23, 0, 21, 16, 15, 20, 19, 24, 25, 2, 27, 22, 9, 6]",,18.516157209174708
tabm,half_02_A,2,0.5,A,4,0.6,"[23, 0, 15, 19]",,18.898982624989003
tabm,half_02_A,2,0.5,A,8,0.7777777777777778,"[23, 0, 15, 19, 16, 21, 20, 27]",,18.898982624989003
tabm,half_02_A,2,0.5,A,10,0.8181818181818182,"[23, 0, 15, 19, 16, 21, 20, 27, 2, 24]",,18.898982624989003
tabm,half_02_A,2,0.5,A,12,0.8461538461538461,"[23, 0, 15, 19, 16, 21, 20, 27, 2, 24, 25, 18]",,18.898982624989003
tabm,half_02_A,2,0.5,A,14,0.75,"[23, 0, 15, 19, 16, 21, 20, 27, 2, 24, 25, 18, 9, 13]",,18.898982624989003
tabm,half_02_B,2,0.5,B,4,0.6,"[23, 0, 21, 16]",,19.657417165813968
tabm,half_02_B,2,0.5,B,8,1.0,"[23, 0, 21, 16, 20, 15, 19, 24]",,19.657417165813968
tabm,half_02_B,2,0.5,B,10,1.0,"[23, 0, 21, 16, 20, 15, 19, 24, 2, 25]",,19.657417165813968
tabm,half_02_B,2,0.5,B,12,0.8461538461538461,"[23, 0, 21, 16, 20, 15, 19, 24, 2, 25, 26, 18]",,19.657417165813968
tabm,half_02_B,2,0.5,B,14,0.75,"[23, 0, 21, 16, 20, 15, 19, 24, 2, 25, 26, 18, 22, 11]",,19.657417165813968
tabm,half_03_A,3,0.5,A,4,0.6,"[23, 0, 16, 19]",,20.60866745794192
tabm,half_03_A,3,0.5,A,8,1.0,"[23, 0, 16, 19, 15, 21, 20, 24]",,20.60866745794192
tabm,half_03_A,3,0.5,A,10,0.8181818181818182,"[23, 0, 16, 19, 15, 21, 20, 24, 27, 25]",,20.60866745794192
tabm,half_03_A,3,0.5,A,12,0.8461538461538461,"[23, 0, 16, 19, 15, 21, 20, 24, 27, 25, 18, 2]",,20.60866745794192
tabm,half_03_A,3,0.5,A,14,1.0,"[23, 0, 16, 19, 15, 21, 20, 24, 27, 25, 18, 2, 22, 17]",,20.60866745794192
tabm,half_03_B,3,0.5,B,4,0.6,"[23, 0, 21, 15]",,21.312685332959518
tabm,half_03_B,3,0.5,B,8,1.0,"[23, 0, 21, 15, 16, 19, 20, 24]",,21.312685332959518
tabm,half_03_B,3,0.5,B,10,1.0,"[23, 0, 21, 15, 16, 19, 20, 24, 2, 25]",,21.312685332959518
tabm,half_03_B,3,0.5,B,12,0.8461538461538461,"[23, 0, 21, 15, 16, 19, 20, 24, 2, 25, 18, 9]",,21.312685332959518
tabm,half_03_B,3,0.5,B,14,0.75,"[23, 0, 21, 15, 16, 19, 20, 24, 2, 25, 18, 9, 27, 26]",,21.312685332959518
tabm,half_04_A,4,0.5,A,4,0.6,"[0, 23, 21, 16]",,17.074248916935176
tabm,half_04_A,4,0.5,A,8,0.7777777777777778,"[0, 23, 21, 16, 20, 19, 15, 2]",,17.074248916935176
tabm,half_04_A,4,0.5,A,10,0.6666666666666666,"[0, 23, 21, 16, 20, 19, 15, 2, 17, 27]",,17.074248916935176
tabm,half_04_A,4,0.5,A,12,0.7142857142857143,"[0, 23, 21, 16, 20, 19, 15, 2, 17, 27, 18, 24]",,17.074248916935176
tabm,half_04_A,4,0.5,A,14,0.8666666666666667,"[0, 23, 21, 16, 20, 19, 15, 2, 17, 27, 18, 24, 25, 28]",,17.074248916935176
tabm,half_04_B,4,0.5,B,4,0.6,"[23, 0, 21, 16]",,16.82179162488319
tabm,half_04_B,4,0.5,B,8,0.7777777777777778,"[23, 0, 21, 16, 15, 19, 20, 2]",,16.82179162488319
tabm,half_04_B,4,0.5,B,10,1.0,"[23, 0, 21, 16, 15, 19, 20, 2, 25, 24]",,16.82179162488319
tabm,half_04_B,4,0.5,B,12,0.7142857142857143,"[23, 0, 21, 16, 15, 19, 20, 2, 25, 24, 1, 27]",,16.82179162488319
tabm,half_04_B,4,0.5,B,14,0.75,"[23, 0, 21, 16, 15, 19, 20, 2, 25, 24, 1, 27, 22, 9]",,16.82179162488319
tabm,half_05_A,5,0.5,A,4,0.6,"[23, 0, 16, 19]",,14.715395916020498
tabm,half_05_A,5,0.5,A,8,0.7777777777777778,"[23, 0, 16, 19, 15, 21, 2, 20]",,14.715395916020498
tabm,half_05_A,5,0.5,A,10,0.6666666666666666,"[23, 0, 16, 19, 15, 21, 2, 20, 1, 8]",,14.715395916020498
tabm,half_05_A,5,0.5,A,12,0.5,"[23, 0, 16, 19, 15, 21, 2, 20, 1, 8, 17, 6]",,14.715395916020498
tabm,half_05_A,5,0.5,A,14,0.5555555555555556,"[23, 0, 16, 19, 15, 21, 2, 20, 1, 8, 17, 6, 18, 13]",,14.715395916020498
tabm,half_05_B,5,0.5,B,4,0.3333333333333333,"[23, 0, 21, 20]",,13.868297749897465
tabm,half_05_B,5,0.5,B,8,1.0,"[23, 0, 21, 20, 16, 15, 19, 24]",,13.868297749897465
tabm,half_05_B,5,0.5,B,10,0.8181818181818182,"[23, 0, 21, 20, 16, 15, 19, 24, 27, 25]",,13.868297749897465
tabm,half_05_B,5,0.5,B,12,0.7142857142857143,"[23, 0, 21, 20, 16, 15, 19, 24, 27, 25, 2, 26]",,13.868297749897465
tabm,half_05_B,5,0.5,B,14,0.75,"[23, 0, 21, 20, 16, 15, 19, 24, 27, 25, 2, 26, 22, 3]",,13.868297749897465
tabm,half_06_A,6,0.5,A,4,0.6,"[23, 0, 21, 16]",,14.514199250144884
tabm,half_06_A,6,0.5,A,8,0.7777777777777778,"[23, 0, 21, 16, 15, 19, 20, 2]",,14.514199250144884
tabm,half_06_A,6,0.5,A,10,0.8181818181818182,"[23, 0, 21, 16, 15, 19, 20, 2, 24, 27]",,14.514199250144884
tabm,half_06_A,6,0.5,A,12,0.8461538461538461,"[23, 0, 21, 16, 15, 19, 20, 2, 24, 27, 25, 18]",,14.514199250144884
tabm,half_06_A,6,0.5,A,14,0.8666666666666667,"[23, 0, 21, 16, 15, 19, 20, 2, 24, 27, 25, 18, 22, 9]",,14.514199250144884
tabm,half_06_B,6,0.5,B,4,0.3333333333333333,"[23, 0, 21, 19]",,16.60963479219936
tabm,half_06_B,6,0.5,B,8,0.7777777777777778,"[23, 0, 21, 19, 16, 15, 20, 25]",,16.60963479219936
tabm,half_06_B,6,0.5,B,10,0.8181818181818182,"[23, 0, 21, 19, 16, 15, 20, 25, 24, 1]",,16.60963479219936
tabm,half_06_B,6,0.5,B,12,0.7142857142857143,"[23, 0, 21, 19, 16, 15, 20, 25, 24, 1, 8, 18]",,16.60963479219936
tabm,half_06_B,6,0.5,B,14,0.6470588235294118,"[23, 0, 21, 19, 16, 15, 20, 25, 24, 1, 8, 18, 7, 2]",,16.60963479219936
tabm,half_07_A,7,0.5,A,4,0.6,"[0, 23, 16, 21]",,16.14232450001873
tabm,half_07_A,7,0.5,A,8,1.0,"[0, 23, 16, 21, 20, 19, 15, 24]",,16.14232450001873
tabm,half_07_A,7,0.5,A,10,1.0,"[0, 23, 16, 21, 20, 19, 15, 24, 2, 25]",,16.14232450001873
tabm,half_07_A,7,0.5,A,12,0.7142857142857143,"[0, 23, 16, 21, 20, 19, 15, 24, 2, 25, 3, 27]",,16.14232450001873
tabm,half_07_A,7,0.5,A,14,0.75,"[0, 23, 16, 21, 20, 19, 15, 24, 2, 25, 3, 27, 1, 18]",,16.14232450001873
tabm,half_07_B,7,0.5,B,4,0.3333333333333333,"[0, 23, 21, 20]",,8.40583208296448
tabm,half_07_B,7,0.5,B,8,0.7777777777777778,"[0, 23, 21, 20, 16, 24, 19, 25]",,8.40583208296448
tabm,half_07_B,7,0.5,B,10,0.8181818181818182,"[0, 23, 21, 20, 16, 24, 19, 25, 27, 2]",,8.40583208296448
tabm,half_07_B,7,0.5,B,12,0.7142857142857143,"[0, 23, 21, 20, 16, 24, 19, 25, 27, 2, 15, 26]",,8.40583208296448
tabm,half_07_B,7,0.5,B,14,0.75,"[0, 23, 21, 20, 16, 24, 19, 25, 27, 2, 15, 26, 1, 18]",,8.40583208296448
tabm,half_08_A,8,0.5,A,4,0.3333333333333333,"[23, 0, 21, 19]",,14.85755379195325
tabm,half_08_A,8,0.5,A,8,1.0,"[23, 0, 21, 19, 16, 15, 20, 24]",,14.85755379195325
tabm,half_08_A,8,0.5,A,10,1.0,"[23, 0, 21, 19, 16, 15, 20, 24, 25, 2]",,14.85755379195325
tabm,half_08_A,8,0.5,A,12,0.8461538461538461,"[23, 0, 21, 19, 16, 15, 20, 24, 25, 2, 22, 17]",,14.85755379195325
tabm,half_08_A,8,0.5,A,14,0.8666666666666667,"[23, 0, 21, 19, 16, 15, 20, 24, 25, 2, 22, 17, 18, 7]",,14.85755379195325
tabm,half_08_B,8,0.5,B,4,0.3333333333333333,"[0, 23, 21, 20]",,7.334330041194335
tabm,half_08_B,8,0.5,B,8,0.6,"[0, 23, 21, 20, 16, 24, 27, 2]",,7.334330041194335
tabm,half_08_B,8,0.5,B,10,0.6666666666666666,"[0, 23, 21, 20, 16, 24, 27, 2, 25, 9]",,7.334330041194335
tabm,half_08_B,8,0.5,B,12,0.5,"[0, 23, 21, 20, 16, 24, 27, 2, 25, 9, 26, 1]",,7.334330041194335
tabm,half_08_B,8,0.5,B,14,0.5555555555555556,"[0, 23, 21, 20, 16, 24, 27, 2, 25, 9, 26, 1, 10, 19]",,7.334330041194335
tabm,half_09_A,9,0.5,A,4,0.6,"[23, 0, 16, 21]",,14.770608833059669
tabm,half_09_A,9,0.5,A,8,1.0,"[23, 0, 16, 21, 19, 15, 20, 24]",,14.770608833059669
tabm,half_09_A,9,0.5,A,10,1.0,"[23, 0, 16, 21, 19, 15, 20, 24, 2, 25]",,14.770608833059669
tabm,half_09_A,9,0.5,A,12,0.7142857142857143,"[23, 0, 16, 21, 19, 15, 20, 24, 2, 25, 27, 3]",,14.770608833059669
tabm,half_09_A,9,0.5,A,14,0.6470588235294118,"[23, 0, 16, 21, 19, 15, 20, 24, 2, 25, 27, 3, 1, 28]",,14.770608833059669
tabm,half_09_B,9,0.5,B,4,0.6,"[23, 0, 15, 21]",,15.1146072500851
tabm,half_09_B,9,0.5,B,8,0.7777777777777778,"[23, 0, 15, 21, 19, 16, 20, 2]",,15.1146072500851
tabm,half_09_B,9,0.5,B,10,0.8181818181818182,"[23, 0, 15, 21, 19, 16, 20, 2, 18, 24]",,15.1146072500851
tabm,half_09_B,9,0.5,B,12,0.8461538461538461,"[23, 0, 15, 21, 19, 16, 20, 2, 18, 24, 9, 25]",,15.1146072500851
tabm,half_09_B,9,0.5,B,14,0.75,"[23, 0, 15, 21, 19, 16, 20, 2, 18, 24, 9, 25, 4, 27]",,15.1146072500851
tabm,half_10_A,10,0.5,A,4,0.6,"[23, 0, 16, 19]",,14.510673791868612
tabm,half_10_A,10,0.5,A,8,1.0,"[23, 0, 16, 19, 21, 15, 20, 24]",,14.510673791868612
tabm,half_10_A,10,0.5,A,10,0.8181818181818182,"[23, 0, 16, 19, 21, 15, 20, 24, 27, 25]",,14.510673791868612
tabm,half_10_A,10,0.5,A,12,0.8461538461538461,"[23, 0, 16, 19, 21, 15, 20, 24, 27, 25, 22, 2]",,14.510673791868612
tabm,half_10_A,10,0.5,A,14,0.75,"[23, 0, 16, 19, 21, 15, 20, 24, 27, 25, 22, 2, 9, 3]",,14.510673791868612
tabm,half_10_B,10,0.5,B,4,0.6,"[23, 0, 21, 15]",,12.559635584009811
tabm,half_10_B,10,0.5,B,8,0.7777777777777778,"[23, 0, 21, 15, 19, 16, 20, 2]",,12.559635584009811
tabm,half_10_B,10,0.5,B,10,1.0,"[23, 0, 21, 15, 19, 16, 20, 2, 25, 24]",,12.559635584009811
tabm,half_10_B,10,0.5,B,12,0.8461538461538461,"[23, 0, 21, 15, 19, 16, 20, 2, 25, 24, 27, 18]",,12.559635584009811
tabm,half_10_B,10,0.5,B,14,1.0,"[23, 0, 21, 15, 19, 16, 20, 2, 25, 24, 27, 18, 22, 17]",,12.559635584009811
tabm,half_11_A,11,0.5,A,4,0.6,"[23, 0, 21, 15]",,15.036486375145614
tabm,half_11_A,11,0.5,A,8,0.7777777777777778,"[23, 0, 21, 15, 16, 19, 20, 2]",,15.036486375145614
tabm,half_11_A,11,0.5,A,10,0.6666666666666666,"[23, 0, 21, 15, 16, 19, 20, 2, 27, 22]",,15.036486375145614
tabm,half_11_A,11,0.5,A,12,0.7142857142857143,"[23, 0, 21, 15, 16, 19, 20, 2, 27, 22, 24, 26]",,15.036486375145614
tabm,half_11_A,11,0.5,A,14,0.75,"[23, 0, 21, 15, 16, 19, 20, 2, 27, 22, 24, 26, 1, 25]",,15.036486375145614
tabm,half_11_B,11,0.5,B,4,0.6,"[23, 0, 16, 21]",,16.032492708181962
tabm,half_11_B,11,0.5,B,8,1.0,"[23, 0, 16, 21, 20, 19, 15, 24]",,16.032492708181962
tabm,half_11_B,11,0.5,B,10,1.0,"[23, 0, 16, 21, 20, 19, 15, 24, 25, 2]",,16.032492708181962
tabm,half_11_B,11,0.5,B,12,0.7142857142857143,"[23, 0, 16, 21, 20, 19, 15, 24, 25, 2, 1, 9]",,16.032492708181962
tabm,half_11_B,11,0.5,B,14,0.6470588235294118,"[23, 0, 16, 21, 20, 19, 15, 24, 25, 2, 1, 9, 7, 27]",,16.032492708181962
tabm,half_12_A,12,0.5,A,4,0.3333333333333333,"[0, 23, 21, 20]",,10.234519083052874
tabm,half_12_A,12,0.5,A,8,0.6,"[0, 23, 21, 20, 24, 16, 2, 25]",,10.234519083052874
tabm,half_12_A,12,0.5,A,10,0.6666666666666666,"[0, 23, 21, 20, 24, 16, 2, 25, 27, 26]",,10.234519083052874
tabm,half_12_A,12,0.5,A,12,0.5,"[0, 23, 21, 20, 24, 16, 2, 25, 27, 26, 9, 1]",,10.234519083052874
tabm,half_12_A,12,0.5,A,14,0.47368421052631576,"[0, 23, 21, 20, 24, 16, 2, 25, 27, 26, 9, 1, 4, 7]",,10.234519083052874
tabm,half_12_B,12,0.5,B,4,0.6,"[0, 23, 21, 16]",,23.63748220796697
tabm,half_12_B,12,0.5,B,8,0.7777777777777778,"[0, 23, 21, 16, 19, 20, 15, 25]",,23.63748220796697
tabm,half_12_B,12,0.5,B,10,0.8181818181818182,"[0, 23, 21, 16, 19, 20, 15, 25, 27, 2]",,23.63748220796697
tabm,half_12_B,12,0.5,B,12,0.6,"[0, 23, 21, 16, 19, 20, 15, 25, 27, 2, 8, 3]",,23.63748220796697
tabm,half_12_B,12,0.5,B,14,0.75,"[0, 23, 21, 16, 19, 20, 15, 25, 27, 2, 8, 3, 18, 24]",,23.63748220796697
tabm,half_13_A,13,0.5,A,4,0.6,"[23, 0, 21, 16]",,21.53942562500015
tabm,half_13_A,13,0.5,A,8,1.0,"[23, 0, 21, 16, 19, 15, 20, 24]",,21.53942562500015
tabm,half_13_A,13,0.5,A,10,1.0,"[23, 0, 21, 16, 19, 15, 20, 24, 2, 25]",,21.53942562500015
tabm,half_13_A,13,0.5,A,12,1.0,"[23, 0, 21, 16, 19, 15, 20, 24, 2, 25, 18, 22]",,21.53942562500015
tabm,half_13_A,13,0.5,A,14,0.8666666666666667,"[23, 0, 21, 16, 19, 15, 20, 24, 2, 25, 18, 22, 27, 26]",,21.53942562500015
tabm,half_13_B,13,0.5,B,4,0.6,"[23, 0, 21, 16]",,21.578271667007357
tabm,half_13_B,13,0.5,B,8,0.7777777777777778,"[23, 0, 21, 16, 15, 20, 19, 2]",,21.578271667007357
tabm,half_13_B,13,0.5,B,10,0.8181818181818182,"[23, 0, 21, 16, 15, 20, 19, 2, 8, 25]",,21.578271667007357
tabm,half_13_B,13,0.5,B,12,0.6,"[23, 0, 21, 16, 15, 20, 19, 2, 8, 25, 17, 27]",,21.578271667007357
tabm,half_13_B,13,0.5,B,14,0.75,"[23, 0, 21, 16, 15, 20, 19, 2, 8, 25, 17, 27, 1, 24]",,21.578271667007357
tabm,half_14_A,14,0.5,A,4,0.6,"[23, 0, 21, 16]",,20.47921787505038
tabm,half_14_A,14,0.5,A,8,0.7777777777777778,"[23, 0, 21, 16, 19, 15, 20, 2]",,20.47921787505038
tabm,half_14_A,14,0.5,A,10,1.0,"[23, 0, 21, 16, 19, 15, 20, 2, 25, 24]",,20.47921787505038
tabm,half_14_A,14,0.5,A,12,0.8461538461538461,"[23, 0, 21, 16, 19, 15, 20, 2, 25, 24, 18, 27]",,20.47921787505038
tabm,half_14_A,14,0.5,A,14,1.0,"[23, 0, 21, 16, 19, 15, 20, 2, 25, 24, 18, 27, 17, 22]",,20.47921787505038
tabm,half_14_B,14,0.5,B,4,0.6,"[0, 23, 16, 20]",,22.812813790980726
tabm,half_14_B,14,0.5,B,8,1.0,"[0, 23, 16, 20, 21, 19, 15, 24]",,22.812813790980726
tabm,half_14_B,14,0.5,B,10,1.0,"[0, 23, 16, 20, 21, 19, 15, 24, 2, 25]",,22.812813790980726
tabm,half_14_B,14,0.5,B,12,0.7142857142857143,"[0, 23, 16, 20, 21, 19, 15, 24, 2, 25, 9, 27]",,22.812813790980726
tabm,half_14_B,14,0.5,B,14,0.75,"[0, 23, 16, 20, 21, 19, 15, 24, 2, 25, 9, 27, 17, 5]",,22.812813790980726
tabm,half_15_A,15,0.5,A,4,0.6,"[0, 23, 21, 16]",,23.403140834067017
tabm,half_15_A,15,0.5,A,8,1.0,"[0, 23, 21, 16, 19, 20, 15, 24]",,23.403140834067017
tabm,half_15_A,15,0.5,A,10,0.6666666666666666,"[0, 23, 21, 16, 19, 20, 15, 24, 27, 9]",,23.403140834067017
tabm,half_15_A,15,0.5,A,12,0.7142857142857143,"[0, 23, 21, 16, 19, 20, 15, 24, 27, 9, 2, 25]",,23.403140834067017
tabm,half_15_A,15,0.5,A,14,0.6470588235294118,"[0, 23, 21, 16, 19, 20, 15, 24, 27, 9, 2, 25, 1, 26]",,23.403140834067017
tabm,half_15_B,15,0.5,B,4,1.0,"[23, 0, 16, 15]",,23.562442041933537
tabm,half_15_B,15,0.5,B,8,0.7777777777777778,"[23, 0, 16, 15, 21, 19, 20, 2]",,23.562442041933537
tabm,half_15_B,15,0.5,B,10,0.8181818181818182,"[23, 0, 16, 15, 21, 19, 20, 2, 24, 17]",,23.562442041933537
tabm,half_15_B,15,0.5,B,12,0.8461538461538461,"[23, 0, 16, 15, 21, 19, 20, 2, 24, 17, 25, 18]",,23.562442041933537
tabm,half_15_B,15,0.5,B,14,0.75,"[23, 0, 16, 15, 21, 19, 20, 2, 24, 17, 25, 18, 7, 6]",,23.562442041933537
tabm,half_16_A,16,0.5,A,4,0.3333333333333333,"[0, 23, 21, 20]",,17.70756833301857
tabm,half_16_A,16,0.5,A,8,0.7777777777777778,"[0, 23, 21, 20, 15, 16, 19, 2]",,17.70756833301857
tabm,half_16_A,16,0.5,A,10,0.8181818181818182,"[0, 23, 21, 20, 15, 16, 19, 2, 24, 27]",,17.70756833301857
tabm,half_16_A,16,0.5,A,12,0.7142857142857143,"[0, 23, 21, 20, 15, 16, 19, 2, 24, 27, 25, 1]",,17.70756833301857
tabm,half_16_A,16,0.5,A,14,0.8666666666666667,"[0, 23, 21, 20, 15, 16, 19, 2, 24, 27, 25, 1, 17, 18]",,17.70756833301857
tabm,half_16_B,16,0.5,B,4,0.6,"[23, 0, 16, 21]",,24.24047724995762
tabm,half_16_B,16,0.5,B,8,1.0,"[23, 0, 16, 21, 20, 15, 19, 24]",,24.24047724995762
tabm,half_16_B,16,0.5,B,10,0.8181818181818182,"[23, 0, 16, 21, 20, 15, 19, 24, 27, 25]",,24.24047724995762
tabm,half_16_B,16,0.5,B,12,0.8461538461538461,"[23, 0, 16, 21, 20, 15, 19, 24, 27, 25, 18, 22]",,24.24047724995762
tabm,half_16_B,16,0.5,B,14,0.8666666666666667,"[23, 0, 16, 21, 20, 15, 19, 24, 27, 25, 18, 22, 26, 2]",,24.24047724995762
tabm,half_17_A,17,0.5,A,4,0.6,"[0, 23, 21, 16]",,15.81382375000976
tabm,half_17_A,17,0.5,A,8,0.6,"[0, 23, 21, 16, 20, 2, 19, 27]",,15.81382375000976
tabm,half_17_A,17,0.5,A,10,0.6666666666666666,"[0, 23, 21, 16, 20, 2, 19, 27, 15, 26]",,15.81382375000976
tabm,half_17_A,17,0.5,A,12,0.6,"[0, 23, 21, 16, 20, 2, 19, 27, 15, 26, 24, 9]",,15.81382375000976
tabm,half_17_A,17,0.5,A,14,0.75,"[0, 23, 21, 16, 20, 2, 19, 27, 15, 26, 24, 9, 17, 25]",,15.81382375000976
tabm,half_17_B,17,0.5,B,4,1.0,"[23, 0, 15, 16]",,20.99755816697143
tabm,half_17_B,17,0.5,B,8,1.0,"[23, 0, 15, 16, 21, 20, 19, 24]",,20.99755816697143
tabm,half_17_B,17,0.5,B,10,0.8181818181818182,"[23, 0, 15, 16, 21, 20, 19, 24, 25, 27]",,20.99755816697143
tabm,half_17_B,17,0.5,B,12,0.8461538461538461,"[23, 0, 15, 16, 21, 20, 19, 24, 25, 27, 2, 18]",,20.99755816697143
tabm,half_17_B,17,0.5,B,14,0.75,"[23, 0, 15, 16, 21, 20, 19, 24, 25, 27, 2, 18, 1, 11]",,20.99755816697143
tabm,half_18_A,18,0.5,A,4,0.3333333333333333,"[23, 0, 19, 21]",,23.329952290980145
tabm,half_18_A,18,0.5,A,8,0.7777777777777778,"[23, 0, 19, 21, 16, 15, 20, 25]",,23.329952290980145
tabm,half_18_A,18,0.5,A,10,0.8181818181818182,"[23, 0, 19, 21, 16, 15, 20, 25, 2, 22]",,23.329952290980145
tabm,half_18_A,18,0.5,A,12,0.8461538461538461,"[23, 0, 19, 21, 16, 15, 20, 25, 2, 22, 24, 27]",,23.329952290980145
tabm,half_18_A,18,0.5,A,14,0.8666666666666667,"[23, 0, 19, 21, 16, 15, 20, 25, 2, 22, 24, 27, 18, 3]",,23.329952290980145
tabm,half_18_B,18,0.5,B,4,0.6,"[23, 0, 21, 16]",,23.726828292012215
tabm,half_18_B,18,0.5,B,8,1.0,"[23, 0, 21, 16, 15, 20, 19, 24]",,23.726828292012215
tabm,half_18_B,18,0.5,B,10,0.8181818181818182,"[23, 0, 21, 16, 15, 20, 19, 24, 27, 2]",,23.726828292012215
tabm,half_18_B,18,0.5,B,12,0.8461538461538461,"[23, 0, 21, 16, 15, 20, 19, 24, 27, 2, 18, 25]",,23.726828292012215
tabm,half_18_B,18,0.5,B,14,0.75,"[23, 0, 21, 16, 15, 20, 19, 24, 27, 2, 18, 25, 3, 12]",,23.726828292012215
tabm,half_19_A,19,0.5,A,4,0.3333333333333333,"[23, 0, 21, 19]",,24.69127016607672
tabm,half_19_A,19,0.5,A,8,0.7777777777777778,"[23, 0, 21, 19, 16, 15, 20, 25]",,24.69127016607672
tabm,half_19_A,19,0.5,A,10,1.0,"[23, 0, 21, 19, 16, 15, 20, 25, 2, 24]",,24.69127016607672
tabm,half_19_A,19,0.5,A,12,0.8461538461538461,"[23, 0, 21, 19, 16, 15, 20, 25, 2, 24, 18, 26]",,24.69127016607672
tabm,half_19_A,19,0.5,A,14,0.8666666666666667,"[23, 0, 21, 19, 16, 15, 20, 25, 2, 24, 18, 26, 17, 27]",,24.69127016607672
tabm,half_19_B,19,0.5,B,4,1.0,"[23, 0, 16, 15]",,22.711445375112817
tabm,half_19_B,19,0.5,B,8,1.0,"[23, 0, 16, 15, 19, 20, 21, 24]",,22.711445375112817
tabm,half_19_B,19,0.5,B,10,0.8181818181818182,"[23, 0, 16, 15, 19, 20, 21, 24, 2, 27]",,22.711445375112817
tabm,half_19_B,19,0.5,B,12,0.7142857142857143,"[23, 0, 16, 15, 19, 20, 21, 24, 2, 27, 9, 25]",,22.711445375112817
tabm,half_19_B,19,0.5,B,14,0.6470588235294118,"[23, 0, 16, 15, 19, 20, 21, 24, 2, 27, 9, 25, 10, 7]",,22.711445375112817
tabm,half_20_A,20,0.5,A,4,0.6,"[23, 0, 15, 21]",,23.24536083289422
tabm,half_20_A,20,0.5,A,8,1.0,"[23, 0, 15, 21, 19, 16, 20, 24]",,23.24536083289422
tabm,half_20_A,20,0.5,A,10,0.8181818181818182,"[23, 0, 15, 21, 19, 16, 20, 24, 18, 25]",,23.24536083289422
tabm,half_20_A,20,0.5,A,12,0.8461538461538461,"[23, 0, 15, 21, 19, 16, 20, 24, 18, 25, 17, 2]",,23.24536083289422
tabm,half_20_A,20,0.5,A,14,0.8666666666666667,"[23, 0, 15, 21, 19, 16, 20, 24, 18, 25, 17, 2, 27, 1]",,23.24536083289422
tabm,half_20_B,20,0.5,B,4,0.3333333333333333,"[0, 23, 21, 20]",,10.4207686658483
tabm,half_20_B,20,0.5,B,8,0.6,"[0, 23, 21, 20, 24, 16, 25, 2]",,10.4207686658483
tabm,half_20_B,20,0.5,B,10,0.8181818181818182,"[0, 23, 21, 20, 24, 16, 25, 2, 27, 19]",,10.4207686658483
tabm,half_20_B,20,0.5,B,12,0.6,"[0, 23, 21, 20, 24, 16, 25, 2, 27, 19, 26, 28]",,10.4207686658483
tabm,half_20_B,20,0.5,B,14,0.6470588235294118,"[0, 23, 21, 20, 24, 16, 25, 2, 27, 19, 26, 28, 17, 10]",,10.4207686658483
tabm,half_21_A,21,0.5,A,4,0.3333333333333333,"[23, 0, 21, 20]",,23.06412412505597
tabm,half_21_A,21,0.5,A,8,0.7777777777777778,"[23, 0, 21, 20, 16, 19, 15, 27]",,23.06412412505597
tabm,half_21_A,21,0.5,A,10,0.8181818181818182,"[23, 0, 21, 20, 16, 19, 15, 27, 2, 25]",,23.06412412505597
tabm,half_21_A,21,0.5,A,12,0.7142857142857143,"[23, 0, 21, 20, 16, 19, 15, 27, 2, 25, 22, 14]",,23.06412412505597
tabm,half_21_A,21,0.5,A,14,0.75,"[23, 0, 21, 20, 16, 19, 15, 27, 2, 25, 22, 14, 17, 10]",,23.06412412505597
tabm,half_21_B,21,0.5,B,4,0.6,"[23, 0, 16, 19]",,24.417109084082767
tabm,half_21_B,21,0.5,B,8,1.0,"[23, 0, 16, 19, 15, 21, 20, 24]",,24.417109084082767
tabm,half_21_B,21,0.5,B,10,1.0,"[23, 0, 16, 19, 15, 21, 20, 24, 25, 2]",,24.417109084082767
tabm,half_21_B,21,0.5,B,12,0.8461538461538461,"[23, 0, 16, 19, 15, 21, 20, 24, 25, 2, 18, 1]",,24.417109084082767
tabm,half_21_B,21,0.5,B,14,0.6470588235294118,"[23, 0, 16, 19, 15, 21, 20, 24, 25, 2, 18, 1, 8, 6]",,24.417109084082767
tabm,half_22_A,22,0.5,A,4,0.3333333333333333,"[0, 23, 21, 20]",,12.401957458117977
tabm,half_22_A,22,0.5,A,8,0.6,"[0, 23, 21, 20, 16, 25, 2, 24]",,12.401957458117977
tabm,half_22_A,22,0.5,A,10,0.8181818181818182,"[0, 23, 21, 20, 16, 25, 2, 24, 27, 19]",,12.401957458117977
tabm,half_22_A,22,0.5,A,12,0.7142857142857143,"[0, 23, 21, 20, 16, 25, 2, 24, 27, 19, 15, 1]",,12.401957458117977
tabm,half_22_A,22,0.5,A,14,0.75,"[0, 23, 21, 20, 16, 25, 2, 24, 27, 19, 15, 1, 26, 17]",,12.401957458117977
tabm,half_22_B,22,0.5,B,4,0.6,"[23, 0, 21, 16]",,22.672653625020757
tabm,half_22_B,22,0.5,B,8,1.0,"[23, 0, 21, 16, 19, 15, 20, 24]",,22.672653625020757
tabm,half_22_B,22,0.5,B,10,0.8181818181818182,"[23, 0, 21, 16, 19, 15, 20, 24, 27, 25]",,22.672653625020757
tabm,half_22_B,22,0.5,B,12,0.8461538461538461,"[23, 0, 21, 16, 19, 15, 20, 24, 27, 25, 2, 18]",,22.672653625020757
tabm,half_22_B,22,0.5,B,14,1.0,"[23, 0, 21, 16, 19, 15, 20, 24, 27, 25, 2, 18, 22, 17]",,22.672653625020757
tabm,half_23_A,23,0.5,A,4,0.3333333333333333,"[0, 23, 21, 20]",,13.178029499948025
tabm,half_23_A,23,0.5,A,8,0.6,"[0, 23, 21, 20, 16, 24, 27, 25]",,13.178029499948025
tabm,half_23_A,23,0.5,A,10,0.8181818181818182,"[0, 23, 21, 20, 16, 24, 27, 25, 19, 2]",,13.178029499948025
tabm,half_23_A,23,0.5,A,12,0.7142857142857143,"[0, 23, 21, 20, 16, 24, 27, 25, 19, 2, 18, 26]",,13.178029499948025
tabm,half_23_A,23,0.5,A,14,0.6470588235294118,"[0, 23, 21, 20, 16, 24, 27, 25, 19, 2, 18, 26, 8, 1]",,13.178029499948025
tabm,half_23_B,23,0.5,B,4,0.6,"[23, 0, 16, 21]",,22.668733792146668
tabm,half_23_B,23,0.5,B,8,0.7777777777777778,"[23, 0, 16, 21, 15, 19, 20, 2]",,22.668733792146668
tabm,half_23_B,23,0.5,B,10,0.6666666666666666,"[23, 0, 16, 21, 15, 19, 20, 2, 18, 9]",,22.668733792146668
tabm,half_23_B,23,0.5,B,12,0.7142857142857143,"[23, 0, 16, 21, 15, 19, 20, 2, 18, 9, 3, 25]",,22.668733792146668
tabm,half_23_B,23,0.5,B,14,0.75,"[23, 0, 16, 21, 15, 19, 20, 2, 18, 9, 3, 25, 24, 17]",,22.668733792146668
tabm,half_24_A,24,0.5,A,4,0.6,"[23, 0, 16, 21]",,23.868893292034045
tabm,half_24_A,24,0.5,A,8,0.7777777777777778,"[23, 0, 16, 21, 19, 15, 2, 20]",,23.868893292034045
tabm,half_24_A,24,0.5,A,10,1.0,"[23, 0, 16, 21, 19, 15, 2, 20, 24, 25]",,23.868893292034045
tabm,half_24_A,24,0.5,A,12,0.8461538461538461,"[23, 0, 16, 21, 19, 15, 2, 20, 24, 25, 18, 27]",,23.868893292034045
tabm,half_24_A,24,0.5,A,14,0.8666666666666667,"[23, 0, 16, 21, 19, 15, 2, 20, 24, 25, 18, 27, 26, 22]",,23.868893292034045
tabm,half_24_B,24,0.5,B,4,1.0,"[0, 23, 16, 15]",,23.947014292003587
tabm,half_24_B,24,0.5,B,8,1.0,"[0, 23, 16, 15, 21, 19, 20, 24]",,23.947014292003587
tabm,half_24_B,24,0.5,B,10,0.8181818181818182,"[0, 23, 16, 15, 21, 19, 20, 24, 18, 25]",,23.947014292003587
tabm,half_24_B,24,0.5,B,12,0.8461538461538461,"[0, 23, 16, 15, 21, 19, 20, 24, 18, 25, 28, 2]",,23.947014292003587
tabm,half_24_B,24,0.5,B,14,0.6470588235294118,"[0, 23, 16, 15, 21, 19, 20, 24, 18, 25, 28, 2, 1, 9]",,23.947014292003587
tabm,half_25_A,25,0.5,A,4,1.0,"[23, 0, 15, 16]",,24.10779054206796
tabm,half_25_A,25,0.5,A,8,0.7777777777777778,"[23, 0, 15, 16, 21, 19, 20, 2]",,24.10779054206796
tabm,half_25_A,25,0.5,A,10,1.0,"[23, 0, 15, 16, 21, 19, 20, 2, 24, 25]",,24.10779054206796
tabm,half_25_A,25,0.5,A,12,0.8461538461538461,"[23, 0, 15, 16, 21, 19, 20, 2, 24, 25, 27, 18]",,24.10779054206796
tabm,half_25_A,25,0.5,A,14,0.8666666666666667,"[23, 0, 15, 16, 21, 19, 20, 2, 24, 25, 27, 18, 9, 22]",,24.10779054206796
tabm,half_25_B,25,0.5,B,4,0.3333333333333333,"[0, 23, 21, 20]",,15.815979999955744
tabm,half_25_B,25,0.5,B,8,0.7777777777777778,"[0, 23, 21, 20, 16, 15, 19, 2]",,15.815979999955744
tabm,half_25_B,25,0.5,B,10,0.6666666666666666,"[0, 23, 21, 20, 16, 15, 19, 2, 27, 3]",,15.815979999955744
tabm,half_25_B,25,0.5,B,12,0.6,"[0, 23, 21, 20, 16, 15, 19, 2, 27, 3, 24, 17]",,15.815979999955744
tabm,half_25_B,25,0.5,B,14,0.75,"[0, 23, 21, 20, 16, 15, 19, 2, 27, 3, 24, 17, 25, 6]",,15.815979999955744
tabm,half_26_A,26,0.5,A,4,0.6,"[23, 0, 16, 21]",,25.071660834131762
tabm,half_26_A,26,0.5,A,8,0.7777777777777778,"[23, 0, 16, 21, 19, 15, 20, 2]",,25.071660834131762
tabm,half_26_A,26,0.5,A,10,0.8181818181818182,"[23, 0, 16, 21, 19, 15, 20, 2, 24, 22]",,25.071660834131762
tabm,half_26_A,26,0.5,A,12,0.8461538461538461,"[23, 0, 16, 21, 19, 15, 20, 2, 24, 22, 25, 27]",,25.071660834131762
tabm,half_26_A,26,0.5,A,14,1.0,"[23, 0, 16, 21, 19, 15, 20, 2, 24, 22, 25, 27, 18, 17]",,25.071660834131762
tabm,half_26_B,26,0.5,B,4,0.6,"[23, 0, 21, 15]",,28.264174832962453
tabm,half_26_B,26,0.5,B,8,1.0,"[23, 0, 21, 15, 19, 16, 20, 24]",,28.264174832962453
tabm,half_26_B,26,0.5,B,10,1.0,"[23, 0, 21, 15, 19, 16, 20, 24, 25, 2]",,28.264174832962453
tabm,half_26_B,26,0.5,B,12,0.7142857142857143,"[23, 0, 21, 15, 19, 16, 20, 24, 25, 2, 27, 9]",,28.264174832962453
tabm,half_26_B,26,0.5,B,14,0.6470588235294118,"[23, 0, 21, 15, 19, 16, 20, 24, 25, 2, 27, 9, 1, 7]",,28.264174832962453
tabm,half_27_A,27,0.5,A,4,0.6,"[23, 0, 21, 16]",,23.064564208034426
tabm,half_27_A,27,0.5,A,8,1.0,"[23, 0, 21, 16, 19, 20, 15, 24]",,23.064564208034426
tabm,half_27_A,27,0.5,A,10,1.0,"[23, 0, 21, 16, 19, 20, 15, 24, 25, 2]",,23.064564208034426
tabm,half_27_A,27,0.5,A,12,1.0,"[23, 0, 21, 16, 19, 20, 15, 24, 25, 2, 18, 22]",,23.064564208034426
tabm,half_27_A,27,0.5,A,14,0.75,"[23, 0, 21, 16, 19, 20, 15, 24, 25, 2, 18, 22, 3, 28]",,23.064564208034426
tabm,half_27_B,27,0.5,B,4,0.6,"[0, 23, 21, 16]",,22.977081957971677
tabm,half_27_B,27,0.5,B,8,0.7777777777777778,"[0, 23, 21, 16, 20, 19, 15, 27]",,22.977081957971677
tabm,half_27_B,27,0.5,B,10,0.6666666666666666,"[0, 23, 21, 16, 20, 19, 15, 27, 2, 10]",,22.977081957971677
tabm,half_27_B,27,0.5,B,12,0.6,"[0, 23, 21, 16, 20, 19, 15, 27, 2, 10, 25, 1]",,22.977081957971677
tabm,half_27_B,27,0.5,B,14,0.6470588235294118,"[0, 23, 21, 16, 20, 19, 15, 27, 2, 10, 25, 1, 28, 17]",,22.977081957971677
tabm,half_28_A,28,0.5,A,4,0.6,"[0, 23, 16, 21]",,25.44821508298628
tabm,half_28_A,28,0.5,A,8,0.7777777777777778,"[0, 23, 16, 21, 20, 15, 19, 27]",,25.44821508298628
tabm,half_28_A,28,0.5,A,10,0.6666666666666666,"[0, 23, 16, 21, 20, 15, 19, 27, 2, 3]",,25.44821508298628
tabm,half_28_A,28,0.5,A,12,0.5,"[0, 23, 16, 21, 20, 15, 19, 27, 2, 3, 1, 7]",,25.44821508298628
tabm,half_28_A,28,0.5,A,14,0.6470588235294118,"[0, 23, 16, 21, 20, 15, 19, 27, 2, 3, 1, 7, 25, 22]",,25.44821508298628
tabm,half_28_B,28,0.5,B,4,0.3333333333333333,"[0, 23, 21, 20]",,12.268456749850884
tabm,half_28_B,28,0.5,B,8,0.6,"[0, 23, 21, 20, 24, 25, 16, 27]",,12.268456749850884
tabm,half_28_B,28,0.5,B,10,0.6666666666666666,"[0, 23, 21, 20, 24, 25, 16, 27, 2, 9]",,12.268456749850884
tabm,half_28_B,28,0.5,B,12,0.6,"[0, 23, 21, 20, 24, 25, 16, 27, 2, 9, 4, 22]",,12.268456749850884
tabm,half_28_B,28,0.5,B,14,0.5555555555555556,"[0, 23, 21, 20, 24, 25, 16, 27, 2, 9, 4, 22, 8, 1]",,12.268456749850884
tabm,half_29_A,29,0.5,A,4,0.6,"[0, 23, 21, 16]",,18.24414079193957
tabm,half_29_A,29,0.5,A,8,0.6,"[0, 23, 21, 16, 20, 2, 27, 19]",,18.24414079193957
tabm,half_29_A,29,0.5,A,10,0.5384615384615384,"[0, 23, 21, 16, 20, 2, 27, 19, 9, 26]",,18.24414079193957
tabm,half_29_A,29,0.5,A,12,0.4117647058823529,"[0, 23, 21, 16, 20, 2, 27, 19, 9, 26, 17, 1]",,18.24414079193957
tabm,half_29_A,29,0.5,A,14,0.5555555555555556,"[0, 23, 21, 16, 20, 2, 27, 19, 9, 26, 17, 1, 15, 3]",,18.24414079193957
tabm,half_29_B,29,0.5,B,4,0.6,"[23, 0, 21, 15]",,22.427867624908686
tabm,half_29_B,29,0.5,B,8,1.0,"[23, 0, 21, 15, 16, 19, 20, 24]",,22.427867624908686
tabm,half_29_B,29,0.5,B,10,0.8181818181818182,"[23, 0, 21, 15, 16, 19, 20, 24, 25, 22]",,22.427867624908686
tabm,half_29_B,29,0.5,B,12,0.8461538461538461,"[23, 0, 21, 15, 16, 19, 20, 24, 25, 22, 14, 18]",,22.427867624908686
tabm,half_29_B,29,0.5,B,14,0.75,"[23, 0, 21, 15, 16, 19, 20, 24, 25, 22, 14, 18, 4, 2]",,22.427867624908686
tabm,f70_00,0,0.7,,4,0.6,"[23, 0, 16, 19]",,22.96180329215713
tabm,f70_00,0,0.7,,8,1.0,"[23, 0, 16, 19, 21, 15, 20, 24]",,22.96180329215713
tabm,f70_00,0,0.7,,10,0.8181818181818182,"[23, 0, 16, 19, 21, 15, 20, 24, 2, 18]",,22.96180329215713
tabm,f70_00,0,0.7,,12,0.8461538461538461,"[23, 0, 16, 19, 21, 15, 20, 24, 2, 18, 27, 25]",,22.96180329215713
tabm,f70_00,0,0.7,,14,0.75,"[23, 0, 16, 19, 21, 15, 20, 24, 2, 18, 27, 25, 1, 3]",,22.96180329215713
tabm,f70_01,1,0.7,,4,0.6,"[23, 0, 15, 21]",,22.68482662504539
tabm,f70_01,1,0.7,,8,0.7777777777777778,"[23, 0, 15, 21, 19, 16, 20, 2]",,22.68482662504539
tabm,f70_01,1,0.7,,10,0.8181818181818182,"[23, 0, 15, 21, 19, 16, 20, 2, 25, 18]",,22.68482662504539
tabm,f70_01,1,0.7,,12,1.0,"[23, 0, 15, 21, 19, 16, 20, 2, 25, 18, 24, 22]",,22.68482662504539
tabm,f70_01,1,0.7,,14,0.8666666666666667,"[23, 0, 15, 21, 19, 16, 20, 2, 25, 18, 24, 22, 9, 17]",,22.68482662504539
tabm,f70_02,2,0.7,,4,0.6,"[23, 0, 21, 16]",,24.04424220789224
tabm,f70_02,2,0.7,,8,0.7777777777777778,"[23, 0, 21, 16, 19, 15, 20, 25]",,24.04424220789224
tabm,f70_02,2,0.7,,10,1.0,"[23, 0, 21, 16, 19, 15, 20, 25, 24, 2]",,24.04424220789224
tabm,f70_02,2,0.7,,12,1.0,"[23, 0, 21, 16, 19, 15, 20, 25, 24, 2, 22, 18]",,24.04424220789224
tabm,f70_02,2,0.7,,14,0.75,"[23, 0, 21, 16, 19, 15, 20, 25, 24, 2, 22, 18, 9, 8]",,24.04424220789224
tabm,f70_03,3,0.7,,4,1.0,"[23, 0, 16, 15]",,28.805776540888473
tabm,f70_03,3,0.7,,8,0.7777777777777778,"[23, 0, 16, 15, 21, 19, 20, 2]",,28.805776540888473
tabm,f70_03,3,0.7,,10,0.8181818181818182,"[23, 0, 16, 15, 21, 19, 20, 2, 18, 25]",,28.805776540888473
tabm,f70_03,3,0.7,,12,0.8461538461538461,"[23, 0, 16, 15, 21, 19, 20, 2, 18, 25, 3, 24]",,28.805776540888473
tabm,f70_03,3,0.7,,14,0.8666666666666667,"[23, 0, 16, 15, 21, 19, 20, 2, 18, 25, 3, 24, 27, 17]",,28.805776540888473
tabm,f70_04,4,0.7,,4,0.6,"[23, 0, 16, 19]",,23.019652125192806
tabm,f70_04,4,0.7,,8,0.7777777777777778,"[23, 0, 16, 19, 15, 21, 20, 2]",,23.019652125192806
tabm,f70_04,4,0.7,,10,1.0,"[23, 0, 16, 19, 15, 21, 20, 2, 24, 25]",,23.019652125192806
tabm,f70_04,4,0.7,,12,1.0,"[23, 0, 16, 19, 15, 21, 20, 2, 24, 25, 18, 22]",,23.019652125192806
tabm,f70_04,4,0.7,,14,0.8666666666666667,"[23, 0, 16, 19, 15, 21, 20, 2, 24, 25, 18, 22, 17, 3]",,23.019652125192806
tabm,f70_05,5,0.7,,4,0.6,"[23, 0, 16, 21]",,24.182156916940585
tabm,f70_05,5,0.7,,8,1.0,"[23, 0, 16, 21, 15, 19, 20, 24]",,24.182156916940585
tabm,f70_05,5,0.7,,10,1.0,"[23, 0, 16, 21, 15, 19, 20, 24, 25, 2]",,24.182156916940585
tabm,f70_05,5,0.7,,12,0.8461538461538461,"[23, 0, 16, 21, 15, 19, 20, 24, 25, 2, 18, 7]",,24.182156916940585
tabm,f70_05,5,0.7,,14,0.75,"[23, 0, 16, 21, 15, 19, 20, 24, 25, 2, 18, 7, 27, 1]",,24.182156916940585
tabm,f70_06,6,0.7,,4,0.6,"[23, 0, 19, 16]",,26.632342291995883
tabm,f70_06,6,0.7,,8,1.0,"[23, 0, 19, 16, 21, 15, 20, 24]",,26.632342291995883
tabm,f70_06,6,0.7,,10,0.6666666666666666,"[23, 0, 19, 16, 21, 15, 20, 24, 18, 27]",,26.632342291995883
tabm,f70_06,6,0.7,,12,0.8461538461538461,"[23, 0, 19, 16, 21, 15, 20, 24, 18, 27, 25, 2]",,26.632342291995883
tabm,f70_06,6,0.7,,14,0.8666666666666667,"[23, 0, 19, 16, 21, 15, 20, 24, 18, 27, 25, 2, 22, 1]",,26.632342291995883
tabm,f70_07,7,0.7,,4,0.6,"[23, 0, 15, 21]",,27.116307333810255
tabm,f70_07,7,0.7,,8,1.0,"[23, 0, 15, 21, 16, 19, 20, 24]",,27.116307333810255
tabm,f70_07,7,0.7,,10,1.0,"[23, 0, 15, 21, 16, 19, 20, 24, 25, 2]",,27.116307333810255
tabm,f70_07,7,0.7,,12,0.8461538461538461,"[23, 0, 15, 21, 16, 19, 20, 24, 25, 2, 9, 22]",,27.116307333810255
tabm,f70_07,7,0.7,,14,0.6470588235294118,"[23, 0, 15, 21, 16, 19, 20, 24, 25, 2, 9, 22, 7, 26]",,27.116307333810255
tabm,f70_08,8,0.7,,4,0.6,"[23, 0, 19, 15]",,29.899486833019182
tabm,f70_08,8,0.7,,8,0.7777777777777778,"[23, 0, 19, 15, 21, 16, 20, 2]",,29.899486833019182
tabm,f70_08,8,0.7,,10,0.8181818181818182,"[23, 0, 19, 15, 21, 16, 20, 2, 24, 27]",,29.899486833019182
tabm,f70_08,8,0.7,,12,0.8461538461538461,"[23, 0, 19, 15, 21, 16, 20, 2, 24, 27, 18, 22]",,29.899486833019182
tabm,f70_08,8,0.7,,14,0.8666666666666667,"[23, 0, 19, 15, 21, 16, 20, 2, 24, 27, 18, 22, 26, 25]",,29.899486833019182
tabm,f70_09,9,0.7,,4,1.0,"[23, 0, 15, 16]",,32.661615499993786
tabm,f70_09,9,0.7,,8,1.0,"[23, 0, 15, 16, 21, 19, 20, 24]",,32.661615499993786
tabm,f70_09,9,0.7,,10,1.0,"[23, 0, 15, 16, 21, 19, 20, 24, 2, 25]",,32.661615499993786
tabm,f70_09,9,0.7,,12,0.8461538461538461,"[23, 0, 15, 16, 21, 19, 20, 24, 2, 25, 18, 27]",,32.661615499993786
tabm,f70_09,9,0.7,,14,0.8666666666666667,"[23, 0, 15, 16, 21, 19, 20, 24, 2, 25, 18, 27, 22, 9]",,32.661615499993786
tabm,f70_10,10,0.7,,4,1.0,"[23, 0, 15, 16]",,30.56044483394362
tabm,f70_10,10,0.7,,8,0.7777777777777778,"[23, 0, 15, 16, 19, 21, 20, 2]",,30.56044483394362
tabm,f70_10,10,0.7,,10,0.8181818181818182,"[23, 0, 15, 16, 19, 21, 20, 2, 18, 24]",,30.56044483394362
tabm,f70_10,10,0.7,,12,1.0,"[23, 0, 15, 16, 19, 21, 20, 2, 18, 24, 25, 22]",,30.56044483394362
tabm,f70_10,10,0.7,,14,0.75,"[23, 0, 15, 16, 19, 21, 20, 2, 18, 24, 25, 22, 8, 1]",,30.56044483394362
tabm,f70_11,11,0.7,,4,0.6,"[23, 0, 21, 16]",,22.75451095798053
tabm,f70_11,11,0.7,,8,0.7777777777777778,"[23, 0, 21, 16, 19, 15, 20, 2]",,22.75451095798053
tabm,f70_11,11,0.7,,10,0.8181818181818182,"[23, 0, 21, 16, 19, 15, 20, 2, 24, 27]",,22.75451095798053
tabm,f70_11,11,0.7,,12,0.7142857142857143,"[23, 0, 21, 16, 19, 15, 20, 2, 24, 27, 1, 25]",,22.75451095798053
tabm,f70_11,11,0.7,,14,0.75,"[23, 0, 21, 16, 19, 15, 20, 2, 24, 27, 1, 25, 18, 3]",,22.75451095798053
tabm,f70_12,12,0.7,,4,0.6,"[23, 0, 15, 19]",,33.74760812497698
tabm,f70_12,12,0.7,,8,0.7777777777777778,"[23, 0, 15, 19, 16, 21, 20, 2]",,33.74760812497698
tabm,f70_12,12,0.7,,10,1.0,"[23, 0, 15, 19, 16, 21, 20, 2, 24, 25]",,33.74760812497698
tabm,f70_12,12,0.7,,12,0.8461538461538461,"[23, 0, 15, 19, 16, 21, 20, 2, 24, 25, 18, 17]",,33.74760812497698
tabm,f70_12,12,0.7,,14,1.0,"[23, 0, 15, 19, 16, 21, 20, 2, 24, 25, 18, 17, 27, 22]",,33.74760812497698
tabm,f70_13,13,0.7,,4,0.6,"[23, 0, 21, 16]",,28.921359166968614
tabm,f70_13,13,0.7,,8,0.7777777777777778,"[23, 0, 21, 16, 19, 15, 20, 25]",,28.921359166968614
tabm,f70_13,13,0.7,,10,1.0,"[23, 0, 21, 16, 19, 15, 20, 25, 24, 2]",,28.921359166968614
tabm,f70_13,13,0.7,,12,0.8461538461538461,"[23, 0, 21, 16, 19, 15, 20, 25, 24, 2, 18, 9]",,28.921359166968614
tabm,f70_13,13,0.7,,14,0.8666666666666667,"[23, 0, 21, 16, 19, 15, 20, 25, 24, 2, 18, 9, 17, 27]",,28.921359166968614
tabm,f70_14,14,0.7,,4,0.6,"[23, 0, 21, 16]",,25.18762241699733
tabm,f70_14,14,0.7,,8,0.7777777777777778,"[23, 0, 21, 16, 15, 19, 20, 25]",,25.18762241699733
tabm,f70_14,14,0.7,,10,1.0,"[23, 0, 21, 16, 15, 19, 20, 25, 24, 2]",,25.18762241699733
tabm,f70_14,14,0.7,,12,0.8461538461538461,"[23, 0, 21, 16, 15, 19, 20, 25, 24, 2, 18, 27]",,25.18762241699733
tabm,f70_14,14,0.7,,14,0.75,"[23, 0, 21, 16, 15, 19, 20, 25, 24, 2, 18, 27, 8, 9]",,25.18762241699733
tabm,f70_15,15,0.7,,4,0.6,"[23, 0, 16, 21]",,29.82109579187818
tabm,f70_15,15,0.7,,8,1.0,"[23, 0, 16, 21, 19, 15, 20, 24]",,29.82109579187818
tabm,f70_15,15,0.7,,10,1.0,"[23, 0, 16, 21, 19, 15, 20, 24, 2, 25]",,29.82109579187818
tabm,f70_15,15,0.7,,12,0.8461538461538461,"[23, 0, 16, 21, 19, 15, 20, 24, 2, 25, 9, 18]",,29.82109579187818
tabm,f70_15,15,0.7,,14,0.75,"[23, 0, 16, 21, 19, 15, 20, 24, 2, 25, 9, 18, 27, 1]",,29.82109579187818
tabm,f70_16,16,0.7,,4,0.6,"[23, 0, 21, 16]",,29.99682058300823
tabm,f70_16,16,0.7,,8,0.7777777777777778,"[23, 0, 21, 16, 15, 19, 20, 25]",,29.99682058300823
tabm,f70_16,16,0.7,,10,1.0,"[23, 0, 21, 16, 15, 19, 20, 25, 24, 2]",,29.99682058300823
tabm,f70_16,16,0.7,,12,0.8461538461538461,"[23, 0, 21, 16, 15, 19, 20, 25, 24, 2, 22, 8]",,29.99682058300823
tabm,f70_16,16,0.7,,14,0.75,"[23, 0, 21, 16, 15, 19, 20, 25, 24, 2, 22, 8, 18, 9]",,29.99682058300823
tabm,f70_17,17,0.7,,4,0.6,"[23, 0, 16, 21]",,28.13859224994667
tabm,f70_17,17,0.7,,8,1.0,"[23, 0, 16, 21, 15, 19, 20, 24]",,28.13859224994667
tabm,f70_17,17,0.7,,10,0.8181818181818182,"[23, 0, 16, 21, 15, 19, 20, 24, 18, 2]",,28.13859224994667
tabm,f70_17,17,0.7,,12,1.0,"[23, 0, 16, 21, 15, 19, 20, 24, 18, 2, 25, 22]",,28.13859224994667
tabm,f70_17,17,0.7,,14,0.8666666666666667,"[23, 0, 16, 21, 15, 19, 20, 24, 18, 2, 25, 22, 17, 9]",,28.13859224994667
tabm,f70_18,18,0.7,,4,0.6,"[23, 0, 16, 19]",,30.355387708172202
tabm,f70_18,18,0.7,,8,0.7777777777777778,"[23, 0, 16, 19, 21, 15, 20, 25]",,30.355387708172202
tabm,f70_18,18,0.7,,10,1.0,"[23, 0, 16, 19, 21, 15, 20, 25, 2, 24]",,30.355387708172202
tabm,f70_18,18,0.7,,12,0.8461538461538461,"[23, 0, 16, 19, 21, 15, 20, 25, 2, 24, 27, 18]",,30.355387708172202
tabm,f70_18,18,0.7,,14,0.8666666666666667,"[23, 0, 16, 19, 21, 15, 20, 25, 2, 24, 27, 18, 26, 17]",,30.355387708172202
tabm,f70_19,19,0.7,,4,0.3333333333333333,"[23, 0, 21, 19]",,29.689987333025783
tabm,f70_19,19,0.7,,8,1.0,"[23, 0, 21, 19, 16, 15, 20, 24]",,29.689987333025783
tabm,f70_19,19,0.7,,10,1.0,"[23, 0, 21, 19, 16, 15, 20, 24, 25, 2]",,29.689987333025783
tabm,f70_19,19,0.7,,12,0.8461538461538461,"[23, 0, 21, 19, 16, 15, 20, 24, 25, 2, 27, 18]",,29.689987333025783
tabm,f70_19,19,0.7,,14,0.8666666666666667,"[23, 0, 21, 19, 16, 15, 20, 24, 25, 2, 27, 18, 22, 3]",,29.689987333025783
tabm,f80_00,0,0.8,,4,0.6,"[23, 0, 16, 19]",,29.590386250056326
tabm,f80_00,0,0.8,,8,1.0,"[23, 0, 16, 19, 15, 21, 20, 24]",,29.590386250056326
tabm,f80_00,0,0.8,,10,1.0,"[23, 0, 16, 19, 15, 21, 20, 24, 25, 2]",,29.590386250056326
tabm,f80_00,0,0.8,,12,0.8461538461538461,"[23, 0, 16, 19, 15, 21, 20, 24, 25, 2, 18, 27]",,29.590386250056326
tabm,f80_00,0,0.8,,14,0.75,"[23, 0, 16, 19, 15, 21, 20, 24, 25, 2, 18, 27, 1, 3]",,29.590386250056326
tabm,f80_01,1,0.8,,4,0.6,"[23, 0, 15, 21]",,35.132239250000566
tabm,f80_01,1,0.8,,8,0.7777777777777778,"[23, 0, 15, 21, 19, 16, 20, 2]",,35.132239250000566
tabm,f80_01,1,0.8,,10,1.0,"[23, 0, 15, 21, 19, 16, 20, 2, 24, 25]",,35.132239250000566
tabm,f80_01,1,0.8,,12,0.8461538461538461,"[23, 0, 15, 21, 19, 16, 20, 2, 24, 25, 18, 9]",,35.132239250000566
tabm,f80_01,1,0.8,,14,0.75,"[23, 0, 15, 21, 19, 16, 20, 2, 24, 25, 18, 9, 22, 8]",,35.132239250000566
tabm,f80_02,2,0.8,,4,0.3333333333333333,"[23, 0, 19, 21]",,33.49945341702551
tabm,f80_02,2,0.8,,8,0.7777777777777778,"[23, 0, 19, 21, 16, 15, 20, 2]",,33.49945341702551
tabm,f80_02,2,0.8,,10,1.0,"[23, 0, 19, 21, 16, 15, 20, 2, 25, 24]",,33.49945341702551
tabm,f80_02,2,0.8,,12,1.0,"[23, 0, 19, 21, 16, 15, 20, 2, 25, 24, 18, 22]",,33.49945341702551
tabm,f80_02,2,0.8,,14,0.8666666666666667,"[23, 0, 19, 21, 16, 15, 20, 2, 25, 24, 18, 22, 17, 8]",,33.49945341702551
tabm,f80_03,3,0.8,,4,0.6,"[23, 0, 21, 15]",,35.701105792075396
tabm,f80_03,3,0.8,,8,0.7777777777777778,"[23, 0, 21, 15, 16, 19, 20, 2]",,35.701105792075396
tabm,f80_03,3,0.8,,10,1.0,"[23, 0, 21, 15, 16, 19, 20, 2, 24, 25]",,35.701105792075396
tabm,f80_03,3,0.8,,12,0.8461538461538461,"[23, 0, 21, 15, 16, 19, 20, 2, 24, 25, 18, 17]",,35.701105792075396
tabm,f80_03,3,0.8,,14,0.8666666666666667,"[23, 0, 21, 15, 16, 19, 20, 2, 24, 25, 18, 17, 22, 3]",,35.701105792075396
tabm,f80_04,4,0.8,,4,0.6,"[23, 0, 16, 19]",,28.164034917019308
tabm,f80_04,4,0.8,,8,0.7777777777777778,"[23, 0, 16, 19, 15, 21, 20, 2]",,28.164034917019308
tabm,f80_04,4,0.8,,10,1.0,"[23, 0, 16, 19, 15, 21, 20, 2, 24, 25]",,28.164034917019308
tabm,f80_04,4,0.8,,12,0.8461538461538461,"[23, 0, 16, 19, 15, 21, 20, 2, 24, 25, 18, 27]",,28.164034917019308
tabm,f80_04,4,0.8,,14,0.8666666666666667,"[23, 0, 16, 19, 15, 21, 20, 2, 24, 25, 18, 27, 22, 7]",,28.164034917019308
tabm,f80_05,5,0.8,,4,1.0,"[23, 0, 16, 15]",,31.59883875004016
tabm,f80_05,5,0.8,,8,1.0,"[23, 0, 16, 15, 21, 19, 20, 24]",,31.59883875004016
tabm,f80_05,5,0.8,,10,1.0,"[23, 0, 16, 15, 21, 19, 20, 24, 25, 2]",,31.59883875004016
tabm,f80_05,5,0.8,,12,0.8461538461538461,"[23, 0, 16, 15, 21, 19, 20, 24, 25, 2, 18, 17]",,31.59883875004016
tabm,f80_05,5,0.8,,14,1.0,"[23, 0, 16, 15, 21, 19, 20, 24, 25, 2, 18, 17, 27, 22]",,31.59883875004016
tabm,f80_06,6,0.8,,4,0.6,"[23, 0, 21, 16]",,32.29515150003135
tabm,f80_06,6,0.8,,8,1.0,"[23, 0, 21, 16, 15, 19, 20, 24]",,32.29515150003135
tabm,f80_06,6,0.8,,10,1.0,"[23, 0, 21, 16, 15, 19, 20, 24, 25, 2]",,32.29515150003135
tabm,f80_06,6,0.8,,12,0.8461538461538461,"[23, 0, 21, 16, 15, 19, 20, 24, 25, 2, 18, 1]",,32.29515150003135
tabm,f80_06,6,0.8,,14,0.8666666666666667,"[23, 0, 21, 16, 15, 19, 20, 24, 25, 2, 18, 1, 22, 27]",,32.29515150003135
tabm,f80_07,7,0.8,,4,1.0,"[23, 0, 15, 16]",,35.47928487509489
tabm,f80_07,7,0.8,,8,1.0,"[23, 0, 15, 16, 19, 21, 20, 24]",,35.47928487509489
tabm,f80_07,7,0.8,,10,1.0,"[23, 0, 15, 16, 19, 21, 20, 24, 25, 2]",,35.47928487509489
tabm,f80_07,7,0.8,,12,0.7142857142857143,"[23, 0, 15, 16, 19, 21, 20, 24, 25, 2, 9, 27]",,35.47928487509489
tabm,f80_07,7,0.8,,14,0.75,"[23, 0, 15, 16, 19, 21, 20, 24, 25, 2, 9, 27, 22, 7]",,35.47928487509489
tabm,f80_08,8,0.8,,4,0.6,"[23, 0, 15, 19]",,28.2306252499111
tabm,f80_08,8,0.8,,8,0.7777777777777778,"[23, 0, 15, 19, 21, 16, 20, 2]",,28.2306252499111
tabm,f80_08,8,0.8,,10,1.0,"[23, 0, 15, 19, 21, 16, 20, 2, 24, 25]",,28.2306252499111
tabm,f80_08,8,0.8,,12,0.8461538461538461,"[23, 0, 15, 19, 21, 16, 20, 2, 24, 25, 22, 27]",,28.2306252499111
tabm,f80_08,8,0.8,,14,0.8666666666666667,"[23, 0, 15, 19, 21, 16, 20, 2, 24, 25, 22, 27, 18, 9]",,28.2306252499111
tabm,f80_09,9,0.8,,4,0.6,"[23, 0, 16, 19]",,37.34600962488912
tabm,f80_09,9,0.8,,8,0.7777777777777778,"[23, 0, 16, 19, 15, 21, 20, 2]",,37.34600962488912
tabm,f80_09,9,0.8,,10,0.8181818181818182,"[23, 0, 16, 19, 15, 21, 20, 2, 24, 18]",,37.34600962488912
tabm,f80_09,9,0.8,,12,1.0,"[23, 0, 16, 19, 15, 21, 20, 2, 24, 18, 25, 22]",,37.34600962488912
tabm,f80_09,9,0.8,,14,0.75,"[23, 0, 16, 19, 15, 21, 20, 2, 24, 18, 25, 22, 9, 7]",,37.34600962488912
tabm,f80_10,10,0.8,,4,1.0,"[23, 0, 15, 16]",,34.69879970792681
tabm,f80_10,10,0.8,,8,1.0,"[23, 0, 15, 16, 21, 19, 20, 24]",,34.69879970792681
tabm,f80_10,10,0.8,,10,1.0,"[23, 0, 15, 16, 21, 19, 20, 24, 25, 2]",,34.69879970792681
tabm,f80_10,10,0.8,,12,1.0,"[23, 0, 15, 16, 21, 19, 20, 24, 25, 2, 18, 22]",,34.69879970792681
tabm,f80_10,10,0.8,,14,0.75,"[23, 0, 15, 16, 21, 19, 20, 24, 25, 2, 18, 22, 9, 8]",,34.69879970792681
tabm,f80_11,11,0.8,,4,0.6,"[23, 0, 21, 16]",,28.148869416909292
tabm,f80_11,11,0.8,,8,1.0,"[23, 0, 21, 16, 15, 19, 20, 24]",,28.148869416909292
tabm,f80_11,11,0.8,,10,1.0,"[23, 0, 21, 16, 15, 19, 20, 24, 2, 25]",,28.148869416909292
tabm,f80_11,11,0.8,,12,0.8461538461538461,"[23, 0, 21, 16, 15, 19, 20, 24, 2, 25, 18, 27]",,28.148869416909292
tabm,f80_11,11,0.8,,14,0.75,"[23, 0, 21, 16, 15, 19, 20, 24, 2, 25, 18, 27, 1, 3]",,28.148869416909292
tabm,f80_12,12,0.8,,4,0.6,"[23, 0, 16, 19]",,30.342876333044842
tabm,f80_12,12,0.8,,8,0.7777777777777778,"[23, 0, 16, 19, 21, 15, 20, 2]",,30.342876333044842
tabm,f80_12,12,0.8,,10,1.0,"[23, 0, 16, 19, 21, 15, 20, 2, 24, 25]",,30.342876333044842
tabm,f80_12,12,0.8,,12,0.8461538461538461,"[23, 0, 16, 19, 21, 15, 20, 2, 24, 25, 22, 27]",,30.342876333044842
tabm,f80_12,12,0.8,,14,1.0,"[23, 0, 16, 19, 21, 15, 20, 2, 24, 25, 22, 27, 18, 17]",,30.342876333044842
tabm,f80_13,13,0.8,,4,0.6,"[23, 0, 19, 16]",,28.778616999974474
tabm,f80_13,13,0.8,,8,1.0,"[23, 0, 19, 16, 21, 15, 20, 24]",,28.778616999974474
tabm,f80_13,13,0.8,,10,1.0,"[23, 0, 19, 16, 21, 15, 20, 24, 25, 2]",,28.778616999974474
tabm,f80_13,13,0.8,,12,1.0,"[23, 0, 19, 16, 21, 15, 20, 24, 25, 2, 18, 22]",,28.778616999974474
tabm,f80_13,13,0.8,,14,0.8666666666666667,"[23, 0, 19, 16, 21, 15, 20, 24, 25, 2, 18, 22, 17, 9]",,28.778616999974474
tabm,f80_14,14,0.8,,4,1.0,"[23, 0, 15, 16]",,23.83651658287272
tabm,f80_14,14,0.8,,8,1.0,"[23, 0, 15, 16, 21, 19, 20, 24]",,23.83651658287272
tabm,f80_14,14,0.8,,10,1.0,"[23, 0, 15, 16, 21, 19, 20, 24, 2, 25]",,23.83651658287272
tabm,f80_14,14,0.8,,12,1.0,"[23, 0, 15, 16, 21, 19, 20, 24, 2, 25, 18, 22]",,23.83651658287272
tabm,f80_14,14,0.8,,14,0.8666666666666667,"[23, 0, 15, 16, 21, 19, 20, 24, 2, 25, 18, 22, 27, 8]",,23.83651658287272
tabm,f80_15,15,0.8,,4,0.6,"[23, 0, 21, 15]",,24.41842050012201
tabm,f80_15,15,0.8,,8,1.0,"[23, 0, 21, 15, 16, 19, 20, 24]",,24.41842050012201
tabm,f80_15,15,0.8,,10,1.0,"[23, 0, 21, 15, 16, 19, 20, 24, 2, 25]",,24.41842050012201
tabm,f80_15,15,0.8,,12,1.0,"[23, 0, 21, 15, 16, 19, 20, 24, 2, 25, 18, 22]",,24.41842050012201
tabm,f80_15,15,0.8,,14,0.75,"[23, 0, 21, 15, 16, 19, 20, 24, 2, 25, 18, 22, 8, 1]",,24.41842050012201
tabm,f80_16,16,0.8,,4,0.6,"[23, 0, 21, 16]",,21.12092429213226
tabm,f80_16,16,0.8,,8,1.0,"[23, 0, 21, 16, 15, 19, 20, 24]",,21.12092429213226
tabm,f80_16,16,0.8,,10,1.0,"[23, 0, 21, 16, 15, 19, 20, 24, 25, 2]",,21.12092429213226
tabm,f80_16,16,0.8,,12,0.8461538461538461,"[23, 0, 21, 16, 15, 19, 20, 24, 25, 2, 18, 8]",,21.12092429213226
tabm,f80_16,16,0.8,,14,0.75,"[23, 0, 21, 16, 15, 19, 20, 24, 25, 2, 18, 8, 28, 27]",,21.12092429213226
tabm,f80_17,17,0.8,,4,1.0,"[23, 0, 16, 15]",,22.7847147078719
tabm,f80_17,17,0.8,,8,1.0,"[23, 0, 16, 15, 19, 21, 20, 24]",,22.7847147078719
tabm,f80_17,17,0.8,,10,1.0,"[23, 0, 16, 15, 19, 21, 20, 24, 25, 2]",,22.7847147078719
tabm,f80_17,17,0.8,,12,1.0,"[23, 0, 16, 15, 19, 21, 20, 24, 25, 2, 18, 22]",,22.7847147078719
tabm,f80_17,17,0.8,,14,1.0,"[23, 0, 16, 15, 19, 21, 20, 24, 25, 2, 18, 22, 27, 17]",,22.7847147078719
tabm,f80_18,18,0.8,,4,1.0,"[23, 0, 15, 16]",,25.865020624827594
tabm,f80_18,18,0.8,,8,0.7777777777777778,"[23, 0, 15, 16, 19, 21, 20, 2]",,25.865020624827594
tabm,f80_18,18,0.8,,10,1.0,"[23, 0, 15, 16, 19, 21, 20, 2, 24, 25]",,25.865020624827594
tabm,f80_18,18,0.8,,12,0.8461538461538461,"[23, 0, 15, 16, 19, 21, 20, 2, 24, 25, 18, 1]",,25.865020624827594
tabm,f80_18,18,0.8,,14,0.75,"[23, 0, 15, 16, 19, 21, 20, 2, 24, 25, 18, 1, 9, 27]",,25.865020624827594
tabm,f80_19,19,0.8,,4,0.6,"[23, 0, 15, 19]",,23.650818791938946
tabm,f80_19,19,0.8,,8,1.0,"[23, 0, 15, 19, 16, 21, 20, 24]",,23.650818791938946
tabm,f80_19,19,0.8,,10,1.0,"[23, 0, 15, 19, 16, 21, 20, 24, 25, 2]",,23.650818791938946
tabm,f80_19,19,0.8,,12,0.8461538461538461,"[23, 0, 15, 19, 16, 21, 20, 24, 25, 2, 18, 27]",,23.650818791938946
tabm,f80_19,19,0.8,,14,0.8666666666666667,"[23, 0, 15, 19, 16, 21, 20, 24, 25, 2, 18, 27, 1, 22]",,23.650818791938946
vtfs,half_00_A,0,0.5,A,4,0.14285714285714285,"[11, 26, 23, 10]",,27.824636708013713
vtfs,half_00_A,0,0.5,A,8,0.23076923076923078,"[11, 26, 23, 10, 30, 27, 2, 12]",,27.824636708013713
vtfs,half_00_A,0,0.5,A,10,0.25,"[11, 26, 23, 10, 30, 27, 2, 12, 14, 16]",,27.824636708013713
vtfs,half_00_A,0,0.5,A,12,0.2631578947368421,"[11, 26, 23, 10, 30, 27, 2, 12, 14, 16, 19, 17]",,27.824636708013713
vtfs,half_00_A,0,0.5,A,14,0.21739130434782608,"[11, 26, 23, 10, 30, 27, 2, 12, 14, 16, 19, 17, 20, 28]",,27.824636708013713
vtfs,half_00_B,0,0.5,B,4,0.14285714285714285,"[0, 2, 4, 5]",,27.221446124836802
vtfs,half_00_B,0,0.5,B,8,0.06666666666666667,"[0, 2, 4, 5, 7, 9, 14, 16]",,27.221446124836802
vtfs,half_00_B,0,0.5,B,10,0.17647058823529413,"[0, 2, 4, 5, 7, 9, 14, 16, 18, 20]",,27.221446124836802
vtfs,half_00_B,0,0.5,B,12,0.2631578947368421,"[0, 2, 4, 5, 7, 9, 14, 16, 18, 20, 21, 22]",,27.221446124836802
vtfs,half_00_B,0,0.5,B,14,0.2727272727272727,"[0, 2, 4, 5, 7, 9, 14, 16, 18, 20, 21, 22, 27, 28]",,27.221446124836802
vtfs,half_01_A,1,0.5,A,4,0.14285714285714285,"[0, 2, 4, 5]",,27.044300167122856
vtfs,half_01_A,1,0.5,A,8,0.06666666666666667,"[0, 2, 4, 5, 7, 9, 14, 16]",,27.044300167122856
vtfs,half_01_A,1,0.5,A,10,0.17647058823529413,"[0, 2, 4, 5, 7, 9, 14, 16, 18, 20]",,27.044300167122856
vtfs,half_01_A,1,0.5,A,12,0.2631578947368421,"[0, 2, 4, 5, 7, 9, 14, 16, 18, 20, 21, 22]",,27.044300167122856
vtfs,half_01_A,1,0.5,A,14,0.2727272727272727,"[0, 2, 4, 5, 7, 9, 14, 16, 18, 20, 21, 22, 27, 28]",,27.044300167122856
vtfs,half_01_B,1,0.5,B,4,0.0,"[25, 19, 11, 12]",,26.437290500150993
vtfs,half_01_B,1,0.5,B,8,0.06666666666666667,"[25, 19, 11, 12, 30, 2, 27, 14]",,26.437290500150993
vtfs,half_01_B,1,0.5,B,10,0.17647058823529413,"[25, 19, 11, 12, 30, 2, 27, 14, 23, 16]",,26.437290500150993
vtfs,half_01_B,1,0.5,B,12,0.2,"[25, 19, 11, 12, 30, 2, 27, 14, 23, 16, 9, 10]",,26.437290500150993
vtfs,half_01_B,1,0.5,B,14,0.21739130434782608,"[25, 19, 11, 12, 30, 2, 27, 14, 23, 16, 9, 10, 20, 7]",,26.437290500150993
vtfs,half_02_A,2,0.5,A,4,0.0,"[11, 30, 23, 19]",,29.54213195783086
vtfs,half_02_A,2,0.5,A,8,0.23076923076923078,"[11, 30, 23, 19, 10, 17, 2, 12]",,29.54213195783086
vtfs,half_02_A,2,0.5,A,10,0.25,"[11, 30, 23, 19, 10, 17, 2, 12, 14, 16]",,29.54213195783086
vtfs,half_02_A,2,0.5,A,12,0.2631578947368421,"[11, 30, 23, 19, 10, 17, 2, 12, 14, 16, 27, 0]",,29.54213195783086
vtfs,half_02_A,2,0.5,A,14,0.21739130434782608,"[11, 30, 23, 19, 10, 17, 2, 12, 14, 16, 27, 0, 20, 29]",,29.54213195783086
vtfs,half_02_B,2,0.5,B,4,0.14285714285714285,"[11, 26, 23, 10]",,29.21755920816213
vtfs,half_02_B,2,0.5,B,8,0.23076923076923078,"[11, 26, 23, 10, 30, 27, 2, 12]",,29.21755920816213
vtfs,half_02_B,2,0.5,B,10,0.3333333333333333,"[11, 26, 23, 10, 30, 27, 2, 12, 0, 20]",,29.21755920816213
vtfs,half_02_B,2,0.5,B,12,0.2631578947368421,"[11, 26, 23, 10, 30, 27, 2, 12, 0, 20, 17, 16]",,29.21755920816213
vtfs,half_02_B,2,0.5,B,14,0.2727272727272727,"[11, 26, 23, 10, 30, 27, 2, 12, 0, 20, 17, 16, 19, 28]",,29.21755920816213
vtfs,half_03_A,3,0.5,A,4,0.14285714285714285,"[0, 18, 19, 23]",,29.591023832792416
vtfs,half_03_A,3,0.5,A,8,0.45454545454545453,"[0, 18, 19, 23, 25, 30, 1, 2]",,29.591023832792416
vtfs,half_03_A,3,0.5,A,10,0.5384615384615384,"[0, 18, 19, 23, 25, 30, 1, 2, 3, 4]",,29.591023832792416
vtfs,half_03_A,3,0.5,A,12,0.6,"[0, 18, 19, 23, 25, 30, 1, 2, 3, 4, 5, 6]",,29.591023832792416
vtfs,half_03_A,3,0.5,A,14,0.6470588235294118,"[0, 18, 19, 23, 25, 30, 1, 2, 3, 4, 5, 6, 7, 8]",,29.591023832792416
vtfs,half_03_B,3,0.5,B,4,1.0,"[0, 1, 10, 13]",,29.24789012479596
vtfs,half_03_B,3,0.5,B,8,1.0,"[0, 1, 10, 13, 18, 19, 23, 26]",,29.24789012479596
vtfs,half_03_B,3,0.5,B,10,1.0,"[0, 1, 10, 13, 18, 19, 23, 26, 2, 3]",,29.24789012479596
vtfs,half_03_B,3,0.5,B,12,1.0,"[0, 1, 10, 13, 18, 19, 23, 26, 2, 3, 4, 5]",,29.24789012479596
vtfs,half_03_B,3,0.5,B,14,1.0,"[0, 1, 10, 13, 18, 19, 23, 26, 2, 3, 4, 5, 6, 7]",,29.24789012479596
vtfs,half_04_A,4,0.5,A,4,0.14285714285714285,"[0, 2, 4, 5]",,29.60285387514159
vtfs,half_04_A,4,0.5,A,8,0.06666666666666667,"[0, 2, 4, 5, 7, 9, 14, 16]",,29.60285387514159
vtfs,half_04_A,4,0.5,A,10,0.17647058823529413,"[0, 2, 4, 5, 7, 9, 14, 16, 18, 20]",,29.60285387514159
vtfs,half_04_A,4,0.5,A,12,0.2631578947368421,"[0, 2, 4, 5, 7, 9, 14, 16, 18, 20, 21, 22]",,29.60285387514159
vtfs,half_04_A,4,0.5,A,14,0.2727272727272727,"[0, 2, 4, 5, 7, 9, 14, 16, 18, 20, 21, 22, 27, 28]",,29.60285387514159
vtfs,half_04_B,4,0.5,B,4,0.14285714285714285,"[0, 2, 4, 5]",,32.67113058292307
vtfs,half_04_B,4,0.5,B,8,0.06666666666666667,"[0, 2, 4, 5, 7, 9, 14, 16]",,32.67113058292307
vtfs,half_04_B,4,0.5,B,10,0.17647058823529413,"[0, 2, 4, 5, 7, 9, 14, 16, 18, 20]",,32.67113058292307
vtfs,half_04_B,4,0.5,B,12,0.2631578947368421,"[0, 2, 4, 5, 7, 9, 14, 16, 18, 20, 21, 22]",,32.67113058292307
vtfs,half_04_B,4,0.5,B,14,0.2727272727272727,"[0, 2, 4, 5, 7, 9, 14, 16, 18, 20, 21, 22, 27, 28]",,32.67113058292307
vtfs,half_05_A,5,0.5,A,4,0.0,"[25, 11, 12, 19]",,32.68095483421348
vtfs,half_05_A,5,0.5,A,8,0.14285714285714285,"[25, 11, 12, 19, 2, 0, 30, 27]",,32.68095483421348
vtfs,half_05_A,5,0.5,A,10,0.25,"[25, 11, 12, 19, 2, 0, 30, 27, 14, 23]",,32.68095483421348
vtfs,half_05_A,5,0.5,A,12,0.2631578947368421,"[25, 11, 12, 19, 2, 0, 30, 27, 14, 23, 9, 5]",,32.68095483421348
vtfs,half_05_A,5,0.5,A,14,0.2727272727272727,"[25, 11, 12, 19, 2, 0, 30, 27, 14, 23, 9, 5, 10, 20]",,32.68095483421348
vtfs,half_05_B,5,0.5,B,4,0.0,"[25, 19, 11, 12]",,32.60504670906812
vtfs,half_05_B,5,0.5,B,8,0.06666666666666667,"[25, 19, 11, 12, 30, 2, 27, 14]",,32.60504670906812
vtfs,half_05_B,5,0.5,B,10,0.17647058823529413,"[25, 19, 11, 12, 30, 2, 27, 14, 23, 16]",,32.60504670906812
vtfs,half_05_B,5,0.5,B,12,0.2,"[25, 19, 11, 12, 30, 2, 27, 14, 23, 16, 9, 10]",,32.60504670906812
vtfs,half_05_B,5,0.5,B,14,0.21739130434782608,"[25, 19, 11, 12, 30, 2, 27, 14, 23, 16, 9, 10, 20, 7]",,32.60504670906812
vtfs,half_06_A,6,0.5,A,4,0.0,"[30, 19, 27, 2]",,32.03196058399044
vtfs,half_06_A,6,0.5,A,8,0.23076923076923078,"[30, 19, 27, 2, 23, 10, 17, 20]",,32.03196058399044
vtfs,half_06_A,6,0.5,A,10,0.42857142857142855,"[30, 19, 27, 2, 23, 10, 17, 20, 26, 0]",,32.03196058399044
vtfs,half_06_A,6,0.5,A,12,0.3333333333333333,"[30, 19, 27, 2, 23, 10, 17, 20, 26, 0, 16, 25]",,32.03196058399044
vtfs,half_06_A,6,0.5,A,14,0.3333333333333333,"[30, 19, 27, 2, 23, 10, 17, 20, 26, 0, 16, 25, 14, 1]",,32.03196058399044
vtfs,half_06_B,6,0.5,B,4,1.0,"[0, 1, 10, 13]",,33.592249708017334
vtfs,half_06_B,6,0.5,B,8,1.0,"[0, 1, 10, 13, 18, 19, 23, 26]",,33.592249708017334
vtfs,half_06_B,6,0.5,B,10,1.0,"[0, 1, 10, 13, 18, 19, 23, 26, 2, 3]",,33.592249708017334
vtfs,half_06_B,6,0.5,B,12,1.0,"[0, 1, 10, 13, 18, 19, 23, 26, 2, 3, 4, 5]",,33.592249708017334
vtfs,half_06_B,6,0.5,B,14,1.0,"[0, 1, 10, 13, 18, 19, 23, 26, 2, 3, 4, 5, 6, 7]",,33.592249708017334
vtfs,half_07_A,7,0.5,A,4,0.14285714285714285,"[11, 26, 23, 10]",,33.095206290949136
vtfs,half_07_A,7,0.5,A,8,0.23076923076923078,"[11, 26, 23, 10, 30, 27, 2, 12]",,33.095206290949136
vtfs,half_07_A,7,0.5,A,10,0.25,"[11, 26, 23, 10, 30, 27, 2, 12, 14, 16]",,33.095206290949136
vtfs,half_07_A,7,0.5,A,12,0.2631578947368421,"[11, 26, 23, 10, 30, 27, 2, 12, 14, 16, 19, 17]",,33.095206290949136
vtfs,half_07_A,7,0.5,A,14,0.21739130434782608,"[11, 26, 23, 10, 30, 27, 2, 12, 14, 16, 19, 17, 20, 28]",,33.095206290949136
vtfs,half_07_B,7,0.5,B,4,0.14285714285714285,"[0, 2, 4, 5]",,36.54329249984585
vtfs,half_07_B,7,0.5,B,8,0.06666666666666667,"[0, 2, 4, 5, 7, 9, 14, 16]",,36.54329249984585
vtfs,half_07_B,7,0.5,B,10,0.17647058823529413,"[0, 2, 4, 5, 7, 9, 14, 16, 18, 20]",,36.54329249984585
vtfs,half_07_B,7,0.5,B,12,0.2631578947368421,"[0, 2, 4, 5, 7, 9, 14, 16, 18, 20, 21, 22]",,36.54329249984585
vtfs,half_07_B,7,0.5,B,14,0.2727272727272727,"[0, 2, 4, 5, 7, 9, 14, 16, 18, 20, 21, 22, 27, 28]",,36.54329249984585
vtfs,half_08_A,8,0.5,A,4,0.14285714285714285,"[11, 30, 23, 10]",,35.5315830828622
vtfs,half_08_A,8,0.5,A,8,0.23076923076923078,"[11, 30, 23, 10, 27, 2, 12, 0]",,35.5315830828622
vtfs,half_08_A,8,0.5,A,10,0.3333333333333333,"[11, 30, 23, 10, 27, 2, 12, 0, 20, 26]",,35.5315830828622
vtfs,half_08_A,8,0.5,A,12,0.2631578947368421,"[11, 30, 23, 10, 27, 2, 12, 0, 20, 26, 17, 16]",,35.5315830828622
vtfs,half_08_A,8,0.5,A,14,0.2727272727272727,"[11, 30, 23, 10, 27, 2, 12, 0, 20, 26, 17, 16, 19, 28]",,35.5315830828622
vtfs,half_08_B,8,0.5,B,4,1.0,"[0, 1, 10, 13]",,32.896169208223
vtfs,half_08_B,8,0.5,B,8,1.0,"[0, 1, 10, 13, 18, 19, 23, 26]",,32.896169208223
vtfs,half_08_B,8,0.5,B,10,1.0,"[0, 1, 10, 13, 18, 19, 23, 26, 2, 3]",,32.896169208223
vtfs,half_08_B,8,0.5,B,12,1.0,"[0, 1, 10, 13, 18, 19, 23, 26, 2, 3, 4, 5]",,32.896169208223
vtfs,half_08_B,8,0.5,B,14,1.0,"[0, 1, 10, 13, 18, 19, 23, 26, 2, 3, 4, 5, 6, 7]",,32.896169208223
vtfs,half_09_A,9,0.5,A,4,0.14285714285714285,"[23, 19, 10, 30]",,33.06217604200356
vtfs,half_09_A,9,0.5,A,8,0.3333333333333333,"[23, 19, 10, 30, 27, 0, 20, 17]",,33.06217604200356
vtfs,half_09_A,9,0.5,A,10,0.3333333333333333,"[23, 19, 10, 30, 27, 0, 20, 17, 2, 12]",,33.06217604200356
vtfs,half_09_A,9,0.5,A,12,0.3333333333333333,"[23, 19, 10, 30, 27, 0, 20, 17, 2, 12, 16, 13]",,33.06217604200356
vtfs,half_09_A,9,0.5,A,14,0.3333333333333333,"[23, 19, 10, 30, 27, 0, 20, 17, 2, 12, 16, 13, 14, 1]",,33.06217604200356
vtfs,half_09_B,9,0.5,B,4,0.0,"[25, 11, 12, 19]",,28.606597165809944
vtfs,half_09_B,9,0.5,B,8,0.14285714285714285,"[25, 11, 12, 19, 2, 0, 30, 14]",,28.606597165809944
vtfs,half_09_B,9,0.5,B,10,0.25,"[25, 11, 12, 19, 2, 0, 30, 14, 23, 27]",,28.606597165809944
vtfs,half_09_B,9,0.5,B,12,0.2631578947368421,"[25, 11, 12, 19, 2, 0, 30, 14, 23, 27, 20, 5]",,28.606597165809944
vtfs,half_09_B,9,0.5,B,14,0.3333333333333333,"[25, 11, 12, 19, 2, 0, 30, 14, 23, 27, 20, 5, 10, 26]",,28.606597165809944
vtfs,half_10_A,10,0.5,A,4,0.0,"[25, 19, 11, 12]",,28.606206957949325
vtfs,half_10_A,10,0.5,A,8,0.14285714285714285,"[25, 19, 11, 12, 0, 30, 2, 27]",,28.606206957949325
vtfs,half_10_A,10,0.5,A,10,0.25,"[25, 19, 11, 12, 0, 30, 2, 27, 14, 23]",,28.606206957949325
vtfs,half_10_A,10,0.5,A,12,0.2631578947368421,"[25, 19, 11, 12, 0, 30, 2, 27, 14, 23, 9, 10]",,28.606206957949325
vtfs,half_10_A,10,0.5,A,14,0.21739130434782608,"[25, 19, 11, 12, 0, 30, 2, 27, 14, 23, 9, 10, 20, 16]",,28.606206957949325
vtfs,half_10_B,10,0.5,B,4,0.14285714285714285,"[0, 2, 4, 5]",,28.818088417174295
vtfs,half_10_B,10,0.5,B,8,0.06666666666666667,"[0, 2, 4, 5, 7, 9, 14, 16]",,28.818088417174295
vtfs,half_10_B,10,0.5,B,10,0.17647058823529413,"[0, 2, 4, 5, 7, 9, 14, 16, 18, 20]",,28.818088417174295
vtfs,half_10_B,10,0.5,B,12,0.2631578947368421,"[0, 2, 4, 5, 7, 9, 14, 16, 18, 20, 21, 22]",,28.818088417174295
vtfs,half_10_B,10,0.5,B,14,0.2727272727272727,"[0, 2, 4, 5, 7, 9, 14, 16, 18, 20, 21, 22, 27, 28]",,28.818088417174295
vtfs,half_11_A,11,0.5,A,4,0.14285714285714285,"[0, 2, 4, 5]",,28.71946670813486
vtfs,half_11_A,11,0.5,A,8,0.06666666666666667,"[0, 2, 4, 5, 7, 9, 14, 16]",,28.71946670813486
vtfs,half_11_A,11,0.5,A,10,0.17647058823529413,"[0, 2, 4, 5, 7, 9, 14, 16, 18, 20]",,28.71946670813486
vtfs,half_11_A,11,0.5,A,12,0.2631578947368421,"[0, 2, 4, 5, 7, 9, 14, 16, 18, 20, 21, 22]",,28.71946670813486
vtfs,half_11_A,11,0.5,A,14,0.2727272727272727,"[0, 2, 4, 5, 7, 9, 14, 16, 18, 20, 21, 22, 27, 28]",,28.71946670813486
vtfs,half_11_B,11,0.5,B,4,0.14285714285714285,"[0, 2, 4, 5]",,28.03021812485531
vtfs,half_11_B,11,0.5,B,8,0.06666666666666667,"[0, 2, 4, 5, 7, 9, 14, 16]",,28.03021812485531
vtfs,half_11_B,11,0.5,B,10,0.17647058823529413,"[0, 2, 4, 5, 7, 9, 14, 16, 18, 20]",,28.03021812485531
vtfs,half_11_B,11,0.5,B,12,0.2631578947368421,"[0, 2, 4, 5, 7, 9, 14, 16, 18, 20, 21, 22]",,28.03021812485531
vtfs,half_11_B,11,0.5,B,14,0.2727272727272727,"[0, 2, 4, 5, 7, 9, 14, 16, 18, 20, 21, 22, 27, 28]",,28.03021812485531
vtfs,half_12_A,12,0.5,A,4,0.14285714285714285,"[0, 2, 4, 5]",,27.89458183408715
vtfs,half_12_A,12,0.5,A,8,0.06666666666666667,"[0, 2, 4, 5, 7, 9, 14, 16]",,27.89458183408715
vtfs,half_12_A,12,0.5,A,10,0.17647058823529413,"[0, 2, 4, 5, 7, 9, 14, 16, 18, 20]",,27.89458183408715
vtfs,half_12_A,12,0.5,A,12,0.2631578947368421,"[0, 2, 4, 5, 7, 9, 14, 16, 18, 20, 21, 22]",,27.89458183408715
vtfs,half_12_A,12,0.5,A,14,0.2727272727272727,"[0, 2, 4, 5, 7, 9, 14, 16, 18, 20, 21, 22, 27, 28]",,27.89458183408715
vtfs,half_12_B,12,0.5,B,4,0.14285714285714285,"[0, 2, 4, 5]",,28.361902832984924
vtfs,half_12_B,12,0.5,B,8,0.06666666666666667,"[0, 2, 4, 5, 7, 9, 14, 16]",,28.361902832984924
vtfs,half_12_B,12,0.5,B,10,0.17647058823529413,"[0, 2, 4, 5, 7, 9, 14, 16, 18, 20]",,28.361902832984924
vtfs,half_12_B,12,0.5,B,12,0.2631578947368421,"[0, 2, 4, 5, 7, 9, 14, 16, 18, 20, 21, 22]",,28.361902832984924
vtfs,half_12_B,12,0.5,B,14,0.2727272727272727,"[0, 2, 4, 5, 7, 9, 14, 16, 18, 20, 21, 22, 27, 28]",,28.361902832984924
vtfs,half_13_A,13,0.5,A,4,0.0,"[12, 25, 2, 27]",,27.988103166921064
vtfs,half_13_A,13,0.5,A,8,0.0,"[12, 25, 2, 27, 30, 14, 17, 9]",,27.988103166921064
vtfs,half_13_A,13,0.5,A,10,0.1111111111111111,"[12, 25, 2, 27, 30, 14, 17, 9, 28, 18]",,27.988103166921064
vtfs,half_13_A,13,0.5,A,12,0.14285714285714285,"[12, 25, 2, 27, 30, 14, 17, 9, 28, 18, 19, 20]",,27.988103166921064
vtfs,half_13_A,13,0.5,A,14,0.16666666666666666,"[12, 25, 2, 27, 30, 14, 17, 9, 28, 18, 19, 20, 15, 23]",,27.988103166921064
vtfs,half_13_B,13,0.5,B,4,0.14285714285714285,"[0, 18, 19, 23]",,28.322128500090912
vtfs,half_13_B,13,0.5,B,8,0.45454545454545453,"[0, 18, 19, 23, 25, 30, 1, 2]",,28.322128500090912
vtfs,half_13_B,13,0.5,B,10,0.5384615384615384,"[0, 18, 19, 23, 25, 30, 1, 2, 3, 4]",,28.322128500090912
vtfs,half_13_B,13,0.5,B,12,0.6,"[0, 18, 19, 23, 25, 30, 1, 2, 3, 4, 5, 6]",,28.322128500090912
vtfs,half_13_B,13,0.5,B,14,0.6470588235294118,"[0, 18, 19, 23, 25, 30, 1, 2, 3, 4, 5, 6, 7, 8]",,28.322128500090912
vtfs,half_14_A,14,0.5,A,4,1.0,"[0, 1, 10, 13]",,28.09991970891133
vtfs,half_14_A,14,0.5,A,8,1.0,"[0, 1, 10, 13, 18, 19, 23, 26]",,28.09991970891133
vtfs,half_14_A,14,0.5,A,10,1.0,"[0, 1, 10, 13, 18, 19, 23, 26, 2, 3]",,28.09991970891133
vtfs,half_14_A,14,0.5,A,12,1.0,"[0, 1, 10, 13, 18, 19, 23, 26, 2, 3, 4, 5]",,28.09991970891133
vtfs,half_14_A,14,0.5,A,14,1.0,"[0, 1, 10, 13, 18, 19, 23, 26, 2, 3, 4, 5, 6, 7]",,28.09991970891133
vtfs,half_14_B,14,0.5,B,4,0.14285714285714285,"[0, 2, 4, 5]",,28.48251858400181
vtfs,half_14_B,14,0.5,B,8,0.06666666666666667,"[0, 2, 4, 5, 7, 9, 14, 16]",,28.48251858400181
vtfs,half_14_B,14,0.5,B,10,0.17647058823529413,"[0, 2, 4, 5, 7, 9, 14, 16, 18, 20]",,28.48251858400181
vtfs,half_14_B,14,0.5,B,12,0.2631578947368421,"[0, 2, 4, 5, 7, 9, 14, 16, 18, 20, 21, 22]",,28.48251858400181
vtfs,half_14_B,14,0.5,B,14,0.2727272727272727,"[0, 2, 4, 5, 7, 9, 14, 16, 18, 20, 21, 22, 27, 28]",,28.48251858400181
vtfs,half_15_A,15,0.5,A,4,1.0,"[0, 1, 10, 13]",,28.094060374889523
vtfs,half_15_A,15,0.5,A,8,1.0,"[0, 1, 10, 13, 18, 19, 23, 26]",,28.094060374889523
vtfs,half_15_A,15,0.5,A,10,1.0,"[0, 1, 10, 13, 18, 19, 23, 26, 2, 3]",,28.094060374889523
vtfs,half_15_A,15,0.5,A,12,1.0,"[0, 1, 10, 13, 18, 19, 23, 26, 2, 3, 4, 5]",,28.094060374889523
vtfs,half_15_A,15,0.5,A,14,1.0,"[0, 1, 10, 13, 18, 19, 23, 26, 2, 3, 4, 5, 6, 7]",,28.094060374889523
vtfs,half_15_B,15,0.5,B,4,0.14285714285714285,"[0, 2, 4, 5]",,32.118707082932815
vtfs,half_15_B,15,0.5,B,8,0.06666666666666667,"[0, 2, 4, 5, 7, 9, 14, 16]",,32.118707082932815
vtfs,half_15_B,15,0.5,B,10,0.17647058823529413,"[0, 2, 4, 5, 7, 9, 14, 16, 18, 20]",,32.118707082932815
vtfs,half_15_B,15,0.5,B,12,0.2631578947368421,"[0, 2, 4, 5, 7, 9, 14, 16, 18, 20, 21, 22]",,32.118707082932815
vtfs,half_15_B,15,0.5,B,14,0.2727272727272727,"[0, 2, 4, 5, 7, 9, 14, 16, 18, 20, 21, 22, 27, 28]",,32.118707082932815
vtfs,half_16_A,16,0.5,A,4,0.14285714285714285,"[0, 2, 4, 5]",,30.337629833025858
vtfs,half_16_A,16,0.5,A,8,0.06666666666666667,"[0, 2, 4, 5, 7, 9, 14, 16]",,30.337629833025858
vtfs,half_16_A,16,0.5,A,10,0.17647058823529413,"[0, 2, 4, 5, 7, 9, 14, 16, 18, 20]",,30.337629833025858
vtfs,half_16_A,16,0.5,A,12,0.2631578947368421,"[0, 2, 4, 5, 7, 9, 14, 16, 18, 20, 21, 22]",,30.337629833025858
vtfs,half_16_A,16,0.5,A,14,0.2727272727272727,"[0, 2, 4, 5, 7, 9, 14, 16, 18, 20, 21, 22, 27, 28]",,30.337629833025858
vtfs,half_16_B,16,0.5,B,4,0.0,"[25, 19, 11, 12]",,38.8574831248261
vtfs,half_16_B,16,0.5,B,8,0.06666666666666667,"[25, 19, 11, 12, 30, 2, 27, 14]",,38.8574831248261
vtfs,half_16_B,16,0.5,B,10,0.17647058823529413,"[25, 19, 11, 12, 30, 2, 27, 14, 23, 16]",,38.8574831248261
vtfs,half_16_B,16,0.5,B,12,0.2,"[25, 19, 11, 12, 30, 2, 27, 14, 23, 16, 9, 10]",,38.8574831248261
vtfs,half_16_B,16,0.5,B,14,0.21739130434782608,"[25, 19, 11, 12, 30, 2, 27, 14, 23, 16, 9, 10, 20, 7]",,38.8574831248261
vtfs,half_17_A,17,0.5,A,4,0.0,"[25, 11, 12, 19]",,38.034634499810636
vtfs,half_17_A,17,0.5,A,8,0.14285714285714285,"[25, 11, 12, 19, 2, 20, 5, 10]",,38.034634499810636
vtfs,half_17_A,17,0.5,A,10,0.17647058823529413,"[25, 11, 12, 19, 2, 20, 5, 10, 30, 27]",,38.034634499810636
vtfs,half_17_A,17,0.5,A,12,0.2631578947368421,"[25, 11, 12, 19, 2, 20, 5, 10, 30, 27, 14, 23]",,38.034634499810636
vtfs,half_17_A,17,0.5,A,14,0.2727272727272727,"[25, 11, 12, 19, 2, 20, 5, 10, 30, 27, 14, 23, 16, 26]",,38.034634499810636
vtfs,half_17_B,17,0.5,B,4,0.14285714285714285,"[11, 26, 23, 10]",,39.541568874847144
vtfs,half_17_B,17,0.5,B,8,0.23076923076923078,"[11, 26, 23, 10, 30, 27, 2, 12]",,39.541568874847144
vtfs,half_17_B,17,0.5,B,10,0.3333333333333333,"[11, 26, 23, 10, 30, 27, 2, 12, 0, 20]",,39.541568874847144
vtfs,half_17_B,17,0.5,B,12,0.2631578947368421,"[11, 26, 23, 10, 30, 27, 2, 12, 0, 20, 17, 16]",,39.541568874847144
vtfs,half_17_B,17,0.5,B,14,0.2727272727272727,"[11, 26, 23, 10, 30, 27, 2, 12, 0, 20, 17, 16, 19, 28]",,39.541568874847144
vtfs,half_18_A,18,0.5,A,4,0.14285714285714285,"[0, 18, 19, 23]",,39.23370629106648
vtfs,half_18_A,18,0.5,A,8,0.45454545454545453,"[0, 18, 19, 23, 25, 30, 1, 2]",,39.23370629106648
vtfs,half_18_A,18,0.5,A,10,0.5384615384615384,"[0, 18, 19, 23, 25, 30, 1, 2, 3, 4]",,39.23370629106648
vtfs,half_18_A,18,0.5,A,12,0.6,"[0, 18, 19, 23, 25, 30, 1, 2, 3, 4, 5, 6]",,39.23370629106648
vtfs,half_18_A,18,0.5,A,14,0.6470588235294118,"[0, 18, 19, 23, 25, 30, 1, 2, 3, 4, 5, 6, 7, 8]",,39.23370629106648
vtfs,half_18_B,18,0.5,B,4,0.14285714285714285,"[0, 2, 4, 5]",,40.027780750067905
vtfs,half_18_B,18,0.5,B,8,0.06666666666666667,"[0, 2, 4, 5, 7, 9, 14, 16]",,40.027780750067905
vtfs,half_18_B,18,0.5,B,10,0.17647058823529413,"[0, 2, 4, 5, 7, 9, 14, 16, 18, 20]",,40.027780750067905
vtfs,half_18_B,18,0.5,B,12,0.2631578947368421,"[0, 2, 4, 5, 7, 9, 14, 16, 18, 20, 21, 22]",,40.027780750067905
vtfs,half_18_B,18,0.5,B,14,0.2727272727272727,"[0, 2, 4, 5, 7, 9, 14, 16, 18, 20, 21, 22, 27, 28]",,40.027780750067905
vtfs,half_19_A,19,0.5,A,4,0.14285714285714285,"[0, 2, 4, 5]",,38.74633437488228
vtfs,half_19_A,19,0.5,A,8,0.06666666666666667,"[0, 2, 4, 5, 7, 9, 14, 16]",,38.74633437488228
vtfs,half_19_A,19,0.5,A,10,0.17647058823529413,"[0, 2, 4, 5, 7, 9, 14, 16, 18, 20]",,38.74633437488228
vtfs,half_19_A,19,0.5,A,12,0.2631578947368421,"[0, 2, 4, 5, 7, 9, 14, 16, 18, 20, 21, 22]",,38.74633437488228
vtfs,half_19_A,19,0.5,A,14,0.2727272727272727,"[0, 2, 4, 5, 7, 9, 14, 16, 18, 20, 21, 22, 27, 28]",,38.74633437488228
vtfs,half_19_B,19,0.5,B,4,0.14285714285714285,"[0, 2, 4, 5]",,42.65131699992344
vtfs,half_19_B,19,0.5,B,8,0.06666666666666667,"[0, 2, 4, 5, 7, 9, 14, 16]",,42.65131699992344
vtfs,half_19_B,19,0.5,B,10,0.17647058823529413,"[0, 2, 4, 5, 7, 9, 14, 16, 18, 20]",,42.65131699992344
vtfs,half_19_B,19,0.5,B,12,0.2631578947368421,"[0, 2, 4, 5, 7, 9, 14, 16, 18, 20, 21, 22]",,42.65131699992344
vtfs,half_19_B,19,0.5,B,14,0.2727272727272727,"[0, 2, 4, 5, 7, 9, 14, 16, 18, 20, 21, 22, 27, 28]",,42.65131699992344
vtfs,half_20_A,20,0.5,A,4,0.0,"[25, 11, 12, 19]",,40.59627699991688
vtfs,half_20_A,20,0.5,A,8,0.14285714285714285,"[25, 11, 12, 19, 2, 0, 30, 27]",,40.59627699991688
vtfs,half_20_A,20,0.5,A,10,0.25,"[25, 11, 12, 19, 2, 0, 30, 27, 14, 23]",,40.59627699991688
vtfs,half_20_A,20,0.5,A,12,0.2631578947368421,"[25, 11, 12, 19, 2, 0, 30, 27, 14, 23, 9, 5]",,40.59627699991688
vtfs,half_20_A,20,0.5,A,14,0.2727272727272727,"[25, 11, 12, 19, 2, 0, 30, 27, 14, 23, 9, 5, 10, 20]",,40.59627699991688
vtfs,half_20_B,20,0.5,B,4,0.14285714285714285,"[23, 19, 10, 30]",,42.036510958801955
vtfs,half_20_B,20,0.5,B,8,0.3333333333333333,"[23, 19, 10, 30, 27, 0, 20, 3]",,42.036510958801955
vtfs,half_20_B,20,0.5,B,10,0.3333333333333333,"[23, 19, 10, 30, 27, 0, 20, 3, 12, 11]",,42.036510958801955
vtfs,half_20_B,20,0.5,B,12,0.3333333333333333,"[23, 19, 10, 30, 27, 0, 20, 3, 12, 11, 26, 17]",,42.036510958801955
vtfs,half_20_B,20,0.5,B,14,0.3333333333333333,"[23, 19, 10, 30, 27, 0, 20, 3, 12, 11, 26, 17, 2, 14]",,42.036510958801955
vtfs,half_21_A,21,0.5,A,4,1.0,"[0, 1, 10, 13]",,41.39423529105261
vtfs,half_21_A,21,0.5,A,8,1.0,"[0, 1, 10, 13, 18, 19, 23, 26]",,41.39423529105261
vtfs,half_21_A,21,0.5,A,10,1.0,"[0, 1, 10, 13, 18, 19, 23, 26, 2, 3]",,41.39423529105261
vtfs,half_21_A,21,0.5,A,12,1.0,"[0, 1, 10, 13, 18, 19, 23, 26, 2, 3, 4, 5]",,41.39423529105261
vtfs,half_21_A,21,0.5,A,14,1.0,"[0, 1, 10, 13, 18, 19, 23, 26, 2, 3, 4, 5, 6, 7]",,41.39423529105261
vtfs,half_21_B,21,0.5,B,4,0.14285714285714285,"[0, 2, 4, 5]",,42.65654800017364
vtfs,half_21_B,21,0.5,B,8,0.06666666666666667,"[0, 2, 4, 5, 7, 9, 14, 16]",,42.65654800017364
vtfs,half_21_B,21,0.5,B,10,0.17647058823529413,"[0, 2, 4, 5, 7, 9, 14, 16, 18, 20]",,42.65654800017364
vtfs,half_21_B,21,0.5,B,12,0.2631578947368421,"[0, 2, 4, 5, 7, 9, 14, 16, 18, 20, 21, 22]",,42.65654800017364
vtfs,half_21_B,21,0.5,B,14,0.2727272727272727,"[0, 2, 4, 5, 7, 9, 14, 16, 18, 20, 21, 22, 27, 28]",,42.65654800017364
vtfs,half_22_A,22,0.5,A,4,0.0,"[11, 30, 23, 19]",,40.86383645795286
vtfs,half_22_A,22,0.5,A,8,0.23076923076923078,"[11, 30, 23, 19, 10, 27, 2, 12]",,40.86383645795286
vtfs,half_22_A,22,0.5,A,10,0.25,"[11, 30, 23, 19, 10, 27, 2, 12, 14, 16]",,40.86383645795286
vtfs,half_22_A,22,0.5,A,12,0.2631578947368421,"[11, 30, 23, 19, 10, 27, 2, 12, 14, 16, 0, 20]",,40.86383645795286
vtfs,half_22_A,22,0.5,A,14,0.21739130434782608,"[11, 30, 23, 19, 10, 27, 2, 12, 14, 16, 0, 20, 17, 9]",,40.86383645795286
vtfs,half_22_B,22,0.5,B,4,0.14285714285714285,"[0, 2, 4, 5]",,42.244705375051126
vtfs,half_22_B,22,0.5,B,8,0.06666666666666667,"[0, 2, 4, 5, 7, 9, 14, 16]",,42.244705375051126
vtfs,half_22_B,22,0.5,B,10,0.17647058823529413,"[0, 2, 4, 5, 7, 9, 14, 16, 18, 20]",,42.244705375051126
vtfs,half_22_B,22,0.5,B,12,0.2631578947368421,"[0, 2, 4, 5, 7, 9, 14, 16, 18, 20, 21, 22]",,42.244705375051126
vtfs,half_22_B,22,0.5,B,14,0.2727272727272727,"[0, 2, 4, 5, 7, 9, 14, 16, 18, 20, 21, 22, 27, 28]",,42.244705375051126
vtfs,half_23_A,23,0.5,A,4,1.0,"[0, 1, 10, 13]",,41.37936483416706
vtfs,half_23_A,23,0.5,A,8,1.0,"[0, 1, 10, 13, 18, 19, 23, 26]",,41.37936483416706
vtfs,half_23_A,23,0.5,A,10,1.0,"[0, 1, 10, 13, 18, 19, 23, 26, 2, 3]",,41.37936483416706
vtfs,half_23_A,23,0.5,A,12,1.0,"[0, 1, 10, 13, 18, 19, 23, 26, 2, 3, 4, 5]",,41.37936483416706
vtfs,half_23_A,23,0.5,A,14,1.0,"[0, 1, 10, 13, 18, 19, 23, 26, 2, 3, 4, 5, 6, 7]",,41.37936483416706
vtfs,half_23_B,23,0.5,B,4,0.0,"[11, 30, 23, 19]",,43.35886654211208
vtfs,half_23_B,23,0.5,B,8,0.23076923076923078,"[11, 30, 23, 19, 10, 27, 2, 12]",,43.35886654211208
vtfs,half_23_B,23,0.5,B,10,0.25,"[11, 30, 23, 19, 10, 27, 2, 12, 14, 16]",,43.35886654211208
vtfs,half_23_B,23,0.5,B,12,0.2631578947368421,"[11, 30, 23, 19, 10, 27, 2, 12, 14, 16, 0, 20]",,43.35886654211208
vtfs,half_23_B,23,0.5,B,14,0.21739130434782608,"[11, 30, 23, 19, 10, 27, 2, 12, 14, 16, 0, 20, 17, 9]",,43.35886654211208
vtfs,half_24_A,24,0.5,A,4,1.0,"[0, 1, 10, 13]",,42.56836741603911
vtfs,half_24_A,24,0.5,A,8,1.0,"[0, 1, 10, 13, 18, 19, 23, 26]",,42.56836741603911
vtfs,half_24_A,24,0.5,A,10,1.0,"[0, 1, 10, 13, 18, 19, 23, 26, 2, 3]",,42.56836741603911
vtfs,half_24_A,24,0.5,A,12,1.0,"[0, 1, 10, 13, 18, 19, 23, 26, 2, 3, 4, 5]",,42.56836741603911
vtfs,half_24_A,24,0.5,A,14,1.0,"[0, 1, 10, 13, 18, 19, 23, 26, 2, 3, 4, 5, 6, 7]",,42.56836741603911
vtfs,half_24_B,24,0.5,B,4,0.14285714285714285,"[0, 2, 4, 5]",,44.069129082839936
vtfs,half_24_B,24,0.5,B,8,0.06666666666666667,"[0, 2, 4, 5, 7, 9, 14, 16]",,44.069129082839936
vtfs,half_24_B,24,0.5,B,10,0.17647058823529413,"[0, 2, 4, 5, 7, 9, 14, 16, 18, 20]",,44.069129082839936
vtfs,half_24_B,24,0.5,B,12,0.2631578947368421,"[0, 2, 4, 5, 7, 9, 14, 16, 18, 20, 21, 22]",,44.069129082839936
vtfs,half_24_B,24,0.5,B,14,0.2727272727272727,"[0, 2, 4, 5, 7, 9, 14, 16, 18, 20, 21, 22, 27, 28]",,44.069129082839936
vtfs,half_25_A,25,0.5,A,4,0.14285714285714285,"[0, 18, 19, 23]",,42.43032337492332
vtfs,half_25_A,25,0.5,A,8,0.45454545454545453,"[0, 18, 19, 23, 25, 30, 1, 2]",,42.43032337492332
vtfs,half_25_A,25,0.5,A,10,0.5384615384615384,"[0, 18, 19, 23, 25, 30, 1, 2, 3, 4]",,42.43032337492332
vtfs,half_25_A,25,0.5,A,12,0.6,"[0, 18, 19, 23, 25, 30, 1, 2, 3, 4, 5, 6]",,42.43032337492332
vtfs,half_25_A,25,0.5,A,14,0.6470588235294118,"[0, 18, 19, 23, 25, 30, 1, 2, 3, 4, 5, 6, 7, 8]",,42.43032337492332
vtfs,half_25_B,25,0.5,B,4,0.0,"[11, 30, 23, 19]",,44.63961666706018
vtfs,half_25_B,25,0.5,B,8,0.23076923076923078,"[11, 30, 23, 19, 10, 27, 2, 12]",,44.63961666706018
vtfs,half_25_B,25,0.5,B,10,0.25,"[11, 30, 23, 19, 10, 27, 2, 12, 14, 16]",,44.63961666706018
vtfs,half_25_B,25,0.5,B,12,0.2631578947368421,"[11, 30, 23, 19, 10, 27, 2, 12, 14, 16, 0, 20]",,44.63961666706018
vtfs,half_25_B,25,0.5,B,14,0.21739130434782608,"[11, 30, 23, 19, 10, 27, 2, 12, 14, 16, 0, 20, 17, 9]",,44.63961666706018
vtfs,half_26_A,26,0.5,A,4,0.14285714285714285,"[0, 2, 4, 5]",,44.3245580419898
vtfs,half_26_A,26,0.5,A,8,0.06666666666666667,"[0, 2, 4, 5, 7, 9, 14, 16]",,44.3245580419898
vtfs,half_26_A,26,0.5,A,10,0.17647058823529413,"[0, 2, 4, 5, 7, 9, 14, 16, 18, 20]",,44.3245580419898
vtfs,half_26_A,26,0.5,A,12,0.2631578947368421,"[0, 2, 4, 5, 7, 9, 14, 16, 18, 20, 21, 22]",,44.3245580419898
vtfs,half_26_A,26,0.5,A,14,0.2727272727272727,"[0, 2, 4, 5, 7, 9, 14, 16, 18, 20, 21, 22, 27, 28]",,44.3245580419898
vtfs,half_26_B,26,0.5,B,4,0.0,"[25, 19, 11, 12]",,41.887426833156496
vtfs,half_26_B,26,0.5,B,8,0.14285714285714285,"[25, 19, 11, 12, 0, 30, 2, 27]",,41.887426833156496
vtfs,half_26_B,26,0.5,B,10,0.25,"[25, 19, 11, 12, 0, 30, 2, 27, 14, 23]",,41.887426833156496
vtfs,half_26_B,26,0.5,B,12,0.2631578947368421,"[25, 19, 11, 12, 0, 30, 2, 27, 14, 23, 9, 10]",,41.887426833156496
vtfs,half_26_B,26,0.5,B,14,0.21739130434782608,"[25, 19, 11, 12, 0, 30, 2, 27, 14, 23, 9, 10, 20, 16]",,41.887426833156496
vtfs,half_27_A,27,0.5,A,4,0.14285714285714285,"[0, 2, 4, 5]",,41.57432070793584
vtfs,half_27_A,27,0.5,A,8,0.06666666666666667,"[0, 2, 4, 5, 7, 9, 14, 16]",,41.57432070793584
vtfs,half_27_A,27,0.5,A,10,0.17647058823529413,"[0, 2, 4, 5, 7, 9, 14, 16, 18, 20]",,41.57432070793584
vtfs,half_27_A,27,0.5,A,12,0.2631578947368421,"[0, 2, 4, 5, 7, 9, 14, 16, 18, 20, 21, 22]",,41.57432070793584
vtfs,half_27_A,27,0.5,A,14,0.2727272727272727,"[0, 2, 4, 5, 7, 9, 14, 16, 18, 20, 21, 22, 27, 28]",,41.57432070793584
vtfs,half_27_B,27,0.5,B,4,1.0,"[0, 1, 10, 13]",,42.2812476658728
vtfs,half_27_B,27,0.5,B,8,1.0,"[0, 1, 10, 13, 18, 19, 23, 26]",,42.2812476658728
vtfs,half_27_B,27,0.5,B,10,1.0,"[0, 1, 10, 13, 18, 19, 23, 26, 2, 3]",,42.2812476658728
vtfs,half_27_B,27,0.5,B,12,1.0,"[0, 1, 10, 13, 18, 19, 23, 26, 2, 3, 4, 5]",,42.2812476658728
vtfs,half_27_B,27,0.5,B,14,1.0,"[0, 1, 10, 13, 18, 19, 23, 26, 2, 3, 4, 5, 6, 7]",,42.2812476658728
vtfs,half_28_A,28,0.5,A,4,0.14285714285714285,"[0, 2, 4, 5]",,41.910458375001326
vtfs,half_28_A,28,0.5,A,8,0.06666666666666667,"[0, 2, 4, 5, 7, 9, 14, 16]",,41.910458375001326
vtfs,half_28_A,28,0.5,A,10,0.17647058823529413,"[0, 2, 4, 5, 7, 9, 14, 16, 18, 20]",,41.910458375001326
vtfs,half_28_A,28,0.5,A,12,0.2631578947368421,"[0, 2, 4, 5, 7, 9, 14, 16, 18, 20, 21, 22]",,41.910458375001326
vtfs,half_28_A,28,0.5,A,14,0.2727272727272727,"[0, 2, 4, 5, 7, 9, 14, 16, 18, 20, 21, 22, 27, 28]",,41.910458375001326
vtfs,half_28_B,28,0.5,B,4,0.14285714285714285,"[0, 2, 4, 5]",,43.46806258382276
vtfs,half_28_B,28,0.5,B,8,0.06666666666666667,"[0, 2, 4, 5, 7, 9, 14, 16]",,43.46806258382276
vtfs,half_28_B,28,0.5,B,10,0.17647058823529413,"[0, 2, 4, 5, 7, 9, 14, 16, 18, 20]",,43.46806258382276
vtfs,half_28_B,28,0.5,B,12,0.2631578947368421,"[0, 2, 4, 5, 7, 9, 14, 16, 18, 20, 21, 22]",,43.46806258382276
vtfs,half_28_B,28,0.5,B,14,0.2727272727272727,"[0, 2, 4, 5, 7, 9, 14, 16, 18, 20, 21, 22, 27, 28]",,43.46806258382276
vtfs,half_29_A,29,0.5,A,4,1.0,"[0, 1, 10, 13]",,42.62613145890646
vtfs,half_29_A,29,0.5,A,8,1.0,"[0, 1, 10, 13, 18, 19, 23, 26]",,42.62613145890646
vtfs,half_29_A,29,0.5,A,10,1.0,"[0, 1, 10, 13, 18, 19, 23, 26, 2, 3]",,42.62613145890646
vtfs,half_29_A,29,0.5,A,12,1.0,"[0, 1, 10, 13, 18, 19, 23, 26, 2, 3, 4, 5]",,42.62613145890646
vtfs,half_29_A,29,0.5,A,14,1.0,"[0, 1, 10, 13, 18, 19, 23, 26, 2, 3, 4, 5, 6, 7]",,42.62613145890646
vtfs,half_29_B,29,0.5,B,4,0.0,"[11, 30, 23, 19]",,45.91269250004552
vtfs,half_29_B,29,0.5,B,8,0.23076923076923078,"[11, 30, 23, 19, 10, 27, 2, 12]",,45.91269250004552
vtfs,half_29_B,29,0.5,B,10,0.25,"[11, 30, 23, 19, 10, 27, 2, 12, 14, 16]",,45.91269250004552
vtfs,half_29_B,29,0.5,B,12,0.2631578947368421,"[11, 30, 23, 19, 10, 27, 2, 12, 14, 16, 0, 20]",,45.91269250004552
vtfs,half_29_B,29,0.5,B,14,0.21739130434782608,"[11, 30, 23, 19, 10, 27, 2, 12, 14, 16, 0, 20, 17, 9]",,45.91269250004552
vtfs,f70_00,0,0.7,,4,0.14285714285714285,"[0, 2, 4, 5]",,43.21168649988249
vtfs,f70_00,0,0.7,,8,0.06666666666666667,"[0, 2, 4, 5, 7, 9, 14, 16]",,43.21168649988249
vtfs,f70_00,0,0.7,,10,0.17647058823529413,"[0, 2, 4, 5, 7, 9, 14, 16, 18, 20]",,43.21168649988249
vtfs,f70_00,0,0.7,,12,0.2631578947368421,"[0, 2, 4, 5, 7, 9, 14, 16, 18, 20, 21, 22]",,43.21168649988249
vtfs,f70_00,0,0.7,,14,0.2727272727272727,"[0, 2, 4, 5, 7, 9, 14, 16, 18, 20, 21, 22, 27, 28]",,43.21168649988249
vtfs,f70_01,1,0.7,,4,0.14285714285714285,"[0, 2, 4, 5]",,50.19656758313067
vtfs,f70_01,1,0.7,,8,0.06666666666666667,"[0, 2, 4, 5, 7, 9, 14, 16]",,50.19656758313067
vtfs,f70_01,1,0.7,,10,0.17647058823529413,"[0, 2, 4, 5, 7, 9, 14, 16, 18, 20]",,50.19656758313067
vtfs,f70_01,1,0.7,,12,0.2631578947368421,"[0, 2, 4, 5, 7, 9, 14, 16, 18, 20, 21, 22]",,50.19656758313067
vtfs,f70_01,1,0.7,,14,0.2727272727272727,"[0, 2, 4, 5, 7, 9, 14, 16, 18, 20, 21, 22, 27, 28]",,50.19656758313067
vtfs,f70_02,2,0.7,,4,0.14285714285714285,"[0, 2, 4, 5]",,48.006273000035435
vtfs,f70_02,2,0.7,,8,0.06666666666666667,"[0, 2, 4, 5, 7, 9, 14, 16]",,48.006273000035435
vtfs,f70_02,2,0.7,,10,0.17647058823529413,"[0, 2, 4, 5, 7, 9, 14, 16, 18, 20]",,48.006273000035435
vtfs,f70_02,2,0.7,,12,0.2631578947368421,"[0, 2, 4, 5, 7, 9, 14, 16, 18, 20, 21, 22]",,48.006273000035435
vtfs,f70_02,2,0.7,,14,0.2727272727272727,"[0, 2, 4, 5, 7, 9, 14, 16, 18, 20, 21, 22, 27, 28]",,48.006273000035435
vtfs,f70_03,3,0.7,,4,0.14285714285714285,"[0, 2, 4, 5]",,50.32519345800392
vtfs,f70_03,3,0.7,,8,0.06666666666666667,"[0, 2, 4, 5, 7, 9, 14, 16]",,50.32519345800392
vtfs,f70_03,3,0.7,,10,0.17647058823529413,"[0, 2, 4, 5, 7, 9, 14, 16, 18, 20]",,50.32519345800392
vtfs,f70_03,3,0.7,,12,0.2631578947368421,"[0, 2, 4, 5, 7, 9, 14, 16, 18, 20, 21, 22]",,50.32519345800392
vtfs,f70_03,3,0.7,,14,0.2727272727272727,"[0, 2, 4, 5, 7, 9, 14, 16, 18, 20, 21, 22, 27, 28]",,50.32519345800392
vtfs,f70_04,4,0.7,,4,1.0,"[0, 1, 10, 13]",,49.45290529192425
vtfs,f70_04,4,0.7,,8,1.0,"[0, 1, 10, 13, 18, 19, 23, 26]",,49.45290529192425
vtfs,f70_04,4,0.7,,10,1.0,"[0, 1, 10, 13, 18, 19, 23, 26, 2, 3]",,49.45290529192425
vtfs,f70_04,4,0.7,,12,1.0,"[0, 1, 10, 13, 18, 19, 23, 26, 2, 3, 4, 5]",,49.45290529192425
vtfs,f70_04,4,0.7,,14,1.0,"[0, 1, 10, 13, 18, 19, 23, 26, 2, 3, 4, 5, 6, 7]",,49.45290529192425
vtfs,f70_05,5,0.7,,4,1.0,"[0, 1, 10, 13]",,47.512783041922376
vtfs,f70_05,5,0.7,,8,1.0,"[0, 1, 10, 13, 18, 19, 23, 26]",,47.512783041922376
vtfs,f70_05,5,0.7,,10,1.0,"[0, 1, 10, 13, 18, 19, 23, 26, 2, 3]",,47.512783041922376
vtfs,f70_05,5,0.7,,12,1.0,"[0, 1, 10, 13, 18, 19, 23, 26, 2, 3, 4, 5]",,47.512783041922376
vtfs,f70_05,5,0.7,,14,1.0,"[0, 1, 10, 13, 18, 19, 23, 26, 2, 3, 4, 5, 6, 7]",,47.512783041922376
vtfs,f70_06,6,0.7,,4,0.14285714285714285,"[23, 19, 10, 30]",,47.99459108291194
vtfs,f70_06,6,0.7,,8,0.3333333333333333,"[23, 19, 10, 30, 27, 0, 20, 3]",,47.99459108291194
vtfs,f70_06,6,0.7,,10,0.3333333333333333,"[23, 19, 10, 30, 27, 0, 20, 3, 12, 11]",,47.99459108291194
vtfs,f70_06,6,0.7,,12,0.3333333333333333,"[23, 19, 10, 30, 27, 0, 20, 3, 12, 11, 26, 17]",,47.99459108291194
vtfs,f70_06,6,0.7,,14,0.3333333333333333,"[23, 19, 10, 30, 27, 0, 20, 3, 12, 11, 26, 17, 2, 14]",,47.99459108291194
vtfs,f70_07,7,0.7,,4,0.14285714285714285,"[0, 2, 4, 5]",,40.32007175008766
vtfs,f70_07,7,0.7,,8,0.06666666666666667,"[0, 2, 4, 5, 7, 9, 14, 16]",,40.32007175008766
vtfs,f70_07,7,0.7,,10,0.17647058823529413,"[0, 2, 4, 5, 7, 9, 14, 16, 18, 20]",,40.32007175008766
vtfs,f70_07,7,0.7,,12,0.2631578947368421,"[0, 2, 4, 5, 7, 9, 14, 16, 18, 20, 21, 22]",,40.32007175008766
vtfs,f70_07,7,0.7,,14,0.2727272727272727,"[0, 2, 4, 5, 7, 9, 14, 16, 18, 20, 21, 22, 27, 28]",,40.32007175008766
vtfs,f70_08,8,0.7,,4,0.14285714285714285,"[0, 2, 4, 5]",,44.77408970892429
vtfs,f70_08,8,0.7,,8,0.06666666666666667,"[0, 2, 4, 5, 7, 9, 14, 16]",,44.77408970892429
vtfs,f70_08,8,0.7,,10,0.17647058823529413,"[0, 2, 4, 5, 7, 9, 14, 16, 18, 20]",,44.77408970892429
vtfs,f70_08,8,0.7,,12,0.2631578947368421,"[0, 2, 4, 5, 7, 9, 14, 16, 18, 20, 21, 22]",,44.77408970892429
vtfs,f70_08,8,0.7,,14,0.2727272727272727,"[0, 2, 4, 5, 7, 9, 14, 16, 18, 20, 21, 22, 27, 28]",,44.77408970892429
vtfs,f70_09,9,0.7,,4,0.14285714285714285,"[0, 2, 4, 5]",,38.79216054198332
vtfs,f70_09,9,0.7,,8,0.06666666666666667,"[0, 2, 4, 5, 7, 9, 14, 16]",,38.79216054198332
vtfs,f70_09,9,0.7,,10,0.17647058823529413,"[0, 2, 4, 5, 7, 9, 14, 16, 18, 20]",,38.79216054198332
vtfs,f70_09,9,0.7,,12,0.2631578947368421,"[0, 2, 4, 5, 7, 9, 14, 16, 18, 20, 21, 22]",,38.79216054198332
vtfs,f70_09,9,0.7,,14,0.2727272727272727,"[0, 2, 4, 5, 7, 9, 14, 16, 18, 20, 21, 22, 27, 28]",,38.79216054198332
vtfs,f70_10,10,0.7,,4,0.0,"[11, 30, 23, 19]",,38.235572332981974
vtfs,f70_10,10,0.7,,8,0.23076923076923078,"[11, 30, 23, 19, 10, 27, 2, 12]",,38.235572332981974
vtfs,f70_10,10,0.7,,10,0.25,"[11, 30, 23, 19, 10, 27, 2, 12, 14, 16]",,38.235572332981974
vtfs,f70_10,10,0.7,,12,0.2631578947368421,"[11, 30, 23, 19, 10, 27, 2, 12, 14, 16, 0, 20]",,38.235572332981974
vtfs,f70_10,10,0.7,,14,0.21739130434782608,"[11, 30, 23, 19, 10, 27, 2, 12, 14, 16, 0, 20, 17, 9]",,38.235572332981974
vtfs,f70_11,11,0.7,,4,0.14285714285714285,"[0, 2, 4, 5]",,38.61474912497215
vtfs,f70_11,11,0.7,,8,0.06666666666666667,"[0, 2, 4, 5, 7, 9, 14, 16]",,38.61474912497215
vtfs,f70_11,11,0.7,,10,0.17647058823529413,"[0, 2, 4, 5, 7, 9, 14, 16, 18, 20]",,38.61474912497215
vtfs,f70_11,11,0.7,,12,0.2631578947368421,"[0, 2, 4, 5, 7, 9, 14, 16, 18, 20, 21, 22]",,38.61474912497215
vtfs,f70_11,11,0.7,,14,0.2727272727272727,"[0, 2, 4, 5, 7, 9, 14, 16, 18, 20, 21, 22, 27, 28]",,38.61474912497215
vtfs,f70_12,12,0.7,,4,0.14285714285714285,"[0, 18, 19, 23]",,37.51126329204999
vtfs,f70_12,12,0.7,,8,0.45454545454545453,"[0, 18, 19, 23, 25, 30, 1, 2]",,37.51126329204999
vtfs,f70_12,12,0.7,,10,0.5384615384615384,"[0, 18, 19, 23, 25, 30, 1, 2, 3, 4]",,37.51126329204999
vtfs,f70_12,12,0.7,,12,0.6,"[0, 18, 19, 23, 25, 30, 1, 2, 3, 4, 5, 6]",,37.51126329204999
vtfs,f70_12,12,0.7,,14,0.6470588235294118,"[0, 18, 19, 23, 25, 30, 1, 2, 3, 4, 5, 6, 7, 8]",,37.51126329204999
vtfs,f70_13,13,0.7,,4,0.14285714285714285,"[0, 2, 4, 5]",,37.17536774999462
vtfs,f70_13,13,0.7,,8,0.06666666666666667,"[0, 2, 4, 5, 7, 9, 14, 16]",,37.17536774999462
vtfs,f70_13,13,0.7,,10,0.17647058823529413,"[0, 2, 4, 5, 7, 9, 14, 16, 18, 20]",,37.17536774999462
vtfs,f70_13,13,0.7,,12,0.2631578947368421,"[0, 2, 4, 5, 7, 9, 14, 16, 18, 20, 21, 22]",,37.17536774999462
vtfs,f70_13,13,0.7,,14,0.2727272727272727,"[0, 2, 4, 5, 7, 9, 14, 16, 18, 20, 21, 22, 27, 28]",,37.17536774999462
vtfs,f70_14,14,0.7,,4,0.14285714285714285,"[0, 18, 19, 23]",,37.081821207888424
vtfs,f70_14,14,0.7,,8,0.45454545454545453,"[0, 18, 19, 23, 25, 30, 1, 2]",,37.081821207888424
vtfs,f70_14,14,0.7,,10,0.5384615384615384,"[0, 18, 19, 23, 25, 30, 1, 2, 3, 4]",,37.081821207888424
vtfs,f70_14,14,0.7,,12,0.6,"[0, 18, 19, 23, 25, 30, 1, 2, 3, 4, 5, 6]",,37.081821207888424
vtfs,f70_14,14,0.7,,14,0.6470588235294118,"[0, 18, 19, 23, 25, 30, 1, 2, 3, 4, 5, 6, 7, 8]",,37.081821207888424
vtfs,f70_15,15,0.7,,4,0.14285714285714285,"[0, 2, 4, 5]",,39.5890074998606
vtfs,f70_15,15,0.7,,8,0.06666666666666667,"[0, 2, 4, 5, 7, 9, 14, 16]",,39.5890074998606
vtfs,f70_15,15,0.7,,10,0.17647058823529413,"[0, 2, 4, 5, 7, 9, 14, 16, 18, 20]",,39.5890074998606
vtfs,f70_15,15,0.7,,12,0.2631578947368421,"[0, 2, 4, 5, 7, 9, 14, 16, 18, 20, 21, 22]",,39.5890074998606
vtfs,f70_15,15,0.7,,14,0.2727272727272727,"[0, 2, 4, 5, 7, 9, 14, 16, 18, 20, 21, 22, 27, 28]",,39.5890074998606
vtfs,f70_16,16,0.7,,4,1.0,"[0, 1, 10, 13]",,38.05448383302428
vtfs,f70_16,16,0.7,,8,1.0,"[0, 1, 10, 13, 18, 19, 23, 26]",,38.05448383302428
vtfs,f70_16,16,0.7,,10,1.0,"[0, 1, 10, 13, 18, 19, 23, 26, 2, 3]",,38.05448383302428
vtfs,f70_16,16,0.7,,12,1.0,"[0, 1, 10, 13, 18, 19, 23, 26, 2, 3, 4, 5]",,38.05448383302428
vtfs,f70_16,16,0.7,,14,1.0,"[0, 1, 10, 13, 18, 19, 23, 26, 2, 3, 4, 5, 6, 7]",,38.05448383302428
vtfs,f70_17,17,0.7,,4,0.0,"[25, 19, 11, 12]",,44.62937512481585
vtfs,f70_17,17,0.7,,8,0.14285714285714285,"[25, 19, 11, 12, 0, 30, 2, 27]",,44.62937512481585
vtfs,f70_17,17,0.7,,10,0.25,"[25, 19, 11, 12, 0, 30, 2, 27, 14, 23]",,44.62937512481585
vtfs,f70_17,17,0.7,,12,0.2,"[25, 19, 11, 12, 0, 30, 2, 27, 14, 23, 16, 9]",,44.62937512481585
vtfs,f70_17,17,0.7,,14,0.16666666666666666,"[25, 19, 11, 12, 0, 30, 2, 27, 14, 23, 16, 9, 20, 15]",,44.62937512481585
vtfs,f70_18,18,0.7,,4,1.0,"[0, 1, 10, 13]",,42.19830441707745
vtfs,f70_18,18,0.7,,8,1.0,"[0, 1, 10, 13, 18, 19, 23, 26]",,42.19830441707745
vtfs,f70_18,18,0.7,,10,1.0,"[0, 1, 10, 13, 18, 19, 23, 26, 2, 3]",,42.19830441707745
vtfs,f70_18,18,0.7,,12,1.0,"[0, 1, 10, 13, 18, 19, 23, 26, 2, 3, 4, 5]",,42.19830441707745
vtfs,f70_18,18,0.7,,14,1.0,"[0, 1, 10, 13, 18, 19, 23, 26, 2, 3, 4, 5, 6, 7]",,42.19830441707745
vtfs,f70_19,19,0.7,,4,1.0,"[0, 1, 10, 13]",,45.31108379201032
vtfs,f70_19,19,0.7,,8,1.0,"[0, 1, 10, 13, 18, 19, 23, 26]",,45.31108379201032
vtfs,f70_19,19,0.7,,10,1.0,"[0, 1, 10, 13, 18, 19, 23, 26, 2, 3]",,45.31108379201032
vtfs,f70_19,19,0.7,,12,1.0,"[0, 1, 10, 13, 18, 19, 23, 26, 2, 3, 4, 5]",,45.31108379201032
vtfs,f70_19,19,0.7,,14,1.0,"[0, 1, 10, 13, 18, 19, 23, 26, 2, 3, 4, 5, 6, 7]",,45.31108379201032
vtfs,f80_00,0,0.8,,4,0.14285714285714285,"[0, 2, 4, 5]",,44.71920158411376
vtfs,f80_00,0,0.8,,8,0.06666666666666667,"[0, 2, 4, 5, 7, 9, 14, 16]",,44.71920158411376
vtfs,f80_00,0,0.8,,10,0.17647058823529413,"[0, 2, 4, 5, 7, 9, 14, 16, 18, 20]",,44.71920158411376
vtfs,f80_00,0,0.8,,12,0.2631578947368421,"[0, 2, 4, 5, 7, 9, 14, 16, 18, 20, 21, 22]",,44.71920158411376
vtfs,f80_00,0,0.8,,14,0.2727272727272727,"[0, 2, 4, 5, 7, 9, 14, 16, 18, 20, 21, 22, 27, 28]",,44.71920158411376
vtfs,f80_01,1,0.8,,4,0.14285714285714285,"[0, 2, 4, 5]",,45.46878149989061
vtfs,f80_01,1,0.8,,8,0.06666666666666667,"[0, 2, 4, 5, 7, 9, 14, 16]",,45.46878149989061
vtfs,f80_01,1,0.8,,10,0.17647058823529413,"[0, 2, 4, 5, 7, 9, 14, 16, 18, 20]",,45.46878149989061
vtfs,f80_01,1,0.8,,12,0.2631578947368421,"[0, 2, 4, 5, 7, 9, 14, 16, 18, 20, 21, 22]",,45.46878149989061
vtfs,f80_01,1,0.8,,14,0.2727272727272727,"[0, 2, 4, 5, 7, 9, 14, 16, 18, 20, 21, 22, 27, 28]",,45.46878149989061
vtfs,f80_02,2,0.8,,4,0.14285714285714285,"[0, 2, 4, 5]",,43.98969787522219
vtfs,f80_02,2,0.8,,8,0.06666666666666667,"[0, 2, 4, 5, 7, 9, 14, 16]",,43.98969787522219
vtfs,f80_02,2,0.8,,10,0.17647058823529413,"[0, 2, 4, 5, 7, 9, 14, 16, 18, 20]",,43.98969787522219
vtfs,f80_02,2,0.8,,12,0.2631578947368421,"[0, 2, 4, 5, 7, 9, 14, 16, 18, 20, 21, 22]",,43.98969787522219
vtfs,f80_02,2,0.8,,14,0.2727272727272727,"[0, 2, 4, 5, 7, 9, 14, 16, 18, 20, 21, 22, 27, 28]",,43.98969787522219
vtfs,f80_03,3,0.8,,4,0.14285714285714285,"[0, 2, 4, 5]",,46.61848087492399
vtfs,f80_03,3,0.8,,8,0.06666666666666667,"[0, 2, 4, 5, 7, 9, 14, 16]",,46.61848087492399
vtfs,f80_03,3,0.8,,10,0.17647058823529413,"[0, 2, 4, 5, 7, 9, 14, 16, 18, 20]",,46.61848087492399
vtfs,f80_03,3,0.8,,12,0.2631578947368421,"[0, 2, 4, 5, 7, 9, 14, 16, 18, 20, 21, 22]",,46.61848087492399
vtfs,f80_03,3,0.8,,14,0.2727272727272727,"[0, 2, 4, 5, 7, 9, 14, 16, 18, 20, 21, 22, 27, 28]",,46.61848087492399
vtfs,f80_04,4,0.8,,4,0.14285714285714285,"[0, 2, 4, 5]",,45.103124500019476
vtfs,f80_04,4,0.8,,8,0.06666666666666667,"[0, 2, 4, 5, 7, 9, 14, 16]",,45.103124500019476
vtfs,f80_04,4,0.8,,10,0.17647058823529413,"[0, 2, 4, 5, 7, 9, 14, 16, 18, 20]",,45.103124500019476
vtfs,f80_04,4,0.8,,12,0.2631578947368421,"[0, 2, 4, 5, 7, 9, 14, 16, 18, 20, 21, 22]",,45.103124500019476
vtfs,f80_04,4,0.8,,14,0.2727272727272727,"[0, 2, 4, 5, 7, 9, 14, 16, 18, 20, 21, 22, 27, 28]",,45.103124500019476
vtfs,f80_05,5,0.8,,4,0.14285714285714285,"[0, 18, 19, 23]",,46.66708220797591
vtfs,f80_05,5,0.8,,8,0.45454545454545453,"[0, 18, 19, 23, 25, 30, 1, 2]",,46.66708220797591
vtfs,f80_05,5,0.8,,10,0.5384615384615384,"[0, 18, 19, 23, 25, 30, 1, 2, 3, 4]",,46.66708220797591
vtfs,f80_05,5,0.8,,12,0.6,"[0, 18, 19, 23, 25, 30, 1, 2, 3, 4, 5, 6]",,46.66708220797591
vtfs,f80_05,5,0.8,,14,0.6470588235294118,"[0, 18, 19, 23, 25, 30, 1, 2, 3, 4, 5, 6, 7, 8]",,46.66708220797591
vtfs,f80_06,6,0.8,,4,0.14285714285714285,"[0, 2, 4, 5]",,44.98123387503438
vtfs,f80_06,6,0.8,,8,0.06666666666666667,"[0, 2, 4, 5, 7, 9, 14, 16]",,44.98123387503438
vtfs,f80_06,6,0.8,,10,0.17647058823529413,"[0, 2, 4, 5, 7, 9, 14, 16, 18, 20]",,44.98123387503438
vtfs,f80_06,6,0.8,,12,0.2631578947368421,"[0, 2, 4, 5, 7, 9, 14, 16, 18, 20, 21, 22]",,44.98123387503438
vtfs,f80_06,6,0.8,,14,0.2727272727272727,"[0, 2, 4, 5, 7, 9, 14, 16, 18, 20, 21, 22, 27, 28]",,44.98123387503438
vtfs,f80_07,7,0.8,,4,0.14285714285714285,"[0, 2, 4, 5]",,45.67749208305031
vtfs,f80_07,7,0.8,,8,0.06666666666666667,"[0, 2, 4, 5, 7, 9, 14, 16]",,45.67749208305031
vtfs,f80_07,7,0.8,,10,0.17647058823529413,"[0, 2, 4, 5, 7, 9, 14, 16, 18, 20]",,45.67749208305031
vtfs,f80_07,7,0.8,,12,0.2631578947368421,"[0, 2, 4, 5, 7, 9, 14, 16, 18, 20, 21, 22]",,45.67749208305031
vtfs,f80_07,7,0.8,,14,0.2727272727272727,"[0, 2, 4, 5, 7, 9, 14, 16, 18, 20, 21, 22, 27, 28]",,45.67749208305031
vtfs,f80_08,8,0.8,,4,0.14285714285714285,"[0, 2, 4, 5]",,46.168211499927565
vtfs,f80_08,8,0.8,,8,0.06666666666666667,"[0, 2, 4, 5, 7, 9, 14, 16]",,46.168211499927565
vtfs,f80_08,8,0.8,,10,0.17647058823529413,"[0, 2, 4, 5, 7, 9, 14, 16, 18, 20]",,46.168211499927565
vtfs,f80_08,8,0.8,,12,0.2631578947368421,"[0, 2, 4, 5, 7, 9, 14, 16, 18, 20, 21, 22]",,46.168211499927565
vtfs,f80_08,8,0.8,,14,0.2727272727272727,"[0, 2, 4, 5, 7, 9, 14, 16, 18, 20, 21, 22, 27, 28]",,46.168211499927565
vtfs,f80_09,9,0.8,,4,0.14285714285714285,"[0, 2, 4, 5]",,46.244927084073424
vtfs,f80_09,9,0.8,,8,0.06666666666666667,"[0, 2, 4, 5, 7, 9, 14, 16]",,46.244927084073424
vtfs,f80_09,9,0.8,,10,0.17647058823529413,"[0, 2, 4, 5, 7, 9, 14, 16, 18, 20]",,46.244927084073424
vtfs,f80_09,9,0.8,,12,0.2631578947368421,"[0, 2, 4, 5, 7, 9, 14, 16, 18, 20, 21, 22]",,46.244927084073424
vtfs,f80_09,9,0.8,,14,0.2727272727272727,"[0, 2, 4, 5, 7, 9, 14, 16, 18, 20, 21, 22, 27, 28]",,46.244927084073424
vtfs,f80_10,10,0.8,,4,0.14285714285714285,"[0, 18, 19, 23]",,46.765008750138804
vtfs,f80_10,10,0.8,,8,0.45454545454545453,"[0, 18, 19, 23, 25, 30, 1, 2]",,46.765008750138804
vtfs,f80_10,10,0.8,,10,0.5384615384615384,"[0, 18, 19, 23, 25, 30, 1, 2, 3, 4]",,46.765008750138804
vtfs,f80_10,10,0.8,,12,0.6,"[0, 18, 19, 23, 25, 30, 1, 2, 3, 4, 5, 6]",,46.765008750138804
vtfs,f80_10,10,0.8,,14,0.6470588235294118,"[0, 18, 19, 23, 25, 30, 1, 2, 3, 4, 5, 6, 7, 8]",,46.765008750138804
vtfs,f80_11,11,0.8,,4,0.14285714285714285,"[0, 2, 4, 5]",,47.571268499828875
vtfs,f80_11,11,0.8,,8,0.06666666666666667,"[0, 2, 4, 5, 7, 9, 14, 16]",,47.571268499828875
vtfs,f80_11,11,0.8,,10,0.17647058823529413,"[0, 2, 4, 5, 7, 9, 14, 16, 18, 20]",,47.571268499828875
vtfs,f80_11,11,0.8,,12,0.2631578947368421,"[0, 2, 4, 5, 7, 9, 14, 16, 18, 20, 21, 22]",,47.571268499828875
vtfs,f80_11,11,0.8,,14,0.2727272727272727,"[0, 2, 4, 5, 7, 9, 14, 16, 18, 20, 21, 22, 27, 28]",,47.571268499828875
vtfs,f80_12,12,0.8,,4,0.14285714285714285,"[0, 2, 4, 5]",,46.718703374965116
vtfs,f80_12,12,0.8,,8,0.06666666666666667,"[0, 2, 4, 5, 7, 9, 14, 16]",,46.718703374965116
vtfs,f80_12,12,0.8,,10,0.17647058823529413,"[0, 2, 4, 5, 7, 9, 14, 16, 18, 20]",,46.718703374965116
vtfs,f80_12,12,0.8,,12,0.2631578947368421,"[0, 2, 4, 5, 7, 9, 14, 16, 18, 20, 21, 22]",,46.718703374965116
vtfs,f80_12,12,0.8,,14,0.2727272727272727,"[0, 2, 4, 5, 7, 9, 14, 16, 18, 20, 21, 22, 27, 28]",,46.718703374965116
vtfs,f80_13,13,0.8,,4,0.14285714285714285,"[0, 2, 4, 5]",,45.61379079101607
vtfs,f80_13,13,0.8,,8,0.06666666666666667,"[0, 2, 4, 5, 7, 9, 14, 16]",,45.61379079101607
vtfs,f80_13,13,0.8,,10,0.17647058823529413,"[0, 2, 4, 5, 7, 9, 14, 16, 18, 20]",,45.61379079101607
vtfs,f80_13,13,0.8,,12,0.2631578947368421,"[0, 2, 4, 5, 7, 9, 14, 16, 18, 20, 21, 22]",,45.61379079101607
vtfs,f80_13,13,0.8,,14,0.2727272727272727,"[0, 2, 4, 5, 7, 9, 14, 16, 18, 20, 21, 22, 27, 28]",,45.61379079101607
vtfs,f80_14,14,0.8,,4,0.0,"[30, 19, 27, 2]",,46.15572483302094
vtfs,f80_14,14,0.8,,8,0.23076923076923078,"[30, 19, 27, 2, 23, 10, 17, 20]",,46.15572483302094
vtfs,f80_14,14,0.8,,10,0.42857142857142855,"[30, 19, 27, 2, 23, 10, 17, 20, 26, 0]",,46.15572483302094
vtfs,f80_14,14,0.8,,12,0.3333333333333333,"[30, 19, 27, 2, 23, 10, 17, 20, 26, 0, 16, 25]",,46.15572483302094
vtfs,f80_14,14,0.8,,14,0.3333333333333333,"[30, 19, 27, 2, 23, 10, 17, 20, 26, 0, 16, 25, 14, 1]",,46.15572483302094
vtfs,f80_15,15,0.8,,4,0.0,"[25, 19, 11, 12]",,46.46098779188469
vtfs,f80_15,15,0.8,,8,0.06666666666666667,"[25, 19, 11, 12, 30, 2, 27, 14]",,46.46098779188469
vtfs,f80_15,15,0.8,,10,0.17647058823529413,"[25, 19, 11, 12, 30, 2, 27, 14, 23, 16]",,46.46098779188469
vtfs,f80_15,15,0.8,,12,0.2,"[25, 19, 11, 12, 30, 2, 27, 14, 23, 16, 9, 10]",,46.46098779188469
vtfs,f80_15,15,0.8,,14,0.16666666666666666,"[25, 19, 11, 12, 30, 2, 27, 14, 23, 16, 9, 10, 20, 15]",,46.46098779188469
vtfs,f80_16,16,0.8,,4,0.14285714285714285,"[0, 2, 4, 5]",,45.235604957910255
vtfs,f80_16,16,0.8,,8,0.06666666666666667,"[0, 2, 4, 5, 7, 9, 14, 16]",,45.235604957910255
vtfs,f80_16,16,0.8,,10,0.17647058823529413,"[0, 2, 4, 5, 7, 9, 14, 16, 18, 20]",,45.235604957910255
vtfs,f80_16,16,0.8,,12,0.2631578947368421,"[0, 2, 4, 5, 7, 9, 14, 16, 18, 20, 21, 22]",,45.235604957910255
vtfs,f80_16,16,0.8,,14,0.2727272727272727,"[0, 2, 4, 5, 7, 9, 14, 16, 18, 20, 21, 22, 27, 28]",,45.235604957910255
vtfs,f80_17,17,0.8,,4,0.14285714285714285,"[0, 2, 4, 5]",,46.228138000005856
vtfs,f80_17,17,0.8,,8,0.06666666666666667,"[0, 2, 4, 5, 7, 9, 14, 16]",,46.228138000005856
vtfs,f80_17,17,0.8,,10,0.17647058823529413,"[0, 2, 4, 5, 7, 9, 14, 16, 18, 20]",,46.228138000005856
vtfs,f80_17,17,0.8,,12,0.2631578947368421,"[0, 2, 4, 5, 7, 9, 14, 16, 18, 20, 21, 22]",,46.228138000005856
vtfs,f80_17,17,0.8,,14,0.2727272727272727,"[0, 2, 4, 5, 7, 9, 14, 16, 18, 20, 21, 22, 27, 28]",,46.228138000005856
vtfs,f80_18,18,0.8,,4,0.14285714285714285,"[0, 2, 4, 5]",,45.048983208835125
vtfs,f80_18,18,0.8,,8,0.06666666666666667,"[0, 2, 4, 5, 7, 9, 14, 16]",,45.048983208835125
vtfs,f80_18,18,0.8,,10,0.17647058823529413,"[0, 2, 4, 5, 7, 9, 14, 16, 18, 20]",,45.048983208835125
vtfs,f80_18,18,0.8,,12,0.2631578947368421,"[0, 2, 4, 5, 7, 9, 14, 16, 18, 20, 21, 22]",,45.048983208835125
vtfs,f80_18,18,0.8,,14,0.2727272727272727,"[0, 2, 4, 5, 7, 9, 14, 16, 18, 20, 21, 22, 27, 28]",,45.048983208835125
vtfs,f80_19,19,0.8,,4,0.14285714285714285,"[0, 2, 4, 5]",,45.68288208311424
vtfs,f80_19,19,0.8,,8,0.06666666666666667,"[0, 2, 4, 5, 7, 9, 14, 16]",,45.68288208311424
vtfs,f80_19,19,0.8,,10,0.17647058823529413,"[0, 2, 4, 5, 7, 9, 14, 16, 18, 20]",,45.68288208311424
vtfs,f80_19,19,0.8,,12,0.2631578947368421,"[0, 2, 4, 5, 7, 9, 14, 16, 18, 20, 21, 22]",,45.68288208311424
vtfs,f80_19,19,0.8,,14,0.2727272727272727,"[0, 2, 4, 5, 7, 9, 14, 16, 18, 20, 21, 22, 27, 28]",,45.68288208311424
